feature,bucket,n,coverage_pct,win_rate,expectancy_r,gross_r,lift_r,t_stat,coins_positive,years_positive
up_from_low_30d & dow,48..inf & 0,11699,1.8323434700347079,0.4510641935208137,0.25595781623957803,0.3282782368673812,0.38218199272074616,18.862468840713053,0.9285714285714286,1.0
up_from_low_30d & dow,48..inf & 1,11390,1.783946672681026,0.4142230026338894,0.1415810367792004,0.20709597232556765,0.2678052132603685,10.476674970703112,0.8571428571428571,0.8333333333333334
dow & ret_1d_5,1 & 10.2..inf,11835,1.853644325827914,0.4100549218419941,0.1152219830692623,0.19037517847935717,0.24144615955043042,8.73635065700818,0.8571428571428571,0.8333333333333334
atr_pct & up_from_low_30d,1.66..2.18 & 48..inf,19148,2.9990351965317195,0.3983183622310424,0.09956804749783683,0.1695728490208577,0.22579222397900495,9.558776036117436,0.7142857142857143,0.8333333333333334
up_from_low_30d & dow,31.2..48 & 1,11243,1.7609229535516044,0.40558569776749975,0.09746534923085064,0.19110780474983405,0.22368952571201872,7.158453926955707,0.7142857142857143,0.6666666666666666
dd_30d & up_from_low_30d,-33.6..-25.7 & -inf..5.06,12367,1.936968261724868,0.407455324654322,0.09304837711929492,0.20473980230890165,0.21927255360046302,7.11530448448172,0.7142857142857143,0.8333333333333334
ema200_rel & dow,5.97..inf & 1,10646,1.6674184615770151,0.4029682509862859,0.09232982464849969,0.16666428119456458,0.21855400112966777,6.664465082602248,0.7857142857142857,0.6666666666666666
dow & ret_1d_5,2 & 10.2..inf,10843,1.6982733776892331,0.4039472470718436,0.08708317674408668,0.158972720921701,0.2133073532252548,6.389970073199698,0.5714285714285714,0.6666666666666666
dd_30d & up_from_low_30d,-16.2..-12.2 & 31.2..48,9200,1.4409402448345425,0.40108695652173915,0.07647564571452103,0.17403216056635099,0.20269982219568913,5.110998193188765,0.6428571428571429,0.8333333333333334
dow & ret_1d_5,6 & -9.87..-5.37,10776,1.6877795737322858,0.4098923533778768,0.07541713282929087,0.2266996840770845,0.20164130931045898,5.306193848249699,0.7142857142857143,0.6666666666666666
up_from_low_30d & dow,31.2..48 & 0,11323,1.7734528687240787,0.40033560010597896,0.07493966208865545,0.1747934863561152,0.20116383856982356,5.532383692756401,0.7142857142857143,1.0
up_from_low_30d & dist_low_20,48..inf & 1.65..2.27,6544,1.0249470611083964,0.3968520782396088,0.07453787823314019,0.16105557164440326,0.2007620547143083,4.207082965503442,0.7142857142857143,0.8333333333333334
up_from_low_30d & dist_low_20,48..inf & 3.09..4.3,10224,1.6013231590422132,0.39456181533646323,0.07232489028200192,0.14949963038483594,0.19854906676317002,5.112115709874372,0.7142857142857143,0.8333333333333334
up_from_low_30d & ret_1d_5,48..inf & 4.78..10.2,10538,1.6505030760941748,0.39314860504839627,0.07013322251442355,0.15278041267321735,0.19635739899559165,5.022750933774918,0.6428571428571429,0.6666666666666666
up_from_low_30d & dist_low_20,48..inf & 2.27..3.09,8057,1.261919081807816,0.3945637333995284,0.06889569795412968,0.15102674990877799,0.19511987443529777,4.319299279484597,0.7142857142857143,0.8333333333333334
dist_high_20 & up_from_low_30d,4.22..6.43 & 48..inf,14139,2.2145058827951734,0.39090459014074547,0.06660342703492914,0.13028004442245075,0.19282760351609723,5.586791692367286,0.6428571428571429,0.8333333333333334
atr_pct & up_from_low_30d,0.807..0.984 & 31.2..48,6888,1.0788256963500358,0.4091173054587689,0.06637195700354918,0.2141815516227612,0.19259613348471727,3.770951355276664,0.5714285714285714,0.8333333333333334
dd_30d & up_from_low_30d,-inf..-33.6 & 48..inf,11892,1.8625718903883022,0.3923646148671376,0.0655348168853725,0.12204101735994395,0.1917589933665406,5.094788505575339,0.6923076923076923,0.6666666666666666
dd_30d & dow,-33.6..-25.7 & 6,11318,1.772669749025799,0.39733168404311714,0.06059063898034312,0.17666348707331608,0.1868148154615112,4.439015477130676,0.6428571428571429,0.6666666666666666
up_from_low_30d & ema200_rel,23..31.2 & -inf..-6.51,6563,1.027922915961859,0.38899893341459696,0.05054683495831929,0.11410097841046872,0.1767710114394874,2.9346973182840688,0.42857142857142855,0.6666666666666666
ema200_rel & dow,-6.51..-3.59 & 6,10375,1.6249733739302585,0.3966265060240964,0.04830332771155671,0.1849629548089476,0.1745275041927248,3.3662889471989614,0.6428571428571429,0.6666666666666666
up_from_low_30d & ret_1d_5,31.2..48 & -2.52..-0.367,6275,0.9828152213409516,0.3998406374501992,0.044630164670587544,0.1678274649470574,0.17085434115175563,2.465429013033756,0.6428571428571429,0.5
dist_high_20 & up_from_low_30d,3.01..4.22 & 48..inf,11229,1.7587302183964215,0.3824027072758037,0.03823964505992649,0.11114858080088297,0.1644638215410946,2.8570105381365094,0.42857142857142855,0.6666666666666666
atr_pct & up_from_low_30d,1.37..1.66 & 48..inf,10210,1.5991304238870303,0.3843290891283056,0.03767648658070026,0.1257106346337761,0.16390066306186835,2.661335192160983,0.5714285714285714,0.8333333333333334
atr_pct & up_from_low_30d,0.984..1.17 & 31.2..48,10401,1.6290455963613126,0.39130852802615135,0.03749395799879694,0.16100479744521864,0.16371813447996503,2.6353769860255434,0.5,0.5
up_from_low_30d & dow,31.2..48 & 2,11070,1.7338270119911288,0.386449864498645,0.037193424778777476,0.12964036981507351,0.1634176012599456,2.7379815670660506,0.5714285714285714,0.6666666666666666
dist_high_20 & dow,6.43..inf & 4,12631,1.9783169817940331,0.39656400918375423,0.03698771968998524,0.09899859151218593,0.16321189617115334,3.066655477176356,0.5714285714285714,0.5
up_from_low_30d & ema200_rel,48..inf & 2.69..5.97,11639,1.8229460336553522,0.38577197353724546,0.03683828299797779,0.12097452953150435,0.16306245947914588,2.79952356380611,0.6428571428571429,0.8333333333333334
dd_30d & up_from_low_30d,-16.2..-12.2 & 8.62..12.5,9985,1.5638900374644464,0.40901352028042065,0.03638586595423023,0.19288999922715164,0.16261004243539834,2.5188771462822115,0.5,0.5
dist_high_20 & up_from_low_30d,2.18..3.01 & 48..inf,9240,1.4472052024207795,0.38073593073593076,0.03443054276090675,0.11398543654727099,0.16065471924207486,2.323595788701612,0.5714285714285714,0.5
up_from_low_30d & dow,48..inf & 2,11293,1.7687541505344009,0.3793500398476933,0.03149995184058324,0.0961969712352851,0.15772412832175134,2.3788341652309706,0.6428571428571429,0.6666666666666666
dow & ret_1d_5,0 & 10.2..inf,12363,1.9363417659662443,0.3804901722882795,0.030278410540003284,0.10971413918220443,0.15650258702117137,2.3645962468733583,0.5714285714285714,0.3333333333333333
dow & ret_1d_5,1 & 4.78..10.2,11264,1.764212056284379,0.38911576704545453,0.029705585358589325,0.14448976511532094,0.15592976183975743,2.1931842400503854,0.6428571428571429,0.6666666666666666
up_from_low_30d & dow,48..inf & 3,11201,1.7543447480860554,0.38193018480492813,0.028170891888300856,0.09307702264055283,0.15439506836946895,2.1357205429288295,0.5714285714285714,0.5
ema200_rel & dow,-inf..-6.51 & 3,10617,1.6628763673269933,0.37656588490157294,0.027524280518612717,0.09813522404941732,0.15374845699978082,2.0055632817573392,0.42857142857142855,0.6666666666666666
dist_high_20 & dow,4.22..6.43 & 3,12750,1.9969552306130887,0.38698039215686275,0.024646983042623305,0.11504926967800227,0.1508711595237914,1.978676508527633,0.7142857142857143,0.6666666666666666
dow & ret_1d_5,3 & -inf..-9.87,9486,1.485734691576138,0.37845245625131774,0.02439767760771236,0.0953469010198208,0.15062185408888046,1.6814609576763353,0.35714285714285715,0.5
atr_pct & dd_30d,0.984..1.17 & -16.2..-12.2,11491,1.7997656905862747,0.3885649638847794,0.024019463901832423,0.1486697988205825,0.15024364038300053,1.7884817650650529,0.42857142857142855,0.5
up_from_low_30d & ret_1d_5,23..31.2 & -9.87..-5.37,7460,1.1684145898332268,0.3836461126005362,0.02287577184989717,0.12824509046128446,0.14909994833106527,1.3833175912218065,0.5,0.5
dd_30d & up_from_low_30d,-inf..-33.6 & -inf..5.06,10118,1.5847210214386849,0.3709231073334651,0.02084413355259083,0.1023166899757702,0.14706831003375892,1.45827568300546,0.42857142857142855,0.5
up_from_low_30d & ret_1d_5,48..inf & 10.2..inf,32754,5.130060519490283,0.37861024607681504,0.020721705257769264,0.07897062759839411,0.14694588173893736,2.688735086982111,0.5,0.5
ema200_rel & dow,-inf..-6.51 & 4,12418,1.9449560826473205,0.38371718473184085,0.020641691493244036,0.0903612973886802,0.14686586797441215,1.6781795323299054,0.5,0.5
atr_pct & ret_1d_5,1.66..2.18 & 10.2..inf,18477,2.8939405330225916,0.3767386480489257,0.01857037192431661,0.08904044465442551,0.14479454840548472,1.7908114510790527,0.42857142857142855,0.5
dd_30d & up_from_low_30d,-33.6..-25.7 & 48..inf,7205,1.128475485220965,0.38195697432338654,0.0185196835889151,0.08802746489340653,0.1447438600700832,1.12413110026464,0.6923076923076923,0.5
dist_low_20 & ema200_rel,4.3..6.59 & -6.51..-3.59,8496,1.3306769913167689,0.38265065913371,0.018280379940640485,0.10575485119578058,0.1445045564218086,1.1935883605580448,0.5,0.5
dd_30d & dow,-25.7..-20.5 & 6,11213,1.7562242353619266,0.3918665834299474,0.01822986418339271,0.16546728405361716,0.1444540406645608,1.3260411396722698,0.5,0.6666666666666666
up_from_low_30d & ret_1d_5,31.2..48 & -0.367..1.78,6973,1.0921387312207895,0.3897891868636168,0.017559325048779197,0.14106723880390448,0.1437835015299473,1.0243381741640616,0.5714285714285714,0.5
ema200_rel & dow,5.97..inf & 0,11914,1.8660176170607325,0.3767836159140507,0.017050276926728034,0.096469807233049,0.14327445340789613,1.309109271329652,0.5714285714285714,0.5
dd_30d & ret_1d_5,-33.6..-25.7 & -2.52..-0.367,7814,1.2238594644714256,0.3873816227284361,0.01700751428933594,0.13415316151521353,0.14323169077050404,1.05088352943376,0.5,0.5
dow & ret_1d_5,6 & -inf..-9.87,12049,1.887161848914283,0.3733919827371566,0.016838268979569828,0.1105628707384271,0.14306244546073793,1.2869151708677165,0.5714285714285714,0.6666666666666666
atr_pct & dow,0.984..1.17 & 6,10227,1.601793030861181,0.3807568201818715,0.01605914696579609,0.14048440669624068,0.14228332344696418,1.116021258125222,0.5714285714285714,0.5
atr_pct & dow,1.66..2.18 & 5,9843,1.5416494380333046,0.3776287717159403,0.014602996710320752,0.08577368301732802,0.14082717319148885,1.038154407580028,0.7142857142857143,0.5
dd_30d & dow,-33.6..-25.7 & 3,11141,1.7449473117066998,0.3786015617987613,0.014593480771297159,0.11021973650800547,0.14081765725246526,1.082111508940564,0.35714285714285715,0.6666666666666666
up_from_low_30d & ret_1d_5,31.2..48 & -inf..-9.87,6676,1.0456214211429788,0.378070701018574,0.014280645530393455,0.07936424111974172,0.14050482201156156,0.8352421643427761,0.5714285714285714,0.6666666666666666
up_from_low_30d & dist_low_20,48..inf & 4.3..6.59,14600,2.2867095189765565,0.37417808219178084,0.014251528158139464,0.0843671825543207,0.14047570463930756,1.221396474503814,0.5714285714285714,0.6666666666666666
dd_30d & dow,-33.6..-25.7 & 0,11282,1.7670312871981857,0.37839035631980145,0.013780277496946979,0.11011058368066852,0.1400044539781151,1.02406217505763,0.5,0.5
dist_high_20 & dd_30d,3.01..4.22 & -25.7..-20.5,11412,1.7873923993534564,0.38196635120925343,0.013668527887184076,0.12357157392483313,0.13989270436835216,1.0217599495155838,0.42857142857142855,0.5
up_from_low_30d & ema200_rel,8.62..12.5 & -3.59..-1.84,11382,1.7826936811637786,0.39457037427517133,0.012390909536020532,0.15489154853274542,0.13861508601718864,0.9249028790165454,0.5,0.5
dd_30d & dist_low_20,-33.6..-25.7 & 1.65..2.27,9973,1.5620105501885753,0.3823322972024466,0.012141606042174437,0.12105693695164425,0.13836578252334253,0.8484215403747339,0.42857142857142855,0.6666666666666666
dist_high_20 & dow,2.18..3.01 & 6,11333,1.7750191081206381,0.38471719756463424,0.01211267186854819,0.14520812631459395,0.1383368483497163,0.8882563283234749,0.5714285714285714,0.6666666666666666
ema200_rel & dow,-inf..-6.51 & 6,10398,1.628575724542345,0.367378341988844,0.011626600317558506,0.09377720662354179,0.1378507767987266,0.828274425261108,0.42857142857142855,0.5
atr_pct & ret_1d_5,1.66..2.18 & -9.87..-5.37,10529,1.6490934606372716,0.37543926298793806,0.011391443990196193,0.08292756935575589,0.1376156204713643,0.8347847952671932,0.5714285714285714,0.6666666666666666
ema200_rel & dow,-3.59..-1.84 & 6,11116,1.7410317132153015,0.3993342929111191,0.011128188497649282,0.19168509932671776,0.1373523649788174,0.801354248187262,0.5,0.6666666666666666
dd_30d & up_from_low_30d,-25.7..-20.5 & 23..31.2,9384,1.4697590497312334,0.3809676044330776,0.011107690250891648,0.1119151768938642,0.13733186673205974,0.7572705997461016,0.5,0.6666666666666666
atr_pct & dd_30d,1.66..2.18 & -33.6..-25.7,14306,2.2406620807177133,0.3762057877813505,0.009067270628161614,0.08028185471550113,0.13529144710932972,0.7752572791492303,0.6428571428571429,0.3333333333333333
dist_high_20 & dist_low_20,4.22..6.43 & 1.65..2.27,10252,1.6057086293525793,0.3781701131486539,0.008600167876830697,0.10194775927177217,0.13482434435799878,0.614762927185069,0.5,0.8333333333333334
dd_30d & ema200_rel,-33.6..-25.7 & -inf..-6.51,21984,3.443220689395933,0.37368085880640467,0.00810770863012529,0.08642034355633331,0.1343318851112934,0.8530238753416572,0.42857142857142855,0.6666666666666666
dist_high_20 & dd_30d,3.01..4.22 & -33.6..-25.7,11496,1.8005488102845544,0.3770006958942241,0.007521944954927906,0.10617611316016567,0.13374612143609602,0.5669420843234703,0.42857142857142855,0.6666666666666666
atr_pct & dist_high_20,1.66..2.18 & 3.01..4.22,12513,1.9598353569146336,0.3712139375049948,0.007246409627683882,0.07868072359477625,0.13347058610885199,0.5767267926212054,0.5714285714285714,0.5
dd_30d & ema200_rel,-16.2..-12.2 & -6.51..-3.59,10148,1.5894197396283627,0.3899290500591249,0.006315927157521097,0.14052189209236463,0.1325401036386892,0.44507392117472444,0.6428571428571429,0.5
atr_pct & up_from_low_30d,1.17..1.37 & -inf..5.06,6778,1.0615970629878835,0.37680731779285925,0.006224942916022873,0.1118223975611961,0.13244911939719098,0.35840816998070363,0.42857142857142855,0.5
dist_low_20 & ema200_rel,1.65..2.27 & -6.51..-3.59,11030,1.7275620544048917,0.3812330009066183,0.005992315881915227,0.1230029153711333,0.13221649236308333,0.4395257139033492,0.35714285714285715,0.5
dist_high_20 & dow,3.01..4.22 & 3,12170,1.9061133456126502,0.38134757600657354,0.005978491525412484,0.1128566742057026,0.1322026680065806,0.4655397950501776,0.35714285714285715,0.5
up_from_low_30d & ema200_rel,48..inf & 0.891..2.69,6279,0.9834417170995753,0.37537824494346234,0.005680481973713225,0.09442419879019871,0.13190465845488134,0.3182162722981699,0.6428571428571429,0.6666666666666666
dd_30d & dist_low_20,-33.6..-25.7 & 1.14..1.65,8958,1.4030372514378078,0.379883902656843,0.004508481953786663,0.11893555499800937,0.13073265843495477,0.2978310041081274,0.5714285714285714,0.6666666666666666
dist_high_20 & dist_low_20,4.22..6.43 & 2.27..3.09,9179,1.437651142101768,0.3767294912299815,0.004453820095579474,0.08915022855977832,0.13067799657674758,0.30355111740703716,0.6428571428571429,0.5
dd_30d & up_from_low_30d,-20.5..-16.2 & 31.2..48,8061,1.2625455775664398,0.3789852375635777,0.004447642281340312,0.09899921921059318,0.1306718187625084,0.2828823726224127,0.5,0.5
up_from_low_30d & dist_low_20,31.2..48 & 1.65..2.27,8866,1.3886278489894623,0.37987818632979925,0.004232994790774124,0.11471138407837461,0.13045717127194223,0.27905770354923987,0.5,0.5
atr_pct & dist_low_20,1.17..1.37 & 1.65..2.27,10801,1.6916951722236842,0.3785760577724285,0.0038079678466621456,0.1095659656348826,0.13003214432783025,0.2773447487850607,0.5,0.8333333333333334
atr_pct & dow,1.66..2.18 & 3,13339,2.0892067310704308,0.3732663617962366,0.003206375379265704,0.07418299978602064,0.1294305518604338,0.26534227906423485,0.42857142857142855,0.5
dist_high_20 & dist_low_20,4.22..6.43 & 3.09..4.3,8282,1.2971594682304002,0.3756339048539,0.0024920753338577815,0.07872013127668827,0.12871625181502588,0.1626003362425056,0.5,0.5
up_from_low_30d & ema200_rel,-inf..5.06 & -inf..-6.51,21726,3.402811712964703,0.36877473994292553,0.002379875714635072,0.09132038360465605,0.12860405219580318,0.24572866556514086,0.5714285714285714,0.5
dist_high_20 & dd_30d,4.22..6.43 & -33.6..-25.7,13519,2.1173990402084977,0.37613728826096604,0.002224869400570381,0.09098262225075478,0.12844904588173847,0.18329320001618776,0.35714285714285715,0.5
atr_pct & ema200_rel,1.66..2.18 & -6.51..-3.59,10562,1.6542620506459171,0.37473963264533233,0.002143931735035387,0.07393236211599402,0.12836810821620348,0.1579755516187227,0.5,0.5
dd_30d & up_from_low_30d,-12.2..-8.28 & 48..inf,10969,1.7180079940858801,0.37213966633239126,0.0020257027446541273,0.07270780480049564,0.12824987922582223,0.15161705669572922,0.5,0.5
ema200_rel & dow,-6.51..-3.59 & 3,11813,1.8501985991554837,0.3803436891560146,0.0018167406921287606,0.11110126898093818,0.12804091717329685,0.13917981364216012,0.42857142857142855,0.5
atr_pct & dow,1.66..2.18 & 0,11158,1.7476099186808505,0.3661946585409572,0.0018157441272391916,0.07305658425456228,0.1280399206084073,0.13540498068651774,0.42857142857142855,0.5
dd_30d & up_from_low_30d,-33.6..-25.7 & 5.06..8.62,9988,1.5643599092834142,0.3791549859831798,0.0017415645662069716,0.1120536032434258,0.12796574104737507,0.1219694007499535,0.42857142857142855,0.5
dd_30d & up_from_low_30d,-8.28..-4.52 & 48..inf,12611,1.9751845030009147,0.3704702244072635,0.0017129634724549463,0.07689393327966149,0.12793713995362305,0.136720727058232,0.6428571428571429,0.6666666666666666
atr_pct & dd_30d,1.66..2.18 & -25.7..-20.5,9924,1.5543359771454348,0.3704151551793632,0.0007194570058164739,0.07211121608640725,0.12694363348698456,0.05123836669546343,0.6428571428571429,0.5
dd_30d & up_from_low_30d,-4.52..inf & 48..inf,14006,2.193674898820935,0.36998429244609454,0.000667629192162162,0.07997892104483993,0.12689180567333025,0.05576715105783161,0.42857142857142855,0.5
ema200_rel & dow,-6.51..-3.59 & 5,10741,1.6822977358443283,0.38041150730844425,-0.0003296437358985779,0.12279221137307963,0.12589453274526952,-0.02383195399966611,0.42857142857142855,0.3333333333333333
atr_pct & ret_1d_5,1.37..1.66 & -5.37..-2.52,7556,1.183450488040196,0.3733456855479089,-0.0008141289541827992,0.08836958419326586,0.1254100475269853,-0.0501101427869851,0.42857142857142855,0.5
dist_high_20 & ret_1d_5,4.22..6.43 & -5.37..-2.52,8520,1.334435965868511,0.37910798122065725,-0.0010257783140791138,0.10401962534179915,0.125198398167089,-0.06684948193553611,0.42857142857142855,0.5
dd_30d & ema200_rel,-33.6..-25.7 & -6.51..-3.59,17804,2.7885326216341517,0.3766569310267356,-0.0011257611673710767,0.10445237294274329,0.12509841531379703,-0.10561569032949017,0.42857142857142855,0.5
dd_30d & up_from_low_30d,-20.5..-16.2 & 48..inf,7397,1.1585472816349034,0.3721779099634987,-0.0011579680409046498,0.0643725842052271,0.12506620844026345,-0.07169540130888638,0.5384615384615384,0.6666666666666666
atr_pct & ret_1d_5,1.66..2.18 & -5.37..-2.52,6217,0.9737310328409077,0.3712401479813415,-0.0011684045426025428,0.07048498299760743,0.12505577193856557,-0.06613584080383922,0.35714285714285715,0.5
dd_30d & up_from_low_30d,-inf..-33.6 & 31.2..48,8849,1.3859652420153115,0.3749576223302068,-0.0012959122827029248,0.06926963099657923,0.12492826419846517,-0.08723881971681814,0.5714285714285714,0.5
dist_low_20 & ema200_rel,2.27..3.09 & -6.51..-3.59,10397,1.628419100602689,0.3793401942868135,-0.0014184619668854437,0.1070342011241021,0.12480571451428266,-0.10195107661515347,0.35714285714285715,0.5
atr_pct & dow,1.37..1.66 & 6,8741,1.3690498565324714,0.36780688708385767,-0.0015855218784588288,0.08730124781956212,0.12463865460270927,-0.10381362625070328,0.42857142857142855,0.5
atr_pct & dist_low_20,1.17..1.37 & 2.27..3.09,11912,1.8657043691814206,0.37659503022162527,-0.002241132976038684,0.10335335254704915,0.12398304350512941,-0.17171765811033987,0.42857142857142855,0.5
dd_30d & dow,-inf..-33.6 & 3,11153,1.746826798982571,0.3694969963238591,-0.0027614146420716305,0.07104032970798971,0.12346276183909646,-0.20717064443630676,0.5,0.5
dist_high_20 & up_from_low_30d,3.01..4.22 & 31.2..48,11403,1.785982783896553,0.3730597211260195,-0.0028947122812559515,0.09086546483011228,0.12332946419991214,-0.2178369399247097,0.42857142857142855,0.3333333333333333
up_from_low_30d & ema200_rel,48..inf & 5.97..inf,36400,5.701111403475799,0.3708241758241758,-0.002930406510425497,0.05730909365903607,0.1232937699707426,-0.40238563121150456,0.42857142857142855,0.6666666666666666
dd_30d & ret_1d_5,-33.6..-25.7 & -inf..-9.87,20846,3.264982646067486,0.3706706322555886,-0.0031665855230423035,0.07617571256991763,0.1230575909581258,-0.32489963862914184,0.5,0.5
up_from_low_30d & dist_low_20,31.2..48 & 0.662..1.14,6610,1.0352842411256875,0.38260211800302574,-0.003248426839519859,0.12230645702871067,0.12297574964164824,-0.18541565340251515,0.5,0.5
dd_30d & ret_1d_5,-33.6..-25.7 & 4.78..10.2,6327,0.9909596662030598,0.37743006164058795,-0.0032572985405712736,0.09699470584598967,0.12296687794059682,-0.18315655137452078,0.5,0.3333333333333333
dd_30d & ret_1d_5,-33.6..-25.7 & 1.78..4.78,6635,1.0391998396170858,0.3752825923134891,-0.004718650596879368,0.1043177884331461,0.12150552588428873,-0.26903363373905453,0.6428571428571429,0.3333333333333333
ema200_rel & ret_1d_5,-6.51..-3.59 & -2.52..-0.367,7965,1.2475096793594707,0.3785310734463277,-0.005226055623149038,0.11207239470152554,0.12099812085801906,-0.3274669368793146,0.35714285714285715,0.5
atr_pct & dow,1.17..1.37 & 6,9341,1.4630242203260284,0.368483031795311,-0.00628616218018658,0.09929820968685028,0.11993801430098151,-0.4213858266224469,0.5714285714285714,0.5
dist_high_20 & dist_low_20,2.18..3.01 & 1.65..2.27,9885,1.5482276434988536,0.3783510369246333,-0.00692794146075768,0.11573360636354418,0.11929623502041042,-0.481430141832298,0.5,0.6666666666666666
dist_low_20 & ret_1d_5,3.09..4.3 & -9.87..-5.37,11627,1.821066546379481,0.3764513632063301,-0.007218778413950498,0.10149130059554048,0.1190053980672176,-0.5501472391740239,0.35714285714285715,0.5
atr_pct & ema200_rel,0.984..1.17 & -3.59..-1.84,12424,1.9458958262852561,0.378783000643915,-0.007373182906225739,0.11729761285837131,0.11885099357494236,-0.5768355669460487,0.42857142857142855,0.5
dist_high_20 & ret_1d_5,4.22..6.43 & 1.78..4.78,8320,1.3031111779373254,0.37932692307692306,-0.007533947824062669,0.09525559528006525,0.11869022865710543,-0.48860124345856804,0.42857142857142855,0.3333333333333333
atr_pct & dist_low_20,1.66..2.18 & 4.3..6.59,16567,2.594788808279768,0.3697108710086316,-0.007950212873997758,0.06297841089460489,0.11827396360717034,-0.7326718042366541,0.5,0.5
dist_low_20 & ema200_rel,2.27..3.09 & -inf..-6.51,9796,1.5342881128694759,0.3644344630461413,-0.007994925553180507,0.07041534475507454,0.1182292509279876,-0.5601345631411051,0.42857142857142855,0.3333333333333333
atr_pct & ema200_rel,1.66..2.18 & 5.97..inf,18583,2.91054267062612,0.3656029704568692,-0.00799959047925548,0.06245631683709888,0.11822458600191262,-0.7759941218406193,0.42857142857142855,0.5
dd_30d & up_from_low_30d,-25.7..-20.5 & 48..inf,7060,1.1057650139708555,0.37011331444759205,-0.00824579389223143,0.0681338746425971,0.11797838258893667,-0.4938325469666593,0.5384615384615384,0.3333333333333333
dist_high_20 & dow,1.54..2.18 & 6,12062,1.88919796012981,0.38418172774000997,-0.008330592932232244,0.14685087194785432,0.11789358354893585,-0.6291625229305929,0.5714285714285714,0.3333333333333333
atr_pct & up_from_low_30d,1.17..1.37 & 48..inf,6418,1.0052124447117492,0.37052041134309754,-0.00887545010299244,0.09584859166012256,0.11734872637817566,-0.4971566646648043,0.35714285714285715,0.5
atr_pct & dd_30d,1.66..2.18 & -20.5..-16.2,7689,1.2042814720144344,0.37378072571205617,-0.009525269428208544,0.061707825604772344,0.11669890705295956,-0.6048042692199538,0.35714285714285715,0.6666666666666666
atr_pct & dd_30d,1.37..1.66 & -33.6..-25.7,15189,2.3789610194338984,0.3702679570741984,-0.01014637624995989,0.07871139783473663,0.11607780023120821,-0.8865810582944081,0.42857142857142855,0.5
atr_pct & ret_1d_5,1.17..1.37 & -2.52..-0.367,7780,1.218534250523124,0.3723650385604113,-0.010426043926639546,0.09522153560083146,0.11579813255452856,-0.6490944432175083,0.42857142857142855,0.3333333333333333
dist_high_20 & dow,3.01..4.22 & 6,10526,1.6486235888183036,0.372031160934828,-0.011072260040043382,0.10225695152413641,0.11515191644112471,-0.7907264506483164,0.42857142857142855,0.3333333333333333
dist_low_20 & dow,6.59..inf & 3,12425,1.946052450224912,0.3719114688128773,-0.011463611687756486,0.0550205107435565,0.11476056479341161,-0.9236990694887144,0.5714285714285714,0.3333333333333333
up_from_low_30d & ret_1d_5,31.2..48 & 1.78..4.78,8579,1.3436767783082109,0.37731670357850566,-0.01169516498405174,0.10052727098394112,0.11452901149711636,-0.7627009259161966,0.5,0.5
ema200_rel & dow,2.69..5.97 & 0,11106,1.7394654738187423,0.37664325589771297,-0.011892950714400318,0.11414497866956838,0.11433122576676778,-0.8712430012807316,0.35714285714285715,0.3333333333333333
dist_high_20 & up_from_low_30d,1.02..1.54 & 31.2..48,8953,1.402254131739528,0.3759633642354518,-0.01191876594565771,0.1060893256910771,0.11430541053551038,-0.7906147649021393,0.5,0.5
atr_pct & dist_low_20,1.66..2.18 & 1.65..2.27,7478,1.1712338207470336,0.3658732281358652,-0.011989825685380913,0.059463386261712534,0.11423435079578718,-0.7429157700464687,0.35714285714285715,0.5
atr_pct & ret_1d_5,0.984..1.17 & -0.367..1.78,9012,1.411494944179228,0.3787172658677319,-0.01202503361434326,0.11265800374918314,0.11419914286682484,-0.8022990382450732,0.42857142857142855,0.5
atr_pct & dd_30d,2.18..inf & -33.6..-25.7,11874,1.8597526594744953,0.37114704396159676,-0.012110327935420757,0.035061621916408804,0.11411384854574734,-0.9692798449603213,0.35714285714285715,0.5
dist_high_20 & up_from_low_30d,4.22..6.43 & -inf..5.06,9456,1.4810359733864602,0.372673434856176,-0.012283196803840159,0.10044207527654621,0.11394097967732794,-0.8345683949885174,0.5,0.3333333333333333
dist_high_20 & up_from_low_30d,1.54..2.18 & 48..inf,7487,1.1726434362039369,0.3654334179244023,-0.01241044234902072,0.07285255158841275,0.11381373413214738,-0.7578673342255459,0.35714285714285715,0.5
ema200_rel & dow,2.69..5.97 & 1,11575,1.8129221015173727,0.3750323974082073,-0.01251472420831498,0.10597570885190626,0.11370945227285312,-0.9404972813080149,0.5,0.5
atr_pct & dist_low_20,1.37..1.66 & 3.09..4.3,13255,2.0760503201393328,0.37125612976235384,-0.012566852332311472,0.07628418768164938,0.11365732414885663,-1.0281841526671152,0.42857142857142855,0.5
dd_30d & up_from_low_30d,-25.7..-20.5 & 31.2..48,7329,1.1478968537383,0.3683995088006549,-0.013082312418251038,0.07582271838871264,0.11314186406291706,-0.7932719870806288,0.5,0.5
ema200_rel & dow,5.97..inf & 2,10327,1.6174554248267738,0.36632129369613636,-0.013570182461484994,0.05960983926366564,0.11265399401968311,-0.9855933049357992,0.5,0.6666666666666666
up_from_low_30d & ema200_rel,31.2..48 & 0.891..2.69,9874,1.5465047801626384,0.37745594490581325,-0.013769117658409288,0.10614845174518575,0.11245505882275882,-0.9614451080661142,0.35714285714285715,0.5
dist_low_20 & dow,6.59..inf & 5,10372,1.6245035021112908,0.37418048592364056,-0.013838943544410684,0.051290777754504496,0.11238523293675741,-1.0297638205514228,0.42857142857142855,0.5
atr_pct & dist_low_20,0.984..1.17 & 1.14..1.65,10948,1.7147188913531055,0.37531969309462915,-0.013858463489654494,0.11072911234402508,0.1123657129915136,-1.013223505702062,0.42857142857142855,0.5
up_from_low_30d & ema200_rel,31.2..48 & 2.69..5.97,15904,2.4909471362878874,0.37336519114688127,-0.014825773026562933,0.0914553629266362,0.11139840345460517,-1.3161746575568591,0.5714285714285714,0.6666666666666666
dist_high_20 & up_from_low_30d,4.22..6.43 & 23..31.2,10533,1.6497199563958953,0.37282825405867276,-0.015259078307905969,0.07323782643479357,0.11096509817326212,-1.123213918699041,0.35714285714285715,0.5
dist_high_20 & ema200_rel,2.18..3.01 & 2.69..5.97,10346,1.6204312796802365,0.37338101681809394,-0.015280040521258417,0.0959618680418647,0.11094413595990968,-1.0909086289829113,0.42857142857142855,0.3333333333333333
dist_low_20 & ema200_rel,3.09..4.3 & -6.51..-3.59,10166,1.5922389705421693,0.3715325595120992,-0.01530014127725925,0.08490042247468375,0.11092403520390885,-1.095471931766809,0.5,0.5
dd_30d & ret_1d_5,-20.5..-16.2 & 10.2..inf,6686,1.047187660539538,0.373018247083458,-0.015482331914321542,0.05885365682671607,0.11074184456684656,-0.9128101388654196,0.5714285714285714,0.3333333333333333
dist_high_20 & up_from_low_30d,3.01..4.22 & 23..31.2,10904,1.7078274380082448,0.3720652971386647,-0.016111129799148218,0.08578688705982565,0.11011304668201988,-1.1935925371607279,0.42857142857142855,0.6666666666666666
atr_pct & ret_1d_5,1.66..2.18 & 4.78..10.2,9721,1.5225413173952813,0.36601172718856084,-0.016186852496593514,0.05529007557323784,0.11003732398457458,-1.146215546073923,0.42857142857142855,0.5
dd_30d & up_from_low_30d,-12.2..-8.28 & 23..31.2,9592,1.5023368291796664,0.38083819849874895,-0.016308736929130947,0.1049404048427205,0.10991543955203716,-1.1333346700063844,0.6428571428571429,0.5
dist_high_20 & ema200_rel,4.22..6.43 & -1.84..-0.491,6763,1.0592477038930446,0.3773473310660949,-0.01705658042674623,0.08918053833720228,0.10916759605442186,-0.9974504354020335,0.35714285714285715,0.5
dist_high_20 & dow,4.22..6.43 & 0,12273,1.9222456113972108,0.36665851869958443,-0.017542244931463682,0.07639238879011706,0.10868193154970442,-1.369924372281824,0.35714285714285715,0.5
dd_30d & up_from_low_30d,-33.6..-25.7 & 31.2..48,7055,1.1049818942725758,0.3726435152374203,-0.017779099773760246,0.06914200578957894,0.10844507670740786,-1.0672726947155178,0.42857142857142855,0.5
atr_pct & dist_high_20,0.984..1.17 & 4.22..6.43,9855,1.5435289253091757,0.3769660071029934,-0.017837667331811077,0.10567754216183625,0.10838650914935702,-1.2472071602475434,0.5,0.3333333333333333
dist_low_20 & ema200_rel,1.65..2.27 & -inf..-6.51,8784,1.375784685937676,0.3623633879781421,-0.01804758937579857,0.06467728807836401,0.10817658710536954,-1.1964510768934606,0.42857142857142855,0.5
atr_pct & dow,0.807..0.984 & 6,12099,1.8949930458970792,0.37829572691958013,-0.01808643991066858,0.13123836482096937,0.10813773657049952,-1.3705699318243676,0.2857142857142857,0.3333333333333333
atr_pct & dist_low_20,0.984..1.17 & 1.65..2.27,12159,1.904390482276435,0.3760177646188009,-0.018090117028818624,0.10633360106663209,0.10813405945234947,-1.3968796835382609,0.35714285714285715,0.3333333333333333
dist_high_20 & ret_1d_5,4.22..6.43 & 10.2..inf,14249,2.2317345161573257,0.36760474419257494,-0.018253274354973984,0.05197756204916753,0.10797090212619412,-1.565365681383595,0.35714285714285715,0.3333333333333333
atr_pct & dd_30d,1.66..2.18 & -16.2..-12.2,7185,1.1253430064278465,0.3700765483646486,-0.018295816088705605,0.053125628148438866,0.1079283603924625,-1.1226669332057526,0.42857142857142855,0.5
dd_30d & dist_low_20,-33.6..-25.7 & 3.09..4.3,11273,1.7656216717412823,0.3676927171116828,-0.019106690322886283,0.07777467086315712,0.10711748615828182,-1.4364054907946404,0.5,0.3333333333333333
dist_high_20 & dd_30d,2.18..3.01 & -33.6..-25.7,10306,1.6141663220939995,0.3723073937512129,-0.019136920278882644,0.08832246296082187,0.10708725620228546,-1.3687658518554469,0.42857142857142855,0.3333333333333333
dd_30d & ema200_rel,-16.2..-12.2 & -3.59..-1.84,15005,2.3501422145372075,0.38940353215594803,-0.01920111602748447,0.1391247399395406,0.10702306045368362,-1.6510047490462294,0.5,0.5
atr_pct & ema200_rel,1.17..1.37 & -inf..-6.51,8152,1.2767983560751295,0.3651864573110893,-0.01922508065117971,0.0854471127902642,0.10699909582998839,-1.2161119321689207,0.5714285714285714,0.6666666666666666
dist_high_20 & dist_low_20,2.18..3.01 & 1.14..1.65,10648,1.6677317094563269,0.3785687453042825,-0.019601277871358676,0.11969097216314155,0.10662289860980942,-1.413705813757413,0.42857142857142855,0.5
dd_30d & up_from_low_30d,-20.5..-16.2 & 23..31.2,8011,1.2547143805836434,0.37248782923480217,-0.019956350587395116,0.08648746829398762,0.10626782589377298,-1.2629223551265636,0.5714285714285714,0.5
dd_30d & ema200_rel,-16.2..-12.2 & 5.97..inf,7282,1.1405355285744716,0.3687173853336995,-0.019999477400719244,0.04995842275979992,0.10622469908044885,-1.232114680627545,0.5,0.6666666666666666
up_from_low_30d & ret_1d_5,31.2..48 & -5.37..-2.52,6863,1.0749100978586374,0.3721404633542183,-0.020042321004443923,0.09019565999967179,0.10618185547672418,-1.1709254780813843,0.42857142857142855,0.6666666666666666
dd_30d & ret_1d_5,-12.2..-8.28 & 10.2..inf,11676,1.8287411194226215,0.3708461801986982,-0.0200952643278542,0.05448394144650064,0.1061289121533139,-1.5680265195471537,0.35714285714285715,0.5
dd_30d & dist_low_20,-33.6..-25.7 & 6.59..inf,11111,1.740248593517022,0.3708937089370894,-0.020313157299414537,0.04420102797358471,0.10591101918175357,-1.559303028541309,0.5,0.3333333333333333
dd_30d & ema200_rel,-33.6..-25.7 & -0.491..0.891,6150,0.9632372288839605,0.3721951219512195,-0.02121211976250427,0.09178696131683134,0.10501205671866383,-1.1677268621710515,0.42857142857142855,0.5
atr_pct & dow,1.17..1.37 & 1,12312,1.928353945043792,0.3680961663417804,-0.02123904807645031,0.08422149369284224,0.10498512840471778,-1.6523792376223243,0.42857142857142855,0.3333333333333333
dist_high_20 & ret_1d_5,6.43..inf & -5.37..-2.52,6267,0.9815622298237041,0.36317217169299504,-0.0214214264384313,0.054406000553093616,0.1048027500427368,-1.2238896396748193,0.35714285714285715,0.3333333333333333
atr_pct & dd_30d,1.17..1.37 & -16.2..-12.2,10073,1.5776729441541681,0.37208378834508093,-0.021845702023661914,0.0840426228198315,0.10437847445750618,-1.5531212192533637,0.42857142857142855,0.5
ema200_rel & ret_1d_5,-6.51..-3.59 & -5.37..-2.52,16022,2.5094287611672867,0.3752964673573836,-0.022240766598396248,0.10347656465967414,0.10398340988277185,-1.9782730678342044,0.5,0.5
atr_pct & dist_low_20,1.66..2.18 & 3.09..4.3,12228,1.9151975341126941,0.3644913313706248,-0.02294227469222762,0.04838297358663048,0.10328190178894048,-1.82600279372417,0.21428571428571427,0.5
dd_30d & dist_low_20,-16.2..-12.2 & 3.09..4.3,9754,1.5277099074039269,0.3771785933975805,-0.02309635200317917,0.09338484467009626,0.10312782447798893,-1.618303512800224,0.21428571428571427,0.3333333333333333
dist_high_20 & ema200_rel,2.18..3.01 & -inf..-6.51,6193,0.9699720582891653,0.36428225415792026,-0.023509658506740187,0.06304176616353326,0.1027145179744279,-1.3164586867150467,0.42857142857142855,0.16666666666666666
dist_high_20 & dist_low_20,3.01..4.22 & 1.65..2.27,10253,1.6058652532922353,0.37033063493611623,-0.02417146797140378,0.08347142625230755,0.10205270850976432,-1.726889247261477,0.5,0.5
dist_high_20 & dd_30d,4.22..6.43 & -25.7..-20.5,11868,1.8588129158365598,0.36846983485001683,-0.024423084440098934,0.07104874203681272,0.10180109204106916,-1.888392463217625,0.42857142857142855,0.16666666666666666
dist_high_20 & dist_low_20,3.01..4.22 & 2.27..3.09,9132,1.4302898169379394,0.3670608848007008,-0.024654794128534222,0.07317686880598784,0.10156938235263388,-1.6681328817595202,0.35714285714285715,0.5
atr_pct & up_from_low_30d,1.37..1.66 & 23..31.2,13473,2.110194338984325,0.3663623543383062,-0.024796408605676456,0.06419929477373543,0.10142776787549164,-2.0478669457651666,0.42857142857142855,0.3333333333333333
dd_30d & dist_low_20,-25.7..-20.5 & 4.3..6.59,10213,1.599600295705998,0.3693332027807696,-0.024817276900842407,0.06991556883085845,0.1014068995803257,-1.7842223046510448,0.35714285714285715,0.5
atr_pct & dow,2.18..inf & 5,9898,1.5502637547143805,0.36633663366336633,-0.025034516471507128,0.020087672877256216,0.10118966000966097,-1.8499747379308102,0.42857142857142855,0.5
dist_high_20 & up_from_low_30d,1.02..1.54 & 48..inf,6276,0.9829718452806074,0.3637667304015296,-0.02510807924664546,0.06557155952056701,0.10111609723452264,-1.4021877457500043,0.42857142857142855,0.3333333333333333
dist_high_20 & ret_1d_5,2.18..3.01 & -9.87..-5.37,10444,1.6357804257665176,0.37131367292225204,-0.025149353206861607,0.09519642814248049,0.10107482327430649,-1.8045463993985904,0.2857142857142857,0.5
dow & ret_1d_5,3 & -9.87..-5.37,10997,1.722393464396246,0.3686459943620988,-0.025167609830946503,0.07994893394207507,0.1010565666502216,-1.8661245201984469,0.5,0.3333333333333333
dist_high_20 & dd_30d,6.43..inf & -33.6..-25.7,14825,2.3219499053991406,0.3658010118043845,-0.025230734989588124,0.04071166716316906,0.10099344149157997,-2.226535307992711,0.35714285714285715,0.5
dist_high_20 & ema200_rel,4.22..6.43 & 5.97..inf,10742,1.6824543597839843,0.3646434555948613,-0.025270808366148298,0.034828718729218534,0.1009533681150198,-1.9035382620641454,0.2857142857142857,0.5
atr_pct & dist_high_20,1.66..2.18 & 4.22..6.43,17976,2.815471939254971,0.36337338673787273,-0.025330152943787602,0.045815686258523135,0.1008940235373805,-2.4419807865507908,0.35714285714285715,0.3333333333333333
dist_low_20 & ret_1d_5,1.65..2.27 & -5.37..-2.52,11322,1.7732962447844227,0.3848260024730613,-0.025447702799561687,0.12910980339096806,0.10077647368160642,-1.8920048474674307,0.35714285714285715,0.6666666666666666
up_from_low_30d & ret_1d_5,31.2..48 & -9.87..-5.37,7334,1.1486799734365798,0.36433051540769024,-0.025520271458764572,0.07287980455443058,0.10070390502240353,-1.540807454457498,0.5,0.5
dd_30d & up_from_low_30d,-inf..-33.6 & 23..31.2,10891,1.7057913267927176,0.3630520613350473,-0.02570878299797254,0.054997300098792286,0.10051539348319556,-1.9148634049061328,0.5,0.6666666666666666
up_from_low_30d & ret_1d_5,48..inf & 1.78..4.78,6243,0.9778032552719618,0.3623258049014897,-0.02581239576937748,0.06005548019394523,0.10041178071179062,-1.4480734355828595,0.35714285714285715,0.5
dist_high_20 & dd_30d,4.22..6.43 & -12.2..-8.28,8379,1.312351990377025,0.37307554600787685,-0.025980093002727224,0.07304008583148627,0.10024408347844088,-1.7095190907211404,0.35714285714285715,0.6666666666666666
dd_30d & up_from_low_30d,-12.2..-8.28 & 31.2..48,11341,1.7762720996378853,0.3707785909531787,-0.026037230486579035,0.07770251791697275,0.10018694599458906,-1.9696621493671689,0.42857142857142855,0.6666666666666666
atr_pct & ret_1d_5,0.984..1.17 & -inf..-9.87,6172,0.9666829555563908,0.36795204147764093,-0.026389472778446683,0.09757777454651563,0.09983470370272142,-1.442883430315532,0.5,0.5
dow & ret_1d_5,0 & -9.87..-5.37,10900,1.707200942249621,0.36844036697247706,-0.026896797748803172,0.09192083114404428,0.09932737873236493,-1.9627193724764869,0.35714285714285715,0.3333333333333333
dist_high_20 & up_from_low_30d,1.54..2.18 & 31.2..48,10160,1.5912992269042339,0.36811023622047245,-0.027190309119454917,0.0833084744695744,0.09903386736171318,-1.9339917357910228,0.42857142857142855,0.5
dd_30d & ret_1d_5,-33.6..-25.7 & -5.37..-2.52,10193,1.5964678169128794,0.3720200137349161,-0.027218298507079332,0.08940955675433418,0.09900587797408877,-1.9335176259288622,0.5,0.5
dd_30d & dow,-16.2..-12.2 & 3,11572,1.812452229698405,0.38022813688212925,-0.027238199055312797,0.10135050641073508,0.0989859774258553,-2.073182327780807,0.42857142857142855,0.16666666666666666
dist_high_20 & ema200_rel,4.22..6.43 & 2.69..5.97,7278,1.1399090328158479,0.36740862874416047,-0.027259978062892383,0.05494131989789066,0.09896419841827572,-1.6659740490979442,0.42857142857142855,0.3333333333333333
dd_30d & dow,-16.2..-12.2 & 6,11252,1.7623325690085079,0.38819765375044435,-0.02753355952489729,0.15600614142986302,0.09869061695627081,-2.0075454874447787,0.42857142857142855,0.16666666666666666
atr_pct & ema200_rel,1.37..1.66 & -6.51..-3.59,13769,2.15655502512248,0.36553126588713775,-0.0278039312685946,0.06130380921339228,0.0984202452125735,-2.3250917457024514,0.35714285714285715,0.3333333333333333
up_from_low_30d & dow,31.2..48 & 6,11869,1.8589695397762158,0.36650096891060746,-0.02781014402358395,0.08652845229489933,0.09841403245758415,-2.1191053601117287,0.42857142857142855,0.16666666666666666
atr_pct & dow,0.984..1.17 & 0,11585,1.814488340913932,0.36866637893828225,-0.027906261112585474,0.09642227141522831,0.09831791536858263,-2.0901070791195804,0.35714285714285715,0.3333333333333333
atr_pct & ret_1d_5,0.984..1.17 & -2.52..-0.367,9479,1.4846383239985466,0.37124169216162045,-0.028423202108538034,0.09632812086196668,0.09780097437263006,-1.9421841073592478,0.35714285714285715,0.5
dist_high_20 & ema200_rel,6.43..inf & -6.51..-3.59,10672,1.6714906840080692,0.36890929535232386,-0.028444944845130073,0.0493960629115299,0.09777923163603802,-2.1302304472276172,0.42857142857142855,0.3333333333333333
dist_high_20 & dist_low_20,4.22..6.43 & 1.14..1.65,11002,1.7231765840945257,0.3673877476822396,-0.028598822640047317,0.07225084759837878,0.09762535384112078,-2.127834139150858,0.35714285714285715,0.5
dow & ret_1d_5,4 & -inf..-9.87,10805,1.6923216679823077,0.37445627024525685,-0.028617697269133643,0.0437837184331107,0.09760647921203446,-2.206947854148096,0.35714285714285715,0.3333333333333333
dd_30d & dist_low_20,-33.6..-25.7 & 2.27..3.09,10985,1.7205139771203748,0.3667728720983159,-0.0287355780983415,0.0748976998128779,0.0974885983828266,-2.1251275080974605,0.42857142857142855,0.16666666666666666
dist_high_20 & dist_low_20,6.43..inf & 1.65..2.27,9245,1.4479883221190593,0.3637641968631693,-0.02883254294150436,0.039676014802058304,0.09739163353966374,-2.0088378628790067,0.42857142857142855,0.5
dd_30d & dist_low_20,-inf..-33.6 & 1.65..2.27,8146,1.2758586124371938,0.36238644733611586,-0.028989561264884046,0.060612872448150536,0.09723461521628406,-1.850888804292269,0.21428571428571427,0.5
dist_high_20 & dow,2.18..3.01 & 3,11493,1.8000789384655866,0.3735317149569303,-0.02908633303911232,0.09147093950779937,0.09713784344205578,-2.207633940485669,0.21428571428571427,0.3333333333333333
up_from_low_30d & dist_low_20,31.2..48 & 1.14..1.65,7625,1.194257539876455,0.3699672131147541,-0.029577413390636374,0.08792660893827182,0.09664676309053172,-1.8171951785949663,0.5,0.16666666666666666
dist_high_20 & dow,4.22..6.43 & 6,9104,1.4259043466275734,0.35907293497363796,-0.0296888895426315,0.06162949366171894,0.09653528693853661,-1.9937370735060846,0.42857142857142855,0.16666666666666666
ema200_rel & ret_1d_5,-3.59..-1.84 & -0.367..1.78,9298,1.4562893909208234,0.3805119380511938,-0.0296933744145338,0.11815408862422622,0.0965308020666343,-2.016134682479682,0.35714285714285715,0.5
up_from_low_30d & ret_1d_5,48..inf & -inf..-9.87,9517,1.4905900337054718,0.35389303351896606,-0.029871406819222884,0.02830318006318955,0.09635276966194521,-2.095709620836216,0.5384615384615384,0.5
atr_pct & dist_low_20,1.37..1.66 & 1.65..2.27,9332,1.461614604869125,0.3619802828975568,-0.030154550234172132,0.05894115577448739,0.09606962624699597,-2.0685894778419747,0.2857142857142857,0.16666666666666666
dist_high_20 & dd_30d,3.01..4.22 & -16.2..-12.2,9815,1.5372639677229385,0.37310239429444725,-0.03016457478995389,0.08887455404613812,0.0960596016912142,-2.1169414558460407,0.35714285714285715,0.3333333333333333
up_from_low_30d & ema200_rel,31.2..48 & -0.491..0.891,7320,1.1464872382813969,0.37336065573770494,-0.030291207408222977,0.09135609940483978,0.09593296907294513,-1.833273164174586,0.42857142857142855,0.3333333333333333
up_from_low_30d & dow,17.3..23 & 3,11809,1.84957210339686,0.3726818528241172,-0.030528543675556036,0.08714001050390621,0.09569563280561207,-2.3517958439848465,0.42857142857142855,0.5
up_from_low_30d & dist_low_20,31.2..48 & 2.27..3.09,10080,1.5787693117317596,0.3663690476190476,-0.030660059015443244,0.0727688632456063,0.09556411746572485,-2.1775051992931314,0.35714285714285715,0.3333333333333333
dd_30d & dow,-33.6..-25.7 & 2,11349,1.7775250911551328,0.364084941404529,-0.030982867941547726,0.06364936800832435,0.09524130853962037,-2.3383043134581727,0.42857142857142855,0.5
dd_30d & up_from_low_30d,-16.2..-12.2 & 12.5..17.3,9584,1.501083837662419,0.3760434056761269,-0.031080065969629735,0.10680467380729253,0.09514411051153837,-2.132320846058585,0.5,0.3333333333333333
dd_30d & dow,-20.5..-16.2 & 1,11603,1.8173075718277387,0.37231750409376885,-0.03115607115820162,0.09256631017176656,0.09506810532296647,-2.3591095844965126,0.35714285714285715,0.3333333333333333
atr_pct & dist_low_20,1.66..2.18 & 2.27..3.09,9515,1.4902767858261599,0.35890698896479245,-0.03116564166099299,0.04036851333471945,0.09505853482017511,-2.1825638917070274,0.2857142857142857,0.3333333333333333
dist_high_20 & ema200_rel,3.01..4.22 & -0.491..0.891,7512,1.1765590346953352,0.3759318423855165,-0.031261669569136924,0.09039449753323986,0.09496250691203117,-1.9237420129618032,0.42857142857142855,0.3333333333333333
atr_pct & dow,0.984..1.17 & 3,11863,1.8580297961382801,0.3710697125516311,-0.03128799488087739,0.09290801003087498,0.09493618160029071,-2.401673694990225,0.35714285714285715,0.3333333333333333
atr_pct & dow,1.37..1.66 & 0,11766,1.842837273991655,0.3593404725480197,-0.031583731744548385,0.05727726005984998,0.09464044473661971,-2.4188593501913203,0.5,0.5
up_from_low_30d & dist_low_20,23..31.2 & -inf..0.662,6412,1.0042727010738137,0.37960074859638177,-0.03183593084358618,0.1242536118836671,0.09438824563758191,-1.774644560395187,0.5714285714285714,0.3333333333333333
dist_high_20 & up_from_low_30d,4.22..6.43 & 31.2..48,11640,1.823102657595008,0.36572164948453606,-0.03194431847326405,0.04850822127073116,0.09427985800790405,-2.475625255174213,0.2857142857142857,0.3333333333333333
atr_pct & dist_high_20,0.984..1.17 & 3.01..4.22,13326,2.0871706198549034,0.3695782680474261,-0.03210593878060134,0.09202672467444822,0.09411823770056676,-2.604007137294699,0.35714285714285715,0.3333333333333333
dd_30d & dist_low_20,-20.5..-16.2 & 1.65..2.27,10729,1.6804182485684571,0.376269922639575,-0.03240404675721103,0.1057565047458579,0.09382012972395706,-2.3535055037867747,0.21428571428571427,0.3333333333333333
dist_high_20 & ema200_rel,3.01..4.22 & 0.891..2.69,7486,1.1724868122642809,0.3682874699438953,-0.03291296520934615,0.07929357568768147,0.09331121127182196,-2.0153055794493717,0.42857142857142855,0.5
dist_low_20 & ret_1d_5,2.27..3.09 & -9.87..-5.37,11549,1.8088498790863186,0.3694692181141224,-0.032942883531680435,0.0849130511381278,0.09328129294948767,-2.4962303405044652,0.35714285714285715,0.5
ema200_rel & ret_1d_5,-inf..-6.51 & -9.87..-5.37,15642,2.449911664098034,0.3598005370157269,-0.03312685288327152,0.05229873754946199,0.09309732359789658,-2.959836267733308,0.35714285714285715,0.5
dd_30d & up_from_low_30d,-33.6..-25.7 & 17.3..23,10869,1.7023456001202872,0.3636029073511823,-0.033331014156876976,0.06462861351910004,0.09289316232429112,-2.4672981004693937,0.35714285714285715,0.5
dist_high_20 & ret_1d_5,3.01..4.22 & -9.87..-5.37,10800,1.6915385482840282,0.3667592592592593,-0.033448348698114284,0.07576736175085647,0.09277582778305382,-2.45691190383725,0.35714285714285715,0.3333333333333333
dist_high_20 & dd_30d,2.18..3.01 & -16.2..-12.2,10367,1.623720382413011,0.3763866113629787,-0.03359866150730411,0.10181335400206301,0.09262551497386398,-2.413249608232065,0.35714285714285715,0.3333333333333333
dist_high_20 & ret_1d_5,3.01..4.22 & -0.367..1.78,8062,1.2627022015060958,0.37596129992557675,-0.03361277584197033,0.09627377660871714,0.09261140063919776,-2.1424907770649675,0.42857142857142855,0.3333333333333333
dist_high_20 & ret_1d_5,2.18..3.01 & 10.2..inf,10116,1.584407773559373,0.3611111111111111,-0.03391595909525691,0.05659643653684676,0.09230821738591119,-2.4162342226634017,0.42857142857142855,0.3333333333333333
ema200_rel & dow,-inf..-6.51 & 5,12219,1.9137879186557907,0.3572305425975939,-0.03444593271273702,0.04176167646542824,0.09177824376843108,-2.742621206056445,0.21428571428571427,0.6666666666666666
dist_high_20 & up_from_low_30d,2.18..3.01 & 23..31.2,10764,1.6859000864564146,0.36845039018952064,-0.03452133927902449,0.07869237137795468,0.09170283720214362,-2.5348875493252385,0.35714285714285715,0.5
atr_pct & dow,1.37..1.66 & 3,12535,1.9632810835870642,0.36266453928998804,-0.034688528607087384,0.054125756573848036,0.09153564787408072,-2.770987161142907,0.42857142857142855,0.6666666666666666
dist_low_20 & ema200_rel,3.09..4.3 & -inf..-6.51,10699,1.6757195303787793,0.3560145808019441,-0.03500139683228729,0.0381247203781253,0.09122277964888081,-2.6025724413189524,0.2857142857142857,0.3333333333333333
dist_high_20 & dd_30d,1.54..2.18 & -33.6..-25.7,9455,1.4808793494468042,0.3664727657324167,-0.03517191521042915,0.07897341583027116,0.09105226127073895,-2.4108674044903493,0.42857142857142855,0.5
dist_high_20 & up_from_low_30d,2.18..3.01 & 31.2..48,10899,1.707044318309965,0.3657216258372328,-0.035232941197869724,0.06711718475048967,0.09099123528329837,-2.6075900999829895,0.2857142857142857,0.16666666666666666
atr_pct & dist_low_20,1.17..1.37 & 1.14..1.65,9070,1.4205791326792718,0.3638368246968026,-0.03552920094362379,0.07027968219162631,0.09069497553754431,-2.39356928661382,0.2857142857142857,0.3333333333333333
dist_high_20 & up_from_low_30d,6.43..inf & -inf..5.06,11968,1.8744753098021527,0.35419451871657753,-0.03560100632500701,0.04003199303394198,0.09062317015616109,-2.7721761079173355,0.5,0.5
atr_pct & dist_high_20,1.17..1.37 & 4.22..6.43,13815,2.163759726346653,0.3659790083242852,-0.03568787373902929,0.06946561345744584,0.09053630274213881,-2.976335031209486,0.42857142857142855,0.3333333333333333
dist_high_20 & up_from_low_30d,6.43..inf & 23..31.2,8306,1.3009184427821423,0.36985311822778716,-0.03599412474156269,0.027946508737350707,0.09023005173960541,-2.4316832582328,0.35714285714285715,0.3333333333333333
dist_low_20 & dow,3.09..4.3 & 6,9317,1.459265245774286,0.3630997102071482,-0.03656998933825768,0.07752339019727227,0.08965418714291042,-2.4702265648731796,0.2857142857142857,0.3333333333333333
atr_pct & dd_30d,1.17..1.37 & -12.2..-8.28,8165,1.2788344672906564,0.36974892835272505,-0.03663109743680956,0.06911226660784685,0.08959307904435854,-2.3580297168063185,0.35714285714285715,0.5
dist_low_20 & dow,1.65..2.27 & 2,10933,1.7123695322582666,0.3734565078203604,-0.036975408789489926,0.09995013226561432,0.08924876769167817,-2.704956725516779,0.35714285714285715,0.3333333333333333
dist_high_20 & dd_30d,2.18..3.01 & -20.5..-16.2,10619,1.663189615206305,0.3712213956116395,-0.03722309302009283,0.09390723537507928,0.08900108346107527,-2.6917026650454816,0.5714285714285714,0.3333333333333333
dist_high_20 & dd_30d,3.01..4.22 & -20.5..-16.2,10822,1.6949842749564585,0.36860099796710405,-0.0372358223886298,0.07968211937302663,0.0889883540925383,-2.7394973535917058,0.35714285714285715,0.5
atr_pct & dow,1.66..2.18 & 2,11924,1.8675838564572917,0.35483059376048304,-0.0372459278049083,0.03359041932454775,0.08897824867625981,-2.905872935049242,0.42857142857142855,0.5
ema200_rel & ret_1d_5,-6.51..-3.59 & -9.87..-5.37,27679,4.335194025736445,0.369305249467105,-0.037277264919444636,0.0871825759158318,0.08894691156172346,-4.368276237683302,0.2857142857142857,0.5
dist_high_20 & dd_30d,4.22..6.43 & -16.2..-12.2,9240,1.4472052024207795,0.36623376623376624,-0.03733195178828805,0.06326723056339402,0.08889222469288005,-2.5623496932839256,0.35714285714285715,0.16666666666666666
atr_pct & ema200_rel,0.984..1.17 & -0.491..0.891,9441,1.4786866142916213,0.3696642304840589,-0.037446577763176156,0.08722775836714565,0.08877759871799194,-2.559811425742981,0.14285714285714285,0.3333333333333333
dd_30d & ema200_rel,-20.5..-16.2 & 2.69..5.97,6918,1.0835244145397136,0.36672448684590925,-0.03779055306883272,0.06599872169362142,0.08843362341233538,-2.2254776763440884,0.42857142857142855,0.3333333333333333
dist_low_20 & dow,4.3..6.59 & 6,8141,1.275075492738914,0.3591696351799533,-0.03783324337635718,0.054143536998441884,0.08839093310481091,-2.4167501993143783,0.5,0.5
dist_high_20 & ema200_rel,4.22..6.43 & 0.891..2.69,6114,0.9575987670563471,0.367844291789336,-0.03803463721286432,0.052900186293180766,0.08818953926830378,-2.139755440596645,0.5,0.5
atr_pct & ema200_rel,1.17..1.37 & -6.51..-3.59,14638,2.2926612286834818,0.36275447465500754,-0.038452385871125164,0.06715285913127939,0.08777179061004294,-3.2902423061915744,0.21428571428571427,0.3333333333333333
dist_high_20 & dist_low_20,3.01..4.22 & 1.14..1.65,11218,1.7570073550602063,0.3654840435015154,-0.03883541338560114,0.08062220199922501,0.08738876309556695,-2.903551651944753,0.35714285714285715,0.5
dist_low_20 & dow,6.59..inf & 6,7614,1.1925346765402398,0.35172051484108224,-0.03883806009409353,0.02141593184473834,0.08738611638707457,-2.434292173745851,0.5,0.5
dist_high_20 & ema200_rel,1.54..2.18 & -6.51..-3.59,9498,1.4876141788520092,0.37018319646241316,-0.03902589482649776,0.08758915693548065,0.08719828165467033,-2.6755863936790454,0.5,0.3333333333333333
dd_30d & dist_low_20,-20.5..-16.2 & 2.27..3.09,10813,1.693574659499555,0.37269952834551,-0.03929966992474778,0.08763470943956668,0.08692450655642031,-2.8839081118763423,0.21428571428571427,0.3333333333333333
dd_30d & ret_1d_5,-16.2..-12.2 & -2.52..-0.367,12016,1.8819932589056372,0.387982689747004,-0.03937768835939359,0.13839459850432245,0.0868464881217745,-3.0149217122862217,0.5714285714285714,0.3333333333333333
atr_pct & dd_30d,1.17..1.37 & -33.6..-25.7,14135,2.21387938703655,0.3603820304209409,-0.03948221851465258,0.06584613664978131,0.08674195796651551,-3.30120086423611,0.42857142857142855,0.3333333333333333
dd_30d & dow,-20.5..-16.2 & 0,11008,1.7241163277324612,0.3698219476744186,-0.03965905714807296,0.09286832964661113,0.08656511933309513,-2.911199031827051,0.5,0.3333333333333333
up_from_low_30d & ret_1d_5,23..31.2 & -inf..-9.87,8115,1.27100327030786,0.3576093653727665,-0.0399024198248429,0.033818634468335086,0.0863217566563252,-2.593237512867445,0.42857142857142855,0.5
atr_pct & up_from_low_30d,2.18..inf & 48..inf,36124,5.657883196130762,0.3576292769350017,-0.03990852925505816,0.0035910161806733004,0.08631564722610993,-5.589730385980717,0.2857142857142857,0.3333333333333333
atr_pct & dist_high_20,1.37..1.66 & 2.18..3.01,11179,1.750899021413625,0.3596028267286877,-0.04004300796277676,0.04905759619244657,0.08618116851839133,-3.014849451124911,0.35714285714285715,0.5
up_from_low_30d & ema200_rel,17.3..23 & -6.51..-3.59,8576,1.3432069064892431,0.3594916044776119,-0.040171999311796464,0.059866507237098424,0.08605217716937164,-2.6296822774608444,0.42857142857142855,0.3333333333333333
dd_30d & ret_1d_5,-16.2..-12.2 & 1.78..4.78,10037,1.5720344823265546,0.37949586529839596,-0.040178045082441126,0.10748868359031981,0.08604613139872697,-2.8251559207168344,0.35714285714285715,0.3333333333333333
dist_high_20 & ret_1d_5,4.22..6.43 & -0.367..1.78,6895,1.0799220639276272,0.36852791878172586,-0.04025000300866067,0.06663062292526539,0.08597417347250744,-2.3885680411600196,0.35714285714285715,0.16666666666666666
dd_30d & dow,-inf..-33.6 & 6,11036,1.7285017980428272,0.353660746647336,-0.04032214127209309,0.047850385133759644,0.08590203520907501,-2.9881986602831896,0.2857142857142857,0.3333333333333333
dist_low_20 & dow,4.3..6.59 & 0,12167,1.9056434737936825,0.3614695487794855,-0.0405572092093806,0.05750042206724822,0.08566696727178749,-3.1655785880407272,0.2857142857142857,0.5
atr_pct & up_from_low_30d,1.66..2.18 & 31.2..48,16468,2.579283038253831,0.3563274228807384,-0.04067715361975851,0.030435292969389346,0.08554702286140958,-3.754147713817895,0.35714285714285715,0.3333333333333333
dist_high_20 & dist_low_20,3.01..4.22 & 3.09..4.3,8607,1.348062248618577,0.36098524456837455,-0.04073107684226613,0.046596494534672635,0.08549309963890198,-2.7060436851121232,0.21428571428571427,0.5
up_from_low_30d & dow,23..31.2 & 1,11791,1.8467528724830533,0.3637520142481554,-0.04083509772615681,0.06891834768548087,0.08538907875501128,-3.133557202923669,0.21428571428571427,0.3333333333333333
dist_high_20 & dd_30d,4.22..6.43 & -inf..-33.6,14122,2.2118432758210225,0.35540291743379127,-0.04116190153807619,0.03374267162987672,0.0850622749430919,-3.5094297459817345,0.35714285714285715,0.16666666666666666
dow & ret_1d_5,6 & -5.37..-2.52,10714,1.6780688894736182,0.3863169684524921,-0.04131774406566177,0.15569619373695304,0.08490643241550633,-2.9225676591701295,0.42857142857142855,0.3333333333333333
ema200_rel & dow,-3.59..-1.84 & 3,12282,1.9236552268541143,0.37265917602996257,-0.04148503250810737,0.09542051087991138,0.08473914397306073,-3.2459106273370573,0.42857142857142855,0.5
dist_high_20 & ema200_rel,2.18..3.01 & -6.51..-3.59,12251,1.9187998847247805,0.3678067096563546,-0.04164863682186885,0.08250319912827586,0.08457553965929926,-3.2415336895292626,0.42857142857142855,0.5
dist_high_20 & ema200_rel,3.01..4.22 & -3.59..-1.84,11801,1.8483191118796125,0.37056181679518685,-0.0417948856124749,0.0889051824339634,0.08442929086869319,-3.2041829671287947,0.35714285714285715,0.5
ema200_rel & ret_1d_5,-3.59..-1.84 & -2.52..-0.367,15013,2.351395206054455,0.3804702591087724,-0.04188403376492689,0.12365089147497939,0.08434014271624121,-3.5884287538660766,0.42857142857142855,0.5
dd_30d & up_from_low_30d,-16.2..-12.2 & 48..inf,8629,1.3515079752910073,0.3555452543747827,-0.04200149885339048,0.025268771725379092,0.08422267762777762,-2.8142931049779323,0.46153846153846156,0.3333333333333333
atr_pct & dow,1.17..1.37 & 3,11877,1.860222531293463,0.3640649995790183,-0.042024914319020557,0.0635307750453268,0.08419926216214754,-3.249006508898141,0.35714285714285715,0.16666666666666666
dist_high_20 & ema200_rel,1.02..1.54 & -6.51..-3.59,7455,1.1676314701349473,0.3692823608316566,-0.042541547402303384,0.08864690831090684,0.08368262907886471,-2.576656770568251,0.2857142857142857,0.3333333333333333
dist_high_20 & up_from_low_30d,6.43..inf & 48..inf,21139,3.310873460386673,0.35952504848857564,-0.0425690321091997,0.00278277872743446,0.0836551443719684,-4.588168067304639,0.42857142857142855,0.3333333333333333
dist_high_20 & ema200_rel,4.22..6.43 & -3.59..-1.84,10050,1.5740705935420818,0.3672636815920398,-0.0425703953633656,0.0661012027700729,0.0836537811178025,-3.058259059560321,0.35714285714285715,0.3333333333333333
up_from_low_30d & dow,23..31.2 & 2,12144,1.9020411231815961,0.3663537549407115,-0.0425778883207084,0.06502666725890771,0.0836462881604597,-3.333232136447707,0.35714285714285715,0.5
up_from_low_30d & dow,12.5..17.3 & 6,11058,1.7319475247152576,0.38144329896907214,-0.042691403619695464,0.13917032027429735,0.08353277286147263,-3.0737641707487526,0.5,0.3333333333333333
dd_30d & dow,-16.2..-12.2 & 0,11519,1.8041511608966407,0.3723413490754406,-0.042922810472639954,0.0995963842062336,0.08330136600852814,-3.2162629557218843,0.2857142857142857,0.5
up_from_low_30d & ema200_rel,23..31.2 & -0.491..0.891,9091,1.4238682354120462,0.37608623913760864,-0.04329517923904838,0.09288322717906411,0.08292899724211972,-2.9185822050934425,0.5714285714285714,0.3333333333333333
dd_30d & ret_1d_5,-25.7..-20.5 & -5.37..-2.52,12059,1.8887280883108422,0.3734969732150261,-0.043484999822145154,0.09290598274228197,0.08273917665902294,-3.360920406136015,0.21428571428571427,0.3333333333333333
atr_pct & dow,0.807..0.984 & 2,11472,1.796789835732812,0.37081589958158995,-0.04366837417927161,0.1051062898259469,0.08255580230189649,-3.254128125921879,0.42857142857142855,0.5
up_from_low_30d & dist_low_20,48..inf & 6.59..inf,28083,4.398470097357441,0.3570487483530962,-0.04392230519199274,0.00701185028124689,0.08230187128917535,-5.401026608025165,0.21428571428571427,0.3333333333333333
dd_30d & dist_low_20,-33.6..-25.7 & -inf..0.662,7536,1.1803180092470773,0.3631900212314225,-0.04408729480480145,0.07634407944854887,0.08213688167636665,-2.690731241447268,0.35714285714285715,0.5
dist_low_20 & ema200_rel,1.14..1.65 & -inf..-6.51,7981,1.2500156623939656,0.35271269264503197,-0.04421888185880649,0.04275372053501381,0.08200529462236161,-2.8017130143518516,0.5,0.3333333333333333
dd_30d & ret_1d_5,-33.6..-25.7 & -9.87..-5.37,15294,2.3954065330977707,0.3609912383941415,-0.04451363776024029,0.05920002961913659,0.08171053872092782,-3.9056108626088206,0.2857142857142857,0.5
atr_pct & ema200_rel,0.984..1.17 & -6.51..-3.59,14277,2.2361199864676915,0.3643622609791973,-0.04451642271949789,0.07968972424986322,0.08170775376167021,-3.744986021418233,0.35714285714285715,0.3333333333333333
dd_30d & ema200_rel,-33.6..-25.7 & -3.59..-1.84,12073,1.890920823466025,0.365526381181148,-0.04484024500619228,0.0736195105083204,0.08138393147497583,-3.480346150202571,0.14285714285714285,0.3333333333333333
atr_pct & dd_30d,0.807..0.984 & -16.2..-12.2,13316,2.0856043804583444,0.37376088915590266,-0.04499831805024521,0.10447436424474638,0.08122585843092289,-3.6396365513853133,0.35714285714285715,0.5
atr_pct & dd_30d,0.984..1.17 & -33.6..-25.7,11733,1.8376686839830094,0.3629080371601466,-0.04537655007082662,0.07836772419594154,0.08084762641034149,-3.4462339039455387,0.2857142857142857,0.5
atr_pct & dist_high_20,1.66..2.18 & 2.18..3.01,9097,1.424807979049982,0.3566010772782236,-0.045499608746008495,0.025980043689792242,0.0807245677351596,-3.1265691437567233,0.21428571428571427,0.16666666666666666
dist_high_20 & ret_1d_5,3.01..4.22 & 10.2..inf,11809,1.84957210339686,0.35574561774917435,-0.04557131715104115,0.0363607502475677,0.08065285933012695,-3.533899737015647,0.35714285714285715,0.16666666666666666
atr_pct & dist_high_20,0.984..1.17 & 2.18..3.01,13357,2.092025961984237,0.36482743130942574,-0.04557541581259883,0.07880463588476451,0.08064876066856927,-3.7060509518403255,0.35714285714285715,0.3333333333333333
dd_30d & dow,-16.2..-12.2 & 1,11297,1.7693806462930246,0.36912454633973624,-0.04572489337069208,0.08635863360360722,0.08049928311047602,-3.4098169383602315,0.35714285714285715,0.3333333333333333
dist_low_20 & ret_1d_5,3.09..4.3 & 10.2..inf,10579,1.656924657620068,0.3586350316665091,-0.0458326931546126,0.03671635406450486,0.08039148332655549,-3.3812500284227767,0.35714285714285715,0.3333333333333333
atr_pct & dist_low_20,1.66..2.18 & 6.59..inf,18927,2.9644213058677593,0.3565805463095049,-0.04583796984420197,0.024426880372458125,0.08038620663696613,-4.559166323707893,0.2857142857142857,0.3333333333333333
dist_high_20 & dow,3.01..4.22 & 2,11820,1.8512949667330751,0.3600676818950931,-0.045844763451786064,0.059686530438466216,0.08037941302938204,-3.521891414357661,0.35714285714285715,0.5
atr_pct & dd_30d,1.37..1.66 & -16.2..-12.2,8339,1.306087032790788,0.36467202302434343,-0.045969730240147465,0.04321640399558945,0.08025444624102063,-3.03492596282063,0.42857142857142855,0.3333333333333333
dist_high_20 & ema200_rel,4.22..6.43 & -6.51..-3.59,16130,2.526344146650127,0.3618722876627402,-0.04637504792696284,0.0586190179382008,0.07984912855420526,-4.187833846286122,0.35714285714285715,0.3333333333333333
dist_high_20 & dd_30d,2.18..3.01 & -25.7..-20.5,10714,1.6780688894736182,0.36475639350382677,-0.046490465937020164,0.07717868334640468,0.07973371054414793,-3.3835485104459035,0.2857142857142857,0.16666666666666666
dist_high_20 & ret_1d_5,3.01..4.22 & -2.52..-0.367,8427,1.3198699394805098,0.36845852616589536,-0.04667660944928768,0.08261881942483693,0.07954756703188043,-3.032178194410063,0.5,0.3333333333333333
dist_high_20 & ret_1d_5,4.22..6.43 & -9.87..-5.37,11316,1.7723565011464872,0.3597560975609756,-0.046702353741588376,0.04951097963935228,0.07952182273957972,-3.5534366968570392,0.35714285714285715,0.3333333333333333
atr_pct & ret_1d_5,1.37..1.66 & -9.87..-5.37,13048,2.0436291646305556,0.3579858982219497,-0.04678700553529731,0.042231570731484556,0.07943717094587079,-3.8272209500850387,0.42857142857142855,0.3333333333333333
dd_30d & ema200_rel,-16.2..-12.2 & -1.84..-0.491,14983,2.346696487864777,0.3889741707268237,-0.0470723121823444,0.13469310504607915,0.0791518642988237,-4.02188662101698,0.42857142857142855,0.5
dow & ret_1d_5,0 & 4.78..10.2,11853,1.856463556741721,0.36606766219522485,-0.04713494002405508,0.07655400293172959,0.07908923645711302,-3.60818239572294,0.42857142857142855,0.3333333333333333
atr_pct & dist_high_20,1.17..1.37 & 3.01..4.22,14290,2.238156097683219,0.3603219034289713,-0.04729246360743788,0.05826648504992029,0.07893171287373021,-4.006823530490775,0.21428571428571427,0.16666666666666666
atr_pct & dist_high_20,2.18..inf & 4.22..6.43,14450,2.2632159280281674,0.3567474048442907,-0.04734551508557419,0.0012274004820456885,0.07887866139559391,-4.197166048628355,0.2857142857142857,0.3333333333333333
dist_low_20 & ret_1d_5,4.3..6.59 & 10.2..inf,13862,2.171121051510481,0.3594719376713317,-0.0473635899628676,0.028308166311010758,0.0788605865183005,-4.031056744461975,0.2857142857142857,0.3333333333333333
up_from_low_30d & ema200_rel,12.5..17.3 & -1.84..-0.491,10228,1.601949654800837,0.3797418850215096,-0.047437420631318825,0.11259129519656541,0.07878675584984927,-3.3639370883547994,0.5714285714285714,0.5
dist_high_20 & dd_30d,2.18..3.01 & -12.2..-8.28,10036,1.5718778583868986,0.3729573535273017,-0.047522475588535125,0.09288680034449923,0.07870170089263298,-3.3609126201365704,0.35714285714285715,0.3333333333333333
dist_low_20 & ret_1d_5,2.27..3.09 & -inf..-9.87,9542,1.49450563219687,0.3534898344162649,-0.04766553167807458,0.04194782535490689,0.07855864480309352,-3.3072993555531998,0.2857142857142857,0.5
atr_pct & ret_1d_5,0.984..1.17 & -5.37..-2.52,12188,1.9089325765264569,0.3666721365277322,-0.048276795160025594,0.0761858464821989,0.07794738132114251,-3.765797688368076,0.2857142857142857,0.3333333333333333
dist_low_20 & dow,1.14..1.65 & 2,10876,1.7034419676978787,0.3748620816476646,-0.04849925872133771,0.10607571455043252,0.0777249177598304,-3.5201153198941197,0.5,0.5
atr_pct & up_from_low_30d,0.984..1.17 & 12.5..17.3,12730,1.9938227518199703,0.36606441476826396,-0.04892394979323381,0.07562971783854418,0.07730022668793429,-3.8991970326047465,0.35714285714285715,0.16666666666666666
atr_pct & dist_low_20,2.18..inf & 3.09..4.3,8528,1.3356889573857584,0.35201688555347094,-0.04907843511592104,-8.568387583373172e-05,0.07714574136524706,-3.3369733792893004,0.35714285714285715,0.3333333333333333
dd_30d & ema200_rel,-25.7..-20.5 & 0.891..2.69,6680,1.0462479169016026,0.36631736526946107,-0.04918147238068245,0.07195987118704004,0.07704270410048565,-2.8312798966685313,0.42857142857142855,0.3333333333333333
dd_30d & dow,-25.7..-20.5 & 5,10948,1.7147188913531055,0.368560467665327,-0.04920065587524257,0.08469305130885355,0.07702352060592553,-3.61698973226518,0.35714285714285715,0.5
up_from_low_30d & ema200_rel,17.3..23 & -3.59..-1.84,9557,1.4968549912917088,0.36590980433190334,-0.04926625123644756,0.0701479073230679,0.07695792524472053,-3.4251628820099724,0.5,0.3333333333333333
dist_high_20 & ret_1d_5,3.01..4.22 & -5.37..-2.52,9507,1.4890237943089126,0.3656253287051646,-0.04927853362445411,0.0729588047159486,0.07694564285671399,-3.402664268689626,0.2857142857142857,0.3333333333333333
dist_high_20 & dd_30d,0.556..1.02 & -33.6..-25.7,6758,1.058464584194765,0.36342113051198577,-0.04932090298749219,0.073300206748854,0.0769032734936759,-2.85158822252417,0.42857142857142855,0.16666666666666666
dd_30d & dist_low_20,-16.2..-12.2 & 1.65..2.27,10757,1.6848037188788232,0.3723157014037371,-0.049327365188088564,0.09579006548215324,0.07689681129307954,-3.5958042391361764,0.2857142857142857,0.3333333333333333
atr_pct & dist_high_20,1.37..1.66 & 4.22..6.43,16767,2.6261135962109536,0.3579054094352001,-0.04946383403112588,0.03923685265139356,0.07676034245004222,-4.5899456635972555,0.2857142857142857,0.3333333333333333
up_from_low_30d & ema200_rel,23..31.2 & 0.891..2.69,12210,1.9123783031988872,0.3714168714168714,-0.04959673513119757,0.08772220321985594,0.07662744134997053,-3.8647681697031637,0.5,0.3333333333333333
dist_high_20 & dist_low_20,6.43..inf & 3.09..4.3,8814,1.3804834041273542,0.35704560925799866,-0.049656238126941955,0.008111309990187495,0.07656793835422615,-3.4460666637684105,0.35714285714285715,0.3333333333333333
dist_low_20 & ret_1d_5,3.09..4.3 & -inf..-9.87,12156,1.9039206104574673,0.3533234616650214,-0.04975088710593638,0.03458647090294104,0.07647328937523172,-3.9251563011264925,0.42857142857142855,0.3333333333333333
up_from_low_30d & dist_low_20,23..31.2 & 1.14..1.65,8971,1.405073362653335,0.3701928436071787,-0.049855296570881336,0.08535283168481717,0.07636887991028676,-3.328910219739593,0.5714285714285714,0.5
dd_30d & ret_1d_5,-25.7..-20.5 & 4.78..10.2,6621,1.0370071044619027,0.3633892161304939,-0.049986122236195335,0.05936614683765646,0.07623805424497276,-2.875595781190469,0.35714285714285715,0.16666666666666666
up_from_low_30d & dist_low_20,31.2..48 & 4.3..6.59,13989,2.1910122918467843,0.35913932375437846,-0.05015924901030704,0.03813919852070719,0.07606492747086105,-4.251809041827089,0.21428571428571427,0.3333333333333333
dist_high_20 & dist_low_20,3.01..4.22 & 4.3..6.59,7751,1.213992156273102,0.35505096116630114,-0.05066351136910486,0.025534344277634336,0.07556066511206325,-3.222781981323497,0.35714285714285715,0.3333333333333333
atr_pct & up_from_low_30d,1.37..1.66 & -inf..5.06,6604,1.034344497487752,0.3526650514839491,-0.050976552268270206,0.038017742691982666,0.07524762421289789,-2.9433300383766143,0.2857142857142857,0.3333333333333333
atr_pct & dow,0.597..0.807 & 6,15189,2.3789610194338984,0.38080189610902626,-0.05103268269690651,0.14003040394713986,0.0751914937842616,-4.321339676254343,0.42857142857142855,0.16666666666666666
dd_30d & ret_1d_5,-inf..-33.6 & -9.87..-5.37,13343,2.0898332268290543,0.35359364460765946,-0.05127084340219806,0.03547994407314009,0.07495333307897004,-4.229233332421568,0.35714285714285715,0.5
dist_high_20 & dow,4.22..6.43 & 5,9331,1.4614579809294692,0.3575179509163005,-0.05135520970372875,0.03718143891089072,0.07486896677743934,-3.5687784532529654,0.2857142857142857,0.3333333333333333
atr_pct & dist_high_20,1.37..1.66 & 6.43..inf,10385,1.6265396133268177,0.3572460279248917,-0.0514950695274935,0.036286504190866056,0.0747291069536746,-3.7726209835500804,0.2857142857142857,0.16666666666666666
atr_pct & dist_low_20,1.37..1.66 & 2.27..3.09,11036,1.7285017980428272,0.35674157303370785,-0.05153948298742073,0.03754190391198629,0.07468469349374737,-3.871415834632876,0.2857142857142857,0.5
dd_30d & dow,-25.7..-20.5 & 3,12106,1.8960894134746709,0.36122583842722616,-0.051548059059128445,0.05883926205585117,0.07467611742203965,-4.032835944006045,0.35714285714285715,0.16666666666666666
dist_low_20 & ret_1d_5,6.59..inf & 10.2..inf,22245,3.4840995376461303,0.3582378062485952,-0.051779345299904495,0.00506855041091297,0.0744448311812636,-5.666782524582821,0.2857142857142857,0.3333333333333333
dist_low_20 & dow,3.09..4.3 & 0,11962,1.873535566164217,0.35972245443905704,-0.052360268006618214,0.0627271051608156,0.07386390847454988,-4.03254879919314,0.35714285714285715,0.3333333333333333
atr_pct & dow,0.984..1.17 & 1,11927,1.8680537282762595,0.3612811268550348,-0.052394823260320716,0.07191415129642792,0.07382935322084738,-4.0088339314049755,0.21428571428571427,0.16666666666666666
dist_high_20 & up_from_low_30d,2.18..3.01 & 12.5..17.3,9828,1.5393000789384657,0.36803011803011804,-0.052416206729816034,0.07633837704492195,0.07380796975135206,-3.673340421616961,0.21428571428571427,0.5
up_from_low_30d & dow,23..31.2 & 0,11048,1.7303812853186984,0.362599565532223,-0.052676891355206194,0.06292775400720643,0.0735472851259619,-3.918366264786526,0.42857142857142855,0.3333333333333333
dist_low_20 & dow,2.27..3.09 & 0,11513,1.8032114172587053,0.3633284113610701,-0.0530012301531658,0.0755742032393102,0.0732229463280023,-3.987622824124797,0.21428571428571427,0.3333333333333333
dist_high_20 & dow,4.22..6.43 & 1,12563,1.96766655389743,0.35684151874552256,-0.053024232517107195,0.03819337571396252,0.0731999439640609,-4.2357214747953496,0.2857142857142857,0.5
atr_pct & dow,1.66..2.18 & 6,7984,1.2504855342129333,0.3463176352705411,-0.05316266068043172,0.018290743832296927,0.07306151580073639,-3.3879464156276726,0.2857142857142857,0.5
atr_pct & dd_30d,1.37..1.66 & -20.5..-16.2,9217,1.4436028518086932,0.3576000867961376,-0.053250226317536405,0.035833231542693786,0.0729739501636317,-3.675803483599109,0.42857142857142855,0.16666666666666666
atr_pct & ret_1d_5,1.37..1.66 & 10.2..inf,12847,2.012147752759714,0.35338989647388497,-0.05334707517829414,0.035042046198726674,0.07287710130287396,-4.305062197473274,0.2857142857142857,0.5
atr_pct & dd_30d,2.18..inf & -12.2..-8.28,6698,1.0490671478154092,0.3626455658405494,-0.053430845162326324,-0.00713927089139835,0.07279333131884178,-3.2864621285891618,0.5,0.3333333333333333
up_from_low_30d & dist_low_20,-inf..5.06 & 2.27..3.09,9195,1.4401571251362628,0.3665035345296357,-0.053975238559081706,0.07654535597228443,0.07224893792208639,-3.6532815545189035,0.2857142857142857,0.16666666666666666
atr_pct & up_from_low_30d,1.66..2.18 & 23..31.2,11814,1.8503552230951397,0.35610292872862703,-0.054227221748097076,0.017155529341458108,0.07199695473307102,-4.289883958851427,0.2857142857142857,0.3333333333333333
dist_high_20 & up_from_low_30d,3.01..4.22 & -inf..5.06,9002,1.4099287047826685,0.3656965118862475,-0.05441669830767302,0.08561292316452612,0.07180747817349509,-3.621951103774699,0.42857142857142855,0.16666666666666666
ema200_rel & dow,-6.51..-3.59 & 4,11977,1.875884925259056,0.3719629289471487,-0.05454380422548054,0.05374607404793278,0.07168037225568756,-4.355455626535083,0.14285714285714285,0.5
atr_pct & up_from_low_30d,1.17..1.37 & 23..31.2,13676,2.1419889987344787,0.3579262942380813,-0.054581866415359094,0.05080532968028244,0.07164231006580901,-4.521974834895281,0.35714285714285715,0.16666666666666666
dist_low_20 & ret_1d_5,4.3..6.59 & -inf..-9.87,14683,2.2997093059679985,0.3532656814002588,-0.054742458998888174,0.0201324933559983,0.07148171748227992,-4.788167672747265,0.2857142857142857,0.3333333333333333
dist_high_20 & ret_1d_5,4.22..6.43 & 4.78..10.2,10079,1.5786126877921036,0.36174223633296954,-0.054908595650188824,0.03761705764358647,0.07131558083097927,-3.9802010702127126,0.14285714285714285,0.3333333333333333
up_from_low_30d & ema200_rel,23..31.2 & -6.51..-3.59,6434,1.007718427746244,0.35700963630711846,-0.0549668095172944,0.040015352126885,0.07125736696387369,-3.1512868371278024,0.2857142857142857,0.3333333333333333
up_from_low_30d & dist_low_20,-inf..5.06 & 3.09..4.3,7612,1.192221428660928,0.36022070415134,-0.055090605917579014,0.055413188902439084,0.07113357056358909,-3.4407565384415557,0.35714285714285715,0.16666666666666666
dd_30d & dist_low_20,-16.2..-12.2 & 6.59..inf,6749,1.0570549687378616,0.36168321232775225,-0.055378599211212215,0.015307528377295104,0.07084557726995588,-3.3476622514458647,0.35714285714285715,0.16666666666666666
dist_high_20 & dow,6.43..inf & 0,13396,2.0981342956308184,0.34846222753060613,-0.05545083638100347,0.010165380585891434,0.07077334010016463,-4.635664048216796,0.35714285714285715,0.5
atr_pct & dd_30d,1.37..1.66 & -12.2..-8.28,7530,1.1793782656091418,0.3576361221779549,-0.055471250376475864,0.03350049279676485,0.07075292610469223,-3.4636294464431105,0.21428571428571427,0.5
atr_pct & ema200_rel,1.37..1.66 & -inf..-6.51,13827,2.1656392136225238,0.3501120995154408,-0.05556223968455891,0.032660770769817625,0.07066193679660919,-4.645185949703366,0.42857142857142855,0.3333333333333333
dd_30d & dist_low_20,-25.7..-20.5 & 1.65..2.27,10712,1.6777556415943065,0.36211725168035847,-0.05573185259123276,0.06987414931825336,0.07049232388993534,-4.063192409898502,0.5,0.16666666666666666
dist_low_20 & ret_1d_5,2.27..3.09 & -5.37..-2.52,10395,1.6281058527233772,0.3696969696969697,-0.05635274097838402,0.08179033752086284,0.06987143550278407,-4.063830177290825,0.2857142857142857,0.16666666666666666
atr_pct & ret_1d_5,0.807..0.984 & -0.367..1.78,12081,1.8921738149832725,0.36975415942388873,-0.05664417966647798,0.09310072459066926,0.06957999681469013,-4.372631568442492,0.21428571428571427,0.5
dd_30d & ema200_rel,-20.5..-16.2 & -6.51..-3.59,14847,2.325395632071571,0.362160705866505,-0.056727609001003376,0.06521765126316127,0.06949656748016472,-4.885410519437553,0.2857142857142857,0.0
dist_high_20 & dist_low_20,6.43..inf & 4.3..6.59,9173,1.4367113984638324,0.35931538209964026,-0.05677982764128986,-0.005518360009127084,0.06944434883987824,-4.056689205340318,0.21428571428571427,0.16666666666666666
dd_30d & dist_low_20,-16.2..-12.2 & 4.3..6.59,8809,1.3797002844290744,0.3638324440912703,-0.05678193424492322,0.04280975576656867,0.06944224223624487,-3.8365957525364154,0.2857142857142857,0.3333333333333333
dd_30d & ret_1d_5,-16.2..-12.2 & -9.87..-5.37,12185,1.9084627047074891,0.3725892490767337,-0.057069185646098274,0.08079048310618302,0.06915499083506982,-4.4789198431047055,0.42857142857142855,0.16666666666666666
dist_low_20 & ema200_rel,4.3..6.59 & -3.59..-1.84,6503,1.0185254795825032,0.36321697677994774,-0.05741229229911793,0.039209823615079284,0.06881188418205017,-3.3423828874886645,0.35714285714285715,0.3333333333333333
dd_30d & ema200_rel,-25.7..-20.5 & -6.51..-3.59,17926,2.807640742272175,0.3598125627580051,-0.057643791577603055,0.06050553987709537,0.06858038490356505,-5.461149751609626,0.35714285714285715,0.3333333333333333
dist_high_20 & dist_low_20,2.18..3.01 & 4.3..6.59,8796,1.3776641732135473,0.357662573897226,-0.05768263780424883,0.027621571694620102,0.06854153867691927,-3.90480451889169,0.35714285714285715,0.16666666666666666
dd_30d & ret_1d_5,-25.7..-20.5 & 10.2..inf,6211,0.9727912892029721,0.35791337948800517,-0.057705898921495705,0.019004449736885583,0.0685182775596724,-3.304473759190118,0.35714285714285715,0.3333333333333333
up_from_low_30d & ema200_rel,23..31.2 & -3.59..-1.84,7266,1.1380295455399767,0.35865675750068815,-0.05772921729739257,0.055175863592116486,0.06849495918377553,-3.4942512704628506,0.42857142857142855,0.3333333333333333
atr_pct & dist_high_20,1.17..1.37 & 2.18..3.01,12567,1.9682930496560538,0.3568870852232036,-0.05775755255087447,0.04797142906572645,0.06846662393029362,-4.596713303842215,0.2857142857142857,0.16666666666666666
dist_low_20 & ema200_rel,2.27..3.09 & 5.97..inf,6562,1.027766292022203,0.35522706491923195,-0.057798717876969385,0.03444873497243081,0.06842545860419871,-3.349990986644828,0.42857142857142855,0.3333333333333333
dist_low_20 & dow,4.3..6.59 & 1,12119,1.8981255246901978,0.35563990428253156,-0.05799970116914561,0.033925078023596955,0.0682244753120225,-4.57047695558181,0.21428571428571427,0.3333333333333333
dist_high_20 & dist_low_20,6.43..inf & 2.27..3.09,9284,1.4540966557656405,0.3535114174924601,-0.058060034056628025,0.0053352940907638235,0.06816414242454008,-4.1058535181401785,0.42857142857142855,0.3333333333333333
dd_30d & dow,-inf..-33.6 & 2,11315,1.7721998772068313,0.34882898806893503,-0.05830366755146849,0.015302420608180992,0.06792050892969961,-4.457767655022856,0.2857142857142857,0.6666666666666666
dist_high_20 & dow,3.01..4.22 & 1,12096,1.8945231740781114,0.3558201058201058,-0.05841470452235374,0.049863109938998194,0.06780947195881436,-4.543505328107312,0.21428571428571427,0.16666666666666666
atr_pct & dd_30d,1.66..2.18 & -8.28..-4.52,7384,1.1565111704193762,0.3525189599133261,-0.05856530861238846,0.012471445464436955,0.06765886786877964,-3.650145099854829,0.42857142857142855,0.3333333333333333
atr_pct & dist_high_20,1.66..2.18 & 1.54..2.18,7055,1.1049818942725758,0.3491141034727144,-0.05858893723921008,0.012991645850936338,0.06763523924195802,-3.5474092882890282,0.35714285714285715,0.3333333333333333
dd_30d & dist_low_20,-16.2..-12.2 & 2.27..3.09,10224,1.6013231590422132,0.3677621283255086,-0.05873498613137311,0.07219928524422668,0.06748919034979499,-4.21666246079768,0.35714285714285715,0.3333333333333333
dist_low_20 & ema200_rel,3.09..4.3 & 5.97..inf,10590,1.6586475209562832,0.35580736543909347,-0.0588870840281593,0.030466758127624973,0.0673370924530088,-4.346602512235816,0.2857142857142857,0.5
dist_high_20 & dow,6.43..inf & 5,9402,1.47257828064504,0.3601361412465433,-0.05889050596370179,7.505170498841904e-05,0.0673336705174663,-4.286204578970355,0.35714285714285715,0.3333333333333333
atr_pct & ema200_rel,1.66..2.18 & -inf..-6.51,20959,3.2826811512486063,0.3485853332697171,-0.05906464436737327,0.011535385598104433,0.06715953211379483,-6.182058056333237,0.2857142857142857,0.3333333333333333
up_from_low_30d & ema200_rel,12.5..17.3 & -3.59..-1.84,9692,1.5179992231452593,0.36442426743706147,-0.059102402489748,0.06984609305489248,0.06712177399142011,-4.121858777859513,0.35714285714285715,0.5
dist_low_20 & ret_1d_5,1.65..2.27 & -9.87..-5.37,10888,1.7053214549737499,0.3610396767083027,-0.059136608502391726,0.0681985834184231,0.06708756797877638,-4.348674832777321,0.2857142857142857,0.3333333333333333
up_from_low_30d & ema200_rel,8.62..12.5 & -6.51..-3.59,10777,1.6879361976719418,0.3631808481024404,-0.059332894327342046,0.04958973016421907,0.06689128215382606,-4.412769753032395,0.35714285714285715,0.3333333333333333
dist_high_20 & ema200_rel,3.01..4.22 & -6.51..-3.59,14693,2.301275545364558,0.35792554277547134,-0.059682678533642994,0.057559159006230994,0.0665414979475251,-5.1134805800936425,0.21428571428571427,0.3333333333333333
up_from_low_30d & dist_low_20,31.2..48 & 3.09..4.3,12014,1.8816800110263254,0.35417013484268356,-0.059785350108498586,0.03756757959649082,0.06643882637266951,-4.669845810609229,0.14285714285714285,0.16666666666666666
dist_high_20 & ema200_rel,2.18..3.01 & -3.59..-1.84,12611,1.9751845030009147,0.3692014907620331,-0.05981497064897514,0.08948616467673644,0.06640920583219295,-4.726009721333641,0.14285714285714285,0.3333333333333333
dist_high_20 & dow,1.54..2.18 & 2,11726,1.836572316405418,0.36218659389391095,-0.06006223006182517,0.07601340898013598,0.06616194641934292,-4.559653977952036,0.42857142857142855,0.3333333333333333
dd_30d & dist_low_20,-33.6..-25.7 & 0.662..1.14,8023,1.2565938678595145,0.3609622335784619,-0.06018926853278093,0.059952599950216096,0.06603490794838718,-3.805856259750001,0.14285714285714285,0.3333333333333333
dist_high_20 & dow,2.18..3.01 & 1,11696,1.8318735982157401,0.36046511627906974,-0.06023976163240709,0.06333719853677545,0.06598441484876101,-4.584458455964117,0.2857142857142857,0.16666666666666666
ema200_rel & ret_1d_5,-0.491..0.891 & 4.78..10.2,7826,1.2257389517472967,0.3678763097367749,-0.060321272306506656,0.0660732077715824,0.06590290417466144,-3.791581001319658,0.42857142857142855,0.3333333333333333
up_from_low_30d & ret_1d_5,-inf..5.06 & -9.87..-5.37,18042,2.8258091192722627,0.364981709344862,-0.0603627883663424,0.08300889530788748,0.0658613881148257,-5.674998802770879,0.35714285714285715,0.3333333333333333
dist_high_20 & ema200_rel,3.01..4.22 & -inf..-6.51,9766,1.529589394679798,0.3484538193733361,-0.06057623770248246,0.02301128501407998,0.06564793877868563,-4.289092214668317,0.2857142857142857,0.16666666666666666
atr_pct & up_from_low_30d,0.984..1.17 & 17.3..23,12576,1.9697026651129572,0.36028944020356235,-0.06069332705486007,0.06340922822086484,0.06553084942630802,-4.791534962217553,0.42857142857142855,0.3333333333333333
up_from_low_30d & dow,23..31.2 & 3,11920,1.866957360698668,0.3624161073825503,-0.0608413652255576,0.04505578783049009,0.06538281125561049,-4.757856129722172,0.42857142857142855,0.3333333333333333
atr_pct & up_from_low_30d,0.807..0.984 & 12.5..17.3,12592,1.9722086481474521,0.36689961880559085,-0.06100316979201264,0.08795923093976458,0.06522100668915545,-4.783243229331004,0.2857142857142857,0.5
dist_high_20 & dist_low_20,2.18..3.01 & 2.27..3.09,9493,1.4868310591537295,0.3573159169914674,-0.06141315583096004,0.04857530406680925,0.06481102065020805,-4.247044108890127,0.14285714285714285,0.16666666666666666
atr_pct & dow,2.18..inf & 0,11468,1.7961633399741883,0.34679107080572025,-0.06149029462669005,-0.01610586248897674,0.06473388185447805,-4.839468832185207,0.21428571428571427,0.3333333333333333
up_from_low_30d & dist_low_20,23..31.2 & 0.662..1.14,7806,1.2226064729541781,0.3692031770433,-0.061620067393530216,0.08207835395047659,0.06460410908763789,-3.828634921237948,0.42857142857142855,0.3333333333333333
atr_pct & dist_high_20,2.18..inf & 3.01..4.22,8093,1.2675575436354296,0.34956134931422217,-0.0616219610098465,-0.01220469956221008,0.0646022154713216,-4.081278427557705,0.42857142857142855,0.16666666666666666
atr_pct & dd_30d,1.66..2.18 & -inf..-33.6,18793,2.9434336979538647,0.3453413505028468,-0.061644491216181214,0.008905307656218378,0.06457968526498689,-6.067436278871303,0.2857142857142857,0.16666666666666666
dist_high_20 & dow,3.01..4.22 & 0,11746,1.8397047951985366,0.3570577217776264,-0.06170314289750972,0.05200951908384901,0.06452103358365838,-4.724040688407698,0.2857142857142857,0.5
atr_pct & up_from_low_30d,2.18..inf & 23..31.2,7661,1.1998960017040685,0.3600052212504895,-0.06172923071673698,-0.013838976684747846,0.06449494576443113,-4.092336519584309,0.35714285714285715,0.16666666666666666
atr_pct & dist_low_20,0.984..1.17 & 2.27..3.09,12853,2.0130874963976493,0.36061619855286703,-0.06179751825582182,0.0626086493603003,0.06442665822534628,-4.9500447879257665,0.2857142857142857,0.0
atr_pct & dd_30d,1.37..1.66 & -25.7..-20.5,12175,1.90689646531093,0.35145790554414785,-0.06180096046054701,0.027284649147553415,0.0644232160206211,-4.872089240606037,0.2857142857142857,0.16666666666666666
dist_low_20 & ret_1d_5,2.27..3.09 & 10.2..inf,8984,1.4071094738688619,0.35418521816562776,-0.06199627946627883,0.025890415184554226,0.06422789701488926,-4.215359340619807,0.35714285714285715,0.3333333333333333
atr_pct & dow,0.807..0.984 & 1,11193,1.753091756568808,0.36567497543107297,-0.062326098442467615,0.08662237892304808,0.06389807803870048,-4.604075453559261,0.21428571428571427,0.16666666666666666
dd_30d & dist_low_20,-inf..-33.6 & 2.27..3.09,9656,1.512360761317646,0.349109362054681,-0.062376334440438094,0.02247162229875605,0.06384784204073,-4.380374239265748,0.21428571428571427,0.3333333333333333
atr_pct & dist_low_20,0.984..1.17 & 0.662..1.14,9296,1.4559761430415117,0.35918674698795183,-0.06247110764830839,0.06224542755917384,0.06375306883285971,-4.255240862027306,0.14285714285714285,0.3333333333333333
dist_low_20 & dow,6.59..inf & 1,12121,1.8984387725695098,0.35145615048263346,-0.06256767571233557,0.0006356972715916578,0.06365650076883253,-5.036504015578603,0.42857142857142855,0.16666666666666666
dist_high_20 & ema200_rel,3.01..4.22 & 2.69..5.97,9493,1.4868310591537295,0.3571052354366375,-0.06277950028416383,0.035771587862944466,0.06344467619700427,-4.372977094552674,0.35714285714285715,0.3333333333333333
atr_pct & dist_high_20,1.66..2.18 & 6.43..inf,20530,3.215489481136213,0.35138821237213835,-0.06304448986747045,0.0071143435114089035,0.06317968661369765,-6.595409986501463,0.07142857142857142,0.3333333333333333
dd_30d & dist_low_20,-16.2..-12.2 & 1.14..1.65,11212,1.7560676114222706,0.3730824117017481,-0.06344325461145439,0.09824117573793938,0.06278092186971371,-4.711446009304386,0.2857142857142857,0.3333333333333333
atr_pct & dd_30d,1.66..2.18 & -4.52..inf,7269,1.1384994173589444,0.3453019672582198,-0.0636182391491573,0.0077109983550323734,0.0626059373320108,-3.8954444342642387,0.2857142857142857,0.16666666666666666
dist_low_20 & ema200_rel,1.14..1.65 & -6.51..-3.59,11325,1.7737661166033907,0.35894039735099337,-0.06366804994322815,0.06200359694574104,0.06255612653793995,-4.78225459286988,0.2857142857142857,0.16666666666666666
dd_30d & ret_1d_5,-16.2..-12.2 & 10.2..inf,8520,1.334435965868511,0.3515258215962441,-0.06387318190209902,0.009849425984180246,0.06235099457906908,-4.276342921273929,0.5,0.3333333333333333
ema200_rel & ret_1d_5,-6.51..-3.59 & -inf..-9.87,17308,2.710847147564811,0.3554425699098683,-0.0640034916613843,0.036534313835909035,0.062220684819783795,-6.008646819813518,0.21428571428571427,0.3333333333333333
dist_high_20 & ema200_rel,3.01..4.22 & 5.97..inf,10164,1.5919257226628576,0.34759937032664306,-0.06406093211194505,0.007376713141269783,0.06216324436922305,-4.65966668720018,0.14285714285714285,0.3333333333333333
atr_pct & dd_30d,0.984..1.17 & -20.5..-16.2,13075,2.0478580110012654,0.3604588910133843,-0.06449060167919347,0.060242686611123135,0.061733574801974625,-5.217391199718638,0.2857142857142857,0.0
dist_low_20 & dow,1.65..2.27 & 6,11624,1.8205966745605133,0.3648485891259463,-0.06470407281560984,0.09093613237798426,0.061520103665558254,-4.826478555775698,0.42857142857142855,0.3333333333333333
dist_low_20 & ema200_rel,0.662..1.14 & -inf..-6.51,7538,1.1806312571263893,0.345449721411515,-0.06476020325148897,0.025506433435798656,0.06146397322967913,-3.993498131851002,0.42857142857142855,0.3333333333333333
atr_pct & ret_1d_5,1.66..2.18 & 1.78..4.78,6197,0.970598554047789,0.353235436501533,-0.06481318167833908,0.006873012452575529,0.06141099480282902,-3.725871842315024,0.2857142857142857,0.16666666666666666
atr_pct & dist_low_20,0.984..1.17 & -inf..0.662,7863,1.231534037514566,0.358005850184408,-0.0649492214731052,0.05988789182022727,0.061274955008062904,-4.063054277677891,0.14285714285714285,0.3333333333333333
dow & ret_1d_5,5 & -9.87..-5.37,11819,1.8511383427934194,0.36255182333530755,-0.06576897104549141,0.06477890718959362,0.06045520543567669,-5.0648368238692685,0.5,0.5
atr_pct & ema200_rel,2.18..inf & 5.97..inf,27074,4.240436542244609,0.3546945408879368,-0.06606152695798861,-0.02162709147751123,0.060162649523179484,-8.12804621121857,0.23076923076923078,0.3333333333333333
dist_low_20 & dow,4.3..6.59 & 2,12363,1.9363417659662443,0.3513710264498908,-0.06612718251035354,0.02671426805708244,0.060096993970814555,-5.243339721700768,0.21428571428571427,0.16666666666666666
atr_pct & dow,1.37..1.66 & 2,11880,1.860692403112431,0.3504208754208754,-0.06615132906919954,0.022854408090578746,0.060072847411968555,-5.15037142849778,0.2857142857142857,0.3333333333333333
dist_high_20 & ret_1d_5,1.02..1.54 & 10.2..inf,6661,1.04327206204814,0.352649752289446,-0.06639171517787723,0.03630186797439355,0.05983246130329087,-3.835765418562187,0.42857142857142855,0.16666666666666666
dist_high_20 & ret_1d_5,3.01..4.22 & -inf..-9.87,10406,1.6298287160595923,0.34701133961176245,-0.06639194092947297,0.015156933080253102,0.05983223555169513,-4.865906033826207,0.2857142857142857,0.3333333333333333
dist_high_20 & dd_30d,6.43..inf & -16.2..-12.2,8032,1.258003483316418,0.3614292828685259,-0.06642821660306074,-5.63973426548038e-06,0.05979595987810736,-4.4519013353000885,0.2857142857142857,0.5
dist_high_20 & dow,4.22..6.43 & 4,11985,1.8771379167763034,0.36620775969962455,-0.06651358814913039,0.022040490288440927,0.05971058833203771,-5.4281694893457315,0.2857142857142857,0.3333333333333333
dist_low_20 & ret_1d_5,1.65..2.27 & 4.78..10.2,10219,1.6005400393439337,0.36373422056952737,-0.06664206733032657,0.06543056551579618,0.05958210915084153,-4.755533731789179,0.42857142857142855,0.0
dist_low_20 & ema200_rel,1.65..2.27 & -3.59..-1.84,10758,1.6849603428184792,0.36661089421825616,-0.06684226377487837,0.0734981418769382,0.05938191270628973,-4.911484048019449,0.2857142857142857,0.3333333333333333
dist_low_20 & dow,1.65..2.27 & 0,11220,1.757320602939518,0.36345811051693405,-0.06720702588366953,0.0769159700062238,0.05901715059749857,-4.9690022549364485,0.42857142857142855,0.16666666666666666
atr_pct & ema200_rel,1.37..1.66 & -3.59..-1.84,8377,1.3120387424977134,0.3554971946997732,-0.06724672872220529,0.021967396248223862,0.05897744775896281,-4.465409959909554,0.42857142857142855,0.16666666666666666
atr_pct & dow,1.66..2.18 & 1,11912,1.8657043691814206,0.34385493619879115,-0.06732897027086934,0.0037597671580236066,0.058895206210298756,-5.274713136020077,0.2857142857142857,0.5
atr_pct & up_from_low_30d,1.37..1.66 & 8.62..12.5,7519,1.1776554022729266,0.3565633727889347,-0.06751941564765777,0.02161721151984676,0.058704760833510325,-4.244970301848548,0.2857142857142857,0.3333333333333333
dist_high_20 & ret_1d_5,2.18..3.01 & -2.52..-0.367,9865,1.545095164705735,0.3684744044602129,-0.06757853170209321,0.08183031876853253,0.058645644779074885,-4.736949231729315,0.2857142857142857,0.16666666666666666
dd_30d & dow,-33.6..-25.7 & 4,11923,1.8674272325176358,0.3646733204730353,-0.06781372603544597,0.025963445279770018,0.05841045044572213,-5.431307517519968,0.2857142857142857,0.5
dist_high_20 & dist_low_20,4.22..6.43 & 4.3..6.59,7699,1.2058477114109938,0.3518638784257696,-0.06801876818494695,-0.0008524000317626233,0.058205408296221145,-4.369760100419109,0.14285714285714285,0.3333333333333333
dd_30d & dow,-20.5..-16.2 & 3,11705,1.8332832136726434,0.3636907304570696,-0.06824487242969866,0.05330879996118697,0.057979304051469435,-5.294726423569606,0.2857142857142857,0.16666666666666666
dist_high_20 & ret_1d_5,3.01..4.22 & 4.78..10.2,11281,1.7668746632585297,0.3556422302987324,-0.06846470612179817,0.03931323290414757,0.05775947035936993,-5.1795138835076315,0.2857142857142857,0.3333333333333333
dist_high_20 & up_from_low_30d,0.556..1.02 & 31.2..48,8012,1.2548710045232994,0.358836744882676,-0.0685696704465507,0.05693526697237736,0.0576545060346174,-4.326940770946906,0.21428571428571427,0.16666666666666666
dist_high_20 & ret_1d_5,2.18..3.01 & -inf..-9.87,8663,1.3568331892393088,0.350340528685213,-0.06912875189820458,0.01936521380311513,0.057095424582963517,-4.616514963953391,0.21428571428571427,0.16666666666666666
dist_high_20 & ema200_rel,4.22..6.43 & -inf..-6.51,17088,2.6763898808405067,0.3466175093632959,-0.0692771930061658,0.010896513272147504,0.056946983475002294,-6.514164612202461,0.2857142857142857,0.16666666666666666
atr_pct & dist_low_20,0.807..0.984 & 1.65..2.27,13076,2.0480146349409214,0.3642551238910982,-0.06927891495402037,0.08011995738873108,0.056945261527147725,-5.558943711717716,0.14285714285714285,0.16666666666666666
dist_high_20 & ret_1d_5,1.54..2.18 & -inf..-9.87,7647,1.1977032665488854,0.3515103962338172,-0.06931559674429735,0.024734429315227024,0.056908579736870746,-4.356724125296282,0.35714285714285715,0.3333333333333333
up_from_low_30d & ema200_rel,23..31.2 & -1.84..-0.491,7943,1.2440639526870403,0.36258340677325945,-0.06932762832353274,0.055950130608533336,0.056896548157635354,-4.39992160298929,0.2857142857142857,0.3333333333333333
ema200_rel & ret_1d_5,2.69..5.97 & 10.2..inf,16020,2.509115513287975,0.3544943820224719,-0.06934023679385994,0.031500289032136405,0.05688393968730816,-6.267870836285376,0.35714285714285715,0.3333333333333333
dist_high_20 & dow,6.43..inf & 2,11255,1.7628024408274756,0.35104398045313195,-0.0694807641355292,-0.009674950886475206,0.0567434123456389,-5.436479442079548,0.14285714285714285,0.3333333333333333
atr_pct & ret_1d_5,1.17..1.37 & -0.367..1.78,7253,1.1359934343244495,0.35571487660278506,-0.06957501299897727,0.03649633288410608,0.05664916348219083,-4.229023574142549,0.2857142857142857,0.16666666666666666
atr_pct & ema200_rel,0.807..0.984 & 0.891..2.69,12207,1.9119084313799195,0.36388957155730317,-0.06962802693651837,0.07972543152342494,0.056596149544649726,-5.3906621668043435,0.21428571428571427,0.3333333333333333
dist_low_20 & dow,4.3..6.59 & 3,12017,1.8821498828452932,0.35216776233668967,-0.06964360075117497,0.022392672208802797,0.05658057572999313,-5.497420022751112,0.07142857142857142,0.3333333333333333
atr_pct & ret_1d_5,2.18..inf & 10.2..inf,27236,4.265809620468869,0.3542370392128066,-0.06966338927922744,-0.025072920668842195,0.05656078720194066,-8.61686772807875,0.3076923076923077,0.3333333333333333
atr_pct & dow,1.17..1.37 & 0,11533,1.8063438960518237,0.3496054799271655,-0.06979739555947483,0.03572480433361235,0.05642678092169327,-5.300477294728379,0.21428571428571427,0.3333333333333333
atr_pct & dd_30d,1.66..2.18 & -12.2..-8.28,7184,1.1251863824881905,0.3482739420935412,-0.0699591090128125,0.0012520250106877581,0.05626506746835559,-4.329032021552097,0.2857142857142857,0.5
dd_30d & dow,-12.2..-8.28 & 6,11094,1.737585986542871,0.3784027402199387,-0.07003992923755252,0.12582280187379405,0.05618424724361558,-5.078696808092052,0.35714285714285715,0.3333333333333333
atr_pct & ema200_rel,1.17..1.37 & 0.891..2.69,8973,1.4053866105326467,0.35417363200713253,-0.07026678393118374,0.03563996621186399,0.05595739254998436,-4.748823075255106,0.21428571428571427,0.3333333333333333
dist_low_20 & ret_1d_5,1.65..2.27 & 10.2..inf,7725,1.2099199338420479,0.3522330097087379,-0.07030701678702266,0.02246158397622932,0.055917159694145444,-4.429631513005658,0.35714285714285715,0.16666666666666666
dist_high_20 & ret_1d_5,1.02..1.54 & -inf..-9.87,6555,1.0266699244446116,0.3527078565980168,-0.07038482051427883,0.02863120372516361,0.05583935596688927,-4.079109118546952,0.14285714285714285,0.16666666666666666
dd_30d & dow,-16.2..-12.2 & 2,11712,1.834379581250235,0.36082650273224043,-0.0704849019510003,0.05840068009735187,0.055739274530167804,-5.399466621086713,0.2857142857142857,0.3333333333333333
dist_high_20 & up_from_low_30d,-inf..0.556 & 31.2..48,7326,1.1474269819193323,0.35844935844935844,-0.07055286208006974,0.05463658407298777,0.05567131440109836,-4.263531788947298,0.21428571428571427,0.0
dist_high_20 & dd_30d,1.54..2.18 & -16.2..-12.2,10618,1.663032991266649,0.3673008099453758,-0.07076779536862218,0.07855982323441267,0.055456381112545916,-5.142594602294352,0.21428571428571427,0.3333333333333333
atr_pct & ema200_rel,1.17..1.37 & -3.59..-1.84,10251,1.6055520054129233,0.3545019998048971,-0.07082814199255141,0.03508509164835383,0.055396034488616686,-5.125432902152917,0.14285714285714285,0.3333333333333333
dd_30d & up_from_low_30d,-16.2..-12.2 & 23..31.2,8933,1.3991216529464094,0.3602373222881451,-0.07085117506625854,0.04026638365514198,0.055373001414909556,-4.8109942106622965,0.14285714285714285,0.3333333333333333
dd_30d & ret_1d_5,-25.7..-20.5 & -0.367..1.78,8415,1.3179904522046386,0.36470588235294116,-0.07102486260261773,0.07420872388310085,0.05519931387855037,-4.610186619454111,0.35714285714285715,0.16666666666666666
atr_pct & dist_low_20,0.807..0.984 & 1.14..1.65,12674,1.9850518111992381,0.3630266687707117,-0.07131072950528246,0.07807757135764078,0.05491344697588564,-5.6401734053664585,0.2857142857142857,0.0
dist_low_20 & ema200_rel,1.14..1.65 & -3.59..-1.84,12324,1.9302334323196633,0.3685491723466407,-0.07133331211699313,0.08552916301844114,0.054890864364174966,-5.578407298444576,0.2857142857142857,0.3333333333333333
atr_pct & dist_high_20,0.807..0.984 & 3.01..4.22,10555,1.6531656830683257,0.3633349123638086,-0.07151602192317404,0.07666198826207095,0.05470815455799406,-5.167505545136068,0.21428571428571427,0.3333333333333333
dist_high_20 & dow,2.18..3.01 & 0,11328,1.7742359884223584,0.3594632768361582,-0.07165596854561003,0.06068828037072444,0.05456820793555807,-5.366498971919948,0.2857142857142857,0.16666666666666666
dd_30d & up_from_low_30d,-25.7..-20.5 & 12.5..17.3,9922,1.5540227292661228,0.35748840959483974,-0.07178690127277529,0.04728043526207581,0.05443727520839281,-5.094390926161958,0.35714285714285715,0.3333333333333333
dd_30d & ema200_rel,-25.7..-20.5 & -3.59..-1.84,14806,2.3189740505456777,0.3644468458732946,-0.07199216953912121,0.06824213415389742,0.054232006942046884,-6.193467892316094,0.21428571428571427,0.16666666666666666
dd_30d & dist_low_20,-25.7..-20.5 & 1.14..1.65,10138,1.5878535002318035,0.36151114618267904,-0.07218699752191352,0.06482834422319651,0.054037178959254584,-5.124651941618438,0.2857142857142857,0.3333333333333333
atr_pct & dist_low_20,1.17..1.37 & 0.662..1.14,7718,1.2088235662644564,0.3513863695257839,-0.07224033437488891,0.03370775320127752,0.053983842106279184,-4.5193107404003365,0.21428571428571427,0.16666666666666666
dd_30d & up_from_low_30d,-16.2..-12.2 & 17.3..23,9251,1.4489280657569947,0.36028537455410226,-0.07232781315654359,0.05203171854319584,0.05389636332462451,-4.952790427475565,0.35714285714285715,0.16666666666666666
dist_high_20 & dist_low_20,4.22..6.43 & 0.662..1.14,11790,1.8465962485433973,0.35470737913486006,-0.07233044800576853,0.03625238448696734,0.05389372847539957,-5.609007655392066,0.14285714285714285,0.16666666666666666
ema200_rel & dow,-6.51..-3.59 & 2,12184,1.9083060807678331,0.3521831910702561,-0.07233768873774822,0.03390664189376228,0.05388648774341988,-5.691969913056059,0.21428571428571427,0.3333333333333333
dist_high_20 & dist_low_20,3.01..4.22 & 0.662..1.14,11929,1.8683669761555715,0.35778355268672984,-0.07246727397858736,0.06090996057150799,0.053756902502580736,-5.58379861184486,0.21428571428571427,0.16666666666666666
atr_pct & dist_low_20,1.37..1.66 & 1.14..1.65,7495,1.1738964277211843,0.34809873248832557,-0.07331082058947339,0.01590159906705097,0.05291335589169471,-4.555444813755252,0.21428571428571427,0.3333333333333333
atr_pct & ret_1d_5,1.17..1.37 & 4.78..10.2,13104,2.0524001052512872,0.3540903540903541,-0.07332317677065915,0.032169650688284666,0.05290099971050895,-5.992667616938597,0.2857142857142857,0.3333333333333333
atr_pct & up_from_low_30d,0.984..1.17 & -inf..5.06,8171,1.2797742109285921,0.35674947986782524,-0.07332437150723319,0.05145950948189548,0.052899804973934914,-4.7100550213242816,0.42857142857142855,0.3333333333333333
atr_pct & ema200_rel,1.66..2.18 & 2.69..5.97,9728,1.5236376849728728,0.3489925986842105,-0.0733425044778763,-0.0018548547327970476,0.0528816720032918,-5.2612441242948496,0.14285714285714285,0.3333333333333333
up_from_low_30d & dist_low_20,23..31.2 & 2.27..3.09,10746,1.683080855542608,0.35752838265401077,-0.07344654797485073,0.04427619759166011,0.05277762850631737,-5.429141602022259,0.2857142857142857,0.16666666666666666
atr_pct & dd_30d,1.17..1.37 & -20.5..-16.2,10824,1.6952975228357705,0.35291943828529193,-0.07367220715246542,0.032115532807583135,0.05255196932870268,-5.470295373919985,0.35714285714285715,0.16666666666666666
up_from_low_30d & ret_1d_5,12.5..17.3 & -9.87..-5.37,9251,1.4489280657569947,0.35477245703167226,-0.07368146951389307,0.04027196015632713,0.05254270696727503,-5.054196515960652,0.35714285714285715,0.3333333333333333
dd_30d & dist_low_20,-25.7..-20.5 & 0.662..1.14,9893,1.549480635016101,0.36257960173860304,-0.07369487772362758,0.07350139282999194,0.05252929875754052,-5.158551925638374,0.21428571428571427,0.3333333333333333
atr_pct & dist_high_20,0.984..1.17 & 1.54..2.18,12546,1.9650039469232794,0.3559700302885382,-0.07374359392932595,0.050819088516708896,0.05248058255184215,-5.844874375951545,0.07142857142857142,0.3333333333333333
up_from_low_30d & ret_1d_5,31.2..48 & 4.78..10.2,14109,2.2098071646054955,0.3526826848111135,-0.07375618104265064,0.02952647254583207,0.05246799543851746,-6.260689033598885,0.21428571428571427,0.3333333333333333
dist_high_20 & ret_1d_5,1.54..2.18 & -9.87..-5.37,10105,1.5826849102231577,0.3574468085106383,-0.07391337364299028,0.055620007631065845,0.05231080283817782,-5.250119672289508,0.21428571428571427,0.3333333333333333
dist_low_20 & dow,1.65..2.27 & 1,11128,1.7429112004911727,0.3599029475197699,-0.0739466783636914,0.060507105668416536,0.0522774981174767,-5.4869130084614195,0.35714285714285715,0.16666666666666666
atr_pct & ema200_rel,0.984..1.17 & 0.891..2.69,10268,1.6082146123870742,0.3553759252045189,-0.0741322635678042,0.0504892281369562,0.0520919129133639,-5.31107486517815,0.2857142857142857,0.0
atr_pct & dd_30d,0.984..1.17 & -25.7..-20.5,12815,2.007135786690724,0.3543503706593835,-0.0741725415103719,0.049956258162213614,0.05205163497079619,-5.935888771904969,0.2857142857142857,0.16666666666666666
dd_30d & ema200_rel,-12.2..-8.28 & 2.69..5.97,12288,1.9245949704920498,0.3544921875,-0.07423520310748244,0.040802788918535976,0.05198897337368566,-5.8406506580734545,0.35714285714285715,0.16666666666666666
atr_pct & ret_1d_5,0.984..1.17 & -9.87..-5.37,13011,2.0378340788632863,0.3536238567366075,-0.07424258385469108,0.04995081858005404,0.051981592626477016,-5.995564845989953,0.14285714285714285,0.3333333333333333
dist_low_20 & ret_1d_5,4.3..6.59 & -9.87..-5.37,10332,1.6182385445250536,0.3534649632210608,-0.07427121336871337,0.021206462118708504,0.05195296311245473,-5.4581177313160225,0.21428571428571427,0.3333333333333333
dow & ret_1d_5,1 & 1.78..4.78,10583,1.6575511533786915,0.3667202116602098,-0.07444367539075021,0.08448946460692992,0.05178050109041789,-5.351122038572625,0.42857142857142855,0.5
up_from_low_30d & dow,-inf..5.06 & 3,11638,1.8227894097156963,0.3727444578106204,-0.07466469275365255,0.10781265784377538,0.05155948372751555,-5.586614884401582,0.42857142857142855,0.3333333333333333
atr_pct & up_from_low_30d,1.17..1.37 & 31.2..48,13128,2.0561590798030296,0.3489488117001828,-0.07529737353378711,0.030155525403602026,0.050926802947380986,-6.121210970472847,0.2857142857142857,0.5
atr_pct & ret_1d_5,1.37..1.66 & 1.78..4.78,7868,1.2323171572128457,0.351423487544484,-0.0754722073923714,0.013738156108392602,0.0507519690887967,-4.830478354032762,0.21428571428571427,0.3333333333333333
atr_pct & dow,2.18..inf & 4,11833,1.8533310779486023,0.3580664244063213,-0.0754807616487564,-0.029387271946122888,0.050743414832411696,-6.274597324838875,0.35714285714285715,0.3333333333333333
up_from_low_30d & dow,23..31.2 & 6,10591,1.658804144895939,0.35907846284581246,-0.07548865601672783,0.06454854881534236,0.05073552046444027,-5.444025386082768,0.42857142857142855,0.3333333333333333
atr_pct & dist_low_20,0.807..0.984 & 0.662..1.14,11983,1.8768246688969916,0.362930818659768,-0.075679256125519,0.07408075793204974,0.0505449203556491,-5.821885322756993,0.42857142857142855,0.3333333333333333
up_from_low_30d & dist_low_20,12.5..17.3 & 1.65..2.27,11123,1.742128080792893,0.36653780454913243,-0.07580957412053325,0.07525723910115566,0.050414602360634844,-5.6393441289779584,0.2857142857142857,0.16666666666666666
atr_pct & dist_high_20,1.37..1.66 & 1.02..1.54,7447,1.1663784786176998,0.34859675036927623,-0.07582522776691433,0.013470908168037312,0.050398948714253766,-4.6921627665904895,0.14285714285714285,0.3333333333333333
dist_high_20 & dd_30d,0.556..1.02 & -16.2..-12.2,10958,1.716285130749665,0.37525095820405185,-0.07588844959918287,0.11106142701878813,0.05033572688198523,-5.532651108926349,0.21428571428571427,0.3333333333333333
atr_pct & dd_30d,1.17..1.37 & -25.7..-20.5,12946,2.0276535227856507,0.3494515680519079,-0.07595496378212621,0.02972874694787821,0.05026921269904189,-6.152888370861079,0.21428571428571427,0.0
dist_high_20 & dist_low_20,4.22..6.43 & 6.59..inf,8586,1.3447731458858023,0.3502212904728628,-0.07602073191557267,-0.026228844198156617,0.05020344456559543,-5.284500566696444,0.42857142857142855,0.3333333333333333
up_from_low_30d & ema200_rel,5.06..8.62 & -6.51..-3.59,14331,2.2445776792091117,0.359291047379806,-0.07609674015551407,0.04902212020264924,0.05012743632565403,-6.513099795318386,0.21428571428571427,0.16666666666666666
dist_high_20 & dow,2.18..3.01 & 2,12093,1.8940533022591437,0.3540064500124039,-0.0763176596073426,0.04509780796640308,0.049906516873825496,-5.94098700813491,0.21428571428571427,0.16666666666666666
atr_pct & dd_30d,2.18..inf & -8.28..-4.52,6602,1.03403124960844,0.34686458648894275,-0.07636155428238552,-0.02850563378448871,0.04986262219878258,-4.613142002867397,0.2857142857142857,0.3333333333333333
dist_high_20 & dist_low_20,2.18..3.01 & 3.09..4.3,9105,1.4260609705672294,0.3490389895661724,-0.07652010417820514,0.021521658281505464,0.04970407230296296,-5.223321163859329,0.14285714285714285,0.0
dist_low_20 & ema200_rel,3.09..4.3 & -0.491..0.891,8146,1.2758586124371938,0.35845813896390866,-0.07658579300895317,0.05034414388906934,0.04963838347221493,-4.91913297099764,0.2857142857142857,0.16666666666666666
dd_30d & dist_low_20,-inf..-33.6 & 1.14..1.65,7170,1.1229936473330075,0.34365411436541143,-0.07660734186338679,0.015379958751852607,0.04961683461778131,-4.621456910223015,0.21428571428571427,0.3333333333333333
dist_high_20 & ret_1d_5,4.22..6.43 & -2.52..-0.367,6921,1.0839942863586813,0.35341713625198673,-0.07664146753972909,0.02919617842350628,0.04958270894143901,-4.589728430040482,0.21428571428571427,0.3333333333333333
dd_30d & ema200_rel,-33.6..-25.7 & -1.84..-0.491,8098,1.2683406633337093,0.3574956779451717,-0.07675813215324052,0.04632683053732194,0.049466044327927575,-4.903167403859799,0.21428571428571427,0.16666666666666666
atr_pct & ret_1d_5,1.66..2.18 & -inf..-9.87,18604,2.9138317733588943,0.34213072457536015,-0.07713747226365537,-0.006536846075662586,0.049086704217512725,-7.6233662257517025,0.14285714285714285,0.16666666666666666
ema200_rel & ret_1d_5,5.97..inf & 10.2..inf,51542,8.072711097745868,0.3486477047844476,-0.07718281638001386,-0.0044944736373667225,0.049041360101154244,-12.771627733496812,0.07142857142857142,0.16666666666666666
atr_pct & dist_high_20,0.807..0.984 & 2.18..3.01,13362,2.092809081682517,0.3621463852716659,-0.07723208180494427,0.07156842773672163,0.04899209467622383,-6.2831811235332795,0.2857142857142857,0.0
dd_30d & up_from_low_30d,-33.6..-25.7 & 12.5..17.3,11373,1.7812840657068751,0.35162226325507784,-0.07745060713432128,0.02510137827800219,0.04877356934684682,-5.929972161695696,0.42857142857142855,0.16666666666666666
dist_high_20 & up_from_low_30d,4.22..6.43 & 17.3..23,9927,1.5548058489644025,0.3506598166616299,-0.07759607090174651,0.0168406173027132,0.048628105579421585,-5.593840942811932,0.21428571428571427,0.3333333333333333
dist_high_20 & dist_low_20,1.54..2.18 & 1.65..2.27,10069,1.5770464483955444,0.35872479888767506,-0.0778279481258899,0.06193451907508662,0.048396228355278195,-5.505837087246006,0.2857142857142857,0.16666666666666666
atr_pct & ema200_rel,1.17..1.37 & 2.69..5.97,12879,2.0171597188287036,0.3489401351036571,-0.07850007987266744,0.027166904590850905,0.04772409660850066,-6.328918592497371,0.2857142857142857,0.3333333333333333
dd_30d & ret_1d_5,-25.7..-20.5 & -2.52..-0.367,9487,1.485891315515794,0.3619690102245178,-0.07853655164926762,0.06549056448458684,0.04768762483190048,-5.408767800488202,0.21428571428571427,0.3333333333333333
dist_low_20 & dow,3.09..4.3 & 3,11663,1.8267050082070944,0.3526536911600789,-0.07864292042544556,0.027926273523291984,0.04758125605572254,-6.100499637296254,0.14285714285714285,0.16666666666666666
dd_30d & dow,-16.2..-12.2 & 5,10932,1.7122129083186106,0.3706549579216978,-0.07874931237222273,0.08237641810813315,0.04747486410894537,-5.82902152650709,0.2857142857142857,0.3333333333333333
up_from_low_30d & dist_low_20,23..31.2 & 1.65..2.27,10291,1.6118169629991606,0.35701098046837043,-0.078839167583804,0.048051521913542596,0.04738500889736409,-5.666159644889871,0.35714285714285715,0.5
dist_high_20 & up_from_low_30d,1.54..2.18 & 23..31.2,10405,1.6296720921199364,0.3541566554541086,-0.07893610855263651,0.04306901343700083,0.04728806792853159,-5.721023767236769,0.14285714285714285,0.16666666666666666
dist_high_20 & dist_low_20,3.01..4.22 & 6.59..inf,8309,1.30138831460111,0.34721386448429414,-0.07921674426250802,-0.02190879148232203,0.04700743221866008,-5.3490568528182925,0.21428571428571427,0.0
dist_high_20 & ema200_rel,2.18..3.01 & 0.891..2.69,9199,1.4407836208948865,0.358191107729101,-0.07943568146669674,0.05225221966538316,0.046788495014471354,-5.414150272104926,0.35714285714285715,0.3333333333333333
atr_pct & dist_high_20,1.17..1.37 & 1.54..2.18,10901,1.7073575661892768,0.34868360700853135,-0.07952364771869025,0.026308688447278922,0.04670052876247785,-5.916756193541578,0.14285714285714285,0.0
dd_30d & dist_low_20,-33.6..-25.7 & 4.3..6.59,11914,1.8660176170607325,0.34849756588887026,-0.07962265980349015,0.006341833775409497,0.04660151667767795,-6.2826576743534055,0.35714285714285715,0.0
up_from_low_30d & ret_1d_5,5.06..8.62 & -inf..-9.87,11473,1.796946459672468,0.3450710363462041,-0.07967181242132018,0.011891109474874697,0.04655236405984792,-6.148312299610678,0.14285714285714285,0.3333333333333333
atr_pct & ret_1d_5,1.17..1.37 & 1.78..4.78,9912,1.5524564898695636,0.3520984665052462,-0.08002913516343299,0.025760086631015974,0.04619504131773511,-5.7012058689344896,0.2857142857142857,0.3333333333333333
atr_pct & dist_low_20,1.17..1.37 & -inf..0.662,6726,1.0534526181257753,0.34820101100208145,-0.08004025215786191,0.02579496900557739,0.04618392432330619,-4.676322726544325,0.21428571428571427,0.0
atr_pct & dd_30d,0.984..1.17 & -12.2..-8.28,9476,1.4841684521795788,0.35584634867032505,-0.08033793937751724,0.04443968203177846,0.04588623710365086,-5.582135073827463,0.14285714285714285,0.16666666666666666
dist_high_20 & dow,3.01..4.22 & 5,10091,1.5804921750679748,0.3500148647309484,-0.08043424981823823,0.025846776983265863,0.04578992666292987,-5.797653173378653,0.14285714285714285,0.16666666666666666
atr_pct & ret_1d_5,1.17..1.37 & -5.37..-2.52,9841,1.5413361901539926,0.3510822070927751,-0.08075478163748862,0.025285516616906926,0.045469394843679484,-5.7295953800731505,0.14285714285714285,0.3333333333333333
up_from_low_30d & ret_1d_5,8.62..12.5 & -5.37..-2.52,10608,1.6614667518700899,0.3695324283559578,-0.08078416948356264,0.07908372595634594,0.04544000699760546,-5.885233094391727,0.2857142857142857,0.0
up_from_low_30d & ema200_rel,-inf..5.06 & -6.51..-3.59,18806,2.945469809169392,0.3608422843773264,-0.0808017016857059,0.06895952911181055,0.0454224747954622,-7.796650449368921,0.42857142857142855,0.16666666666666666
dist_low_20 & ema200_rel,0.662..1.14 & 2.69..5.97,6008,0.9409966294528186,0.36501331557922767,-0.08107042608037968,0.07958519765534092,0.04515375040078842,-4.379005682908843,0.42857142857142855,0.16666666666666666
atr_pct & dist_low_20,2.18..inf & 4.3..6.59,13854,2.169868059993234,0.3447379818103075,-0.08119018733420548,-0.03286464017320626,0.04503398914696262,-7.104637056778222,0.35714285714285715,0.0
dist_high_20 & up_from_low_30d,3.01..4.22 & 17.3..23,10586,1.6580210251976595,0.3539580578122048,-0.08129262576788712,0.027592589889695072,0.04493155071328098,-6.019449178433571,0.2857142857142857,0.16666666666666666
dist_high_20 & up_from_low_30d,1.54..2.18 & 12.5..17.3,10492,1.643298374870002,0.36218070911170414,-0.08156034834842876,0.06632735599018472,0.044663828132739336,-5.89302326844446,0.42857142857142855,0.0
atr_pct & ret_1d_5,1.17..1.37 & -inf..-9.87,8759,1.371869087446278,0.3457015641054915,-0.0822930640365182,0.022629419794709678,0.043931112444649895,-5.4743758881896465,0.2857142857142857,0.3333333333333333
dist_low_20 & dow,2.27..3.09 & 6,10374,1.6248167499906025,0.3520339309812994,-0.08232601270817548,0.05052366368320232,0.04389816377299262,-5.8727037555173345,0.07142857142857142,0.16666666666666666
dist_high_20 & dist_low_20,1.54..2.18 & 3.09..4.3,10006,1.5671791401972208,0.3494903058165101,-0.08253572046659576,0.02683416511171694,0.043688456014572344,-5.899331656461656,0.07142857142857142,0.16666666666666666
atr_pct & ret_1d_5,1.17..1.37 & -9.87..-5.37,13571,2.125543485070606,0.34824257608134995,-0.08254751647162739,0.02312830627008607,0.04367666000954071,-6.862697673696014,0.14285714285714285,0.3333333333333333
atr_pct & ret_1d_5,1.37..1.66 & 4.78..10.2,12542,1.9643774511646557,0.3488279381278903,-0.08272107891378583,0.006558242678421752,0.04350309756738227,-6.686181835534893,0.21428571428571427,0.3333333333333333
up_from_low_30d & dist_low_20,23..31.2 & 3.09..4.3,11643,1.823572529413976,0.3512840333247445,-0.08280518909615671,0.02552658501614323,0.04341898738501139,-6.39196565553522,0.21428571428571427,0.16666666666666666
dist_low_20 & ema200_rel,4.3..6.59 & -inf..-6.51,11388,1.783633424801714,0.3405338953284159,-0.0830753214478748,-0.01833538133535522,0.0431488550332933,-6.484761794001375,0.42857142857142855,0.3333333333333333
atr_pct & dow,2.18..inf & 3,12178,1.9073663371298977,0.34726556084742977,-0.08319236241580107,-0.037134721035132656,0.04303181406536703,-6.889743408371233,0.21428571428571427,0.16666666666666666
ema200_rel & dow,0.891..2.69 & 0,11541,1.807596887569071,0.36937873667793086,-0.0833798713049343,0.0942609369618581,0.042844305176233805,-6.228757791474195,0.35714285714285715,0.0
dist_high_20 & dd_30d,6.43..inf & -inf..-33.6,25728,4.029620719467729,0.3389303482587065,-0.08346102017867285,-0.031300149248112086,0.04276315630249525,-9.867864833518118,0.14285714285714285,0.16666666666666666
up_from_low_30d & ret_1d_5,-inf..5.06 & -inf..-9.87,13657,2.139013143881016,0.3404115105806546,-0.08359129391793159,0.008648546368468107,0.04263288256323651,-6.942043577539535,0.2857142857142857,0.16666666666666666
atr_pct & ret_1d_5,0.807..0.984 & -9.87..-5.37,11069,1.733670388051473,0.358478634022947,-0.08368085923573221,0.06494195375372694,0.04254331724543589,-6.185519964651181,0.2857142857142857,0.3333333333333333
dd_30d & up_from_low_30d,-33.6..-25.7 & 23..31.2,9698,1.518938966783195,0.3493503815219633,-0.0837269148622453,0.01288628007792585,0.042497261618922796,-5.9389088911138455,0.35714285714285715,0.3333333333333333
atr_pct & dist_low_20,2.18..inf & 6.59..inf,39127,6.128224886917516,0.3471515833056457,-0.08377804278276668,-0.04144091086473841,0.04244613369840142,-12.495012753958004,0.14285714285714285,0.0
atr_pct & dist_high_20,0.807..0.984 & 1.54..2.18,13998,2.1924219073036877,0.3587655379339906,-0.08379427236188468,0.06536950633615447,0.04242990411928342,-6.974109783520953,0.21428571428571427,0.0
dist_low_20 & ret_1d_5,1.65..2.27 & -inf..-9.87,7493,1.1735831798418725,0.3415187508341118,-0.0840333283816461,0.009359211318445824,0.042190848099522005,-5.184448914893413,0.21428571428571427,0.5
dist_low_20 & ret_1d_5,2.27..3.09 & -2.52..-0.367,9663,1.5134571288952374,0.36324122943185344,-0.0840683356442879,0.06572223115783345,0.042155840836880204,-5.850268069387656,0.21428571428571427,0.3333333333333333
dow & ret_1d_5,3 & 4.78..10.2,12122,1.8985953965091655,0.354974426662267,-0.08408467777555684,0.027676371015536168,0.04213949870561126,-6.647901837832897,0.35714285714285715,0.3333333333333333
atr_pct & dist_low_20,1.37..1.66 & 4.3..6.59,15754,2.467453545339498,0.3471499301764631,-0.08411687613163654,0.004708833013700007,0.04210730034953156,-7.641765213149264,0.14285714285714285,0.16666666666666666
dd_30d & dow,-inf..-33.6 & 4,11323,1.7734528687240787,0.34840589949659984,-0.08458891425918112,-0.012180260045059193,0.04163526222198698,-6.662169017362251,0.35714285714285715,0.16666666666666666
atr_pct & ema200_rel,1.17..1.37 & -0.491..0.891,7370,1.1543184352641933,0.3537313432835821,-0.08488281758117393,0.021044069424461357,0.04134135889999417,-5.248437292576608,0.21428571428571427,0.0
up_from_low_30d & dist_low_20,5.06..8.62 & 4.3..6.59,8406,1.3165808367477352,0.35224839400428265,-0.08495881767211755,0.013242232747281363,0.04126535880905055,-5.685820453647517,0.07142857142857142,0.16666666666666666
up_from_low_30d & ret_1d_5,17.3..23 & -9.87..-5.37,9078,1.4218321241965193,0.34864507600793126,-0.08515513519006952,0.02471150511543245,0.041069041291098576,-5.807501821120229,0.35714285714285715,0.3333333333333333
dd_30d & ret_1d_5,-12.2..-8.28 & 4.78..10.2,11478,1.7977295793707477,0.35764070395539294,-0.0853323032871917,0.036798835907276256,0.0408918731939764,-6.556344720603794,0.35714285714285715,0.16666666666666666
up_from_low_30d & dist_low_20,-inf..5.06 & 1.65..2.27,10942,1.71377914771517,0.36227380734783404,-0.0854586356121023,0.0703569818934478,0.040765540869065794,-6.300579197594121,0.35714285714285715,0.16666666666666666
dd_30d & dow,-33.6..-25.7 & 5,11572,1.812452229698405,0.34955063947459386,-0.08565765866674259,0.02163650594530653,0.04056651781442551,-6.60040775427187,0.35714285714285715,0.16666666666666666
dd_30d & dist_low_20,-16.2..-12.2 & 0.662..1.14,11464,1.7955368442155646,0.3720341939986043,-0.0857986631874526,0.09547231195457516,0.04042551329371549,-6.4448063644929405,0.2857142857142857,0.16666666666666666
dist_high_20 & dd_30d,3.01..4.22 & -12.2..-8.28,9357,1.4655302033605233,0.355776424067543,-0.08636537693224292,0.034204730129086536,0.03985879954892518,-5.991746685931699,0.14285714285714285,0.3333333333333333
dist_high_20 & ema200_rel,3.01..4.22 & -1.84..-0.491,8861,1.3878447292911826,0.3577474325696874,-0.08688991668227804,0.04323084614452689,0.03933425979889006,-5.867238784345781,0.21428571428571427,0.16666666666666666
dd_30d & dist_low_20,-12.2..-8.28 & 6.59..inf,7131,1.1168853136864263,0.34819800869443274,-0.08702337752950272,-0.017592494074778534,0.03920079895166538,-5.439669318326427,0.35714285714285715,0.16666666666666666
dist_high_20 & dd_30d,4.22..6.43 & -20.5..-16.2,10216,1.6000701675249658,0.35160532498042285,-0.08709226974425353,0.012277348916627526,0.039131906736914565,-6.375280272797387,0.21428571428571427,0.16666666666666666
dist_high_20 & dist_low_20,1.02..1.54 & 2.27..3.09,10566,1.6548885464045409,0.35699413212190045,-0.0871664168301963,0.053031704310939204,0.0390577596509718,-6.3366681879709486,0.14285714285714285,0.16666666666666666
dd_30d & ema200_rel,-25.7..-20.5 & -inf..-6.51,12184,1.9083060807678331,0.34307288246881157,-0.08717526802027828,0.0009537519837964522,0.03904890846088982,-6.978992291481773,0.21428571428571427,0.5
dist_high_20 & dow,1.02..1.54 & 6,12654,1.9819193324061195,0.3662873399715505,-0.08729472911933407,0.09504793210967115,0.03892944736183403,-6.792745484335751,0.21428571428571427,0.16666666666666666
up_from_low_30d & ret_1d_5,23..31.2 & -5.37..-2.52,7334,1.1486799734365798,0.35533133351513496,-0.08745000893403049,0.03858530992549006,0.03877416754713761,-5.364204346258955,0.35714285714285715,0.3333333333333333
dist_high_20 & ret_1d_5,6.43..inf & 4.78..10.2,7137,1.117825057324362,0.3508476951099902,-0.08754128606951624,-0.01961129552661666,0.03868289041165186,-5.512405622698466,0.14285714285714285,0.3333333333333333
dd_30d & ret_1d_5,-20.5..-16.2 & -9.87..-5.37,13679,2.142458870553446,0.35353461510344325,-0.08771501776773705,0.038530107771155994,0.03850915871343105,-7.306789513408458,0.42857142857142855,0.16666666666666666
dist_low_20 & dow,2.27..3.09 & 1,11319,1.772826372965455,0.352681332273169,-0.08783990339249352,0.03386401371156246,0.03838427308867458,-6.6382833065239275,0.2857142857142857,0.3333333333333333
atr_pct & ret_1d_5,2.18..inf & -inf..-9.87,27145,4.25155684196018,0.33652606373181065,-0.08795342051683946,-0.04376623642949626,0.038270755964328634,-10.776712249125461,0.14285714285714285,0.16666666666666666
dd_30d & dist_low_20,-8.28..-4.52 & 3.09..4.3,8502,1.3316167349547043,0.35250529287226534,-0.0880210577975311,0.031118293952457795,0.038203118683637,-5.7910383342940195,0.2857142857142857,0.3333333333333333
dist_high_20 & dist_low_20,2.18..3.01 & 6.59..inf,8709,1.3640378904634816,0.3427488804684809,-0.08804011247367673,-0.023670442635878294,0.03818406400749137,-6.027119426881104,0.14285714285714285,0.16666666666666666
dd_30d & ret_1d_5,-20.5..-16.2 & -2.52..-0.367,11586,1.8146449648535878,0.3644053167616088,-0.08809137163326197,0.07292982216271324,0.03813280484790613,-6.702345426221973,0.2857142857142857,0.5
dist_low_20 & dow,2.27..3.09 & 2,11313,1.7718866293275195,0.35224962432599666,-0.08810068966777909,0.0351376156409669,0.03812348681338901,-6.650810058673765,0.42857142857142855,0.16666666666666666
dist_high_20 & up_from_low_30d,6.43..inf & 17.3..23,7346,1.150559460712451,0.34181867683092837,-0.08818457026499654,-0.021865683388874783,0.038039606216171556,-5.593518600923393,0.35714285714285715,0.16666666666666666
dist_high_20 & ret_1d_5,2.18..3.01 & -0.367..1.78,9329,1.4611447330501572,0.3625254582484725,-0.08833789862903142,0.06345060995721087,0.03788627785213668,-6.053406537315139,0.21428571428571427,0.0
dist_low_20 & ret_1d_5,1.65..2.27 & -2.52..-0.367,10698,1.6755629064391233,0.3658627780893625,-0.08844324349413413,0.0809263017270337,0.03778093298703397,-6.416101609978332,0.5,0.3333333333333333
atr_pct & ema200_rel,1.37..1.66 & 2.69..5.97,11539,1.8072836396897594,0.3437039604818442,-0.08851526234281089,0.0006058679385426894,0.03770891413835721,-6.846595771443351,0.21428571428571427,0.3333333333333333
dow & ret_1d_5,5 & -inf..-9.87,12716,1.9916300166647871,0.3402799622522806,-0.08870014085146444,-0.003549402626892995,0.03752403562970366,-7.228855756192949,0.14285714285714285,0.3333333333333333
dist_high_20 & dd_30d,3.01..4.22 & -inf..-33.6,10541,1.6509729479131425,0.3398159567403472,-0.08916661109725818,-0.006018969261235005,0.03705756538390992,-6.602562505964066,0.21428571428571427,0.16666666666666666
dist_high_20 & ret_1d_5,4.22..6.43 & -inf..-9.87,13257,2.0763635680186443,0.34012219959266804,-0.08920229215660141,-0.015720008328401713,0.037021884324566684,-7.46496582008918,0.21428571428571427,0.3333333333333333
up_from_low_30d & ema200_rel,5.06..8.62 & -3.59..-1.84,14796,2.3174078111491183,0.3689510678561774,-0.08923012838165309,0.07759992067113189,0.03699404809951501,-7.686383460483892,0.21428571428571427,0.16666666666666666
dd_30d & up_from_low_30d,-20.5..-16.2 & 12.5..17.3,10334,1.6185517924043655,0.35465453841687633,-0.08933954768875955,0.03896931359493811,0.036884628792408544,-6.480974980717964,0.2857142857142857,0.16666666666666666
atr_pct & ret_1d_5,1.37..1.66 & -2.52..-0.367,6651,1.0417058226515807,0.3456623064200872,-0.08934583506850323,-0.00016566310727285008,0.03687834141266487,-5.290028849579174,0.21428571428571427,0.3333333333333333
dd_30d & dist_low_20,-20.5..-16.2 & 6.59..inf,6978,1.0929218509190692,0.3512467755803955,-0.0894624169026665,-0.018779279307526785,0.0367617595785016,-5.570218966126521,0.21428571428571427,0.3333333333333333
dd_30d & dist_low_20,-inf..-33.6 & 4.3..6.59,12936,2.0260872833890913,0.33828076685219544,-0.08946369761677125,-0.018337788321811058,0.036760478864396845,-7.391376514386467,0.21428571428571427,0.16666666666666666
atr_pct & dd_30d,0.597..0.807 & -16.2..-12.2,13967,2.187566565174354,0.3727357342306866,-0.08963801103297904,0.09967786226622921,0.03658616544818906,-7.434352733040455,0.21428571428571427,0.16666666666666666
dist_low_20 & dow,1.14..1.65 & 6,13141,2.058195191018557,0.3663343733353626,-0.08973066776521628,0.09538769199963575,0.03649350871595182,-7.099225315844218,0.42857142857142855,0.16666666666666666
ema200_rel & dow,0.891..2.69 & 1,11119,1.7415015850342692,0.36280241028869503,-0.08974239984500268,0.07398045602678505,0.03648177663616542,-6.5974372360209905,0.5714285714285714,0.3333333333333333
dd_30d & dist_low_20,-inf..-33.6 & 3.09..4.3,11467,1.7960067160345325,0.3398447719543037,-0.0898048613398863,-0.010127098474772955,0.0364193151412818,-6.938248453799764,0.14285714285714285,0.16666666666666666
dist_high_20 & dd_30d,6.43..inf & -12.2..-8.28,7428,1.1634026237642372,0.3536618201400108,-0.0898235548400028,-0.028862439326385277,0.036400621641165296,-5.858898305357219,0.2857142857142857,0.16666666666666666
up_from_low_30d & ema200_rel,48..inf & -inf..-6.51,7421,1.1623062561866455,0.32973992723352646,-0.08989229896117927,-0.03701192498061639,0.03633187751998883,-5.679272549528802,0.38461538461538464,0.16666666666666666
dist_low_20 & ema200_rel,2.27..3.09 & -3.59..-1.84,9746,1.5264569158866794,0.35665914221218964,-0.08998476175479628,0.03788149516916546,0.03623941472637182,-6.364484267909643,0.21428571428571427,0.16666666666666666
atr_pct & dd_30d,2.18..inf & -inf..-33.6,28872,4.522046385745968,0.3372125242449432,-0.09018866371326317,-0.04665473876813298,0.036035512767904926,-11.426919688154129,0.07142857142857142,0.16666666666666666
atr_pct & dow,2.18..inf & 2,12873,2.016219975190768,0.34094616639477976,-0.09033966272616119,-0.04445806957774366,0.03588451375500691,-7.666628356796727,0.35714285714285715,0.16666666666666666
atr_pct & up_from_low_30d,1.37..1.66 & 31.2..48,15097,2.364551616985553,0.3405974696959661,-0.09040717622632964,-0.0017588080818179432,0.03581700025483846,-7.977250062534126,0.14285714285714285,0.0
dist_high_20 & dd_30d,1.02..1.54 & -33.6..-25.7,8171,1.2797742109285921,0.3500183576061682,-0.09056311436537455,0.02962518813875446,0.03566106211579355,-5.819753530386481,0.21428571428571427,0.16666666666666666
dd_30d & ema200_rel,-25.7..-20.5 & -0.491..0.891,7749,1.2136789083937902,0.35501355013550134,-0.09056910687558845,0.04746671239296461,0.03565506960557965,-5.662433198488002,0.14285714285714285,0.3333333333333333
atr_pct & dow,1.66..2.18 & 4,13649,2.1377601523637684,0.35335922045571105,-0.09067430806236529,-0.019598442540238844,0.03554986841880281,-7.958197655657564,0.21428571428571427,0.16666666666666666
dist_low_20 & ema200_rel,4.3..6.59 & 5.97..inf,18096,2.8342668120136825,0.34643015030946067,-0.09068276460100591,-0.004612980046181764,0.03554141188016219,-8.854093811734105,0.07142857142857142,0.16666666666666666
atr_pct & ema200_rel,0.807..0.984 & -3.59..-1.84,14445,2.2624328083298875,0.35950155763239877,-0.09107287361507471,0.0581458368843147,0.03515130286609339,-7.752003835722011,0.21428571428571427,0.16666666666666666
atr_pct & dist_low_20,0.984..1.17 & 3.09..4.3,13115,2.0541229685875027,0.3492184521540221,-0.09113973259679779,0.033056643038835404,0.035084443884370306,-7.434039487344028,0.14285714285714285,0.16666666666666666
up_from_low_30d & dist_low_20,31.2..48 & 6.59..inf,15345,2.4033943540202234,0.34767025089605735,-0.0915426878978257,-0.02271728275993346,0.0346814885833424,-8.372238296091703,0.14285714285714285,0.16666666666666666
atr_pct & ema200_rel,0.984..1.17 & -1.84..-0.491,9861,1.5444686689471112,0.35361525200283944,-0.09172116007367924,0.0331389128606605,0.03450301640748886,-6.512107134391031,0.14285714285714285,0.16666666666666666
atr_pct & ema200_rel,1.37..1.66 & 0.891..2.69,7150,1.119861168539889,0.34615384615384615,-0.09191700984503849,-0.0025664281493800903,0.03430716663612961,-5.639164188809113,0.14285714285714285,0.3333333333333333
dow & ret_1d_5,2 & -5.37..-2.52,10891,1.7057913267927176,0.35488017629235147,-0.0919349210674918,0.045555827986698834,0.03428925541367629,-6.787338417466775,0.42857142857142855,0.16666666666666666
dd_30d & up_from_low_30d,-8.28..-4.52 & 31.2..48,12898,2.020135573682166,0.3486587067762444,-0.09206109413971413,0.015323376133000903,0.034163082341453974,-7.5243999071621035,0.35714285714285715,0.16666666666666666
ema200_rel & dow,-3.59..-1.84 & 5,10698,1.6755629064391233,0.3629650401944289,-0.0921418063446122,0.0742574164724791,0.03408237013655589,-6.702845057329039,0.35714285714285715,0.16666666666666666
dd_30d & ema200_rel,-20.5..-16.2 & -3.59..-1.84,16024,2.5097420090465987,0.36058412381427857,-0.09236780316995463,0.056299346041306826,0.03385637331121347,-8.320444260043267,0.2857142857142857,0.16666666666666666
dd_30d & ret_1d_5,-16.2..-12.2 & -5.37..-2.52,12923,2.0240511721735643,0.36469859939642496,-0.09253435539372289,0.07300015833709982,0.03368982108744521,-7.430504413842159,0.2857142857142857,0.16666666666666666
dd_30d & dow,-12.2..-8.28 & 1,11738,1.8384518036812891,0.3596012949395127,-0.09256749443149886,0.055571450203138195,0.033656682049669234,-7.078433108195136,0.35714285714285715,0.16666666666666666
up_from_low_30d & ret_1d_5,23..31.2 & 10.2..inf,13326,2.0871706198549034,0.34976737205463004,-0.09263737859676882,0.006931227212954852,0.03358679788439928,-7.743484247592994,0.2857142857142857,0.3333333333333333
dist_low_20 & dow,1.14..1.65 & 1,10972,1.7184778659048479,0.3581844695588771,-0.09267269584005924,0.06076365378047255,0.033551480641108855,-6.821906281912281,0.35714285714285715,0.16666666666666666
dist_high_20 & dow,1.54..2.18 & 1,11265,1.7643686802240348,0.354283177984909,-0.09280359501548745,0.04800608900256405,0.03342058146568065,-6.935540536577758,0.14285714285714285,0.0
atr_pct & dist_low_20,1.37..1.66 & 0.662..1.14,6187,0.9690323146512299,0.3415225472765476,-0.09281470725942847,-0.0035174697268376817,0.033409469221739624,-5.266292584389785,0.14285714285714285,0.16666666666666666
dd_30d & dist_low_20,-25.7..-20.5 & 6.59..inf,7580,1.1872094625919383,0.3448548812664908,-0.09286995774695829,-0.024613948232934137,0.03335421873420981,-5.976447990082042,0.14285714285714285,0.16666666666666666
dist_high_20 & dist_low_20,1.54..2.18 & 2.27..3.09,10094,1.5809620468869425,0.3496136318605112,-0.0928825646102118,0.031405658505378686,0.0333416118709563,-6.635527063967243,0.07142857142857142,0.0
dist_low_20 & ret_1d_5,1.14..1.65 & 4.78..10.2,9565,1.4981079828089563,0.3571353894406691,-0.09315165671999254,0.04868787656993159,0.03307251976117556,-6.460944474127646,0.14285714285714285,0.0
dist_low_20 & dow,3.09..4.3 & 1,11719,1.8354759488278265,0.3451659697926444,-0.0931742397474941,0.015317698791843538,0.033049936733674,-7.197708027551858,0.21428571428571427,0.16666666666666666
atr_pct & up_from_low_30d,1.17..1.37 & 17.3..23,13284,2.0805924143893546,0.3440981632038543,-0.0932131006129878,0.012537080612569087,0.03301107586818029,-7.685192179249883,0.2857142857142857,0.0
dd_30d & up_from_low_30d,-25.7..-20.5 & 17.3..23,9645,1.5106378979814306,0.3459823742871954,-0.09328332681293693,0.016244520115183562,0.03294084966823117,-6.551053213489059,0.2857142857142857,0.5
dd_30d & ema200_rel,-inf..-33.6 & -6.51..-3.59,15638,2.44928516833941,0.3449929658524108,-0.0933483477589585,-0.0023312110768587673,0.032875828722209594,-8.446666579983713,0.14285714285714285,0.3333333333333333
atr_pct & up_from_low_30d,0.984..1.17 & 5.06..8.62,9027,1.4138443032740668,0.35050404342527974,-0.09346629005520708,0.031461313510836614,0.032757886425961016,-6.349533173887445,0.07142857142857142,0.0
atr_pct & up_from_low_30d,2.18..inf & 31.2..48,12567,1.9682930496560538,0.35044163284793506,-0.09353780724777758,-0.04600608402227254,0.03268636923339052,-7.956635104466249,0.2857142857142857,0.16666666666666666
atr_pct & dist_high_20,0.984..1.17 & 1.02..1.54,11088,1.7366462429049356,0.3484848484848485,-0.09355752874270862,0.031156045039523385,0.03266664773845948,-6.986049645998455,0.07142857142857142,0.16666666666666666
dow & ret_1d_5,3 & 10.2..inf,9634,1.5089150346452154,0.34440523147187047,-0.09359076285399748,-0.022154469919423735,0.03263341362717062,-6.7614131512207205,0.2857142857142857,0.16666666666666666
dist_high_20 & dd_30d,1.02..1.54 & -16.2..-12.2,10912,1.7090804295254922,0.36464442815249265,-0.09361108753507086,0.0721332839642949,0.03261308894609724,-6.8796139856389935,0.14285714285714285,0.0
dd_30d & dist_low_20,-25.7..-20.5 & -inf..0.662,9367,1.4670964427570825,0.3577452759688267,-0.09365024147458748,0.05935305396254053,0.03257393500658062,-6.385611970729099,0.2857142857142857,0.16666666666666666
dd_30d & ema200_rel,-8.28..-4.52 & 5.97..inf,16346,2.5601749176158077,0.3410620335250214,-0.09367163504736008,-0.019457864936135046,0.03255254143380802,-8.736910333387213,0.21428571428571427,0.16666666666666666
dd_30d & ret_1d_5,-25.7..-20.5 & -9.87..-5.37,16069,2.5167900863311155,0.3464434625676769,-0.09372807697088938,0.025151082773263892,0.03249609951027872,-8.452918657068576,0.2857142857142857,0.16666666666666666
atr_pct & dd_30d,1.37..1.66 & -inf..-33.6,12990,2.0345449761305114,0.3390300230946882,-0.09373463350813935,-0.005259429740494622,0.03248954297302875,-7.664705541675393,0.14285714285714285,0.16666666666666666
dist_high_20 & dist_low_20,1.54..2.18 & 4.3..6.59,10021,1.5695284992920597,0.3426803712204371,-0.09379877705502473,0.001054426533966896,0.032425399426143364,-6.756072017965986,0.07142857142857142,0.16666666666666666
dd_30d & dow,-20.5..-16.2 & 2,11798,1.8478492400606448,0.3514154941515511,-0.09380021281082568,0.02685373140361093,0.03242396367034242,-7.2858883691590615,0.07142857142857142,0.16666666666666666
atr_pct & up_from_low_30d,2.18..inf & 17.3..23,6136,0.9610444937287774,0.3430573663624511,-0.09392501583624902,-0.04678628526419849,0.032299160644919084,-5.575295014780838,0.35714285714285715,0.5
dd_30d & ret_1d_5,-8.28..-4.52 & 10.2..inf,15094,2.3640817451665854,0.341923943288724,-0.09400465894004748,-0.014939198576508455,0.032219517541120624,-8.411747261451643,0.21428571428571427,0.3333333333333333
atr_pct & ema200_rel,0.597..0.807 & -6.51..-3.59,7199,1.1275357415830294,0.36616196693985276,-0.094164128870137,0.0911402185584182,0.032060047611031095,-5.572266941836923,0.35714285714285715,0.3333333333333333
ema200_rel & dow,-3.59..-1.84 & 0,10874,1.7031287198185667,0.3572742321132978,-0.09426902212639157,0.05145835717824351,0.03195515435477653,-6.941805694971606,0.14285714285714285,0.16666666666666666
dist_low_20 & ema200_rel,1.14..1.65 & 2.69..5.97,7930,1.2420278414715131,0.358890290037831,-0.09444275872820912,0.058241172108942176,0.03178141775295898,-5.922859818790585,0.35714285714285715,0.16666666666666666
dist_high_20 & dow,1.02..1.54 & 2,11267,1.7646819281033468,0.3574154610810331,-0.0945193030390256,0.05766483749738579,0.0317048734421425,-7.063234220685194,0.21428571428571427,0.16666666666666666
dd_30d & dow,-25.7..-20.5 & 0,10792,1.6902855567667807,0.34655300222386953,-0.0945365521229613,0.024356262417091917,0.031687624358206795,-6.9732728041132,0.14285714285714285,0.16666666666666666
dist_high_20 & ret_1d_5,1.54..2.18 & 10.2..inf,8132,1.2736658772820109,0.34198229217904574,-0.09465338108860397,0.0019094275409091794,0.03157079539256413,-6.120159084156472,0.14285714285714285,0.16666666666666666
dd_30d & up_from_low_30d,-20.5..-16.2 & 17.3..23,9263,1.450807553032866,0.3512900788081615,-0.094784383430468,0.026604518483924273,0.031439793050700104,-6.528180885602398,0.2857142857142857,0.3333333333333333
ema200_rel & dow,-6.51..-3.59 & 0,11217,1.7568507311205503,0.34456628331996075,-0.09479046943813398,0.019303789371597702,0.03143370704303412,-7.13611772545662,0.14285714285714285,0.16666666666666666
dow & ret_1d_5,6 & 4.78..10.2,10891,1.7057913267927176,0.3556147277568635,-0.09487344939181426,0.05568852573186869,0.03135072708935384,-6.92784797648562,0.21428571428571427,0.16666666666666666
dd_30d & ema200_rel,-20.5..-16.2 & -0.491..0.891,9969,1.5613840544299515,0.362724445781924,-0.09498718792660515,0.06665662625522334,0.031236988554562944,-6.726306544914903,0.2857142857142857,0.16666666666666666
dist_low_20 & ema200_rel,4.3..6.59 & -0.491..0.891,6007,0.9408400055131627,0.3444314965873148,-0.09499049805536008,0.010970555113081775,0.031233678425808015,-5.294831260009767,0.2857142857142857,0.16666666666666666
dist_low_20 & ret_1d_5,6.59..inf & -inf..-9.87,19849,3.108828578230525,0.3400171293264144,-0.09501311147142333,-0.042803623990655265,0.03121106500974477,-10.01494586025078,0.07142857142857142,0.16666666666666666
dist_high_20 & ret_1d_5,2.18..3.01 & 4.78..10.2,11127,1.7427545765515167,0.34888110002696143,-0.09504008094116914,0.025316960633958312,0.031184095539998957,-7.149358760966718,0.14285714285714285,0.16666666666666666
ema200_rel & dow,2.69..5.97 & 2,11819,1.8511383427934194,0.3507064895507234,-0.09519036606821134,0.024692831423072287,0.03103381041295676,-7.3700472522490825,0.21428571428571427,0.16666666666666666
atr_pct & ret_1d_5,0.807..0.984 & -2.52..-0.367,11844,1.8550539412848175,0.35714285714285715,-0.09554775310608442,0.053974225262424805,0.03067642337508368,-7.372955783464612,0.21428571428571427,0.0
dist_low_20 & ema200_rel,6.59..inf & 5.97..inf,34759,5.44409151850042,0.34206967979516095,-0.09559498948621148,-0.0312647290734627,0.03062918699495662,-13.1245113842335,0.07142857142857142,0.0
dist_high_20 & ema200_rel,6.43..inf & 5.97..inf,12239,1.9169203974489093,0.35615654873764196,-0.09573501899002242,-0.05337975959334309,0.030489157491145683,-8.184512475108424,0.35714285714285715,0.3333333333333333
dist_low_20 & dow,3.09..4.3 & 2,11767,1.842993897931311,0.34486275176340614,-0.09597516213015889,0.012220886385299192,0.030249014351009212,-7.450760138839852,0.07142857142857142,0.16666666666666666
atr_pct & ema200_rel,1.17..1.37 & -1.84..-0.491,7544,1.1815710007643248,0.34782608695652173,-0.09603355498198916,0.009975277322607246,0.030190621499178935,-6.000725545038726,0.14285714285714285,0.16666666666666666
dist_high_20 & ret_1d_5,3.01..4.22 & 1.78..4.78,9298,1.4562893909208234,0.3515809851580985,-0.09605944651978875,0.02505844188391959,0.030164729961379352,-6.65957236539943,0.21428571428571427,0.3333333333333333
dd_30d & dist_low_20,-12.2..-8.28 & 4.3..6.59,8310,1.301544938540766,0.34681107099879666,-0.09614304171037202,0.002844025669978076,0.030081134770796075,-6.338883353350344,0.14285714285714285,0.3333333333333333
atr_pct & dd_30d,0.807..0.984 & -33.6..-25.7,7798,1.2213534814369307,0.35252628879199793,-0.09618864001970692,0.05148133570766902,0.030035536461461176,-5.965336457689206,0.2857142857142857,0.3333333333333333
dist_high_20 & ret_1d_5,2.18..3.01 & -5.37..-2.52,9945,1.5576250798782092,0.35535444947209655,-0.09628239323896899,0.0435887489459817,0.029941783242199108,-6.8286585434802305,0.21428571428571427,0.3333333333333333
atr_pct & dist_high_20,1.37..1.66 & 3.01..4.22,13937,2.182867846984676,0.3422544306522207,-0.09635172430193319,-0.007309091976289722,0.029872452179234912,-8.235660291856972,0.21428571428571427,0.3333333333333333
dd_30d & ema200_rel,-12.2..-8.28 & 5.97..inf,10684,1.6733701712839404,0.34425308873081245,-0.09641392138338056,-0.027142033092197433,0.029810255097787536,-7.357556825322294,0.35714285714285715,0.16666666666666666
dd_30d & ema200_rel,-8.28..-4.52 & 2.69..5.97,15863,2.484525554761994,0.350059887789195,-0.0967913996336977,0.025090189534822196,0.029432776847470393,-8.692118175637601,0.21428571428571427,0.3333333333333333
atr_pct & dow,0.984..1.17 & 2,12015,1.8818366349659812,0.3459009571369122,-0.09692768730303394,0.02739295240659904,0.029296489178134155,-7.536808011561424,0.21428571428571427,0.5
dd_30d & up_from_low_30d,-16.2..-12.2 & 5.06..8.62,12068,1.8901377037677456,0.37421279416639047,-0.09693622923565252,0.08709711662682518,0.029287947245515575,-7.562532426431481,0.21428571428571427,0.3333333333333333
dist_low_20 & ret_1d_5,1.14..1.65 & -inf..-9.87,6109,0.9568156473580673,0.336880013095433,-0.09698750520602682,0.0008665438160400618,0.029236671275141277,-5.411557957003232,0.21428571428571427,0.3333333333333333
dd_30d & ret_1d_5,-16.2..-12.2 & -0.367..1.78,11018,1.7256825671290206,0.36658195679796696,-0.09744991713893442,0.07656066260491577,0.028774259342233682,-7.194003234485827,0.2857142857142857,0.16666666666666666
ema200_rel & ret_1d_5,0.891..2.69 & 4.78..10.2,15688,2.457116365322207,0.35696073431922487,-0.09768456830847064,0.04932443121015169,0.02853960817269746,-8.653996007749889,0.42857142857142855,0.0
atr_pct & ret_1d_5,1.37..1.66 & -inf..-9.87,13340,2.0893633550100867,0.337856071964018,-0.09773228838047975,-0.009262665433572523,0.028491888100688353,-8.126458073395376,0.14285714285714285,0.3333333333333333
dist_high_20 & dist_low_20,1.02..1.54 & 6.59..inf,9379,1.4689759300329537,0.3384156093400149,-0.09798589333253663,-0.0200583711406621,0.02823828314863147,-6.878078986248114,0.07142857142857142,0.16666666666666666
ema200_rel & dow,5.97..inf & 6,11299,1.7696938941723364,0.33781750597398,-0.0980117110632431,-0.014366745112633337,0.028212465417924992,-7.501778858610302,0.21428571428571427,0.3333333333333333
dist_low_20 & ema200_rel,1.65..2.27 & -1.84..-0.491,11045,1.7299114134997307,0.3625169760072431,-0.09837443567352688,0.062224919153756574,0.027849740807641216,-7.325050841213717,0.21428571428571427,0.16666666666666666
atr_pct & ret_1d_5,2.18..inf & -9.87..-5.37,6107,0.9565023994787555,0.33764532503684297,-0.09843001205283937,-0.05006757809140857,0.02779416442832873,-5.770321265589148,0.35714285714285715,0.16666666666666666
dist_high_20 & dd_30d,1.54..2.18 & -20.5..-16.2,10753,1.6841772231201995,0.353482749000279,-0.09848599436919894,0.04461884405491745,0.027738182111969156,-7.233747081276196,0.21428571428571427,0.0
up_from_low_30d & dist_low_20,17.3..23 & 1.14..1.65,9977,1.562637045947199,0.35541746015836423,-0.09869053722594852,0.05065426672057907,0.02753363925521958,-6.9805222349191896,0.21428571428571427,0.16666666666666666
atr_pct & dd_30d,2.18..inf & -16.2..-12.2,6279,0.9834417170995753,0.34575569358178054,-0.09887353301710096,-0.05305365394235235,0.02735064346406714,-5.9479521881249875,0.21428571428571427,0.5
dd_30d & dist_low_20,-inf..-33.6 & 0.662..1.14,6382,0.9995739828841359,0.33688498903165154,-0.09922979896282884,-0.004594698649181775,0.02699437751833926,-5.680426152930335,0.14285714285714285,0.16666666666666666
dist_high_20 & ret_1d_5,6.43..inf & 10.2..inf,18780,2.9413975867383377,0.34978700745473906,-0.09947060638436928,-0.05001799536623321,0.026753570096798823,-10.392285769864348,0.21428571428571427,0.16666666666666666
dist_high_20 & ema200_rel,1.54..2.18 & 0.891..2.69,10336,1.6188650402836773,0.35594040247678016,-0.09948217228492841,0.051225106788323385,0.02674200419623969,-7.157625437302779,0.21428571428571427,0.0
dist_low_20 & ret_1d_5,1.14..1.65 & -9.87..-5.37,10228,1.601949654800837,0.3501173249902229,-0.09954203292703111,0.03834156039243377,0.02668214355413699,-7.111616721330375,0.14285714285714285,0.3333333333333333
atr_pct & dist_high_20,2.18..inf & 6.43..inf,42066,6.58854264556629,0.341130604288499,-0.10020170378174124,-0.05769552824735039,0.026022472699426855,-15.588110678310144,0.07142857142857142,0.16666666666666666
dd_30d & dist_low_20,-20.5..-16.2 & 3.09..4.3,10024,1.5699983711110275,0.34746608140462887,-0.10034976030632052,0.012621144271306131,0.025874416174847578,-7.248206879252801,0.14285714285714285,0.0
dist_high_20 & ema200_rel,6.43..inf & -inf..-6.51,36163,5.663991529777343,0.3319691397284517,-0.10052179724284326,-0.04078386716336738,0.025702379238324843,-14.074949763472313,0.21428571428571427,0.16666666666666666
atr_pct & dow,2.18..inf & 1,13149,2.0594481825358044,0.3379724693893072,-0.10059261051014204,-0.054935209013434814,0.02563156597102606,-8.65376319301955,0.21428571428571427,0.16666666666666666
dist_high_20 & ema200_rel,2.18..3.01 & -0.491..0.891,8821,1.3815797717049456,0.35596871103049543,-0.10071011430885482,0.0431805696659761,0.02551406217231328,-6.741503146011172,0.2857142857142857,0.16666666666666666
dist_high_20 & ret_1d_5,6.43..inf & -9.87..-5.37,10286,1.6110338433008808,0.3379350573595178,-0.10100546165218709,-0.029393756658057952,0.025218714828981012,-7.551031056320732,0.14285714285714285,0.3333333333333333
dist_high_20 & dd_30d,4.22..6.43 & -8.28..-4.52,10593,1.659117392775251,0.34485037288775605,-0.10109266775591044,-0.01422123111163574,0.025131508725257656,-7.631720043445324,0.2857142857142857,0.3333333333333333
atr_pct & dow,0.807..0.984 & 0,11616,1.8193436830432659,0.3527892561983471,-0.10123912291652583,0.04762988239700188,0.02498505356464227,-7.6700168142361385,0.14285714285714285,0.16666666666666666
dd_30d & dist_low_20,-12.2..-8.28 & 3.09..4.3,8956,1.4027240035584958,0.35049129075480123,-0.10124476942734531,0.019185153393818443,0.02497940705382279,-6.878415453508242,0.14285714285714285,0.0
dist_low_20 & dow,2.27..3.09 & 3,11354,1.7783082108534125,0.352210674652105,-0.10148259388355252,0.020972573264900624,0.02474158259761558,-7.768488030485266,0.14285714285714285,0.16666666666666666
atr_pct & dd_30d,2.18..inf & -25.7..-20.5,7369,1.1541618113245373,0.3431944632921699,-0.10154812187840928,-0.05463174728025651,0.024676054602758818,-6.608797398651395,0.2857142857142857,0.16666666666666666
up_from_low_30d & ret_1d_5,23..31.2 & -2.52..-0.367,7596,1.1897154456264332,0.35334386519220645,-0.1015535908072348,0.0328988438850044,0.024670585673933293,-6.302839850694633,0.35714285714285715,0.3333333333333333
up_from_low_30d & ret_1d_5,8.62..12.5 & -inf..-9.87,10745,1.682924231602952,0.3388552815262913,-0.1017078594153353,-0.019451629995176314,0.024516317065832793,-7.678815714964429,0.21428571428571427,0.16666666666666666
dist_high_20 & dist_low_20,3.01..4.22 & -inf..0.662,12577,1.9698592890526132,0.3536614454957462,-0.1022016980720621,0.04912492834691252,0.024022478409106,-8.098574889150107,0.0,0.3333333333333333
up_from_low_30d & dow,17.3..23 & 6,11775,1.8442468894485584,0.35397027600849257,-0.10244996366975381,0.056651225529666276,0.023774212811414286,-7.7476315715287924,0.2857142857142857,0.16666666666666666
dd_30d & up_from_low_30d,-25.7..-20.5 & 5.06..8.62,12081,1.8921738149832725,0.35460640675440774,-0.10259025746046053,0.04204884591313191,0.023633919020707564,-8.059724691868754,0.21428571428571427,0.16666666666666666
dist_high_20 & dist_low_20,4.22..6.43 & -inf..0.662,12985,2.033761856432232,0.34547554871005004,-0.10293050630232313,0.014836827700447851,0.02329367017884497,-8.38667978512454,0.07142857142857142,0.0
ema200_rel & dow,-3.59..-1.84 & 2,12189,1.9090892004661129,0.3521207646238412,-0.10305689069387974,0.03187931731596524,0.023167285787288355,-8.095223757289535,0.2857142857142857,0.3333333333333333
dist_low_20 & ema200_rel,0.662..1.14 & -6.51..-3.59,11320,1.772982996905111,0.34955830388692577,-0.10321765968983515,0.03223943032346445,0.023006516791332948,-7.812572774412778,0.14285714285714285,0.16666666666666666
dd_30d & ret_1d_5,-20.5..-16.2 & -5.37..-2.52,13661,2.1396396396396398,0.35465924895688455,-0.10325772614895852,0.043837606108304665,0.02296645033220958,-8.576542544710238,0.14285714285714285,0.16666666666666666
atr_pct & dist_high_20,0.807..0.984 & 1.02..1.54,13597,2.12961570750166,0.35265132014414946,-0.10331633644920886,0.04626434387264643,0.02290784003195924,-8.520355800196224,0.07142857142857142,0.0
ema200_rel & ret_1d_5,-inf..-6.51 & -inf..-9.87,50649,7.932845919633124,0.33183281012458293,-0.10340439403282416,-0.034416763118241635,0.022819782448343942,-17.01699228758703,0.21428571428571427,0.16666666666666666
atr_pct & dow,1.37..1.66 & 1,11830,1.8528612061296346,0.336094674556213,-0.10340969602889268,-0.01430613265800521,0.022814480452275424,-8.096817088346398,0.35714285714285715,0.3333333333333333
dist_high_20 & dow,1.02..1.54 & 1,10954,1.7156586349910412,0.3572211064451342,-0.1035067643052472,0.05673175575238412,0.022717412175920895,-7.60435236191246,0.21428571428571427,0.0
dist_low_20 & ret_1d_5,1.14..1.65 & -5.37..-2.52,11897,1.8633550100865817,0.36320080692611584,-0.10353900051401377,0.06971331171326244,0.02268517596715433,-7.934819558766664,0.21428571428571427,0.5
dist_high_20 & dist_low_20,6.43..inf & 6.59..inf,15145,2.3720695660890376,0.3474413998019148,-0.10363808926625637,-0.06687862346079693,0.022586087214911732,-9.896012877426664,0.0,0.0
up_from_low_30d & dow,31.2..48 & 3,11337,1.7756456038792618,0.34241862926700184,-0.10406558350993636,-0.011662803036923146,0.02215859297123174,-8.044074780240479,0.35714285714285715,0.0
dist_high_20 & up_from_low_30d,3.01..4.22 & 8.62..12.5,8869,1.38909772080843,0.3472770323599053,-0.10458083114803982,0.01956842590580193,0.021643345333128283,-7.070894464943315,0.21428571428571427,0.0
dist_low_20 & ema200_rel,1.65..2.27 & 2.69..5.97,10353,1.6215276472578282,0.3541968511542548,-0.10460257260273474,0.03983795590511954,0.021621603878433357,-7.534239639255847,0.2857142857142857,0.16666666666666666
dd_30d & ema200_rel,-inf..-33.6 & -inf..-6.51,39091,6.122586425089902,0.32854109641605483,-0.10505893965034954,-0.04366066453392854,0.021165236830818557,-15.217577685176929,0.07142857142857142,0.0
dist_low_20 & dow,0.662..1.14 & 2,10548,1.6520693154907342,0.36120591581342437,-0.10518577175776757,0.0695009068843463,0.02103840472340053,-7.556229549255987,0.35714285714285715,0.16666666666666666
atr_pct & dd_30d,0.807..0.984 & -20.5..-16.2,13943,2.1838075906226115,0.3522914724234383,-0.10528995931808621,0.04363236125019602,0.020934217163081886,-8.796430330838168,0.14285714285714285,0.16666666666666666
dist_low_20 & ret_1d_5,3.09..4.3 & -2.52..-0.367,8105,1.2694370309113008,0.3491671807526218,-0.10532829996258981,0.02312306460215006,0.020895876518578285,-6.789581483240222,0.21428571428571427,0.0
atr_pct & ret_1d_5,0.984..1.17 & 4.78..10.2,12862,2.0144971118545527,0.34458093609081014,-0.10566269544331723,0.01869911287318813,0.020561481037850868,-8.520154116563328,0.14285714285714285,0.16666666666666666
atr_pct & dist_low_20,1.17..1.37 & 3.09..4.3,13191,2.066026388001353,0.3406110226669699,-0.10604251544981254,-0.00043371613080008366,0.02018166103135556,-8.74392003867024,0.0,0.16666666666666666
dow & ret_1d_5,2 & -9.87..-5.37,10871,1.702658847999599,0.3424707938552111,-0.10612171388255501,0.005038392885274544,0.02010246259861309,-7.955238756539503,0.35714285714285715,0.0
atr_pct & dd_30d,0.807..0.984 & -12.2..-8.28,11519,1.8041511608966407,0.3540237867870475,-0.10618647322310211,0.04316398244264004,0.02003770325806599,-8.080244745105782,0.21428571428571427,0.16666666666666666
dist_high_20 & dist_low_20,6.43..inf & 1.14..1.65,8970,1.404916738713679,0.3354515050167224,-0.10638018130516937,-0.03407954195362302,0.019843995175998733,-7.39621814177357,0.07142857142857142,0.16666666666666666
dist_high_20 & dist_low_20,1.02..1.54 & 3.09..4.3,11010,1.7244295756117731,0.3446866485013624,-0.10676811027975219,0.016303135932376058,0.019456066201415906,-7.985466153380812,0.0,0.0
dd_30d & ret_1d_5,-inf..-33.6 & -5.37..-2.52,8176,1.2805573306268716,0.33806262230919765,-0.10690805986686816,-0.012404525629149118,0.01931611661429994,-6.991873376059834,0.35714285714285715,0.5
dist_high_20 & dist_low_20,6.43..inf & 0.662..1.14,8762,1.3723389592652457,0.3363387354485277,-0.10725088075878995,-0.03105983721657275,0.018973295722378145,-7.3586219258298495,0.2857142857142857,0.0
dist_high_20 & dist_low_20,-inf..0.556 & 6.59..inf,10860,1.7009359846633838,0.3382136279926335,-0.10726455654551621,-0.01907394856698305,0.018959619935651886,-8.085749102981536,0.0,0.0
dow & ret_1d_5,0 & -5.37..-2.52,10955,1.715815258930697,0.3539936102236422,-0.10745943987272603,0.05021389259677998,0.018764736608442065,-7.8981801361955775,0.2857142857142857,0.3333333333333333
dist_high_20 & up_from_low_30d,4.22..6.43 & 12.5..17.3,9285,1.4542532797052965,0.3444264943457189,-0.10748477843085974,-0.010115809179396825,0.01873939805030836,-7.566492495241409,0.14285714285714285,0.0
atr_pct & dow,0.807..0.984 & 3,11214,1.7563808593015826,0.35348671303727486,-0.10757725441306616,0.04143324898480413,0.018646922068101937,-8.116226599785737,0.14285714285714285,0.16666666666666666
atr_pct & dist_high_20,1.37..1.66 & 1.54..2.18,9273,1.4523737924294253,0.33753909198749055,-0.10767257459613176,-0.018423621820909036,0.018551601885036337,-7.519540708638213,0.2857142857142857,0.16666666666666666
dist_high_20 & dow,1.02..1.54 & 0,10272,1.608841108145698,0.35552959501557635,-0.1078232769236382,0.05505827300031428,0.018400899557529896,-7.658410482130312,0.2857142857142857,0.0
dd_30d & dist_low_20,-12.2..-8.28 & 1.65..2.27,10683,1.6732135473442844,0.35916877281662457,-0.10798262274878018,0.04928187661310365,0.018241553732387922,-7.941570712666526,0.35714285714285715,0.16666666666666666
dd_30d & dow,-33.6..-25.7 & 1,11188,1.7523086368705283,0.33848766535573827,-0.10828216873899912,-0.014011974088104565,0.017942007742168975,-8.282609131185497,0.14285714285714285,0.16666666666666666
dist_low_20 & ema200_rel,2.27..3.09 & -1.84..-0.491,9390,1.4706987933691689,0.3509052183173589,-0.10858440813487355,0.03093113834317123,0.01763976834629455,-7.513914321189589,0.2857142857142857,0.16666666666666666
dist_low_20 & ema200_rel,0.662..1.14 & -3.59..-1.84,13664,2.1401095114586073,0.3592652224824356,-0.10861844823340955,0.0647025293250367,0.01760572824775855,-8.956790659877969,0.2857142857142857,0.5
dist_low_20 & ret_1d_5,6.59..inf & -9.87..-5.37,7683,1.2033417283764989,0.3387999479370038,-0.10911274305259643,-0.037523374540000334,0.017111433428571673,-7.0756982270065265,0.2857142857142857,0.16666666666666666
dist_high_20 & ret_1d_5,1.02..1.54 & -9.87..-5.37,9771,1.5303725143780778,0.35032238256063863,-0.10911985280088607,0.030798597612952536,0.01710432368028203,-7.658249878044392,0.07142857142857142,0.16666666666666666
dist_high_20 & dow,2.18..3.01 & 5,10720,1.679008633111554,0.34617537313432833,-0.10934721451725493,0.01498668097874541,0.016876961963913167,-8.10901419393629,0.21428571428571427,0.0
up_from_low_30d & dow,48..inf & 5,11517,1.8038379130173288,0.33715377268385865,-0.10940916877969055,-0.03323643600857132,0.01681500770147755,-8.620652545252973,0.14285714285714285,0.16666666666666666
dd_30d & ret_1d_5,-25.7..-20.5 & -inf..-9.87,13169,2.062580661328923,0.3360923380666717,-0.10949487201629463,-0.015990589496260695,0.016729304464873473,-9.106279319430277,0.07142857142857142,0.3333333333333333
up_from_low_30d & ret_1d_5,23..31.2 & 1.78..4.78,11692,1.8312471024571164,0.3490420800547383,-0.10960789099161462,0.021874275198141065,0.016616285489553476,-8.48215483331051,0.35714285714285715,0.16666666666666666
atr_pct & up_from_low_30d,1.37..1.66 & 17.3..23,11755,1.8411144106554398,0.3366227137388345,-0.10970123135198093,-0.020524115939951473,0.016522945129187172,-8.645069007042007,0.14285714285714285,0.16666666666666666
dd_30d & ret_1d_5,-20.5..-16.2 & -0.367..1.78,9127,1.4295066972396597,0.3609071984222636,-0.10994414572189155,0.059185324707181956,0.016280030759276545,-7.461195785746898,0.2857142857142857,0.0
dist_high_20 & ret_1d_5,2.18..3.01 & 1.78..4.78,10096,1.5812752947662545,0.35112916006339145,-0.10997342817601119,0.029216609972251867,0.01625074830515691,-7.901303858571979,0.14285714285714285,0.16666666666666666
dow & ret_1d_5,2 & 4.78..10.2,12008,1.8807402673883897,0.3449367088607595,-0.11005450182772918,0.005341187032087859,0.016169674653438923,-8.685099013255442,0.21428571428571427,0.3333333333333333
dist_low_20 & ema200_rel,3.09..4.3 & -1.84..-0.491,7358,1.1524389479883221,0.34656156564283774,-0.11053696789181676,0.01240510121118409,0.01568720858935134,-6.819519492705137,0.14285714285714285,0.16666666666666666
up_from_low_30d & ema200_rel,8.62..12.5 & -inf..-6.51,9830,1.5396133268177774,0.334587995930824,-0.11062633259728268,-0.03771740032777886,0.015597843883885423,-8.06750055547122,0.21428571428571427,0.16666666666666666
atr_pct & dd_30d,0.597..0.807 & -25.7..-20.5,9500,1.487927426731321,0.3628421052631579,-0.11087633830442753,0.07761986273505425,0.01534783817674057,-7.582409993498723,0.15384615384615385,0.16666666666666666
up_from_low_30d & dist_low_20,5.06..8.62 & 2.27..3.09,9445,1.479313110050245,0.35627316040232926,-0.11127351054675938,0.04401845831139785,0.014950665934408719,-7.701249235571662,0.07142857142857142,0.16666666666666666
dist_high_20 & dd_30d,1.54..2.18 & -12.2..-8.28,10244,1.6044556378353318,0.35630613041780557,-0.11127667568223783,0.04984531031686925,0.014947500798930272,-7.962145481599845,0.21428571428571427,0.0
dist_high_20 & dd_30d,1.02..1.54 & -20.5..-16.2,10355,1.62184089513714,0.35615644616127473,-0.11138451609795395,0.04455938326758236,0.014839660383214145,-8.049721186523401,0.07142857142857142,0.0
dist_low_20 & dow,1.14..1.65 & 0,10770,1.6868398300943503,0.3540389972144847,-0.11139516958596864,0.04885919507531032,0.014829006895199462,-8.124315379442598,0.2857142857142857,0.16666666666666666
atr_pct & dow,1.17..1.37 & 2,12567,1.9682930496560538,0.33818731598631335,-0.11145468952227419,-0.005708095211695891,0.014769486958893907,-8.94576364215522,0.07142857142857142,0.3333333333333333
ema200_rel & dow,2.69..5.97 & 6,11479,1.7978862033104035,0.3485495252199669,-0.11147704207882457,0.03362024648431179,0.014747134402343529,-8.40755993977148,0.35714285714285715,0.16666666666666666
atr_pct & dow,0.597..0.807 & 2,9835,1.5403964465160571,0.36237925775292323,-0.11152289884220176,0.07785480832114183,0.014701277638966337,-7.746995443138178,0.6923076923076923,0.16666666666666666
up_from_low_30d & ret_1d_5,23..31.2 & -0.367..1.78,7831,1.2265220714455762,0.352317711658792,-0.11182484145196157,0.030975715021294786,0.014399335029206525,-7.038760759683872,0.42857142857142855,0.3333333333333333
dist_low_20 & dow,6.59..inf & 0,11911,1.8655477452417648,0.33196205188481237,-0.11206259944233232,-0.04597239701084622,0.014161577038835776,-8.976225491612485,0.14285714285714285,0.3333333333333333
atr_pct & up_from_low_30d,1.17..1.37 & 5.06..8.62,7018,1.0991868085053065,0.341407808492448,-0.11216315783720379,-0.006273228339130007,0.014061018643964307,-6.825536711730108,0.2857142857142857,0.16666666666666666
dist_high_20 & ema200_rel,2.18..3.01 & 5.97..inf,10160,1.5912992269042339,0.3329724409448819,-0.11255745964573592,-0.03226847842391983,0.013666716835432177,-8.248648493724156,0.21428571428571427,0.16666666666666666
atr_pct & dd_30d,1.17..1.37 & -inf..-33.6,8925,1.3978686614291622,0.3355742296918767,-0.11298340738295155,-0.007979186982075911,0.013240769098216545,-7.639326281035621,0.14285714285714285,0.16666666666666666
dist_low_20 & ret_1d_5,0.662..1.14 & 4.78..10.2,8950,1.4017842599205603,0.35284916201117317,-0.1131968975529672,0.04283034942389163,0.013027278928200894,-7.556833350962131,0.07142857142857142,0.0
dist_high_20 & up_from_low_30d,2.18..3.01 & 17.3..23,10632,1.6652257264218322,0.3443378480060196,-0.11366201761987436,0.0075630467208495965,0.012562158861293735,-8.399160214609557,0.14285714285714285,0.16666666666666666
dist_low_20 & dow,2.27..3.09 & 5,11495,1.8003921863448984,0.34562853414528055,-0.11374119858035651,0.016009864596923287,0.012482977900811584,-8.741482184533417,0.14285714285714285,0.16666666666666666
dow & ret_1d_5,2 & -inf..-9.87,10905,1.7079840619479005,0.3265474552957359,-0.11378974530004497,-0.041242893171224954,0.012434431181123126,-8.622587109103078,0.21428571428571427,0.16666666666666666
atr_pct & ret_1d_5,0.807..0.984 & 1.78..4.78,11652,1.8249821448708792,0.34963954685890836,-0.11413164759045041,0.03506078633950171,0.012092528890717685,-8.739789174049768,0.21428571428571427,0.3333333333333333
up_from_low_30d & ret_1d_5,17.3..23 & -inf..-9.87,9083,1.4226152438947988,0.33491137289441814,-0.11424235188226578,-0.03789234581878597,0.011981824598902319,-8.044127704751528,0.2857142857142857,0.16666666666666666
dist_low_20 & dow,3.09..4.3 & 5,11285,1.7675011590171534,0.3420469649977847,-0.11424520965404243,-0.001709594710424591,0.011978966827125667,-8.758051754341903,0.14285714285714285,0.16666666666666666
atr_pct & up_from_low_30d,0.807..0.984 & 23..31.2,10116,1.584407773559373,0.34905100830367736,-0.11425838711549659,0.033958438457932054,0.011965789365671511,-8.140599891834437,0.21428571428571427,0.16666666666666666
atr_pct & ret_1d_5,0.597..0.807 & -2.52..-0.367,16233,2.542476412434688,0.36468921333086923,-0.11465808644252198,0.07690202978283998,0.011566090038646115,-10.29877129490391,0.21428571428571427,0.16666666666666666
dd_30d & dist_low_20,-20.5..-16.2 & 1.14..1.65,10871,1.702658847999599,0.35120964032747676,-0.11467105216587785,0.03738081150908064,0.01155312431529025,-8.49190941272819,0.21428571428571427,0.0
dist_high_20 & dist_low_20,1.54..2.18 & 1.14..1.65,9942,1.5571552080592415,0.35194125930396297,-0.1147099129665501,0.04557012627193286,0.011514263514617998,-8.080887197196875,0.2857142857142857,0.0
atr_pct & up_from_low_30d,1.17..1.37 & 12.5..17.3,11084,1.736019747146312,0.33940815590039697,-0.11530627849096725,-0.009510645543939857,0.010917897990200848,-8.75195877939632,0.0,0.16666666666666666
dist_low_20 & ema200_rel,-inf..0.662 & -inf..-6.51,8286,1.297785963989024,0.32850591358918657,-0.11538719757941847,-0.023631782554480722,0.01083697890174963,-7.541669001997393,0.07142857142857142,0.0
ema200_rel & ret_1d_5,-3.59..-1.84 & -9.87..-5.37,17743,2.77897856131514,0.35039170377050105,-0.11540948470179901,0.028744733223697885,0.010814691779369084,-10.982080612548772,0.07142857142857142,0.3333333333333333
dow & ret_1d_5,3 & -5.37..-2.52,11937,1.869619967672819,0.3479936332411829,-0.11551702587402955,0.022691494596397164,0.010707150607138546,-9.00258895741302,0.07142857142857142,0.16666666666666666
atr_pct & ret_1d_5,0.807..0.984 & -5.37..-2.52,13925,2.1809883597088047,0.3490125673249551,-0.11561801317973594,0.033713464502067636,0.010606163301432159,-9.706235749649471,0.2857142857142857,0.0
atr_pct & ema200_rel,0.984..1.17 & 2.69..5.97,13029,2.0406533097770927,0.3401642489830378,-0.11580746075242701,0.008514665481700207,0.010416715728741088,-9.393310509941326,0.14285714285714285,0.3333333333333333
dd_30d & ret_1d_5,-16.2..-12.2 & 4.78..10.2,8995,1.408832337205077,0.3426347971095053,-0.11583438800431067,-0.0025453632156148182,0.010389788476857426,-7.9567552774964065,0.21428571428571427,0.16666666666666666
dist_high_20 & ret_1d_5,1.54..2.18 & 4.78..10.2,11119,1.7415015850342692,0.34481518122133287,-0.11595571711140536,0.01593573662381229,0.010268459369762742,-8.715169911751461,0.14285714285714285,0.16666666666666666
dow & ret_1d_5,0 & 1.78..4.78,10904,1.7078274380082448,0.3561078503301541,-0.11601310402612743,0.055743241117948275,0.010211072455040673,-8.480884406475441,0.5,0.16666666666666666
dd_30d & ret_1d_5,-12.2..-8.28 & -9.87..-5.37,7082,1.1092107406432858,0.3552668737644733,-0.11612590705695335,0.04512303512900244,0.010098269424214754,-6.95696452347502,0.2857142857142857,0.16666666666666666
up_from_low_30d & ret_1d_5,23..31.2 & 4.78..10.2,16272,2.548584746081269,0.34507128810226156,-0.11634363758057378,0.002734443079922153,0.009880538900594316,-10.69310713676969,0.42857142857142855,0.16666666666666666
dist_high_20 & dd_30d,2.18..3.01 & -inf..-33.6,8615,1.3493152401358244,0.334881021474173,-0.11635131048560356,-0.026789382018492035,0.009872865995564542,-7.821750159748866,0.35714285714285715,0.16666666666666666
atr_pct & dd_30d,0.807..0.984 & -8.28..-4.52,10143,1.588636619930083,0.34881198856354134,-0.11640167019240193,0.033316607881213045,0.009822506288766172,-8.351266293538508,0.35714285714285715,0.16666666666666666
dist_high_20 & dd_30d,2.18..3.01 & -4.52..inf,9507,1.4890237943089126,0.34469338382244663,-0.11652971949380517,0.005758459753442642,0.009694456987362932,-8.176992798988872,0.21428571428571427,0.16666666666666666
dist_high_20 & dd_30d,-inf..0.556 & -16.2..-12.2,9826,1.5389868310591537,0.36942804803582335,-0.11658670951420753,0.08727952002624331,0.009637466966960564,-8.079242503066823,0.14285714285714285,0.16666666666666666
dist_low_20 & ret_1d_5,4.3..6.59 & 1.78..4.78,8222,1.2877620318510443,0.3382388713208465,-0.11664305631592965,-0.009149881313767205,0.009581120165238446,-7.6137736070041875,0.2857142857142857,0.0
up_from_low_30d & ema200_rel,5.06..8.62 & -inf..-6.51,11559,1.810416118482878,0.32883467427978197,-0.11664706786441437,-0.03803043939919311,0.009577108616753732,-9.170835308897516,0.07142857142857142,0.16666666666666666
dd_30d & dist_low_20,-20.5..-16.2 & 0.662..1.14,10879,1.7039118395168464,0.3538928210313448,-0.11665105715231215,0.04737202436759048,0.009573119328855947,-8.617438163792489,0.21428571428571427,0.0
atr_pct & ema200_rel,0.807..0.984 & 2.69..5.97,11721,1.8357891967071382,0.3464721440150158,-0.11673304200769735,0.03182029394414909,0.009491134473470747,-8.910460323391957,0.2857142857142857,0.0
dist_high_20 & ema200_rel,1.02..1.54 & 5.97..inf,9316,1.45910862183463,0.33437097466723914,-0.11686419651316332,-0.02159723940658076,0.009359979968004778,-8.112454893237517,0.0,0.0
dist_high_20 & dow,6.43..inf & 3,12829,2.009328521845907,0.3386857900070154,-0.11687578897381426,-0.054479727322547626,0.00934838750735384,-9.958343576127021,0.14285714285714285,0.16666666666666666
dd_30d & ema200_rel,-16.2..-12.2 & -0.491..0.891,11350,1.7776817150947888,0.359647577092511,-0.11698940015665257,0.05134829261077033,0.009234776324515526,-8.866229438146073,0.35714285714285715,0.16666666666666666
dist_high_20 & dist_low_20,0.556..1.02 & 3.09..4.3,11654,1.8252953927501911,0.3438304444825811,-0.11713261826877382,0.020578202444305256,0.009091558212394282,-8.98415825073583,0.07142857142857142,0.0
dist_high_20 & ema200_rel,1.54..2.18 & -3.59..-1.84,12793,2.0036900600182936,0.3537872273899789,-0.11732512432559569,0.04514801418780542,0.008899052155572407,-9.413776998871409,0.14285714285714285,0.5
up_from_low_30d & dow,8.62..12.5 & 6,10811,1.6932614116202434,0.3645361206178892,-0.11745486499702532,0.08855639377678097,0.008769311484142783,-8.435463204274866,0.21428571428571427,0.3333333333333333
atr_pct & ema200_rel,0.597..0.807 & -1.84..-0.491,16588,2.5980779110125423,0.3639377863515795,-0.11748602411501478,0.07347013993605928,0.008738152366153315,-10.70168334847589,0.14285714285714285,0.0
dist_high_20 & up_from_low_30d,2.18..3.01 & -inf..5.06,9267,1.4514340487914896,0.3544836516672062,-0.1175363119365777,0.05073382569377018,0.008687864544590404,-8.004384080623721,0.2857142857142857,0.0
up_from_low_30d & dist_low_20,17.3..23 & 1.65..2.27,10544,1.6514428197321105,0.34683232169954475,-0.11754095142935372,0.019787859462297767,0.008683225051814375,-8.592909508082222,0.14285714285714285,0.0
atr_pct & dist_high_20,1.17..1.37 & -inf..0.556,6594,1.0327782580911926,0.33788292387018504,-0.11778225491142234,-0.011914003537846893,0.008441921569745756,-6.886891596473947,0.07142857142857142,0.0
atr_pct & dist_low_20,0.807..0.984 & -inf..0.662,10085,1.5795524314300393,0.3480416460089241,-0.11778832087049086,0.03202443515239298,0.008435855610677237,-8.383854299263872,0.07142857142857142,0.16666666666666666
dist_high_20 & dd_30d,6.43..inf & -25.7..-20.5,10518,1.6473705973010562,0.3358052861760791,-0.11789699734769687,-0.048755617364111326,0.008327179133471224,-9.027874652915083,0.07142857142857142,0.0
up_from_low_30d & ret_1d_5,8.62..12.5 & -9.87..-5.37,9813,1.5369507198436267,0.3462753490268012,-0.11790334981964092,0.0018344681672178825,0.008320826661527184,-8.461968536595226,0.2857142857142857,0.3333333333333333
dd_30d & dow,-inf..-33.6 & 5,11358,1.7789347066120362,0.3323648529670717,-0.11797262047641917,-0.03826058922489966,0.00825155600474893,-9.203519947558458,0.14285714285714285,0.16666666666666666
dist_high_20 & dd_30d,3.01..4.22 & -8.28..-4.52,8748,1.3701462241100628,0.3433927754915409,-0.1182130416046382,0.0058851892448360445,0.008011134876529893,-7.950024969838953,0.21428571428571427,0.16666666666666666
dd_30d & dow,-8.28..-4.52 & 0,11316,1.7723565011464872,0.35533757511488157,-0.11831896573707429,0.04933901547340049,0.00790521074409381,-8.852426360437862,0.2857142857142857,0.16666666666666666
dist_high_20 & dd_30d,1.54..2.18 & -25.7..-20.5,10452,1.637033417283765,0.34280520474550324,-0.11859456582410345,0.014916197001857496,0.007629610657064648,-8.66750843855199,0.14285714285714285,0.16666666666666666
up_from_low_30d & ret_1d_5,31.2..48 & 10.2..inf,22866,3.5813630041724616,0.3360010495932826,-0.11875953754066795,-0.03472765717625318,0.007464638940500146,-13.159745872813266,0.21428571428571427,0.3333333333333333
atr_pct & ema200_rel,0.807..0.984 & -1.84..-0.491,12784,2.00228044456139,0.3487171464330413,-0.11911824912865245,0.03052356239958328,0.0071059273525156536,-9.592662279578919,0.21428571428571427,0.0
ema200_rel & ret_1d_5,-3.59..-1.84 & -5.37..-2.52,21492,3.366161711085216,0.3588311930020473,-0.11912898436825961,0.05266747045918453,0.007095192112908488,-12.358760408633902,0.21428571428571427,0.16666666666666666
dist_low_20 & dow,0.662..1.14 & 6,14601,2.2868661429162125,0.3686048900760222,-0.11921512380310077,0.10114053832083532,0.007009052678067326,-9.89928470314985,0.35714285714285715,0.3333333333333333
dist_high_20 & dist_low_20,2.18..3.01 & 0.662..1.14,11428,1.7898983823879513,0.35063003150157507,-0.11922895792616901,0.03947762522931171,0.006995218554999086,-9.03640050047163,0.21428571428571427,0.0
up_from_low_30d & dow,17.3..23 & 1,10648,1.6677317094563269,0.3409090909090909,-0.11940342529819263,-0.0004132870386573524,0.006820751182975468,-8.848614623660342,0.2857142857142857,0.0
dist_low_20 & ret_1d_5,4.3..6.59 & -2.52..-0.367,6579,1.0304288989963537,0.3409332725338197,-0.11987475913720853,-0.01271480453342316,0.006349417343959565,-7.062369980224146,0.35714285714285715,0.0
atr_pct & dow,1.37..1.66 & 4,12418,1.9449560826473205,0.34667418263810595,-0.11989310094641437,-0.03104920474073479,0.006331075534753733,-10.006497962092954,0.14285714285714285,0.16666666666666666
dd_30d & dow,-8.28..-4.52 & 2,10877,1.7035985916375347,0.35414176703135053,-0.12021902154893586,0.0396602256290633,0.0060051549322322345,-8.869646604225077,0.5,0.3333333333333333
dist_high_20 & ema200_rel,1.54..2.18 & 2.69..5.97,11185,1.7518387650515606,0.3400089405453733,-0.12032161915335973,0.004761883918766218,0.0059025573278083665,-9.070772117064319,0.07142857142857142,0.16666666666666666
dist_high_20 & dow,4.22..6.43 & 2,11769,1.843307145810623,0.33656215481349305,-0.12038700079659499,-0.030400618813311707,0.0058371756845731065,-9.514657335962916,0.07142857142857142,0.0
atr_pct & dow,1.17..1.37 & 5,10213,1.599600295705998,0.3335944384607853,-0.12085139571340639,-0.015211640069190383,0.005372780767761709,-8.802208464365203,0.2857142857142857,0.16666666666666666
ema200_rel & dow,-0.491..0.891 & 2,11433,1.7906815020862308,0.3587859704364559,-0.12098699340136955,0.05932971494639659,0.005237183079798549,-9.061770865637843,0.35714285714285715,0.16666666666666666
up_from_low_30d & ema200_rel,12.5..17.3 & -6.51..-3.59,10122,1.5853475171973086,0.33688994269907135,-0.12109402715590449,-0.016266259620899455,0.005130149325263608,-8.837914361433453,0.21428571428571427,0.16666666666666666
atr_pct & ema200_rel,0.807..0.984 & -0.491..0.891,11443,1.7922477414827902,0.3478108887529494,-0.1214637282269701,0.028185660284319063,0.0047604482541979964,-9.266617124201161,0.14285714285714285,0.0
dd_30d & dow,-25.7..-20.5 & 4,11310,1.7714167575085518,0.34986737400530504,-0.1215351861555665,-0.010894949834325332,0.004688990325601605,-9.590984485377534,0.14285714285714285,0.16666666666666666
atr_pct & dow,1.37..1.66 & 5,10639,1.6663220939994237,0.33104615095403706,-0.12172688475950179,-0.032872941350408774,0.0044972917216663105,-9.134809101241753,0.2857142857142857,0.16666666666666666
atr_pct & dist_high_20,1.17..1.37 & 0.556..1.02,7701,1.2061609592903055,0.3350214257888586,-0.12174446580671894,-0.015820386288214583,0.004479710674449161,-7.680310050930992,0.0,0.16666666666666666
dist_high_20 & dist_low_20,0.556..1.02 & 6.59..inf,9551,1.4959152476537734,0.3309601088891216,-0.12185609068286962,-0.03813358228090771,0.004368085798298477,-8.659213858255235,0.0,0.0
dist_high_20 & dow,0.556..1.02 & 0,10627,1.6644426067235525,0.357203349957655,-0.12188158811765504,0.06281831425100261,0.004342588363513061,-8.764885070962649,0.2857142857142857,0.16666666666666666
dist_high_20 & ret_1d_5,0.556..1.02 & -9.87..-5.37,8953,1.402254131739528,0.3472579023790908,-0.12190975702473013,0.028896765157921295,0.004314419456437971,-8.203642028130322,0.07142857142857142,0.0
up_from_low_30d & dow,-inf..5.06 & 6,11187,1.7521520129308725,0.37731295253419145,-0.1221752408694327,0.12862728108178142,0.004048935611735402,-8.698648455876297,0.42857142857142855,0.16666666666666666
up_from_low_30d & ema200_rel,17.3..23 & -1.84..-0.491,9866,1.545251788645391,0.3472531927832962,-0.12238937905698678,0.01894783774346997,0.003834797424181316,-8.697123594247376,0.2857142857142857,0.3333333333333333
atr_pct & dist_high_20,0.984..1.17 & 0.556..1.02,9590,1.5020235813003546,0.3386861313868613,-0.12259356792451333,0.0022190349349016448,0.0036306085566547713,-8.577300596535105,0.07142857142857142,0.0
atr_pct & ema200_rel,0.807..0.984 & -6.51..-3.59,11781,1.845186633086494,0.3436889907478143,-0.1226179980972574,0.02597602207611867,0.0036061783839106964,-9.431836768834218,0.21428571428571427,0.3333333333333333
atr_pct & ema200_rel,2.18..inf & -inf..-6.51,29638,4.642020323522409,0.3232674269518861,-0.12266860582613535,-0.07867101264710057,0.0035555706550327443,-15.875395518928162,0.14285714285714285,0.0
dd_30d & dow,-12.2..-8.28 & 2,11466,1.7958500920948766,0.3494679923251352,-0.12282710667306514,0.02503267556193734,0.003397069808102962,-9.38180927690625,0.2857142857142857,0.16666666666666666
dd_30d & dist_low_20,-8.28..-4.52 & 6.59..inf,7846,1.2288714305404151,0.3326535814427734,-0.122926360139197,-0.056003029103415786,0.0032978163419710993,-8.076662385592428,0.07142857142857142,0.0
dist_high_20 & dd_30d,1.54..2.18 & -inf..-33.6,7049,1.1040421506346403,0.3308270676691729,-0.12298265747821499,-0.029009413698240255,0.0032415190029531082,-7.4664024226898436,0.21428571428571427,0.16666666666666666
dist_high_20 & up_from_low_30d,4.22..6.43 & 8.62..12.5,7927,1.2415579696525454,0.3406080484420336,-0.12302976793549981,-0.02017061292343851,0.003194408545668284,-8.017602252293369,0.21428571428571427,0.16666666666666666
atr_pct & dow,2.18..inf & 6,8410,1.317207332506359,0.3217598097502973,-0.12309422843130206,-0.07778828062433195,0.0031299480498660354,-8.373306249798974,0.07142857142857142,0.16666666666666666
dd_30d & dow,-12.2..-8.28 & 5,11104,1.7391522259394303,0.36023054755043227,-0.12331075934683973,0.057465127161016955,0.0029134171343283694,-9.209273378927696,0.21428571428571427,0.3333333333333333
dd_30d & dist_low_20,-25.7..-20.5 & 2.27..3.09,10910,1.7087671816461802,0.3387717690192484,-0.1233111203004594,-0.005650084361266166,0.002913056180708695,-9.268848984300961,0.14285714285714285,0.0
dist_low_20 & ret_1d_5,3.09..4.3 & 4.78..10.2,11028,1.7272488065255798,0.33959013420384476,-0.12335993974126545,-0.009772245843367017,0.0028642367399026453,-9.339914556377249,0.21428571428571427,0.0
dist_high_20 & up_from_low_30d,6.43..inf & 31.2..48,11376,1.7817539375258429,0.3357067510548523,-0.12359896658792627,-0.06485246975334469,0.002625209893241831,-9.945980623969344,0.14285714285714285,0.0
atr_pct & dist_high_20,0.984..1.17 & -inf..0.556,8342,1.3065569046097558,0.3388875569407816,-0.123617229112808,0.0012029297872552228,0.0026069473683601047,-8.070335797436627,0.0,0.0
dd_30d & ema200_rel,-16.2..-12.2 & 0.891..2.69,10219,1.6005400393439337,0.34426069086994815,-0.12375937127565888,0.01653020812518978,0.0024648052055092212,-8.910273438717004,0.2857142857142857,0.0
dist_low_20 & ema200_rel,3.09..4.3 & -3.59..-1.84,8294,1.2990389555062711,0.33904027007475285,-0.12384907734314436,-0.008825377569413156,0.002375099138023737,-8.171015532956693,0.21428571428571427,0.0
ema200_rel & ret_1d_5,-1.84..-0.491 & -0.367..1.78,15143,2.3717563182097257,0.36511919698870765,-0.12387723105756766,0.07878912697011148,0.0023469454236004356,-10.683678335378733,0.2857142857142857,0.0
atr_pct & dow,0.807..0.984 & 5,11610,1.8184039394053302,0.34565030146425496,-0.12389738707501795,0.025440804663155365,0.002326789406150151,-9.47790982929139,0.21428571428571427,0.16666666666666666
atr_pct & up_from_low_30d,0.984..1.17 & 8.62..12.5,10558,1.6536355548872934,0.33936351581738966,-0.12429425946972553,0.00056305759746933,0.0019299170114425723,-9.176118351029634,0.14285714285714285,0.16666666666666666
dd_30d & dow,-20.5..-16.2 & 6,11136,1.74416419200842,0.34832974137931033,-0.12432120252440453,0.04213024162068199,0.0019029739567635734,-9.220416796696588,0.07142857142857142,0.16666666666666666
dd_30d & dist_low_20,-12.2..-8.28 & 2.27..3.09,9785,1.5325652495332607,0.3493101686254471,-0.12433749601452006,0.013971374544720416,0.0018866804666480413,-8.84123976270267,0.14285714285714285,0.0
dist_high_20 & dd_30d,1.02..1.54 & -25.7..-20.5,9383,1.4696024257915774,0.34605136949802834,-0.12447668231867243,0.01962915676462746,0.001747494162495672,-8.588216828831749,0.14285714285714285,0.0
atr_pct & ema200_rel,1.37..1.66 & 5.97..inf,13392,2.097507799872195,0.330421146953405,-0.12453234759491759,-0.03594392682362761,0.0016918288862505099,-10.45753805796567,0.07142857142857142,0.0
up_from_low_30d & ret_1d_5,17.3..23 & -5.37..-2.52,8638,1.3529175907479107,0.3438295901829127,-0.12459746774437783,0.009723815754299547,0.0016267087367902722,-8.27059535402796,0.2857142857142857,0.16666666666666666
dd_30d & dist_low_20,-16.2..-12.2 & -inf..0.662,10799,1.6913819243443722,0.36429299009167515,-0.12479654775361954,0.07893153846706091,0.0014276287275485633,-9.088544205656,0.2857142857142857,0.3333333333333333
dow & ret_1d_5,5 & -2.52..-0.367,11034,1.7281885501635155,0.3655066159144463,-0.12495221501103582,0.07886375154812345,0.0012719614701322823,-9.159264121267404,0.5714285714285714,0.16666666666666666
dd_30d & ret_1d_5,-20.5..-16.2 & -inf..-9.87,8359,1.3092195115839065,0.33676277066634763,-0.1251338122107982,-0.021975875379383072,0.0010903642703699035,-8.325235842950802,0.14285714285714285,0.3333333333333333
dist_high_20 & ema200_rel,1.02..1.54 & -3.59..-1.84,11128,1.7429112004911727,0.3563982746225737,-0.1256597117933578,0.04581039434410736,0.0005644646878102955,-9.410400089426982,0.07142857142857142,0.3333333333333333
dd_30d & ema200_rel,-12.2..-8.28 & -3.59..-1.84,10185,1.595214825395632,0.36131566028473244,-0.12566453318558424,0.06276170671371276,0.0005596432955838615,-8.99750018770701,0.2857142857142857,0.3333333333333333
dist_low_20 & ret_1d_5,1.14..1.65 & 10.2..inf,6444,1.0092846671428035,0.3319366852886406,-0.12574601901573057,-0.027922667777409153,0.0004781574654375287,-7.320086114915121,0.2857142857142857,0.3333333333333333
ema200_rel & dow,-inf..-6.51 & 2,10211,1.5992870478266863,0.3246498873763588,-0.12575749000225886,-0.05615648414777231,0.00046668647890923953,-9.318892505297432,0.21428571428571427,0.5
dist_high_20 & dist_low_20,-inf..0.556 & 4.3..6.59,13248,2.0749539525617413,0.33952294685990336,-0.1257688915600854,-0.0016405308579570646,0.00045528492108271035,-10.376998229100462,0.0,0.0
atr_pct & up_from_low_30d,0.984..1.17 & 23..31.2,12323,1.9300768083800073,0.33725553842408507,-0.12590305528107418,-0.0016508713417393074,0.0003211212000939212,-9.998390923112888,0.14285714285714285,0.16666666666666666
up_from_low_30d & dist_low_20,23..31.2 & 6.59..inf,11170,1.7494894059567216,0.3341092211280215,-0.12627979146836932,-0.051815470326076654,-5.5614987201219046e-05,-9.91445587725334,0.14285714285714285,0.16666666666666666
dow & ret_1d_5,2 & -2.52..-0.367,11525,1.8050909045345762,0.3527982646420824,-0.1263094180033763,0.04328220026998593,-8.524152220820702e-05,-9.536480400044306,0.42857142857142855,0.16666666666666666
ema200_rel & ret_1d_5,-1.84..-0.491 & 1.78..4.78,9076,1.4215188763172073,0.35125605993829884,-0.12655195540051606,0.02329696164076848,-0.00032777891934795966,-8.640277613180915,0.35714285714285715,0.16666666666666666
dow & ret_1d_5,4 & -9.87..-5.37,12172,1.906426593491962,0.3445612882024318,-0.12702911455750643,-0.017225043348920444,-0.0008049380763383296,-10.355692863364318,0.14285714285714285,0.16666666666666666
dist_low_20 & dow,0.662..1.14 & 3,10829,1.69608064253405,0.3553421368547419,-0.12702958887012625,0.042454000772634955,-0.0008054123889581488,-9.406173326517422,0.21428571428571427,0.16666666666666666
dist_high_20 & ema200_rel,1.54..2.18 & 5.97..inf,9667,1.5140836246538611,0.3293679528292128,-0.12707371138872015,-0.03917510852003222,-0.0008495349075520464,-9.077856845839431,0.21428571428571427,0.0
up_from_low_30d & dow,12.5..17.3 & 3,11606,1.8177774436467065,0.34620024125452353,-0.12708519606132912,0.006845525965297004,-0.000861019580161021,-9.892728621989509,0.42857142857142855,0.16666666666666666
dist_low_20 & ret_1d_5,2.27..3.09 & 4.78..10.2,10435,1.6343708103096142,0.34202204120747487,-0.12717894873593044,-0.004333868292259889,-0.0009547722547623427,-9.35484644668177,0.14285714285714285,0.0
dd_30d & ema200_rel,-25.7..-20.5 & -1.84..-0.491,10517,1.6472139733614004,0.3466768089759437,-0.12722882244289674,0.02261435935712368,-0.0010046459617286396,-9.302421384281772,0.21428571428571427,0.16666666666666666
dd_30d & ret_1d_5,-20.5..-16.2 & 1.78..4.78,8530,1.3360022052650704,0.3493552168815944,-0.12725035694368345,0.013697785400666752,-0.001026180462515347,-8.478985080179445,0.2857142857142857,0.16666666666666666
atr_pct & dist_low_20,0.807..0.984 & 2.27..3.09,13064,2.0461351476650504,0.34621861604409065,-0.12728542117312538,0.021728261772876383,-0.001061244691957286,-10.36912667683962,0.14285714285714285,0.0
dd_30d & ret_1d_5,-20.5..-16.2 & 4.78..10.2,8022,1.2564372439198586,0.337571677885814,-0.12735696509959027,-0.013751495721652091,-0.0011327886184221703,-8.213971903672409,0.2857142857142857,0.16666666666666666
atr_pct & dow,0.984..1.17 & 5,10907,1.7082973098272125,0.3381314751994132,-0.12745682823269272,-0.002866945541128214,-0.0012326517515246216,-9.556496903441799,0.0,0.16666666666666666
dd_30d & dist_low_20,-8.28..-4.52 & 4.3..6.59,8055,1.2616058339285043,0.33519553072625696,-0.12779587613526153,-0.02897284278866492,-0.001571699654093428,-8.354541036366415,0.2857142857142857,0.0
dist_high_20 & up_from_low_30d,3.01..4.22 & 12.5..17.3,9775,1.5309990101367015,0.3375959079283887,-0.1278342577395198,-0.014278819090231688,-0.0016100812583517143,-9.157052581199062,0.14285714285714285,0.16666666666666666
ema200_rel & dow,-1.84..-0.491 & 6,12082,1.8923304389229285,0.36947525244164875,-0.1278353421293713,0.10495640174558288,-0.001611165648203211,-9.642658635792598,0.35714285714285715,0.16666666666666666
dd_30d & dist_low_20,-25.7..-20.5 & 3.09..4.3,10949,1.7148755152927615,0.3344597680153439,-0.12791674424137822,-0.019611985189353122,-0.001692567760210123,-9.71508344066296,0.14285714285714285,0.16666666666666666
dist_high_20 & ret_1d_5,6.43..inf & -inf..-9.87,22068,3.456377100327031,0.31933115823817293,-0.1280752191594794,-0.0750845341821332,-0.0018510426783112932,-14.11122049169043,0.14285714285714285,0.16666666666666666
dist_high_20 & dd_30d,6.43..inf & -20.5..-16.2,8606,1.347905624678921,0.33627701603532417,-0.12818830929873837,-0.060150003604683214,-0.001964132817570269,-9.0060033817686,0.14285714285714285,0.0
up_from_low_30d & dist_low_20,8.62..12.5 & 4.3..6.59,7582,1.18752271047125,0.34080717488789236,-0.1283288424825,-0.020761697320160505,-0.002104666001331912,-8.131494069172568,0.14285714285714285,0.16666666666666666
up_from_low_30d & dist_low_20,12.5..17.3 & 1.14..1.65,10979,1.7195742334824393,0.3522178704800073,-0.12850645630544597,0.03846258269176166,-0.0022822798242778664,-9.53636326444876,0.21428571428571427,0.16666666666666666
dd_30d & ret_1d_5,-inf..-33.6 & -inf..-9.87,32499,5.090121414878022,0.321240653558571,-0.12867021478099788,-0.06801710489871321,-0.0024460382998297836,-17.122307499834367,0.07142857142857142,0.16666666666666666
atr_pct & dist_low_20,0.984..1.17 & 4.3..6.59,10724,1.6796351288701776,0.33830660201417384,-0.1288946149124288,-0.004977511486459107,-0.002670438431260691,-9.577294476794162,0.21428571428571427,0.0
ema200_rel & dow,0.891..2.69 & 2,11584,1.814331716974276,0.350310773480663,-0.12899739635749036,0.03311371789986023,-0.002773219876322258,-9.813247025228797,0.42857142857142855,0.16666666666666666
dist_high_20 & dist_low_20,1.54..2.18 & 0.662..1.14,10157,1.5908293550852661,0.3556168159889731,-0.12957960100971172,0.056225532988831727,-0.0033554245285436213,-9.196928874922957,0.2857142857142857,0.5
up_from_low_30d & dow,-inf..5.06 & 5,11338,1.7758022278189176,0.3668195448932792,-0.1297886549189155,0.0905453315049854,-0.0035644784377474037,-9.49389744728183,0.42857142857142855,0.3333333333333333
dow & ret_1d_5,6 & 10.2..inf,13025,2.040026814018469,0.3285988483685221,-0.12986626980336327,-0.03841784925845446,-0.0036420933221951723,-10.730474347332592,0.14285714285714285,0.16666666666666666
dist_high_20 & ema200_rel,0.556..1.02 & 5.97..inf,8602,1.3472791289202972,0.3315508021390374,-0.12989319870526508,-0.02748691777832697,-0.003669022224096985,-8.673602227681211,0.0,0.0
dist_high_20 & dd_30d,0.556..1.02 & -20.5..-16.2,9945,1.5576250798782092,0.35193564605329314,-0.12995588893105436,0.03864753731601168,-0.0037317124498862653,-9.190405253093392,0.14285714285714285,0.0
dist_high_20 & ret_1d_5,1.54..2.18 & -2.52..-0.367,10448,1.6364069215251413,0.35164624808575806,-0.13002516463319014,0.04081942754827876,-0.003800988152022039,-9.394499796252726,0.14285714285714285,0.0
ema200_rel & dow,-1.84..-0.491 & 0,11333,1.7750191081206381,0.3538339362922439,-0.13067267897589396,0.04724702406803525,-0.0044485024947258645,-9.796704155246275,0.21428571428571427,0.16666666666666666
dd_30d & dist_low_20,-12.2..-8.28 & 1.14..1.65,11527,1.8054041524138882,0.3566409299904572,-0.130793766843914,0.047688628716921144,-0.004569590362745901,-9.957878569545862,0.2857142857142857,0.0
atr_pct & ret_1d_5,0.597..0.807 & -5.37..-2.52,14354,2.248180029821198,0.3592726766058242,-0.13096881564948484,0.058193585180182014,-0.004744639168316744,-11.108209698356031,0.2857142857142857,0.16666666666666666
dow & ret_1d_5,1 & -5.37..-2.52,11193,1.753091756568808,0.34467971053336904,-0.13100724458900934,0.010678771350459396,-0.004783068107841237,-9.901818396796788,0.2857142857142857,0.16666666666666666
dist_high_20 & dow,0.556..1.02 & 2,10634,1.665538974301144,0.3497272898250893,-0.13112113737121664,0.03830178527937924,-0.004896960890048541,-9.521798826688553,0.42857142857142855,0.0
dow & ret_1d_5,3 & -2.52..-0.367,11106,1.7394654738187423,0.3509814514676751,-0.13118577139902962,0.03377337306922349,-0.004961594917861523,-9.872010893239697,0.21428571428571427,0.16666666666666666
dist_high_20 & ema200_rel,0.556..1.02 & -3.59..-1.84,9328,1.4609881091105013,0.3557032590051458,-0.13146270829973492,0.04951266783023587,-0.005238531818566816,-8.972730233326077,0.14285714285714285,0.16666666666666666
dist_low_20 & ret_1d_5,1.14..1.65 & -2.52..-0.367,12060,1.8888847122504981,0.3587893864013267,-0.13150260003935527,0.0634879188786956,-0.0052784235581871675,-10.154932388309552,0.35714285714285715,0.0
dist_high_20 & up_from_low_30d,1.02..1.54 & 23..31.2,10317,1.6158891854302146,0.3417660172530774,-0.13151584269763442,0.0033548429908755923,-0.0052916662164663175,-9.550127698244346,0.14285714285714285,0.16666666666666666
dist_low_20 & dow,2.27..3.09 & 4,12408,1.9433898432507613,0.3503384912959381,-0.13161951871600344,-0.008105002063950519,-0.005395342234835343,-10.844404077535561,0.07142857142857142,0.16666666666666666
dist_low_20 & ret_1d_5,4.3..6.59 & -5.37..-2.52,8027,1.2572203636181383,0.33412233711224615,-0.13165280469050186,-0.02679232228577386,-0.0054286282093337634,-8.57016301247572,0.0,0.0
dd_30d & up_from_low_30d,-8.28..-4.52 & 23..31.2,10254,1.606021877231891,0.342305441778818,-0.13180418078675482,-0.0016744050517945941,-0.005580004305586722,-9.621416312712952,0.2857142857142857,0.3333333333333333
ema200_rel & dow,-3.59..-1.84 & 4,11400,1.7855129120775852,0.35526315789473684,-0.13188626998737832,0.004999198148036159,-0.0056620935062102196,-10.48196512073654,0.14285714285714285,0.3333333333333333
dd_30d & dow,-4.52..inf & 0,11779,1.8448733852071821,0.35945326428389507,-0.13191787840472619,0.06825084832496187,-0.005693701923558087,-9.917219660641829,0.5,0.3333333333333333
dd_30d & up_from_low_30d,-33.6..-25.7 & 8.62..12.5,11218,1.7570073550602063,0.33428418612943483,-0.13193632302475278,-0.025932182824675694,-0.0057121465435846785,-10.124344467871502,0.21428571428571427,0.0
atr_pct & dist_low_20,0.597..0.807 & 0.662..1.14,15858,2.4837424350637147,0.35716988270904276,-0.13196921825403712,0.05932836399365257,-0.005745041772869025,-11.745020938451308,0.21428571428571427,0.16666666666666666
atr_pct & dd_30d,1.17..1.37 & -8.28..-4.52,7162,1.12174065581576,0.3320301591734153,-0.13199433374392966,-0.026285550025427505,-0.0057701572627615605,-8.085456412065248,0.2857142857142857,0.0
ema200_rel & dow,5.97..inf & 5,13077,2.0481712588805774,0.3339450944406209,-0.13217116564742185,-0.0486550582456701,-0.005946989166253747,-11.164407740239303,0.14285714285714285,0.16666666666666666
dist_low_20 & dow,-inf..0.662 & 3,10749,1.6835507273615757,0.3564052469997209,-0.13238581536965843,0.05429159859080254,-0.006161638888490334,-9.687849854373013,0.2857142857142857,0.3333333333333333
dist_low_20 & ema200_rel,-inf..0.662 & -3.59..-1.84,14589,2.2849866556403415,0.35951744465007884,-0.13251250504348638,0.06618645709630412,-0.006288328562318285,-11.249765157999201,0.07142857142857142,0.0
up_from_low_30d & dow,23..31.2 & 4,11266,1.7645253041636908,0.34315639978696966,-0.1325130192518828,-0.02324493410665989,-0.006288842770714703,-10.430493975802943,0.21428571428571427,0.3333333333333333
atr_pct & up_from_low_30d,0.807..0.984 & 8.62..12.5,13164,2.0617975416306433,0.34275296262534183,-0.13267016511197724,0.01691311144139744,-0.006445988630809141,-10.856809409111674,0.2857142857142857,0.0
atr_pct & ret_1d_5,0.984..1.17 & 1.78..4.78,11105,1.7393088498790863,0.3379558757316524,-0.13276273404848404,-0.008123494280342862,-0.006538557567315945,-10.072637968731174,0.21428571428571427,0.5
dist_low_20 & ret_1d_5,3.09..4.3 & 1.78..4.78,8879,1.3906639602049895,0.3404662687239554,-0.13276849862311563,-0.005545244267451233,-0.006544322141947528,-8.988540788331541,0.21428571428571427,0.16666666666666666
atr_pct & dist_high_20,0.807..0.984 & 0.556..1.02,12240,1.9170770213885653,0.3419934640522876,-0.13305652973191087,0.016623421888309262,-0.006832353250742773,-10.4691806333991,0.21428571428571427,0.0
dd_30d & ret_1d_5,-33.6..-25.7 & -0.367..1.78,6747,1.05674172085855,0.33852082406995704,-0.1332459407486925,-0.013487062849587549,-0.007021764267524405,-7.916296848093832,0.14285714285714285,0.16666666666666666
dist_low_20 & dow,1.65..2.27 & 3,11235,1.759669962034357,0.3445482866043614,-0.13334723612380903,0.003675042449486798,-0.007123059642640928,-10.174740912007843,0.0,0.16666666666666666
dd_30d & ret_1d_5,-4.52..inf & 10.2..inf,20184,3.1612975980152616,0.32951843043995244,-0.13363019721681105,-0.03951309823178497,-0.007406020735642949,-13.76995558975924,0.07142857142857142,0.16666666666666666
dd_30d & ema200_rel,-inf..-33.6 & -3.59..-1.84,8070,1.2639551930233432,0.33122676579925653,-0.13383035413325645,-0.03555468667810086,-0.007606177652088347,-8.722279756033496,0.21428571428571427,0.16666666666666666
ema200_rel & dow,-0.491..0.891 & 1,11616,1.8193436830432659,0.3552858126721763,-0.1339058218435394,0.05226829264814677,-0.007681645362371314,-10.111177120388593,0.35714285714285715,0.0
dist_high_20 & dist_low_20,0.556..1.02 & 4.3..6.59,11971,1.8749451816211204,0.33414084036421354,-0.13457770812958217,-0.019641103925306606,-0.00835353164841407,-10.601977798395444,0.07142857142857142,0.0
dist_low_20 & ret_1d_5,0.662..1.14 & -9.87..-5.37,9091,1.4238682354120462,0.34055659443405567,-0.13458511780589633,0.01273640143765135,-0.008360941324728227,-9.139520651457826,0.0,0.3333333333333333
atr_pct & dd_30d,0.807..0.984 & -25.7..-20.5,11433,1.7906815020862308,0.3412052829528558,-0.13484167315956197,0.014070029626281878,-0.008617496678393871,-10.248147891673218,0.2857142857142857,0.3333333333333333
dist_high_20 & ret_1d_5,-inf..0.556 & -9.87..-5.37,7901,1.2374857472214913,0.3462852803442602,-0.13519810523468556,0.021425879730715386,-0.008973928753517463,-8.549488510258735,0.0,0.16666666666666666
up_from_low_30d & dist_low_20,12.5..17.3 & 3.09..4.3,10057,1.5751669611196732,0.33847071691359254,-0.13560721825251207,-0.013497363405363744,-0.00938304177134397,-9.834204068758776,0.21428571428571427,0.16666666666666666
dist_high_20 & up_from_low_30d,2.18..3.01 & 5.06..8.62,9311,1.4583255021363506,0.3444313177961551,-0.13573506600103954,0.013475934734518576,-0.009510889519871446,-9.394991082098912,0.14285714285714285,0.16666666666666666
up_from_low_30d & dow,48..inf & 6,11582,1.8140184690949643,0.32274218615092387,-0.1361223853986658,-0.05469043796519267,-0.009898208917497708,-10.647693349760262,0.14285714285714285,0.3333333333333333
dd_30d & up_from_low_30d,-20.5..-16.2 & 8.62..12.5,10476,1.6407923918355072,0.3471744940817106,-0.13613039942166502,0.014239622674273342,-0.009906222940496923,-10.017068532061357,0.21428571428571427,0.0
dd_30d & dow,-12.2..-8.28 & 0,11683,1.829837487000213,0.34657194213814946,-0.13625342928796874,0.019453059238805113,-0.010029252806800643,-10.457146729423384,0.21428571428571427,0.16666666666666666
dist_high_20 & ema200_rel,-inf..0.556 & 5.97..inf,8878,1.3905073362653335,0.33025456183825186,-0.1363738781763491,-0.030424852389359245,-0.010149701695181007,-9.258325202426995,0.14285714285714285,0.0
dist_low_20 & ema200_rel,3.09..4.3 & 0.891..2.69,10115,1.5842511496197171,0.3402867029164607,-0.13655192575308717,-0.0035411506003805043,-0.010327749271919068,-9.874762880212813,0.21428571428571427,0.0
dist_high_20 & dow,1.54..2.18 & 3,11516,1.803681289077673,0.34091698506425844,-0.13679574926468505,-1.9262458606906624e-05,-0.010571572783516947,-10.532460672977386,0.07142857142857142,0.3333333333333333
dd_30d & ema200_rel,-12.2..-8.28 & 0.891..2.69,13243,2.0741708328634614,0.3486370157819225,-0.13682299431735456,0.022243492886637548,-0.010598817836186464,-11.206962121364032,0.35714285714285715,0.0
atr_pct & dd_30d,0.807..0.984 & -4.52..inf,8441,1.3220626746356927,0.3420210875488686,-0.13728613245142024,0.012114432850775056,-0.01106195597025214,-9.002672333028654,0.23076923076923078,0.0
dist_high_20 & dist_low_20,1.02..1.54 & 4.3..6.59,11117,1.7411883371549575,0.33111450931006564,-0.13738775998789657,-0.03258512679565398,-0.01116358350672847,-10.48888933210003,0.0,0.0
dist_low_20 & dow,1.65..2.27 & 5,11781,1.845186633086494,0.3438587556234615,-0.13741365072254383,0.014084896437536625,-0.01118947424137573,-10.630532755929453,0.07142857142857142,0.16666666666666666
dist_low_20 & ema200_rel,1.14..1.65 & -1.84..-0.491,12543,1.9645340751043114,0.3553376385234792,-0.13764341548857004,0.04726120112427524,-0.011419239007401938,-10.921957994318447,0.14285714285714285,0.0
dd_30d & dist_low_20,-inf..-33.6 & 6.59..inf,18064,2.829254845944693,0.324900354295837,-0.13769886589808694,-0.08824852010651686,-0.011474689416918843,-13.999662258558061,0.0,0.0
atr_pct & ret_1d_5,1.17..1.37 & 10.2..inf,9497,1.4874575549123532,0.32589238706960094,-0.13820167935615774,-0.03306483763613349,-0.011977502874989637,-9.68392543041447,0.07142857142857142,0.16666666666666666
dist_low_20 & dow,4.3..6.59 & 5,10752,1.6840205991805435,0.33249627976190477,-0.13823198724958333,-0.041704610288202285,-0.012007810768415228,-10.532786652659142,0.07142857142857142,0.16666666666666666
atr_pct & dist_low_20,1.37..1.66 & 6.59..inf,11236,1.759826585974013,0.3277856888572446,-0.1384286499393446,-0.05022458732076298,-0.01220447345817649,-10.739092214500483,0.07142857142857142,0.16666666666666666
dd_30d & dow,-25.7..-20.5 & 2,11837,1.853957573707226,0.3292219312325758,-0.13843832273671575,-0.02796929092791204,-0.012214146255547648,-10.87062565724736,0.07142857142857142,0.16666666666666666
atr_pct & dd_30d,1.37..1.66 & -8.28..-4.52,7166,1.1223671515743838,0.3271001953670109,-0.13845094339287378,-0.04954009103351222,-0.012226766911705683,-8.574755607610493,0.0,0.16666666666666666
dist_high_20 & dow,0.556..1.02 & 1,10159,1.5911426029645779,0.3521015848016537,-0.13859717056471413,0.04111161722866195,-0.01237299408354603,-9.842274326154868,0.07142857142857142,0.16666666666666666
dist_low_20 & ema200_rel,2.27..3.09 & 2.69..5.97,12599,1.9733050157250436,0.3407413286768791,-0.13863615080700842,-0.0019005167496028495,-0.01241197432584032,-11.135264223350926,0.0,0.3333333333333333
atr_pct & dist_low_20,0.807..0.984 & 3.09..4.3,11378,1.7820671854051549,0.34013007558446123,-0.13874394929158218,0.009444273577049812,-0.012519772810414082,-10.56305913067063,0.14285714285714285,0.0
atr_pct & ema200_rel,0.597..0.807 & -3.59..-1.84,15914,2.4925133756844464,0.35490762850320473,-0.1388017805000858,0.0509371300266671,-0.012577604018917693,-12.404107929892318,0.14285714285714285,0.0
dist_low_20 & ret_1d_5,3.09..4.3 & -0.367..1.78,7672,1.2016188650402837,0.3383733055265902,-0.13941430895302215,-0.007540302071671775,-0.01319013247185405,-8.804396406891073,0.07142857142857142,0.16666666666666666
dd_30d & ema200_rel,-4.52..inf & 5.97..inf,29924,4.6868147702640055,0.3271287261061355,-0.13944962980314687,-0.046367409831072036,-0.013225453321978775,-17.555030399522614,0.0,0.0
atr_pct & up_from_low_30d,0.807..0.984 & -inf..5.06,10928,1.711586412559987,0.3418740849194729,-0.13961134251712234,0.01038465967294511,-0.013387166035954245,-10.461629744697774,0.21428571428571427,0.16666666666666666
dist_low_20 & ret_1d_5,4.3..6.59 & -0.367..1.78,6568,1.0287060356601385,0.33617539585870887,-0.14025277465229086,-0.02935667475013586,-0.014028598171122758,-8.274960972876979,0.14285714285714285,0.16666666666666666
atr_pct & dist_low_20,0.597..0.807 & 1.14..1.65,15509,2.4290806801237954,0.3557934102779032,-0.1403123478314259,0.0503887939083307,-0.014088171350257805,-12.366807323562714,0.14285714285714285,0.0
dist_high_20 & dd_30d,-inf..0.556 & -25.7..-20.5,6875,1.0767895851345086,0.3432727272727273,-0.1407044912599379,0.014970229679096501,-0.014480314778769793,-8.307123308214573,0.14285714285714285,0.0
dist_low_20 & dow,0.662..1.14 & 0,10816,1.694044531318523,0.3504992603550296,-0.14075810460959323,0.04063070716498238,-0.014533928128425133,-10.285376496516225,0.14285714285714285,0.16666666666666666
dist_low_20 & dow,3.09..4.3 & 4,12062,1.88919796012981,0.3428121372906649,-0.14090272071521862,-0.034534022463816184,-0.014678544234050517,-11.551211556923267,0.07142857142857142,0.16666666666666666
dist_high_20 & ema200_rel,-inf..0.556 & -3.59..-1.84,6535,1.023537445651493,0.3556235654169855,-0.14097698217483431,0.044668944410005525,-0.014752805693666216,-8.028998881093923,0.14285714285714285,0.16666666666666666
dist_low_20 & ret_1d_5,6.59..inf & 4.78..10.2,9662,1.5133005049555814,0.3279859242392879,-0.14099387881340306,-0.0625923385223936,-0.014769702332234957,-10.259666528897082,0.07142857142857142,0.3333333333333333
dd_30d & ema200_rel,-16.2..-12.2 & 2.69..5.97,9399,1.4721084088260723,0.32950313863176933,-0.14103021243944658,-0.032635521093862536,-0.01480603595827848,-9.878883124160343,0.2857142857142857,0.16666666666666666
up_from_low_30d & ret_1d_5,12.5..17.3 & -0.367..1.78,12272,1.9220889874575549,0.3534876140808344,-0.14120750537894375,0.04077547253104222,-0.01498332889777565,-11.111343730616015,0.2857142857142857,0.0
dd_30d & ret_1d_5,-12.2..-8.28 & 1.78..4.78,11368,1.7805009460085954,0.3503694581280788,-0.14127570987994748,0.026115990702581048,-0.015051533398779376,-10.766419116430399,0.14285714285714285,0.0
dd_30d & ret_1d_5,-inf..-33.6 & -2.52..-0.367,6005,0.9405267576338509,0.3282264779350541,-0.1413198438522415,-0.044938175033508554,-0.015095667371073401,-7.960597345945062,0.2857142857142857,0.16666666666666666
dd_30d & up_from_low_30d,-25.7..-20.5 & -inf..5.06,13413,2.1007969026049693,0.3402669052411839,-0.14195886672351551,0.008110231469993543,-0.015734690242347416,-11.746476737070664,0.14285714285714285,0.0
dist_high_20 & dist_low_20,1.54..2.18 & 6.59..inf,9237,1.4467353306018118,0.3230486088556891,-0.14210910263296034,-0.07012550343565811,-0.01588492615179224,-10.10300045580593,0.0,0.16666666666666666
up_from_low_30d & ret_1d_5,12.5..17.3 & 1.78..4.78,12987,2.034075104311544,0.3538923538923539,-0.14229953172273932,0.03657343568523124,-0.01607535524157122,-11.470430605153883,0.35714285714285715,0.3333333333333333
dist_high_20 & up_from_low_30d,2.18..3.01 & 8.62..12.5,9833,1.5400831986367451,0.3397742296349029,-0.1423831865470748,0.0007935079845188458,-0.016159010065906698,-10.155051722252132,0.21428571428571427,0.0
up_from_low_30d & ema200_rel,12.5..17.3 & 0.891..2.69,14285,2.237372977984939,0.35477773888694436,-0.14249218031816102,0.042541910488150515,-0.016268003836992923,-12.034456686940958,0.35714285714285715,0.0
dd_30d & dow,-25.7..-20.5 & 1,11556,1.80994624666391,0.331429560401523,-0.14249225842552102,-0.03145896376995628,-0.01626808194435292,-11.095007653377257,0.07142857142857142,0.0
dd_30d & ret_1d_5,-25.7..-20.5 & 1.78..4.78,7695,1.20522121565237,0.33749187784275503,-0.14257515318799657,-0.01246001799568299,-0.016350976706828474,-9.031008482082882,0.35714285714285715,0.16666666666666666
atr_pct & dist_high_20,0.597..0.807 & 2.18..3.01,11153,1.746826798982571,0.35201291132430734,-0.14283835493735986,0.04509294907470091,-0.016614178456191758,-10.68668620276434,0.07142857142857142,0.0
dd_30d & dow,-20.5..-16.2 & 5,11169,1.7493327820170657,0.34049601575790134,-0.14314542607010367,0.0033720790858634627,-0.016921249588935566,-10.854028402863923,0.2857142857142857,0.16666666666666666
dist_high_20 & up_from_low_30d,3.01..4.22 & 5.06..8.62,8001,1.2531481411870842,0.3355830521184852,-0.1431835143009841,-0.014939487824990808,-0.01695933781981601,-9.276730440012546,0.07142857142857142,0.0
dow & ret_1d_5,1 & -2.52..-0.367,11820,1.8512949667330751,0.3489001692047377,-0.14322777242268872,0.030829107073442167,-0.01700359594152062,-10.97233296761277,0.35714285714285715,0.16666666666666666
atr_pct & dist_low_20,1.17..1.37 & 4.3..6.59,13777,2.1578080166397275,0.3300428249981854,-0.1433140322966532,-0.037953174750924724,-0.01708985581548511,-12.223061772569794,0.0,0.0
up_from_low_30d & dist_low_20,23..31.2 & 4.3..6.59,12728,1.9935095039406583,0.33131678189817726,-0.14332684159821793,-0.04455722505863543,-0.01710266511704983,-11.850864603796087,0.0,0.16666666666666666
up_from_low_30d & ema200_rel,17.3..23 & -0.491..0.891,10592,1.658960768835595,0.3459214501510574,-0.1435154168760207,0.018105836555253194,-0.01729124039485261,-10.514070405427411,0.21428571428571427,0.0
dd_30d & dist_low_20,-4.52..inf & 4.3..6.59,10412,1.6307684596975278,0.3322128313484441,-0.1436395747638232,-0.03197159864517274,-0.017415398282655092,-10.642138952139987,0.2857142857142857,0.0
dd_30d & dist_low_20,-20.5..-16.2 & -inf..0.662,10354,1.621684271197484,0.3479814564419548,-0.143699912029764,0.03161219593035618,-0.01747573554859591,-10.355030433985513,0.14285714285714285,0.0
dow & ret_1d_5,0 & -inf..-9.87,12074,1.891077447405681,0.3191154546960411,-0.14385163852518024,-0.06373160830990277,-0.017627462044012138,-11.547302206398522,0.14285714285714285,0.0
dist_high_20 & dow,3.01..4.22 & 4,11327,1.7740793644827024,0.3413083782113534,-0.14401681741554875,-0.03887258010010492,-0.017792640934380655,-11.533333956310958,0.0,0.16666666666666666
dist_high_20 & ret_1d_5,1.02..1.54 & -2.52..-0.367,11556,1.80994624666391,0.3561786085150571,-0.14448493934197354,0.053821037722756704,-0.01826076286080544,-10.961143799103873,0.14285714285714285,0.0
atr_pct & ret_1d_5,0.807..0.984 & 4.78..10.2,11740,1.8387650515606009,0.33764906303236797,-0.14492044577803412,0.003719702846250266,-0.01869626929686602,-11.164718804893248,0.21428571428571427,0.0
up_from_low_30d & dist_low_20,8.62..12.5 & 3.09..4.3,9295,1.4558195191018557,0.3369553523399677,-0.14499908505937628,-0.01861500630562822,-0.018774908578208183,-10.149892775307357,0.14285714285714285,0.0
ema200_rel & ret_1d_5,-1.84..-0.491 & -9.87..-5.37,8678,1.3591825483341478,0.33740493201198435,-0.1451418739846171,-0.007735848319734231,-0.018917697503448988,-9.686224607297516,0.14285714285714285,0.16666666666666666
up_from_low_30d & ret_1d_5,12.5..17.3 & -5.37..-2.52,9294,1.4556628951621997,0.3395739186571982,-0.14518989300881444,-0.0009556950470008379,-0.018965716527646337,-10.07102074473058,0.2857142857142857,0.0
dist_low_20 & ema200_rel,3.09..4.3 & 2.69..5.97,14407,2.256481098622962,0.33449017838550704,-0.1454210937193088,-0.020837123915310778,-0.01919691723814071,-12.556005803443842,0.07142857142857142,0.0
dist_low_20 & ret_1d_5,4.3..6.59 & 4.78..10.2,11227,1.7584169705171095,0.330898726284849,-0.14543157823468145,-0.042732441105377675,-0.019207401753513348,-11.234352911638306,0.21428571428571427,0.0
ema200_rel & dow,-1.84..-0.491 & 1,11385,1.7831635529827463,0.34800175669740885,-0.14550546012568322,0.02459845860498109,-0.019281283644515118,-10.970716490134356,0.35714285714285715,0.16666666666666666
up_from_low_30d & ret_1d_5,5.06..8.62 & -5.37..-2.52,14336,2.2453607989073916,0.35177176339285715,-0.14569579594006304,0.03552206606737938,-0.019471619458894945,-12.429721435189785,0.14285714285714285,0.16666666666666666
up_from_low_30d & ret_1d_5,17.3..23 & -2.52..-0.367,9210,1.4425064842311017,0.3439739413680782,-0.14628613177725477,0.010032353956515442,-0.020061955296086675,-10.0468156134805,0.14285714285714285,0.16666666666666666
dist_high_20 & dist_low_20,1.02..1.54 & 1.65..2.27,9920,1.553709481386811,0.34334677419354837,-0.14649729608401924,0.014755487094947138,-0.020273119602851136,-10.389998204157576,0.0,0.16666666666666666
ema200_rel & dow,2.69..5.97 & 3,11788,1.8462830006640856,0.3355106888361045,-0.14651453785584,-0.025807815941328645,-0.02029036137467191,-11.519147028976354,0.07142857142857142,0.0
dist_high_20 & up_from_low_30d,1.54..2.18 & 17.3..23,10484,1.6420453833527546,0.33422357878672265,-0.14699606627372572,-0.014700158266842926,-0.02077188979255762,-10.807471672431921,0.07142857142857142,0.16666666666666666
dist_high_20 & dist_low_20,2.18..3.01 & -inf..0.662,11712,1.834379581250235,0.35023907103825136,-0.14708996148724401,0.04271956640032479,-0.020865785006075915,-11.228975785378188,0.21428571428571427,0.0
dist_high_20 & dow,0.556..1.02 & 6,13388,2.096881304113571,0.3598745144905886,-0.14716197735179476,0.07784208714244151,-0.02093780087062666,-11.773228681505614,0.07142857142857142,0.0
up_from_low_30d & dow,17.3..23 & 2,11183,1.7515255171722488,0.33076991862648664,-0.14720858487738325,-0.028519452167294606,-0.020984408396215154,-11.245843006797218,0.21428571428571427,0.16666666666666666
dd_30d & ema200_rel,-20.5..-16.2 & -1.84..-0.491,13174,2.0633637810272023,0.34719902838925154,-0.14729558100123413,0.01679511297041929,-0.021071404520066034,-12.105793479867584,0.0,0.16666666666666666
up_from_low_30d & dow,31.2..48 & 5,11575,1.8129221015173727,0.3309719222462203,-0.14738293397013658,-0.041683721840985524,-0.021158757488968477,-11.60236977547091,0.14285714285714285,0.0
atr_pct & dist_high_20,1.17..1.37 & 1.02..1.54,9316,1.45910862183463,0.3266423357664234,-0.1476740170197598,-0.041810112325753906,-0.021449840538591697,-10.305481926390414,0.14285714285714285,0.0
dist_low_20 & ret_1d_5,-inf..0.662 & -9.87..-5.37,8178,1.2808705785061836,0.33736854976766933,-0.14777561002172876,0.0023733693545146387,-0.02155143354056066,-9.52657146830259,0.21428571428571427,0.3333333333333333
dist_low_20 & ret_1d_5,3.09..4.3 & -5.37..-2.52,9515,1.4902767858261599,0.33357856016815557,-0.14779474083473068,-0.0253129612396147,-0.021570564353562582,-10.478335050448512,0.14285714285714285,0.0
dist_high_20 & ret_1d_5,1.54..2.18 & -5.37..-2.52,10697,1.6754062824994675,0.34215200523511263,-0.14796499316989253,0.006554624464903399,-0.021740816688724435,-10.969067750246461,0.07142857142857142,0.16666666666666666
up_from_low_30d & ema200_rel,17.3..23 & -inf..-6.51,7635,1.1958237792730144,0.32049770792403404,-0.14800949518870934,-0.08243364257996245,-0.021785318707541246,-9.709321816466106,0.35714285714285715,0.0
ema200_rel & dow,-6.51..-3.59 & 1,11502,1.8014885539224899,0.32933402886454527,-0.1480883491131474,-0.038163657199586476,-0.02186417263197929,-11.513670937562429,0.14285714285714285,0.16666666666666666
dist_low_20 & dow,1.65..2.27 & 4,11855,1.8567768046210327,0.34626739772247994,-0.14819799716660984,-0.00995420772934389,-0.021973820685441736,-11.902559633706709,0.0,0.3333333333333333
ema200_rel & ret_1d_5,-3.59..-1.84 & 1.78..4.78,6064,0.9497675700735506,0.33476253298153036,-0.14859157464768882,-0.02495749205669602,-0.022367398166520724,-8.416011932041028,0.14285714285714285,0.3333333333333333
up_from_low_30d & ret_1d_5,17.3..23 & -0.367..1.78,9455,1.4808793494468042,0.34013749338974086,-0.14884830330233292,0.0036395640800852835,-0.022624126821164825,-10.384346862052691,0.14285714285714285,0.16666666666666666
atr_pct & dd_30d,0.984..1.17 & -8.28..-4.52,8211,1.2860391685148291,0.33248081841432225,-0.14915229721035336,-0.0244622663035565,-0.022928120729185264,-9.770602257065745,0.21428571428571427,0.16666666666666666
ema200_rel & ret_1d_5,2.69..5.97 & 4.78..10.2,29130,4.562455362177198,0.33793340199107447,-0.1491719942152526,-0.009387329098571665,-0.022947817734084497,-18.24190216471553,0.14285714285714285,0.0
dd_30d & ret_1d_5,-12.2..-8.28 & -0.367..1.78,12143,1.9018844992419401,0.35823107963435724,-0.14919303365847766,0.05151327950391589,-0.022968857177309565,-11.631269493040275,0.2857142857142857,0.16666666666666666
atr_pct & up_from_low_30d,0.597..0.807 & 23..31.2,7151,1.120017792479545,0.34932177317857643,-0.1495708255649015,0.03821400072649616,-0.023346649083733406,-8.939555815393076,0.23076923076923078,0.16666666666666666
atr_pct & dd_30d,2.18..inf & -20.5..-16.2,6564,1.0280795399015148,0.3281535648994516,-0.14964489815159557,-0.10324792420865583,-0.02342072167042747,-9.411346027386049,0.2857142857142857,0.3333333333333333
dist_low_20 & dow,1.14..1.65 & 3,10959,1.7164417546893207,0.34245825349028197,-0.1497872523967992,0.0022241276706810734,-0.023563075915631088,-11.26581820127136,0.07142857142857142,0.16666666666666666
atr_pct & up_from_low_30d,1.66..2.18 & 17.3..23,8940,1.4002180205240011,0.3213646532438479,-0.1500333769823173,-0.07827040965115352,-0.023809200501149208,-10.587896600789017,0.21428571428571427,0.0
dist_low_20 & ema200_rel,4.3..6.59 & 2.69..5.97,15103,2.3654913606234884,0.3289412699463683,-0.1501595095169936,-0.040978324261529545,-0.023935333035825512,-13.421039222766657,0.14285714285714285,0.0
atr_pct & up_from_low_30d,0.597..0.807 & 5.06..8.62,16686,2.6134270570988236,0.3543090015581925,-0.15020886015315268,0.04071925633289029,-0.023984683671984586,-13.83487498527062,0.07142857142857142,0.0
dist_low_20 & ema200_rel,-inf..0.662 & -6.51..-3.59,11617,1.8195003069829216,0.3351123353705776,-0.15072095396496155,-0.0067406024639810125,-0.024496777483793447,-11.627257571794484,0.21428571428571427,0.16666666666666666
ema200_rel & dow,0.891..2.69 & 3,11130,1.7432244483704846,0.3452830188679245,-0.15103973163612844,0.008149345354936147,-0.02481555515496034,-11.4107691996827,0.35714285714285715,0.16666666666666666
dist_high_20 & up_from_low_30d,1.02..1.54 & 17.3..23,10540,1.6508163239734868,0.33586337760910817,-0.1520693404269998,-0.004537512408701862,-0.025845163945831695,-11.159098066546354,0.07142857142857142,0.16666666666666666
dist_high_20 & ret_1d_5,1.02..1.54 & -5.37..-2.52,11492,1.7999223145259307,0.34693699965193175,-0.15237679040552066,0.02085758771769773,-0.026152613924352558,-11.636180744716821,0.14285714285714285,0.0
atr_pct & dow,0.597..0.807 & 0,11219,1.757163978999862,0.348515910508958,-0.15242777683427441,0.03674614279788947,-0.026203600353106316,-11.390151904892246,0.07142857142857142,0.0
up_from_low_30d & dist_low_20,17.3..23 & 0.662..1.14,9144,1.4321693042138104,0.34241032370953634,-0.15243927188453435,0.011268017057653594,-0.02621509540336625,-10.382196715224213,0.2857142857142857,0.0
dd_30d & dist_low_20,-8.28..-4.52 & 2.27..3.09,9024,1.4133744314550991,0.3380984042553192,-0.15275048657877593,-0.008964721490910873,-0.026526310097607836,-10.47308200857721,0.21428571428571427,0.16666666666666666
up_from_low_30d & dist_low_20,17.3..23 & 2.27..3.09,11127,1.7427545765515167,0.33306371888199876,-0.15284098516776923,-0.02515599677247378,-0.02661680868660113,-11.648547186804164,0.2857142857142857,0.0
atr_pct & dd_30d,0.597..0.807 & -20.5..-16.2,12384,1.939630868699019,0.34802971576227393,-0.15290273141699212,0.03602408528842693,-0.026678554935824023,-12.03635336218641,0.14285714285714285,0.0
dist_low_20 & ema200_rel,2.27..3.09 & -0.491..0.891,9723,1.522854565274593,0.34186979327368094,-0.15308350018957328,-0.0029708095578128606,-0.026859323708405186,-10.890551986036858,0.14285714285714285,0.0
up_from_low_30d & dow,12.5..17.3 & 5,11185,1.7518387650515606,0.3419758605274922,-0.15337495232430076,0.009461140849161087,-0.027150775843132663,-11.570215533118395,0.2857142857142857,0.0
dd_30d & dow,-inf..-33.6 & 1,11837,1.853957573707226,0.3174790909858917,-0.15349940980003354,-0.08136231660802488,-0.027275233318865444,-12.340678128848122,0.14285714285714285,0.16666666666666666
dist_high_20 & ret_1d_5,1.54..2.18 & -0.367..1.78,10631,1.6650691024821762,0.34502868968112127,-0.15382145529825966,0.021000862267300094,-0.027597278817091564,-11.285938480199626,0.14285714285714285,0.0
up_from_low_30d & ema200_rel,23..31.2 & 2.69..5.97,17732,2.7772556979789247,0.3326189939093165,-0.15398136364613335,-0.027651254690037323,-0.027757187164965252,-14.798159177320057,0.07142857142857142,0.16666666666666666
dd_30d & dist_low_20,-4.52..inf & 6.59..inf,14296,2.2390958413211544,0.317011751538892,-0.15408297495874831,-0.08023869152321704,-0.027858798477580216,-13.542479555717906,0.14285714285714285,0.0
ema200_rel & dow,-inf..-6.51 & 0,11893,1.862728514327958,0.31354578323383503,-0.15418311840365634,-0.08062257437622401,-0.02795894192248824,-12.343273994441308,0.14285714285714285,0.16666666666666666
dd_30d & ema200_rel,-12.2..-8.28 & -1.84..-0.491,14857,2.32696187146813,0.3559938076327657,-0.15426846847995693,0.050029060324737695,-0.02804429199878883,-13.343853677803402,0.14285714285714285,0.0
dd_30d & dow,-8.28..-4.52 & 1,11112,1.7404052174566778,0.3419726421886249,-0.15518400789582276,0.006117593839545814,-0.028959831414654663,-11.644478788718423,0.42857142857142855,0.16666666666666666
dist_high_20 & ema200_rel,2.18..3.01 & -1.84..-0.491,10195,1.5967810647921914,0.3415399705738107,-0.15550451453483205,0.0007512957683326574,-0.02928033805366395,-11.28613832222272,0.07142857142857142,0.3333333333333333
dist_high_20 & ret_1d_5,0.556..1.02 & -5.37..-2.52,11739,1.838608427620945,0.3518187239117472,-0.15551119548274636,0.04011633880562878,-0.029287019001578263,-11.925984625873584,0.21428571428571427,0.0
dist_high_20 & dist_low_20,0.556..1.02 & 2.27..3.09,10852,1.6996829931461364,0.3414117213416882,-0.15557185673691368,0.007014236016457767,-0.02934768025574558,-11.578627345250228,0.21428571428571427,0.0
dow & ret_1d_5,3 & 1.78..4.78,12710,1.9906902730268516,0.3452399685287175,-0.155774387516589,0.0002699704542384652,-0.02955021103542091,-12.67230846285427,0.14285714285714285,0.16666666666666666
up_from_low_30d & dist_low_20,17.3..23 & 3.09..4.3,11264,1.764212056284379,0.32874644886363635,-0.1559460010012923,-0.03976690050397177,-0.0297218245201242,-12.049137597008682,0.14285714285714285,0.0
dist_high_20 & dow,1.54..2.18 & 5,11794,1.847222744302021,0.33432253688316094,-0.1560017742903772,-0.011641996610265902,-0.029777597809209105,-12.15258183588231,0.14285714285714285,0.0
dow & ret_1d_5,0 & -0.367..1.78,10626,1.6642859827838965,0.35196687370600416,-0.15602592066887674,0.039859232470428205,-0.029801744187708645,-11.285951665065163,0.2857142857142857,0.16666666666666666
atr_pct & up_from_low_30d,0.807..0.984 & 17.3..23,11245,1.7612362014309164,0.3338372610048911,-0.15637759850405106,-0.007772278856508587,-0.03015342202288296,-11.828789420864696,0.14285714285714285,0.16666666666666666
dist_high_20 & dist_low_20,6.43..inf & -inf..0.662,10383,1.626226365447506,0.3161899258403159,-0.15642782708506628,-0.07658942109949081,-0.03020365060389818,-11.75141603093166,0.07142857142857142,0.0
dist_high_20 & up_from_low_30d,4.22..6.43 & 5.06..8.62,6860,1.0744402260396697,0.3290087463556851,-0.15664200883389845,-0.049208154408924794,-0.03041783235273035,-9.57569488516369,0.07142857142857142,0.16666666666666666
dd_30d & dow,-4.52..inf & 1,10789,1.689815684947813,0.34989340995458335,-0.15684517195515119,0.03762238275857922,-0.030620995473983087,-11.326653751469621,0.5714285714285714,0.0
atr_pct & up_from_low_30d,1.17..1.37 & 8.62..12.5,8409,1.317050708566703,0.3300035676061363,-0.15687478212438452,-0.05084763573708611,-0.030650605643216422,-10.562079186790832,0.07142857142857142,0.16666666666666666
up_from_low_30d & ema200_rel,31.2..48 & 5.97..inf,23588,3.694445488604042,0.32304561641512636,-0.15713343797311424,-0.07173003002983398,-0.030909261491946144,-17.84655719449777,0.07142857142857142,0.16666666666666666
dd_30d & ret_1d_5,-12.2..-8.28 & -5.37..-2.52,12325,1.930390056259319,0.34904665314401623,-0.15840010743003596,0.02942647176168976,-0.032175930948867865,-12.521641335460219,0.14285714285714285,0.16666666666666666
up_from_low_30d & dist_low_20,17.3..23 & -inf..0.662,8211,1.2860391685148291,0.3431981488247473,-0.1586589307474765,0.01942926524694301,-0.0324347542663084,-10.207290178969886,0.14285714285714285,0.0
atr_pct & dd_30d,0.984..1.17 & -4.52..inf,7301,1.1435113834279342,0.32968086563484456,-0.15867847553671044,-0.03415416502433232,-0.03245429905554234,-9.825941403405576,0.14285714285714285,0.16666666666666666
up_from_low_30d & dow,-inf..5.06 & 2,10769,1.6866832061546944,0.3456216918933977,-0.15884414601928276,0.026439343502836034,-0.03261996953811466,-11.643182013466685,0.35714285714285715,0.16666666666666666
ema200_rel & ret_1d_5,2.69..5.97 & 1.78..4.78,17122,2.6817150947888084,0.3354164233150333,-0.15887452552665987,-0.010039216502380939,-0.03265034904549177,-14.850304035299748,0.07142857142857142,0.16666666666666666
ema200_rel & dow,-1.84..-0.491 & 3,11517,1.8038379130173288,0.34410002604845014,-0.15898626421427656,0.0018434943204269643,-0.03276208773310846,-12.329498751914407,0.0,0.3333333333333333
up_from_low_30d & dist_low_20,12.5..17.3 & 2.27..3.09,10615,1.6625631194476813,0.3349034385303815,-0.15917397363392843,-0.022340014313853053,-0.032949797152760335,-11.883362148085284,0.07142857142857142,0.0
dd_30d & up_from_low_30d,-12.2..-8.28 & 8.62..12.5,8807,1.3793870365497625,0.34790507550811856,-0.159243119865781,0.020250531848929623,-0.03301894338461289,-10.733440478147909,0.2857142857142857,0.16666666666666666
dist_high_20 & dow,1.02..1.54 & 3,10701,1.6760327782580913,0.33912718437529205,-0.1593248303421397,-0.005288380004058915,-0.03310065386097161,-11.824278086201756,0.0,0.16666666666666666
up_from_low_30d & dist_low_20,17.3..23 & 4.3..6.59,10560,1.6539488027666052,0.3237689393939394,-0.15995187926097562,-0.058194209648301055,-0.03372770277980752,-12.025508398153326,0.07142857142857142,0.0
ema200_rel & ret_1d_5,5.97..inf & 4.78..10.2,16433,2.5738012003658737,0.3236779650702854,-0.16000211910639212,-0.0631682406500034,-0.03377794262522402,-15.079112408646957,0.14285714285714285,0.0
dd_30d & dow,-12.2..-8.28 & 3,11303,1.77032038993096,0.34336016986640716,-0.16001838793351542,-0.01477930228241952,-0.03379421145234732,-12.423633278074922,0.21428571428571427,0.0
dd_30d & up_from_low_30d,-20.5..-16.2 & 5.06..8.62,12299,1.926317833828265,0.3404341816407838,-0.16009072186754653,-0.0008191698883899306,-0.03386654538637843,-12.770735402933415,0.14285714285714285,0.0
dist_high_20 & dd_30d,3.01..4.22 & -4.52..inf,7578,1.1868962147126263,0.32330430192662973,-0.1601616498979026,-0.0628977428545551,-0.033937473416734504,-10.287366798774373,0.14285714285714285,0.0
dist_high_20 & dist_low_20,1.02..1.54 & 1.14..1.65,9385,1.4699156736708892,0.34640383590836443,-0.16033505256869485,0.0273369494771185,-0.03411087608752675,-11.012656680226923,0.14285714285714285,0.0
up_from_low_30d & ret_1d_5,17.3..23 & 1.78..4.78,11663,1.8267050082070944,0.33619137443196434,-0.1606709649657816,-0.0067505750504032016,-0.034446788484613494,-12.397010786052702,0.2857142857142857,0.0
dow & ret_1d_5,4 & -5.37..-2.52,13115,2.0541229685875027,0.3453297750667175,-0.16094482415754152,-0.01930921179943222,-0.03472064767637342,-13.655708609911471,0.14285714285714285,0.0
dd_30d & ret_1d_5,-8.28..-4.52 & 4.78..10.2,13360,2.092495833803205,0.3309131736526946,-0.16098783265773195,-0.032505433776730805,-0.03476365617656385,-13.45850929511599,0.0,0.0
dist_high_20 & dow,1.54..2.18 & 0,10664,1.6702376924908218,0.3332708177044261,-0.16129717488448003,-0.01513159036039167,-0.035072998403311934,-11.90445943392908,0.0,0.16666666666666666
dist_high_20 & ema200_rel,1.02..1.54 & 2.69..5.97,11581,1.8138618451553083,0.33088679734047144,-0.16154821825059873,-0.021688413734047486,-0.03532404176943063,-12.452678059755856,0.07142857142857142,0.16666666666666666
dist_low_20 & ema200_rel,1.65..2.27 & -0.491..0.891,11002,1.7231765840945257,0.34375568078531177,-0.161720617361303,0.013228348629077478,-0.0354964408801349,-12.141837362899341,0.14285714285714285,0.16666666666666666
dist_high_20 & ret_1d_5,1.54..2.18 & 1.78..4.78,10824,1.6952975228357705,0.3377679231337768,-0.1618428454115891,-0.000573806354223036,-0.03561866893042101,-12.041640565926873,0.0,0.16666666666666666
atr_pct & dd_30d,1.37..1.66 & -4.52..inf,7161,1.1215840318761041,0.31755341432760786,-0.16193464260763424,-0.07301683567006971,-0.03571046612646614,-10.048429815830419,0.14285714285714285,0.16666666666666666
dist_high_20 & up_from_low_30d,6.43..inf & 8.62..12.5,6661,1.04327206204814,0.3271280588500225,-0.16199809765806622,-0.09267446259876957,-0.03577392117689812,-10.095669627009597,0.07142857142857142,0.0
atr_pct & up_from_low_30d,1.37..1.66 & 12.5..17.3,9149,1.43295242391209,0.3218931030713739,-0.16252177912798194,-0.0731281324681163,-0.03629760264681384,-11.493025610660773,0.07142857142857142,0.0
atr_pct & dow,0.984..1.17 & 4,11285,1.7675011590171534,0.3367301727957466,-0.16266249612076053,-0.03826185503098093,-0.03643831963959243,-12.847544706217654,0.07142857142857142,0.0
dist_high_20 & dd_30d,0.556..1.02 & -25.7..-20.5,8540,1.3375684446616296,0.33536299765807964,-0.1629448034301286,-0.008262294201410947,-0.0367206269489605,-10.792252902976173,0.0,0.0
dow & ret_1d_5,3 & -0.367..1.78,13136,2.057412071320277,0.3456151035322777,-0.162977973562149,0.00984818020611181,-0.03675379708098089,-13.457508637122428,0.21428571428571427,0.0
dow & ret_1d_5,5 & -5.37..-2.52,10757,1.6848037188788232,0.34619317653620896,-0.1629839148822575,0.021189855950220497,-0.0367597384010894,-12.027211826070488,0.21428571428571427,0.3333333333333333
ema200_rel & dow,-0.491..0.891 & 3,11222,1.75763385081883,0.3510960613081447,-0.16303624422758742,0.01795367370733701,-0.03681206774641932,-12.432883040763953,0.21428571428571427,0.3333333333333333
ema200_rel & ret_1d_5,0.891..2.69 & -2.52..-0.367,9329,1.4611447330501572,0.34376674884767927,-0.16304751592958683,0.004293249958676183,-0.03682333944841873,-11.278602661781264,0.2857142857142857,0.16666666666666666
dist_low_20 & ema200_rel,6.59..inf & -inf..-6.51,15321,2.399635379468481,0.3162978917825207,-0.16370016226091816,-0.11934167176718168,-0.03747598577975006,-15.697247127674135,0.07142857142857142,0.16666666666666666
up_from_low_30d & dist_low_20,5.06..8.62 & 3.09..4.3,7656,1.1991128820057888,0.3313740856844305,-0.16370568640610025,-0.03217452944935685,-0.037481509924932155,-10.442010976840645,0.14285714285714285,0.0
dist_high_20 & ret_1d_5,0.556..1.02 & 4.78..10.2,9519,1.4909032815847836,0.33680008404244144,-0.16390034987114824,-0.005076870535999462,-0.03767617338998014,-11.405477981840596,0.14285714285714285,0.0
dd_30d & dist_low_20,-20.5..-16.2 & 4.3..6.59,9122,1.42872357754138,0.3255864941898706,-0.16446804488822253,-0.06651101641314729,-0.03824386840705443,-11.626969303735624,0.0,0.0
dist_low_20 & ret_1d_5,1.14..1.65 & -0.367..1.78,12042,1.8860654813366913,0.35351270553064273,-0.164573611337495,0.04089921002907544,-0.038349434856326914,-12.775234342402262,0.2857142857142857,0.0
dist_high_20 & up_from_low_30d,1.02..1.54 & 12.5..17.3,10765,1.6860567103960706,0.33729679516953087,-0.16503645340103779,-0.0011256149946240388,-0.03881227691986969,-12.225136048515278,0.14285714285714285,0.0
atr_pct & up_from_low_30d,0.807..0.984 & 5.06..8.62,12229,1.9153541580523499,0.33379671273203043,-0.1651789030381706,-0.01539929848221449,-0.038954726557002495,-13.192447444026964,0.21428571428571427,0.0
atr_pct & dist_high_20,0.597..0.807 & 1.54..2.18,14183,2.2213973361400345,0.345060988507368,-0.16537062541741746,0.024142482669186272,-0.039146448936249356,-14.020730033020616,0.07142857142857142,0.0
up_from_low_30d & dow,8.62..12.5 & 5,10752,1.6840205991805435,0.34477306547619047,-0.16563704467409515,0.01706271731204539,-0.03941286819292705,-12.150235748902265,0.35714285714285715,0.0
up_from_low_30d & dist_low_20,12.5..17.3 & 0.662..1.14,10257,1.606491749050859,0.34698254850346105,-0.16567372727650334,0.020341751190806917,-0.03944955079533524,-11.917161389219626,0.2857142857142857,0.16666666666666666
dist_high_20 & ret_1d_5,1.02..1.54 & 4.78..10.2,10628,1.6645992306632085,0.33289424162589387,-0.16580215526558917,-0.02080036426081461,-0.03957797878442107,-12.261960411277894,0.14285714285714285,0.0
dist_high_20 & ema200_rel,1.54..2.18 & -0.491..0.891,10629,1.6647558546028642,0.3413303227020416,-0.16614765685075747,0.007349135535281781,-0.03992348036958937,-12.233689197408436,0.21428571428571427,0.0
dist_low_20 & ema200_rel,6.59..inf & 2.69..5.97,9589,1.5018669573606986,0.3210970904161018,-0.16615438397483404,-0.08310391770850288,-0.03993020749366594,-12.064690355061716,0.07142857142857142,0.16666666666666666
up_from_low_30d & ret_1d_5,17.3..23 & 4.78..10.2,15343,2.4030811061409114,0.3310956136348824,-0.16619962189510246,-0.033780495433385384,-0.03997544541393436,-14.935345727476404,0.14285714285714285,0.0
dow & ret_1d_5,5 & 10.2..inf,11929,1.8683669761555715,0.3250062871992623,-0.16740128439249444,-0.07901689761091586,-0.04117710791132634,-13.653827606412923,0.21428571428571427,0.0
dd_30d & up_from_low_30d,-25.7..-20.5 & 8.62..12.5,10928,1.711586412559987,0.32997803806734993,-0.16774148960231733,-0.03564975180948614,-0.04151731312114923,-12.727721289918438,0.14285714285714285,0.0
dist_low_20 & ema200_rel,2.27..3.09 & 0.891..2.69,11563,1.8110426142415015,0.3371097466055522,-0.16812000180365727,-0.012008693559311967,-0.04189582532248917,-13.023862045381481,0.21428571428571427,0.0
dist_low_20 & ema200_rel,4.3..6.59 & 0.891..2.69,8684,1.3601222919720835,0.323929064947029,-0.1681422839298928,-0.05890300571814867,-0.041918107448724706,-11.455424227016243,0.07142857142857142,0.0
up_from_low_30d & dist_low_20,17.3..23 & 6.59..inf,8943,1.4006878923429689,0.31723135413172315,-0.16872594694814522,-0.09499625260570052,-0.04250177046697712,-11.999124506982724,0.0,0.16666666666666666
atr_pct & dist_high_20,0.597..0.807 & 1.02..1.54,16102,2.5219586763397612,0.3466650105576947,-0.1689194324918359,0.021435303599902585,-0.042695256010667815,-15.28644966373434,0.07142857142857142,0.0
up_from_low_30d & dow,12.5..17.3 & 0,10733,1.6810447443270808,0.3315009782912513,-0.1690016821550522,-0.024845137383543284,-0.04277750567388411,-12.616624641563453,0.07142857142857142,0.16666666666666666
dist_high_20 & dow,-inf..0.556 & 0,10822,1.6949842749564585,0.35326187396045095,-0.1697082832731656,0.049535059939470084,-0.04348410679199749,-12.321360479662676,0.2857142857142857,0.0
dow & ret_1d_5,6 & 1.78..4.78,11127,1.7427545765515167,0.3499595578322998,-0.1698054155984681,0.04287945392958102,-0.0435812391173,-12.489297823452421,0.2857142857142857,0.3333333333333333
dd_30d & dow,-16.2..-12.2 & 4,11484,1.7986693230086832,0.34543712991988856,-0.16984917210918066,-0.03721248566441987,-0.04362499562801256,-13.735703656821332,0.14285714285714285,0.0
dd_30d & up_from_low_30d,-inf..-33.6 & 8.62..12.5,8670,1.3579295568169003,0.31418685121107265,-0.1699580409822384,-0.08982127978669968,-0.04373386450107031,-11.726714556010705,0.21428571428571427,0.16666666666666666
up_from_low_30d & dow,12.5..17.3 & 1,11316,1.7723565011464872,0.32971014492753625,-0.16997634962494332,-0.036363468359460825,-0.04375217314377522,-13.088731029408265,0.07142857142857142,0.0
ema200_rel & dow,5.97..inf & 3,11071,1.7339836359307848,0.3180381176045524,-0.1702792076924348,-0.09515303203832956,-0.04405503121126669,-13.401352768485323,0.07142857142857142,0.16666666666666666
up_from_low_30d & ret_1d_5,5.06..8.62 & -9.87..-5.37,12854,2.0132441203373053,0.330091800217831,-0.17043059941199507,-0.03367456288702531,-0.044206422930826966,-14.061224747721967,0.14285714285714285,0.16666666666666666
up_from_low_30d & dow,12.5..17.3 & 2,11925,1.8677404803969477,0.32863731656184486,-0.1709376335743343,-0.03458750675608297,-0.04471345709316621,-13.515135591177392,0.14285714285714285,0.16666666666666666
dist_low_20 & ret_1d_5,1.65..2.27 & 1.78..4.78,10475,1.6406357678958514,0.33861575178997616,-0.17127976793979313,-0.009088640666885873,-0.04505559145862503,-12.602808780244148,0.14285714285714285,0.0
up_from_low_30d & dow,48..inf & 4,11087,1.7364896189652796,0.32560656624875983,-0.17181917452488704,-0.10497344028772602,-0.04559499804371894,-13.89332111499654,0.07142857142857142,0.16666666666666666
atr_pct & dist_high_20,0.807..0.984 & -inf..0.556,10475,1.6406357678958514,0.3303102625298329,-0.1724651626280902,-0.022914154780279757,-0.0462409861469221,-12.691893591098838,0.0,0.0
dd_30d & up_from_low_30d,-12.2..-8.28 & 17.3..23,10509,1.645960981844153,0.33219145494338187,-0.17279828383602544,-0.025368241677875002,-0.04657410735485734,-12.771140104530701,0.21428571428571427,0.0
dist_low_20 & ret_1d_5,-inf..0.662 & -5.37..-2.52,11120,1.7416582089739252,0.3509892086330935,-0.1740139050745475,0.04444875165266117,-0.047789728593379405,-12.876423867673278,0.14285714285714285,0.3333333333333333
dow & ret_1d_5,0 & -2.52..-0.367,11165,1.748706286258442,0.3407971339005822,-0.1740159935896542,0.006894884330393069,-0.047791817108486095,-13.081482774149682,0.21428571428571427,0.16666666666666666
atr_pct & dist_low_20,0.597..0.807 & -inf..0.662,14192,2.2228069515969375,0.34181228861330326,-0.17528873246738555,0.016882110392218173,-0.04906455598621745,-14.858712695461785,0.07142857142857142,0.0
dist_low_20 & ema200_rel,1.65..2.27 & 0.891..2.69,12501,1.9579558696387624,0.34029277657787377,-0.1753742896938838,0.005013871568077067,-0.0491501132127157,-13.920841984684236,0.14285714285714285,0.0
dist_low_20 & dow,0.662..1.14 & 1,10714,1.6780688894736182,0.33582228859436253,-0.17549985554732686,-0.004752295240368542,-0.04927567906615876,-12.887385949501915,0.21428571428571427,0.0
dd_30d & dist_low_20,-4.52..inf & 3.09..4.3,8840,1.3845556265584082,0.32748868778280543,-0.1755320481921776,-0.03663739606141326,-0.049307871711009504,-11.921919948219136,0.0,0.0
atr_pct & dow,1.17..1.37 & 4,11966,1.8741620619228407,0.3287648336954705,-0.17562603008089323,-0.07000263092682314,-0.049401853599725126,-14.451136042405063,0.14285714285714285,0.0
dist_low_20 & ret_1d_5,2.27..3.09 & 1.78..4.78,9942,1.5571552080592415,0.3313216656608328,-0.17562661595448142,-0.03156906378331498,-0.049402439473313325,-12.701973057300176,0.14285714285714285,0.0
up_from_low_30d & ret_1d_5,12.5..17.3 & -2.52..-0.367,9848,1.542432557731584,0.3398659626320065,-0.17566638078834618,-0.004725827937595765,-0.04944220430717808,-12.529037530953627,0.21428571428571427,0.0
up_from_low_30d & ema200_rel,23..31.2 & 5.97..inf,12528,1.9621847160094725,0.31960408684546615,-0.17642665514739236,-0.07599693012812514,-0.050202478666224265,-14.604631123748934,0.07142857142857142,0.0
dist_low_20 & ret_1d_5,-inf..0.662 & 4.78..10.2,8462,1.3253517773684673,0.3345544788466084,-0.176791209560639,-0.010663204078385176,-0.05056703307947091,-11.620461421768054,0.07142857142857142,0.0
dist_high_20 & dd_30d,1.02..1.54 & -12.2..-8.28,11086,1.7363329950256237,0.341872632148656,-0.17703375922934608,0.007863737021541733,-0.050809582748177984,-13.272903150565995,0.21428571428571427,0.0
ema200_rel & dow,-3.59..-1.84 & 1,11250,1.762019321129196,0.3281777777777778,-0.17707104367652815,-0.03845567644768862,-0.05084686719536005,-13.58081421060468,0.07142857142857142,0.0
dist_low_20 & dow,6.59..inf & 2,13335,2.088580235311807,0.31241094863142105,-0.17716022511415397,-0.11167110583042901,-0.05093604863298587,-15.42261568883772,0.14285714285714285,0.3333333333333333
dd_30d & up_from_low_30d,-4.52..inf & 31.2..48,15036,2.3549975566665413,0.3211625432295823,-0.1774458285453279,-0.05901000025118615,-0.051221652064159795,-15.895905123001285,0.14285714285714285,0.0
dist_high_20 & dow,6.43..inf & 1,13059,2.0453520279667705,0.3118921816371851,-0.17752045828469212,-0.11680847714492452,-0.051296281803524024,-15.350670873185079,0.07142857142857142,0.16666666666666666
dist_low_20 & dow,-inf..0.662 & 0,10769,1.6866832061546944,0.3472002971492246,-0.1776441094836184,0.035177224492829416,-0.05141993300245029,-12.90265310006043,0.07142857142857142,0.16666666666666666
dd_30d & up_from_low_30d,-12.2..-8.28 & 12.5..17.3,8488,1.3294239997995214,0.3395381715362865,-0.17769792884648056,-0.015949705300434054,-0.05147375236531246,-11.870187590627868,0.35714285714285715,0.0
up_from_low_30d & dow,5.06..8.62 & 6,12222,1.9142577904747584,0.35272459499263625,-0.177847899309203,0.05245523142235791,-0.0516237228280349,-13.653874150487903,0.14285714285714285,0.16666666666666666
atr_pct & up_from_low_30d,0.597..0.807 & 12.5..17.3,11030,1.7275620544048917,0.3398912058023572,-0.17805414453908783,0.010951726445832564,-0.05182996805791973,-13.328758798767055,0.42857142857142855,0.0
ema200_rel & ret_1d_5,-0.491..0.891 & -5.37..-2.52,9951,1.558564823516145,0.3378554919103608,-0.1783322956700624,-0.003994575090905702,-0.0521081191888943,-12.746010685047642,0.2857142857142857,0.0
up_from_low_30d & ret_1d_5,12.5..17.3 & -inf..-9.87,10299,1.613069954516408,0.3110981648703758,-0.17836269321252318,-0.10034644664975981,-0.05213851673135508,-13.529193732937715,0.14285714285714285,0.3333333333333333
dd_30d & ema200_rel,-20.5..-16.2 & 0.891..2.69,8224,1.2880752797303563,0.32709143968871596,-0.17939338177237202,-0.048271617804109386,-0.05316920529120392,-11.85811320043937,0.21428571428571427,0.16666666666666666
dist_low_20 & ret_1d_5,2.27..3.09 & -0.367..1.78,9110,1.4268440902655088,0.33479692645444564,-0.17960873789394188,-0.022935690348308124,-0.053384561412773784,-12.414023689308577,0.14285714285714285,0.0
atr_pct & ret_1d_5,0.597..0.807 & -9.87..-5.37,8793,1.3771943013945795,0.33810986011600136,-0.1798233885518469,0.008218622556726134,-0.0535992120706788,-11.958565864326975,0.07142857142857142,0.0
atr_pct & up_from_low_30d,1.66..2.18 & 12.5..17.3,7013,1.0984036888070268,0.31555682304292026,-0.1800307964844936,-0.10839617900028618,-0.053806620003325506,-11.483645259304105,0.07142857142857142,0.0
up_from_low_30d & dist_low_20,-inf..5.06 & 1.14..1.65,13182,2.0646167725444498,0.33917463207404036,-0.18029656431125274,0.008547568295098751,-0.05407238783008464,-14.6777193692157,0.2857142857142857,0.0
atr_pct & dow,0.597..0.807 & 1,9991,1.564829781102382,0.3405064558102292,-0.18052809271390077,0.009309920440011795,-0.054303916232732674,-12.853652890132324,0.07692307692307693,0.16666666666666666
dist_low_20 & ret_1d_5,0.662..1.14 & -5.37..-2.52,12094,1.8942099261987997,0.34165702000992226,-0.18059084384158586,0.011410307478335673,-0.05436666736041776,-14.091011826700072,0.14285714285714285,0.3333333333333333
ema200_rel & ret_1d_5,2.69..5.97 & -0.367..1.78,7484,1.1721735643849691,0.3265633351149118,-0.18181612683382464,-0.04665110159369592,-0.055591950352656544,-11.430917589734117,0.14285714285714285,0.0
ema200_rel & dow,-1.84..-0.491 & 2,11403,1.785982783896553,0.3333333333333333,-0.18193176589286286,-0.015284844468050018,-0.05570758941169476,-13.904010881509604,0.21428571428571427,0.16666666666666666
dist_high_20 & up_from_low_30d,1.54..2.18 & 5.06..8.62,10630,1.6649124785425202,0.33537158984007526,-0.18198798029567742,-0.011100642764243027,-0.05576380381450932,-13.51240556690978,0.14285714285714285,0.16666666666666666
up_from_low_30d & ema200_rel,17.3..23 & 0.891..2.69,12631,1.9783169817940331,0.33211938880532027,-0.1822623050983409,-0.023149074521547852,-0.056038128617172805,-14.753677895304158,0.2857142857142857,0.0
dow & ret_1d_5,2 & -0.367..1.78,12326,1.930546680198975,0.3374979717669966,-0.1826666567652414,-0.005954577827153408,-0.05644248028407331,-14.474821817679311,0.35714285714285715,0.0
dd_30d & up_from_low_30d,-8.28..-4.52 & 17.3..23,9207,1.442036612412134,0.3307266210492017,-0.18334961285002027,-0.021453120906178704,-0.05712543636885217,-12.677369032051908,0.2857142857142857,0.16666666666666666
up_from_low_30d & ret_1d_5,5.06..8.62 & -2.52..-0.367,13904,2.1776992569760303,0.3505466052934407,-0.18336085192738122,0.029009345718546138,-0.05713667544621312,-15.336932898160281,0.21428571428571427,0.0
dd_30d & dist_low_20,-12.2..-8.28 & 0.662..1.14,11610,1.8184039394053302,0.3459948320413437,-0.18393960828104725,0.022209888470290894,-0.05771543179987915,-14.073284875272089,0.2857142857142857,0.16666666666666666
dist_high_20 & dist_low_20,-inf..0.556 & 3.09..4.3,12297,1.9260045859489532,0.3297552248515898,-0.18407672324534985,-0.026224459716496628,-0.05785254676418175,-14.689198113180296,0.07142857142857142,0.0
up_from_low_30d & dow,5.06..8.62 & 2,11014,1.7250560713703968,0.3323951334664972,-0.1841062618044395,-0.016595399064301505,-0.05788208532327141,-13.82580021248758,0.2857142857142857,0.0
atr_pct & dd_30d,0.597..0.807 & -12.2..-8.28,14251,2.2320477640366376,0.3403269945968704,-0.1842062479117622,0.006303345457054566,-0.05798207143059411,-15.717716382586655,0.0,0.0
ema200_rel & ret_1d_5,-0.491..0.891 & 1.78..4.78,14962,2.3434073851320028,0.3472797754310921,-0.18421430719690024,0.01775306931505874,-0.05799013071573214,-16.057354193487377,0.35714285714285715,0.16666666666666666
dist_high_20 & up_from_low_30d,1.54..2.18 & 8.62..12.5,10595,1.6594306406545627,0.3304388862671071,-0.18481622069413636,-0.025427861353913984,-0.058592044212968264,-13.704943427309802,0.07142857142857142,0.0
dd_30d & dow,-inf..-33.6 & 0,11749,1.8401746670175043,0.30521746531619715,-0.18500984775782706,-0.10930538957368433,-0.05878567127665896,-14.871939394831747,0.07142857142857142,0.16666666666666666
dd_30d & up_from_low_30d,-20.5..-16.2 & -inf..5.06,13929,2.1816148554674286,0.33792806375188456,-0.18506019761984996,-0.002529919326760462,-0.05883602113868186,-15.720547900237742,0.2857142857142857,0.0
atr_pct & dist_low_20,0.807..0.984 & 4.3..6.59,6584,1.0312120186946334,0.32457472660996356,-0.18556501676693818,-0.03833292285020086,-0.05934084028577008,-10.874394043391423,0.07142857142857142,0.0
dist_high_20 & up_from_low_30d,0.556..1.02 & 23..31.2,9579,1.5003007179641394,0.32519052093120365,-0.1857063411579829,-0.03960419358342635,-0.0594821646768148,-13.109834448852908,0.07142857142857142,0.16666666666666666
up_from_low_30d & dow,5.06..8.62 & 5,11755,1.8411144106554398,0.3435984687367078,-0.18572908382739575,0.016140212116003548,-0.05950490734622765,-14.298229955479396,0.2857142857142857,0.16666666666666666
up_from_low_30d & dow,17.3..23 & 0,10781,1.6885626934305655,0.3195436415916891,-0.18596466917501123,-0.0570887457524844,-0.05974049269384313,-14.01063819636295,0.07142857142857142,0.0
dist_low_20 & dow,1.14..1.65 & 5,11880,1.860692403112431,0.3322390572390572,-0.18616499991229155,-0.010477032137621455,-0.05994082343112345,-14.513162034253567,0.21428571428571427,0.0
atr_pct & ret_1d_5,0.597..0.807 & -0.367..1.78,15229,2.3852259770201356,0.3412568126600565,-0.18662884965419804,0.004378943061434166,-0.060404673173029944,-16.598705536421672,0.14285714285714285,0.0
up_from_low_30d & ret_1d_5,-inf..5.06 & -5.37..-2.52,17345,2.7166422333320805,0.3434995675987316,-0.1868435050100527,0.015041192415024135,-0.0606193285288846,-17.42953720674281,0.2857142857142857,0.16666666666666666
up_from_low_30d & dist_low_20,12.5..17.3 & 4.3..6.59,9334,1.461927852748437,0.31679880008570815,-0.18698470196616715,-0.08057066951219762,-0.06076052548499905,-13.341127044358766,0.07142857142857142,0.0
dist_high_20 & dist_low_20,0.556..1.02 & 1.65..2.27,10103,1.582371662343846,0.33762248836979114,-0.18772789452406305,0.004171654180749706,-0.06150371804289495,-13.465631742015296,0.0,0.0
ema200_rel & dow,-1.84..-0.491 & 4,10918,1.7100201731634277,0.3446601941747573,-0.18791708805993929,-0.019016749228398667,-0.06169291157877119,-14.554384096487642,0.0,0.0
up_from_low_30d & ema200_rel,8.62..12.5 & -1.84..-0.491,12270,1.921775739578243,0.33691931540342296,-0.18804523116983218,-0.009737659876267134,-0.061821054688664084,-14.960434388825073,0.07142857142857142,0.0
up_from_low_30d & ema200_rel,12.5..17.3 & -0.491..0.891,11970,1.8747885576814645,0.34210526315789475,-0.18837357203456578,0.001651386140406492,-0.062149395553397685,-14.769314770857553,0.21428571428571427,0.16666666666666666
atr_pct & dist_high_20,0.597..0.807 & 0.556..1.02,16497,2.583825132503853,0.33866763653997695,-0.18852095783682318,0.0029757919935310545,-0.062296781355655084,-17.316700091456465,0.07142857142857142,0.0
dist_low_20 & ret_1d_5,1.65..2.27 & -0.367..1.78,10846,1.6987432495082009,0.3370827955006454,-0.1891358011751858,-0.008577845708413951,-0.0629116246940177,-14.127724192982303,0.21428571428571427,0.0
dist_high_20 & dow,2.18..3.01 & 4,11113,1.7405618413963337,0.32826419508683524,-0.18967702244324947,-0.0690489855191849,-0.06345284596208137,-15.07129916121487,0.0,0.0
dow & ret_1d_5,2 & 1.78..4.78,11710,1.834066333370923,0.32749786507258755,-0.19013206923970524,-0.030752030790600727,-0.06390789275853714,-14.757992205194842,0.14285714285714285,0.16666666666666666
dist_high_20 & dd_30d,-inf..0.556 & -20.5..-16.2,8454,1.3240987858512199,0.33546250295718005,-0.1905119653685338,-0.008610062050023315,-0.0642877888873657,-12.559694778372537,0.0,0.16666666666666666
ema200_rel & dow,-0.491..0.891 & 0,11263,1.764055432344723,0.3415608630027524,-0.19154208501661055,0.011089205897632565,-0.06531790853544245,-14.34167247928938,0.14285714285714285,0.0
dist_low_20 & ret_1d_5,0.662..1.14 & 1.78..4.78,12229,1.9153541580523499,0.3449995911358247,-0.19216025318069402,0.018922474013387355,-0.06593607669952592,-15.094191567883191,0.35714285714285715,0.16666666666666666
atr_pct & ema200_rel,1.17..1.37 & 5.97..inf,10002,1.566552644438597,0.3096380723855229,-0.1923162251674316,-0.08727522078985998,-0.0660920486862635,-14.085800948833638,0.07142857142857142,0.0
atr_pct & dist_low_20,0.597..0.807 & 1.65..2.27,13911,2.1787956245536217,0.3372151534756667,-0.19297133538860026,-0.003304557850107066,-0.06674715890743216,-16.346700125598314,0.07142857142857142,0.0
up_from_low_30d & dist_low_20,8.62..12.5 & 1.65..2.27,10813,1.693574659499555,0.33191528715435126,-0.19302199041072374,-0.027606954278036912,-0.06679781392955564,-14.515110468759847,0.07142857142857142,0.0
dist_high_20 & ema200_rel,0.556..1.02 & 2.69..5.97,11891,1.8624152664486462,0.3257085190480195,-0.19313933091688196,-0.03625691333512534,-0.06691515443571386,-15.142861627019494,0.14285714285714285,0.0
atr_pct & up_from_low_30d,0.597..0.807 & -inf..5.06,15390,2.41044243130474,0.33755685510071476,-0.1936581223202798,-0.0020372896847517617,-0.06743394583911169,-17.298002555524743,0.14285714285714285,0.3333333333333333
up_from_low_30d & dist_low_20,12.5..17.3 & -inf..0.662,10173,1.593335338119761,0.34060749041580657,-0.19527444895122942,0.007399386779949762,-0.06905027247006132,-14.036338522764806,0.21428571428571427,0.0
dd_30d & dow,-20.5..-16.2 & 4,11351,1.7778383390344448,0.3317769359527795,-0.19556014731199736,-0.07258496930736633,-0.06933597083082926,-15.793628663718644,0.07142857142857142,0.0
ema200_rel & ret_1d_5,-1.84..-0.491 & -5.37..-2.52,17196,2.693305266323347,0.3417073738078623,-0.19588693939626778,0.0027705591941424123,-0.06966276291509968,-18.394452060862758,0.07142857142857142,0.0
up_from_low_30d & dist_low_20,8.62..12.5 & 2.27..3.09,10504,1.6451778621458732,0.3256854531607007,-0.196086738109441,-0.04998453094679999,-0.0698625616282729,-14.68549278567018,0.0,0.0
dist_low_20 & ret_1d_5,1.14..1.65 & 1.78..4.78,11342,1.7764287235775413,0.33627226238758595,-0.19616615591500533,-0.00908985500251647,-0.06994197943383723,-14.949087419999566,0.21428571428571427,0.0
dist_high_20 & dd_30d,2.18..3.01 & -8.28..-4.52,9610,1.5051560600934732,0.32122788761706556,-0.19647065395536792,-0.04996245743098265,-0.07024647747419982,-14.006549911948362,0.07142857142857142,0.16666666666666666
up_from_low_30d & dow,5.06..8.62 & 1,11757,1.8414276585347518,0.332312664795441,-0.1965836443158196,-0.024446050347331372,-0.0703594678346515,-15.369384217691662,0.0,0.0
dow & ret_1d_5,6 & -2.52..-0.367,11432,1.790524878146575,0.34744576627011897,-0.19677084145984788,0.037230583346698334,-0.07054666497867979,-14.628321987339232,0.21428571428571427,0.16666666666666666
dist_high_20 & up_from_low_30d,0.556..1.02 & 17.3..23,10049,1.5739139696024258,0.3260025873221216,-0.1970783032971433,-0.03418237123718556,-0.0708541268159752,-14.237300474907105,0.07142857142857142,0.0
atr_pct & ema200_rel,0.597..0.807 & -0.491..0.891,14983,2.346696487864777,0.33644797437095375,-0.19729461077839713,-0.0057638080752358285,-0.07107043429722903,-17.380477081182114,0.0,0.0
dist_high_20 & dow,6.43..inf & 6,7204,1.128318861281309,0.29941699056079957,-0.19751358632721566,-0.13920767438887188,-0.07128940984604756,-12.664688013568627,0.0,0.16666666666666666
dist_high_20 & ema200_rel,1.02..1.54 & 0.891..2.69,11789,1.8464396246037413,0.3309016880142506,-0.19784882839319942,-0.017452907870701365,-0.07162465191203132,-15.351394897334263,0.14285714285714285,0.0
dd_30d & dist_low_20,-4.52..inf & 2.27..3.09,8372,1.3112556227994336,0.3315814620162446,-0.19788333780599646,-0.025805139154322247,-0.07165916132482836,-13.0914167839152,0.0,0.16666666666666666
dist_high_20 & dd_30d,0.556..1.02 & -12.2..-8.28,11575,1.8129221015173727,0.34056155507559394,-0.19789436726139106,0.01288958405706063,-0.07167019078022296,-15.126629164819079,0.21428571428571427,0.0
dist_high_20 & dist_low_20,1.02..1.54 & 0.662..1.14,9186,1.4387475096793594,0.3453080775092532,-0.19972225005402178,0.025938081479829234,-0.07349807357285368,-13.543979800152748,0.07142857142857142,0.16666666666666666
dist_high_20 & ema200_rel,1.02..1.54 & -1.84..-0.491,13300,2.0830983974238495,0.3412781954887218,-0.20028652586578521,0.004811808545173245,-0.07406234938461712,-16.516144031621987,0.0,0.0
dist_high_20 & up_from_low_30d,1.02..1.54 & 5.06..8.62,11931,1.8686802240348832,0.33852988014416224,-0.20056964506636216,-0.0021082345542930525,-0.07434546858519406,-15.687212120801279,0.14285714285714285,0.0
dist_high_20 & ret_1d_5,1.02..1.54 & 1.78..4.78,11283,1.7671879111378417,0.3321811574935744,-0.20074691107241832,-0.012327198779724657,-0.07452273459125022,-15.19861064452691,0.0,0.0
atr_pct & dow,0.597..0.807 & 5,12727,1.9933528800010023,0.3323642649485346,-0.20095870489280404,-0.010765164545365496,-0.07473452841163594,-16.21979645444212,0.14285714285714285,0.16666666666666666
dist_high_20 & ema200_rel,0.556..1.02 & -1.84..-0.491,14047,2.200096480346828,0.3471915711539831,-0.20171623717069062,0.032269347014745126,-0.07549206068952252,-16.892547288368142,0.07142857142857142,0.0
dd_30d & up_from_low_30d,-inf..-33.6 & 5.06..8.62,8627,1.3511947274116953,0.30149530543642056,-0.20179380654634022,-0.11517539212796182,-0.07556963006517212,-13.999366593490448,0.14285714285714285,0.16666666666666666
dist_high_20 & dd_30d,1.54..2.18 & -8.28..-4.52,9953,1.5588780713954566,0.32743896312669546,-0.20289508674386028,-0.032882191031862795,-0.07667091026269218,-14.610997302368395,0.14285714285714285,0.16666666666666666
atr_pct & up_from_low_30d,0.597..0.807 & 8.62..12.5,15088,2.3631420015286495,0.3327810180275716,-0.20302677915559803,-0.012469457478118739,-0.07680260267442993,-17.88464175322689,0.07142857142857142,0.0
dd_30d & ema200_rel,-12.2..-8.28 & -0.491..0.891,15144,2.3719129421493816,0.3409270998415214,-0.20310242157137273,-0.0047141930686977465,-0.07687824509020463,-17.9052493018219,0.21428571428571427,0.0
dist_high_20 & ema200_rel,1.54..2.18 & -1.84..-0.491,11351,1.7778383390344448,0.3296625847942912,-0.20318809294043927,-0.024811204865614882,-0.07696391645927117,-15.53761675790022,0.0,0.16666666666666666
up_from_low_30d & dow,5.06..8.62 & 3,10231,1.6024195266198047,0.3287068712735803,-0.20345868096001915,-0.03535366658491917,-0.07723450447885105,-14.962450689114515,0.21428571428571427,0.16666666666666666
dist_high_20 & up_from_low_30d,6.43..inf & 12.5..17.3,7027,1.1005964239622097,0.3080973388359186,-0.20367301472416305,-0.13563321493608588,-0.07744883824299495,-13.208189783258037,0.07142857142857142,0.0
dist_high_20 & dd_30d,1.54..2.18 & -4.52..inf,11247,1.7615494493102282,0.32301947185916247,-0.20368506736705835,-0.049491162853806316,-0.07746089088589025,-15.64306046854267,0.21428571428571427,0.0
dist_high_20 & ema200_rel,1.02..1.54 & -0.491..0.891,12312,1.928353945043792,0.3374756335282651,-0.20435265692602073,-0.001329463695477342,-0.07812848044485263,-16.161959241238712,0.07142857142857142,0.16666666666666666
up_from_low_30d & dist_low_20,12.5..17.3 & 6.59..inf,7220,1.130824844315804,0.30498614958448755,-0.20463364317492894,-0.131409675803834,-0.07840946669376084,-13.222769740181784,0.07142857142857142,0.0
dist_high_20 & dow,0.556..1.02 & 3,10022,1.5696851232317157,0.3263819596886849,-0.20507879970247433,-0.03203903057781115,-0.07885462322130624,-14.790931371497512,0.0,0.0
up_from_low_30d & ema200_rel,17.3..23 & 2.69..5.97,15372,2.4076232003909332,0.31733021077283374,-0.2052660247019044,-0.06595330102799898,-0.07904184822073629,-18.52794114563884,0.07142857142857142,0.16666666666666666
dd_30d & ema200_rel,-8.28..-4.52 & 0.891..2.69,15937,2.4961157262965328,0.3320574763129824,-0.20531231808445305,-0.020802443485007222,-0.07908814160328495,-18.62552084566968,0.21428571428571427,0.0
up_from_low_30d & dow,-inf..5.06 & 0,11666,1.8271748800260623,0.3295902623007029,-0.20544389750393988,-0.022702688257958945,-0.07921972102277178,-15.853543695915645,0.0,0.3333333333333333
dist_low_20 & ret_1d_5,0.662..1.14 & -2.52..-0.367,13239,2.073544337104838,0.3442858221920085,-0.2060417822656765,0.022654821748789057,-0.07981760578450839,-16.757375398904063,0.35714285714285715,0.0
atr_pct & dd_30d,1.17..1.37 & -4.52..inf,7565,1.1848601034970994,0.3085261070720423,-0.20630100702939827,-0.1006353567296249,-0.08007683054823017,-13.278380532297078,0.07142857142857142,0.16666666666666666
dd_30d & up_from_low_30d,-inf..-33.6 & 17.3..23,11072,1.7341402598704407,0.3012102601156069,-0.20699211392180442,-0.12513074656611065,-0.08076793744063632,-16.354075586992288,0.21428571428571427,0.0
dist_low_20 & ema200_rel,1.14..1.65 & -0.491..0.891,12739,1.9952323672768735,0.3403720857210142,-0.20705198556539817,-2.3427476527932824e-05,-0.08082780908423007,-16.726958259368406,0.07142857142857142,0.16666666666666666
up_from_low_30d & dist_low_20,5.06..8.62 & 1.65..2.27,10646,1.6674184615770151,0.329419500281796,-0.20774020683573544,-0.028480722869206644,-0.08151603035456734,-15.446969830456624,0.14285714285714285,0.16666666666666666
atr_pct & dist_low_20,0.597..0.807 & 2.27..3.09,11158,1.7476099186808505,0.3333034594013264,-0.2079548493798011,-0.020051938247042204,-0.081730672898633,-15.899404217763959,0.0,0.0
ema200_rel & dow,-1.84..-0.491 & 5,11171,1.7496460298963776,0.3414197475606481,-0.20795957360576342,0.004566500102789045,-0.08173539712459532,-15.684228118063233,0.07142857142857142,0.16666666666666666
up_from_low_30d & dow,8.62..12.5 & 4,11457,1.7944404766379731,0.3373483459893515,-0.20797830135218787,-0.05365449444220301,-0.08175412487101977,-16.756307762984967,0.14285714285714285,0.16666666666666666
up_from_low_30d & dow,8.62..12.5 & 2,11745,1.8395481712588806,0.3214133673903789,-0.2093901131184526,-0.05546017404382046,-0.0831659366372845,-16.432830960993535,0.07142857142857142,0.0
up_from_low_30d & ret_1d_5,17.3..23 & 10.2..inf,7242,1.1342705709882344,0.30820215410107704,-0.20964771590443515,-0.09945752237839073,-0.08342353942326705,-13.16170895363587,0.21428571428571427,0.16666666666666666
up_from_low_30d & dist_low_20,8.62..12.5 & 1.14..1.65,11536,1.8068137678707916,0.33096393897364773,-0.20970915325639253,-0.02330722937521045,-0.08348497677522443,-16.190941820855734,0.14285714285714285,0.0
atr_pct & ema200_rel,-inf..0.597 & -3.59..-1.84,9218,1.4437594757483492,0.3604903449772185,-0.21189863448526475,0.07896958557287578,-0.08567445800409665,-14.14823800047744,0.07142857142857142,0.2
up_from_low_30d & dow,23..31.2 & 5,11007,1.7239597037928054,0.31425456527664214,-0.21202351163184685,-0.08464032114597954,-0.08579933515067875,-16.420991952069016,0.14285714285714285,0.0
up_from_low_30d & dist_low_20,5.06..8.62 & 1.14..1.65,12290,1.9249082183713617,0.33572009764035804,-0.21254367823941203,-0.011922691301702662,-0.08631950175824393,-16.917490446940352,0.14285714285714285,0.0
up_from_low_30d & dow,17.3..23 & 4,11518,1.8039945369569848,0.31906581003646467,-0.21375872785728617,-0.09191262117020918,-0.08753455137611807,-17.393320900993416,0.07142857142857142,0.16666666666666666
dd_30d & dist_low_20,-12.2..-8.28 & -inf..0.662,11766,1.842837273991655,0.34727180010198877,-0.21376911338882096,0.03173424374817243,-0.08754493690765286,-16.396454324002335,0.14285714285714285,0.0
dist_high_20 & up_from_low_30d,0.556..1.02 & 12.5..17.3,11092,1.7372727386635594,0.32879552830869097,-0.21380064772854657,-0.02485959294345664,-0.08757647124737847,-16.1475215246817,0.0,0.0
up_from_low_30d & ema200_rel,12.5..17.3 & -inf..-6.51,9310,1.4581688781966946,0.29591836734693877,-0.21471135486205126,-0.14566577359596655,-0.08848717838088316,-15.791597624376356,0.21428571428571427,0.0
dist_high_20 & dow,1.02..1.54 & 5,12856,2.0135573682166172,0.3220286247666459,-0.21550928235641845,-0.04334312331603875,-0.08928510587525035,-17.576039592549662,0.07142857142857142,0.0
up_from_low_30d & ret_1d_5,12.5..17.3 & 4.78..10.2,12846,2.011991128820058,0.3205667133738129,-0.21557790486937195,-0.06635252235449017,-0.08935372838820385,-17.880548804865644,0.07142857142857142,0.0
ema200_rel & dow,2.69..5.97 & 5,11136,1.74416419200842,0.31636135057471265,-0.2162573006707349,-0.07248885033483947,-0.0900331241895668,-16.6714152033173,0.14285714285714285,0.0
dd_30d & dow,-4.52..inf & 2,10789,1.689815684947813,0.3318194457317638,-0.216307300882216,-0.023479394221865464,-0.0900831244010479,-15.997138758699853,0.2857142857142857,0.0
dist_high_20 & up_from_low_30d,1.02..1.54 & 8.62..12.5,10974,1.7187911137841596,0.32759249134317475,-0.21725787878121083,-0.036047825562327565,-0.09103370230004273,-16.380518491521393,0.07142857142857142,0.0
dist_high_20 & up_from_low_30d,0.556..1.02 & 5.06..8.62,13227,2.0716648498289665,0.3433885234747108,-0.2173413039940015,0.01539862704510928,-0.0911171275128334,-17.759964146506952,0.14285714285714285,0.0
up_from_low_30d & dow,17.3..23 & 5,12056,1.8882582164918744,0.3151128069011281,-0.21768634310522988,-0.07581169062917556,-0.09146216662406179,-17.49115270401427,0.14285714285714285,0.0
dist_low_20 & ema200_rel,1.14..1.65 & 0.891..2.69,12183,1.9081494568281774,0.3340720676352294,-0.21782092821184865,-0.009894934388968097,-0.09159675173068055,-17.0618848739358,0.35714285714285715,0.0
dd_30d & ret_1d_5,-8.28..-4.52 & 1.78..4.78,13228,2.0718214737686225,0.3243120653159964,-0.21884908582610269,-0.04050314977856971,-0.09262490934493459,-18.12132244218595,0.14285714285714285,0.16666666666666666
atr_pct & dow,0.597..0.807 & 3,9993,1.5651430289816939,0.3289302511758231,-0.21912754779281152,-0.03028910497970012,-0.09290337131164342,-15.866940223472596,0.07142857142857142,0.0
dist_high_20 & up_from_low_30d,-inf..0.556 & 23..31.2,8959,1.4031938753774638,0.3174461435428061,-0.2196535302745235,-0.06302800748625657,-0.0934293537933554,-15.046972879424086,0.0,0.0
dd_30d & ret_1d_5,-4.52..inf & 4.78..10.2,19944,3.1237078524978386,0.31914360208584036,-0.22050727579594434,-0.06249997543896985,-0.09428309931477624,-22.663725265582176,0.07142857142857142,0.0
dist_low_20 & ema200_rel,0.662..1.14 & -1.84..-0.491,14503,2.2715169968299316,0.3374474246707578,-0.22095626722093234,-0.0037136808474113546,-0.09473209073976424,-19.03010617369368,0.14285714285714285,0.0
dow & ret_1d_5,1 & -0.367..1.78,10563,1.6544186745855731,0.32774779892076117,-0.2210200455116333,-0.03014388952492798,-0.09479586903046519,-16.13700674671424,0.42857142857142855,0.0
dow & ret_1d_5,1 & -inf..-9.87,11530,1.805874024232856,0.29601040763226366,-0.22162731539763916,-0.14777183514925465,-0.09540313891647106,-18.041690344319473,0.07142857142857142,0.16666666666666666
dist_high_20 & dow,-inf..0.556 & 1,9332,1.461614604869125,0.33304757822546077,-0.22184789908834143,-0.01956360735112516,-0.09562372260717333,-15.222188661030332,0.14285714285714285,0.0
atr_pct & ema200_rel,0.597..0.807 & 0.891..2.69,13840,2.1676753248380507,0.3273121387283237,-0.2221240297500607,-0.031174174608941382,-0.09589985326889261,-18.863139754206202,0.07142857142857142,0.0
up_from_low_30d & ret_1d_5,-inf..5.06 & -2.52..-0.367,16457,2.577560174917616,0.3484839278118734,-0.2232983840591526,0.038119310702463084,-0.09707420757798449,-20.121114208999757,0.35714285714285715,0.0
atr_pct & dd_30d,-inf..0.597 & -20.5..-16.2,6074,0.9513338094701099,0.35610800131708925,-0.223576421569054,0.0663891176056705,-0.0973522450878859,-12.181013099427867,0.23076923076923078,0.0
dow & ret_1d_5,4 & -2.52..-0.367,11481,1.7981994511897155,0.3317655256510757,-0.22370449751001792,-0.0530372770309899,-0.09748032102884982,-17.9535559547936,0.2857142857142857,0.0
dow & ret_1d_5,5 & -0.367..1.78,10530,1.6492500845769273,0.33656220322886987,-0.22430968317209815,-0.0056146275222350404,-0.09808550669093005,-16.35030971095491,0.2857142857142857,0.0
atr_pct & dist_high_20,0.597..0.807 & -inf..0.556,14170,2.219361224924507,0.32865208186309103,-0.2243901923534995,-0.032360135107714086,-0.0981660158723314,-19.334172638976273,0.14285714285714285,0.0
dist_high_20 & dow,0.556..1.02 & 5,13736,2.1513864351138343,0.3300087361677344,-0.22459249838238785,-0.01910560441488049,-0.09836832190121975,-18.758682168913406,0.07142857142857142,0.0
ema200_rel & ret_1d_5,-1.84..-0.491 & -2.52..-0.367,20962,3.283151023067574,0.3404255319148936,-0.2246244148132393,0.005853350484398087,-0.0984002383320712,-23.145990568466473,0.07142857142857142,0.0
up_from_low_30d & dow,8.62..12.5 & 3,11445,1.792560989362102,0.32022717343818263,-0.22462844794733447,-0.06870395538270224,-0.09840427146616637,-17.67865289659379,0.14285714285714285,0.0
dist_low_20 & ret_1d_5,0.662..1.14 & -0.367..1.78,13664,2.1401095114586073,0.34492096018735363,-0.22521771212320763,0.013427673008524646,-0.09899353564203953,-18.614871141194733,0.42857142857142855,0.0
dow & ret_1d_5,5 & 4.78..10.2,10894,1.7062611986116853,0.31118046631173124,-0.2257127970305575,-0.08267823885149096,-0.0994886205493894,-17.184449741399963,0.14285714285714285,0.0
up_from_low_30d & dow,-inf..5.06 & 4,12119,1.8981255246901978,0.3266771185741398,-0.22576732023691615,-0.04974604924181507,-0.09954314375574805,-18.307692267623978,0.2857142857142857,0.16666666666666666
dist_high_20 & dow,-inf..0.556 & 3,9750,1.5270834116453031,0.3311794871794872,-0.2261359472949981,-0.019411657078609482,-0.09991177081383001,-15.924150397769546,0.14285714285714285,0.16666666666666666
dist_high_20 & ema200_rel,-inf..0.556 & -1.84..-0.491,11379,1.7822238093448108,0.3488883030143246,-0.22622935676493475,0.03352163529031977,-0.10000518028376665,-16.868496955150807,0.07142857142857142,0.0
dist_high_20 & dist_low_20,0.556..1.02 & 1.14..1.65,9214,1.4431329799897255,0.33709572389841547,-0.22656971603870144,0.002539805332534204,-0.10034553955753334,-15.438908483074568,0.14285714285714285,0.0
up_from_low_30d & ret_1d_5,8.62..12.5 & -2.52..-0.367,11424,1.7892718866293276,0.3247549019607843,-0.2267956575338775,-0.03903089982493883,-0.10057148105270941,-17.455444753063883,0.21428571428571427,0.0
up_from_low_30d & dow,8.62..12.5 & 1,11923,1.8674272325176358,0.3159439738320892,-0.22718763164395991,-0.07456975806021708,-0.10096345516279182,-18.08959053273586,0.07142857142857142,0.0
dist_high_20 & up_from_low_30d,0.556..1.02 & 8.62..12.5,12047,1.886848601034971,0.33070473976923714,-0.22729239124905645,-0.019341660131775608,-0.10106821476788835,-17.844541011720192,0.21428571428571427,0.0
dow & ret_1d_5,4 & -0.367..1.78,11603,1.8173075718277387,0.3334482461432388,-0.22745013991847138,-0.04805520611109107,-0.10122596343730328,-18.305028227709926,0.14285714285714285,0.16666666666666666
dist_high_20 & ret_1d_5,-inf..0.556 & -5.37..-2.52,11395,1.7847297923793055,0.3382185168933743,-0.22834674902356847,-0.004878405716926612,-0.10212257254240037,-17.33503332535893,0.07142857142857142,0.0
dist_low_20 & dow,1.14..1.65 & 4,11177,1.750585773534313,0.32343204795562314,-0.22856294585019007,-0.07309857365331496,-0.10233876936902198,-18.081779032155413,0.07142857142857142,0.0
dist_low_20 & dow,-inf..0.662 & 2,10012,1.5681188838351565,0.3260087894526568,-0.22859685558187148,-0.03352469462789075,-0.10237267910070338,-16.344814095906784,0.14285714285714285,0.0
dist_low_20 & dow,-inf..0.662 & 6,16283,2.550307609417484,0.34858441319167227,-0.22872918604174258,0.04195342374692734,-0.10250500956057448,-20.161385225903686,0.0,0.16666666666666666
up_from_low_30d & dow,5.06..8.62 & 0,12232,1.9158240298713178,0.3243950294310007,-0.22873428133945692,-0.0456194182747285,-0.10251010485828882,-18.282218683445585,0.0,0.16666666666666666
dist_high_20 & dd_30d,1.02..1.54 & -4.52..inf,13250,2.075267200441053,0.32264150943396225,-0.2288314507335076,-0.04261627038168439,-0.10260727425233951,-18.983794722328508,0.35714285714285715,0.0
dist_low_20 & ema200_rel,0.662..1.14 & 0.891..2.69,11008,1.7241163277324612,0.3399345930232558,-0.22936975868218354,0.00750605226084049,-0.10314558220101544,-17.01104453639383,0.2857142857142857,0.0
dd_30d & up_from_low_30d,-8.28..-4.52 & 12.5..17.3,9718,1.5220714455763134,0.3309322905947726,-0.22978806855367756,-0.034584623699256474,-0.10356389207250946,-16.48436568008922,0.2857142857142857,0.16666666666666666
dd_30d & dow,-8.28..-4.52 & 3,11475,1.7972597075517798,0.3186056644880174,-0.23026401264256824,-0.07070504944452849,-0.10403983616140014,-18.202548261321326,0.0,0.16666666666666666
up_from_low_30d & dist_low_20,-inf..5.06 & 0.662..1.14,16056,2.5147539751155885,0.33271051320378675,-0.23140743312675205,-0.00966057290500531,-0.10518325664558395,-20.836152440925872,0.14285714285714285,0.16666666666666666
up_from_low_30d & dow,8.62..12.5 & 0,11646,1.8240424012329437,0.3114374034003091,-0.2319855191612571,-0.07126763097457862,-0.105761342680089,-18.154547658057172,0.07142857142857142,0.16666666666666666
atr_pct & dist_low_20,0.597..0.807 & 3.09..4.3,6699,1.0492237717550652,0.32154052843708014,-0.23267594474101944,-0.046437464370375894,-0.10645176825985134,-13.77671571005005,0.07142857142857142,0.0
up_from_low_30d & dow,12.5..17.3 & 4,11935,1.869306719793507,0.31981566820276497,-0.23274724983488357,-0.09753079224575217,-0.10652307335371547,-19.289386172752977,0.07142857142857142,0.0
dist_high_20 & up_from_low_30d,1.54..2.18 & -inf..5.06,9518,1.4907466576451278,0.32485816347972263,-0.2332021668188745,-0.037362844986526436,-0.10697799033770641,-16.43646824083627,0.14285714285714285,0.16666666666666666
up_from_low_30d & dow,5.06..8.62 & 4,10558,1.6536355548872934,0.3307444591778746,-0.2341974704149008,-0.06325579446275517,-0.1079732939337327,-18.222166329013227,0.07142857142857142,0.16666666666666666
dist_high_20 & dd_30d,1.02..1.54 & -8.28..-4.52,10991,1.7214537207583105,0.3251751432990629,-0.2347092070102485,-0.03673416145013622,-0.1084850305290804,-17.68305499328444,0.07142857142857142,0.0
atr_pct & up_from_low_30d,0.597..0.807 & 17.3..23,9588,1.5017103334210427,0.3212348769294952,-0.2354314050034068,-0.046800633195227904,-0.10920722852223871,-16.685906375215158,0.07142857142857142,0.0
dd_30d & dist_low_20,-8.28..-4.52 & 1.65..2.27,10351,1.6212143993785162,0.3158148971113902,-0.23874130450665332,-0.06993758047438482,-0.11251712802548522,-17.785667508417053,0.07142857142857142,0.0
atr_pct & ret_1d_5,0.597..0.807 & 1.78..4.78,13403,2.09923066320841,0.3198537640826681,-0.2387752254090457,-0.04791224600984952,-0.1125510489278776,-20.056878435593323,0.0,0.0
dist_high_20 & dist_low_20,1.54..2.18 & -inf..0.662,10250,1.6053953814732673,0.3371707317073171,-0.23893019330333215,0.003674995520133105,-0.11270601682216405,-17.151184805625896,0.14285714285714285,0.16666666666666666
dist_high_20 & ema200_rel,0.556..1.02 & 0.891..2.69,13896,2.176446265458783,0.3285837651122625,-0.23903460151652448,-0.026680339752040576,-0.11281042503535638,-20.165862255770968,0.14285714285714285,0.0
dow & ret_1d_5,4 & 1.78..4.78,11354,1.7783082108534125,0.3196230403382068,-0.23994384388542406,-0.08946713635280874,-0.11371966740425596,-19.31321861162187,0.14285714285714285,0.0
atr_pct & dd_30d,0.597..0.807 & -8.28..-4.52,13137,2.057568695259933,0.3219152013397275,-0.24046583565969795,-0.04879480279397938,-0.11424165917852985,-20.11549561427276,0.07142857142857142,0.0
dd_30d & dist_low_20,-8.28..-4.52 & 1.14..1.65,10907,1.7082973098272125,0.32428715503804895,-0.24079314099931143,-0.04224328750340619,-0.11456896451814333,-18.183740299951396,0.14285714285714285,0.0
dist_high_20 & dist_low_20,-inf..0.556 & 2.27..3.09,11176,1.7504291495946573,0.3257874015748031,-0.24113336235152522,-0.04062755091371361,-0.11490918587035712,-18.451844604684023,0.07142857142857142,0.0
atr_pct & dist_low_20,1.17..1.37 & 6.59..inf,6601,1.0338746256687843,0.2945008332070898,-0.24140099413166724,-0.13660778884310204,-0.11517681765049914,-14.658035621612521,0.0,0.0
up_from_low_30d & dist_low_20,5.06..8.62 & 0.662..1.14,13899,2.176916137277751,0.3328296999784157,-0.24217803777710084,-0.01297439430443779,-0.11595386129593274,-20.413589045778867,0.14285714285714285,0.0
dow & ret_1d_5,1 & -9.87..-5.37,12041,1.8859088573970355,0.2970683498048335,-0.24330801018233703,-0.13066766643049063,-0.11708383370116893,-19.942958271930905,0.0,0.0
dist_high_20 & ret_1d_5,0.556..1.02 & -2.52..-0.367,13149,2.0594481825358044,0.3337135903871017,-0.24409969710266116,-0.010455050194861103,-0.11787552062149306,-20.043025742723774,0.0,0.0
ema200_rel & dow,-0.491..0.891 & 6,11997,1.8790174040521745,0.3410019171459532,-0.24452936759258576,0.016034610642886044,-0.11830519111141766,-18.58421328111353,0.21428571428571427,0.16666666666666666
dist_high_20 & ret_1d_5,1.02..1.54 & -0.367..1.78,11670,1.827801375784686,0.32296486718080547,-0.24497537335889377,-0.04423434959691815,-0.11875119687772567,-19.129258533913507,0.07142857142857142,0.0
up_from_low_30d & dow,31.2..48 & 4,11352,1.7779949629741008,0.3073467230443975,-0.24527545875037393,-0.1522232744414721,-0.11905128226920583,-20.364256921779997,0.0,0.0
dd_30d & dow,-12.2..-8.28 & 4,11380,1.7823804332844666,0.31783831282952546,-0.247204932345995,-0.09836309085289768,-0.1209807558648269,-20.02152367437628,0.07142857142857142,0.0
dow & ret_1d_5,6 & -0.367..1.78,10770,1.6868398300943503,0.33779015784586813,-0.24750267957645575,0.00794857077258172,-0.12127850309528765,-17.85004054236131,0.42857142857142855,0.16666666666666666
up_from_low_30d & ema200_rel,5.06..8.62 & -1.84..-0.491,14864,2.328058239045722,0.32716630785791173,-0.2476092259911997,-0.036122130695725424,-0.1213850495100316,-21.891559412640262,0.21428571428571427,0.16666666666666666
dist_high_20 & ret_1d_5,-inf..0.556 & 4.78..10.2,8658,1.3560500695410291,0.3116193116193116,-0.2476331349805793,-0.07879993228921389,-0.12140895849941119,-16.726891381593507,0.07142857142857142,0.0
dd_30d & ema200_rel,-4.52..inf & 2.69..5.97,21768,3.4093899184302523,0.3165656008820287,-0.24797173685211124,-0.06764712092025106,-0.12174756037094314,-26.56848574117378,0.07142857142857142,0.0
ema200_rel & dow,-inf..-6.51 & 1,12053,1.8877883446729065,0.28515722226831497,-0.2486560234664373,-0.1787575972636998,-0.12243184698526921,-20.9454660526094,0.14285714285714285,0.16666666666666666
ema200_rel & dow,0.891..2.69 & 6,12349,1.9341490308110614,0.324155802089238,-0.24903643366816366,-0.03143832094570442,-0.12281225718699557,-19.599072731245613,0.07142857142857142,0.0
dist_low_20 & dow,4.3..6.59 & 4,12217,1.913474670776479,0.30555782925431774,-0.249163812250342,-0.15775786280932658,-0.12293963576917391,-21.46790625255557,0.0,0.0
up_from_low_30d & ret_1d_5,8.62..12.5 & 4.78..10.2,8247,1.2916776303424427,0.3119922396022796,-0.24947188258028458,-0.08503089624511269,-0.12324770609911648,-16.597128352347777,0.14285714285714285,0.16666666666666666
dist_low_20 & dow,-inf..0.662 & 1,11032,1.7278753022842035,0.319525018129079,-0.25250467676892246,-0.052129520646658184,-0.12628050028775437,-19.030736234902033,0.0,0.0
atr_pct & ret_1d_5,0.597..0.807 & 4.78..10.2,8801,1.378447292911827,0.3151914555164186,-0.2529925634488194,-0.06467859572956298,-0.12676838696765128,-17.232686984948476,0.21428571428571427,0.0
dist_high_20 & dow,1.54..2.18 & 4,10749,1.6835507273615757,0.30961019629733,-0.2530276991605903,-0.11822396622175041,-0.12680352267942221,-20.075978463592016,0.0,0.0
dist_high_20 & up_from_low_30d,1.02..1.54 & -inf..5.06,10016,1.5687453795937802,0.33007188498402557,-0.2534243315309175,-0.022321502590920698,-0.12720015504974938,-18.250843617655814,0.07142857142857142,0.0
dist_low_20 & ema200_rel,-inf..0.662 & 0.891..2.69,9078,1.4218321241965193,0.3401630315047367,-0.25417960225564246,0.007969978360600776,-0.12795542577447436,-17.06466206453611,0.2857142857142857,0.0
up_from_low_30d & dist_low_20,8.62..12.5 & 0.662..1.14,12045,1.8865353531556592,0.32104607721046075,-0.25533656317770675,-0.046622428031829206,-0.12911238669653866,-20.1341684423554,0.21428571428571427,0.0
up_from_low_30d & ema200_rel,-inf..5.06 & -3.59..-1.84,17098,2.677956120237066,0.3228447771669201,-0.2563194181571012,-0.04784518913262046,-0.1300952416759331,-24.399094577052526,0.07142857142857142,0.0
atr_pct & dd_30d,-inf..0.597 & -16.2..-12.2,9118,1.4280970817827563,0.3515025224830007,-0.2568660714589786,0.05055497995227395,-0.1306418949778105,-17.155099619502842,0.23076923076923078,0.0
up_from_low_30d & ema200_rel,12.5..17.3 & 2.69..5.97,12603,1.9739315114836673,0.30762516861064826,-0.25797412504409917,-0.09953128240159217,-0.13174994856293107,-21.283481283990984,0.07142857142857142,0.0
dist_high_20 & ret_1d_5,0.556..1.02 & 1.78..4.78,11899,1.8636682579658936,0.3218757878813346,-0.2580059101118218,-0.04149311724339595,-0.13178173363065368,-20.13507406601454,0.14285714285714285,0.0
dd_30d & ret_1d_5,-12.2..-8.28 & -2.52..-0.367,12853,2.0130874963976493,0.3201587178090718,-0.25828037615201727,-0.05527234457387989,-0.13205619967084917,-21.2297068018429,0.14285714285714285,0.0
ema200_rel & ret_1d_5,0.891..2.69 & 1.78..4.78,23265,3.643855956095177,0.3231893402106168,-0.2593190142764884,-0.04141009115632752,-0.1330948377953203,-28.39469048186378,0.21428571428571427,0.0
up_from_low_30d & dist_low_20,8.62..12.5 & -inf..0.662,12191,1.9094024483454246,0.3271265687802477,-0.2603463698286853,-0.027807945789721306,-0.1341221933475172,-20.48754883675875,0.07142857142857142,0.16666666666666666
dist_low_20 & dow,-inf..0.662 & 4,9364,1.4666265709381148,0.32432721059376335,-0.26167339063116546,-0.05994991162293767,-0.13544921414999736,-18.8188894430586,0.07142857142857142,0.0
dist_high_20 & up_from_low_30d,-inf..0.556 & 12.5..17.3,11494,1.8002355624052424,0.3243431355489821,-0.26260571871066635,-0.04368587495869662,-0.13638154222949825,-20.255835763611834,0.0,0.0
dd_30d & up_from_low_30d,-12.2..-8.28 & 5.06..8.62,10605,1.6609968800511221,0.3286185761433286,-0.26301086279399793,-0.03161366908817323,-0.13678668631282984,-19.6228536206724,0.07692307692307693,0.0
dist_low_20 & dow,6.59..inf & 4,11998,1.8791740279918305,0.2976329388231372,-0.26424406619223095,-0.19863059455040005,-0.13801988971106285,-23.319412080067686,0.0,0.0
dd_30d & up_from_low_30d,-16.2..-12.2 & -inf..5.06,12118,1.8979689007505418,0.32670407658029377,-0.2647042860178392,-0.03735458009856746,-0.1384801095366711,-21.197240570248226,0.07692307692307693,0.0
dist_low_20 & dow,0.662..1.14 & 4,10211,1.5992870478266863,0.3163255312897855,-0.264879505633801,-0.09184878547384721,-0.13865532915263293,-20.200084224952157,0.14285714285714285,0.0
dist_high_20 & dow,-inf..0.556 & 2,10583,1.6575511533786915,0.31607294717943873,-0.2653982867619678,-0.06672969504196885,-0.1391741102807997,-19.657914759865047,0.0,0.0
dd_30d & dow,-8.28..-4.52 & 6,12098,1.8948364219574234,0.31831707720284347,-0.2658786837132019,-0.051849423166245356,-0.1396545072320338,-20.762254687269532,0.14285714285714285,0.16666666666666666
ema200_rel & ret_1d_5,0.891..2.69 & -0.367..1.78,17253,2.702232830883735,0.322842404219556,-0.26626110081359083,-0.04779813311071492,-0.14003692433242274,-25.15029650521038,0.2857142857142857,0.0
dd_30d & dow,-4.52..inf & 3,10732,1.680888120387425,0.31298919120387625,-0.2692061024072923,-0.0827811213261773,-0.14298192592612421,-20.479637644927884,0.0,0.0
dd_30d & up_from_low_30d,-inf..-33.6 & 12.5..17.3,9652,1.5117342655590222,0.27807708246995444,-0.2710771605984458,-0.19342493390089693,-0.14485298411727768,-20.46419100281404,0.0,0.0
dist_low_20 & ema200_rel,-inf..0.662 & -1.84..-0.491,16445,2.5756806876417446,0.3369413195500152,-0.27127138331469264,0.0018138866721979883,-0.14504720683352454,-24.6083207442352,0.07142857142857142,0.0
atr_pct & ema200_rel,0.597..0.807 & 2.69..5.97,9461,1.48181909308474,0.309798118592115,-0.2716828937749113,-0.08291497253721249,-0.14545871729374318,-19.279522408404585,0.0,0.16666666666666666
ema200_rel & ret_1d_5,-0.491..0.891 & -2.52..-0.367,17213,2.695967873297498,0.3248707372334863,-0.2719157259774163,-0.03556928542653955,-0.1456915494962482,-25.5126707903115,0.07142857142857142,0.0
dist_high_20 & ema200_rel,-inf..0.556 & 2.69..5.97,13331,2.0879537395531833,0.30672867751856575,-0.27516867894817154,-0.09385725505154124,-0.14894450246700344,-23.191792448549197,0.0,0.0
dist_low_20 & ret_1d_5,-inf..0.662 & 1.78..4.78,12982,2.033291984613264,0.3300724079494685,-0.27643558606568597,-0.02424134303569316,-0.15021140958451787,-22.45877380233989,0.07142857142857142,0.16666666666666666
up_from_low_30d & ret_1d_5,8.62..12.5 & -0.367..1.78,13681,2.142772118432758,0.3207367882464732,-0.27757227523569905,-0.05887514145066121,-0.15134809875453095,-23.422787819047315,0.14285714285714285,0.0
dd_30d & up_from_low_30d,-4.52..inf & 23..31.2,13004,2.036737711285695,0.30067671485696706,-0.2801760957435137,-0.11468912235634286,-0.1539519192623456,-23.702328672333227,0.21428571428571427,0.16666666666666666
dist_low_20 & ret_1d_5,-inf..0.662 & -2.52..-0.367,14599,2.2865528950369005,0.33365298993081716,-0.2810549674631552,-0.007003875180721857,-0.15483079098198713,-23.970538931713833,0.21428571428571427,0.0
atr_pct & dd_30d,0.597..0.807 & -4.52..inf,11411,1.7872357754138004,0.3101393392340724,-0.28182622010505626,-0.08967423422299248,-0.15560204362388816,-22.270198631972544,0.0,0.0
dd_30d & dist_low_20,-8.28..-4.52 & 0.662..1.14,11980,1.8763547970780239,0.32136894824707846,-0.28200373509274834,-0.049721936706177146,-0.15577955861158024,-22.280995848495742,0.14285714285714285,0.0
dist_high_20 & dd_30d,-inf..0.556 & -12.2..-8.28,11663,1.8267050082070944,0.3229014833233302,-0.2822423477356938,-0.04138960910263035,-0.1560181712545257,-21.8950816209745,0.0,0.0
dist_low_20 & dow,0.662..1.14 & 5,12055,1.8881015925522184,0.3117378681045209,-0.2827086983316611,-0.0720661322564005,-0.15648452185049302,-22.3938604170831,0.0,0.0
dist_high_20 & dist_low_20,0.556..1.02 & 0.662..1.14,8788,1.3764111816962998,0.33522985889849793,-0.2830772132747187,0.001478448820454589,-0.1568530367935506,-18.83625655483295,0.21428571428571427,0.0
dd_30d & dist_low_20,-4.52..inf & 1.65..2.27,8418,1.3184603240236064,0.31373247802328347,-0.2835970475024557,-0.07577121126953217,-0.15737287102128758,-18.91056720645363,0.14285714285714285,0.0
dd_30d & up_from_low_30d,-4.52..inf & 12.5..17.3,10687,1.6738400431029081,0.32647141386731543,-0.28484228041129783,-0.03489546694512841,-0.15861810393012973,-21.09582727376842,0.38461538461538464,0.16666666666666666
dist_low_20 & ret_1d_5,-inf..0.662 & -0.367..1.78,15367,2.4068400806926538,0.33747641049001104,-0.28605487593604384,0.00587015323478484,-0.15983069945487574,-24.80966455714646,0.2857142857142857,0.16666666666666666
dist_high_20 & dd_30d,0.556..1.02 & -8.28..-4.52,12042,1.8860654813366913,0.31780435143663843,-0.2874986591027373,-0.0552560080876231,-0.1612744826215692,-22.772066938143983,0.0,0.0
up_from_low_30d & ret_1d_5,8.62..12.5 & 1.78..4.78,14548,2.2785650741144483,0.30842727522683533,-0.28843668044282683,-0.08704240069539544,-0.16221250396165873,-25.571385660823115,0.14285714285714285,0.0
dist_low_20 & ema200_rel,0.662..1.14 & -0.491..0.891,14002,2.193048403062311,0.32688187401799745,-0.289140362042583,-0.03762972898879353,-0.16291618556141488,-24.487513839865933,0.14285714285714285,0.0
dist_high_20 & up_from_low_30d,-inf..0.556 & 17.3..23,10206,1.5985039281284066,0.3034489515970997,-0.29045757560049223,-0.10277823913593401,-0.16423339911932414,-21.522733928761678,0.14285714285714285,0.0
dist_high_20 & ret_1d_5,0.556..1.02 & -0.367..1.78,13204,2.06806249921688,0.3184641017873372,-0.2916030875439665,-0.05333059949744418,-0.16537891106279842,-24.155981093868196,0.07142857142857142,0.0
dd_30d & ret_1d_5,-8.28..-4.52 & -0.367..1.78,14167,2.2188913531055396,0.3169337192066069,-0.2918249499150432,-0.06517929299749428,-0.1656007734338751,-25.279431831965546,0.14285714285714285,0.0
dist_high_20 & dow,-inf..0.556 & 6,14824,2.3217932814594846,0.33466001079330815,-0.29324402217063883,0.0016357535908865651,-0.16701984568947073,-24.73439454934988,0.21428571428571427,0.0
dist_high_20 & up_from_low_30d,0.556..1.02 & -inf..5.06,10489,1.6428285030510343,0.3297740490037182,-0.2940676932198613,-0.015675691856143936,-0.16784351673869322,-21.476802843791297,0.14285714285714285,0.0
dist_high_20 & ema200_rel,0.556..1.02 & -0.491..0.891,14381,2.2524088761919083,0.31903205618524444,-0.2955122254885076,-0.04937201913628343,-0.1692880490073395,-25.48248903077152,0.0,0.0
dist_high_20 & dist_low_20,-inf..0.556 & 1.65..2.27,10049,1.5739139696024258,0.3212259926360832,-0.2964483054326319,-0.0446451343930706,-0.1702241289514638,-21.35371151513645,0.14285714285714285,0.0
dd_30d & ret_1d_5,-8.28..-4.52 & -2.52..-0.367,13109,2.053183224949567,0.31993287054695246,-0.2971650820329962,-0.05202421439521198,-0.1709409055518281,-24.574915736597173,0.2857142857142857,0.0
dd_30d & up_from_low_30d,-4.52..inf & 17.3..23,9954,1.5590346953351126,0.3084187261402451,-0.29846768044534516,-0.09570893590487847,-0.17224350396417706,-21.971260952145748,0.07142857142857142,0.0
dd_30d & ret_1d_5,-8.28..-4.52 & -5.37..-2.52,8659,1.3562066934806851,0.3171266889941102,-0.29893476097658905,-0.07162513450663152,-0.17271058449542095,-20.279482668992866,0.42857142857142855,0.16666666666666666
ema200_rel & dow,0.891..2.69 & 4,11084,1.736019747146312,0.3033201010465536,-0.3027362141322773,-0.13748846168980586,-0.1765120376511092,-24.452847373634444,0.07142857142857142,0.0
dow & ret_1d_5,5 & 1.78..4.78,11182,1.7513688932325928,0.29905204793417994,-0.30302424357950125,-0.11734198844246309,-0.17680006709833315,-23.52572109520314,0.07142857142857142,0.0
ema200_rel & ret_1d_5,-0.491..0.891 & -0.367..1.78,21446,3.3589570098610433,0.3250955889210109,-0.30489974519484814,-0.04282521474696996,-0.17867556871368004,-31.978563027227995,0.0,0.16666666666666666
ema200_rel & dow,0.891..2.69 & 5,11002,1.7231765840945257,0.3031267042355935,-0.30508254429396325,-0.10442924616132192,-0.17885836781279515,-23.407577565026774,0.07142857142857142,0.0
dd_30d & up_from_low_30d,-12.2..-8.28 & -inf..5.06,9457,1.4811925973261162,0.32896267315216243,-0.3076519024155542,-0.02245015467809699,-0.18142772593438608,-21.489059327243904,0.16666666666666666,0.0
up_from_low_30d & dist_low_20,5.06..8.62 & -inf..0.662,14246,2.2312646443383577,0.3214235574898217,-0.3095543934981983,-0.048038599254138684,-0.1833302170170302,-26.596237646799874,0.07142857142857142,0.0
dist_high_20 & dow,1.02..1.54 & 4,11071,1.7339836359307848,0.2971727937855659,-0.31008848274549106,-0.15689048565972766,-0.18386430626432296,-25.163181772940277,0.07142857142857142,0.0
up_from_low_30d & ema200_rel,5.06..8.62 & -0.491..0.891,14775,2.314118708416344,0.32101522842639596,-0.3103821758526326,-0.05089021094195706,-0.18415799937146451,-27.336444895184194,0.07142857142857142,0.0
dd_30d & dow,-8.28..-4.52 & 5,11853,1.856463556741721,0.30017717033662367,-0.3112921567017119,-0.11703290356689917,-0.1850679802205438,-24.97090145172111,0.0,0.0
dist_low_20 & dow,-inf..0.662 & 5,11569,1.8119823578794372,0.3164491312991616,-0.31193345472960954,-0.0540006953453374,-0.18570927824844144,-23.83118022948021,0.14285714285714285,0.0
atr_pct & dd_30d,-inf..0.597 & -12.2..-8.28,14945,2.340744778157852,0.3365674138507862,-0.31234943333822635,0.008582104000462939,-0.18612525685705825,-27.03070083140664,0.15384615384615385,0.16666666666666666
atr_pct & dow,-inf..0.597 & 0,10796,1.6909120525254044,0.33984809188588366,-0.3131398627554212,0.01699853588121267,-0.18691568627425312,-22.87817102599655,0.23076923076923078,0.0
atr_pct & dow,0.807..0.984 & 4,10605,1.6609968800511221,0.28826025459688825,-0.3141944268046718,-0.16516773192742684,-0.1879702503235037,-24.970286970114113,0.0,0.0
ema200_rel & dow,-0.491..0.891 & 4,11126,1.742597952611861,0.30478159266582777,-0.31691378743556675,-0.1310008478415405,-0.19068961095439865,-25.676206041075606,0.0,0.0
up_from_low_30d & dist_low_20,-inf..5.06 & -inf..0.662,20210,3.1653698204463154,0.3227610094012865,-0.31824725959271094,-0.03689593147409106,-0.19202308311154284,-31.94531537502442,0.21428571428571427,0.0
up_from_low_30d & ret_1d_5,5.06..8.62 & -0.367..1.78,14472,2.2666616547005978,0.3137783305693753,-0.31913992769395966,-0.07427418593803498,-0.19291575121279156,-28.033906869838514,0.14285714285714285,0.0
dist_high_20 & dd_30d,0.556..1.02 & -4.52..inf,15439,2.4181170043478803,0.3077271844031349,-0.32149312804045754,-0.0896637373361672,-0.19526895155928944,-29.072998930209312,0.07142857142857142,0.0
atr_pct & dist_high_20,-inf..0.597 & 1.54..2.18,8217,1.2869789121527648,0.3217719362297676,-0.3232083206229904,-0.0393024658471965,-0.19698414414182228,-21.032318631543706,0.21428571428571427,0.0
up_from_low_30d & ret_1d_5,5.06..8.62 & 1.78..4.78,10394,1.6279492287837212,0.3133538579949971,-0.323778198035557,-0.08005613050988199,-0.19755402155438892,-24.11971120267864,0.07142857142857142,0.16666666666666666
dist_high_20 & dist_low_20,1.02..1.54 & -inf..0.662,9212,1.4428197321104137,0.3294615718627877,-0.323919812424075,-0.015409611473213024,-0.19769563594290693,-22.107749690412938,0.21428571428571427,0.0
up_from_low_30d & ema200_rel,8.62..12.5 & -0.491..0.891,14615,2.2890588780713954,0.3000342114266165,-0.3268689428100548,-0.11270725737057737,-0.2006447663288867,-29.04476641047578,0.07142857142857142,0.0
atr_pct & ret_1d_5,-inf..0.597 & -5.37..-2.52,11882,1.8610056509917428,0.33066823767042586,-0.32871897159840796,-0.012631370723827633,-0.20249479511723986,-25.405468016835613,0.14285714285714285,0.16666666666666666
dist_high_20 & dow,-inf..0.556 & 5,13259,2.0766768158979563,0.31110943510068634,-0.32895535569501627,-0.0766171549138562,-0.20273117921384817,-27.142504487918206,0.07142857142857142,0.16666666666666666
dd_30d & dow,-4.52..inf & 6,11948,1.871342831009034,0.3063274188148644,-0.3307770029494547,-0.08833385957434081,-0.20455282646828662,-25.851228736855557,0.14285714285714285,0.16666666666666666
up_from_low_30d & ema200_rel,-inf..5.06 & -1.84..-0.491,14435,2.2608665689333285,0.3249740214755802,-0.3311391581814329,-0.03345096390757655,-0.20491498170026481,-28.530653055760787,0.07692307692307693,0.0
dow & ret_1d_5,4 & 10.2..inf,9934,1.555902216541994,0.2739077914233944,-0.3325368730654814,-0.2574408940918612,-0.2063126965843133,-27.002651811657127,0.0,0.0
dd_30d & dist_low_20,-4.52..inf & 1.14..1.65,8987,1.4075793456878296,0.3080004450873484,-0.33298750219873136,-0.082538012961378,-0.20676332571756326,-22.99971763774798,0.07142857142857142,0.0
dd_30d & ema200_rel,-8.28..-4.52 & -0.491..0.891,16252,2.5454522672881503,0.3071621954221019,-0.33647892356375075,-0.09234213637983825,-0.21025474708258265,-31.45138544940022,0.14285714285714285,0.0
atr_pct & up_from_low_30d,-inf..0.597 & 12.5..17.3,10645,1.6672618376373591,0.328511038046031,-0.3389680214160483,-0.020811194277233526,-0.21274384493488022,-24.88207634862512,0.38461538461538464,0.0
dist_high_20 & up_from_low_30d,-inf..0.556 & 5.06..8.62,13878,2.173627034544976,0.32079550367488113,-0.3390023221880816,-0.05123778535772786,-0.21277814570691347,-28.66305610818937,0.07142857142857142,0.0
dd_30d & ret_1d_5,-4.52..inf & 1.78..4.78,17691,2.7708341164530315,0.3080097224577469,-0.3397634551270696,-0.0866212425414932,-0.21353927864590153,-32.81734548958998,0.0,0.0
dist_high_20 & up_from_low_30d,-inf..0.556 & 8.62..12.5,12873,2.016219975190768,0.3081643750485512,-0.3427132432933992,-0.08830921178658167,-0.2164890668122311,-28.144949195467184,0.07142857142857142,0.0
atr_pct & dow,0.597..0.807 & 4,10855,1.700152864965104,0.29774297558728696,-0.342964207882546,-0.15297937314217608,-0.2167400314013779,-27.98635371923095,0.07142857142857142,0.0
ema200_rel & dow,-0.491..0.891 & 5,11152,1.746670175042915,0.29895982783357244,-0.34510873650334306,-0.11541749324763968,-0.21888456002217496,-26.661263158748447,0.0,0.16666666666666666
dist_high_20 & ret_1d_5,-inf..0.556 & -2.52..-0.367,14094,2.2074578055106566,0.31339577125017737,-0.34696510558129573,-0.06909002404641688,-0.22074092910012763,-29.54862729664318,0.0,0.0
atr_pct & dist_high_20,-inf..0.597 & 1.02..1.54,14447,2.2627460562091994,0.3183359867100436,-0.3485808203914509,-0.04588657504760668,-0.2223566439102828,-30.12990943168656,0.14285714285714285,0.0
dd_30d & dow,-8.28..-4.52 & 4,11038,1.7288150459221392,0.2875520927704294,-0.34898764368058455,-0.1816606966833564,-0.22276346719941645,-28.784524409500435,0.0,0.0
dow & ret_1d_5,4 & 4.78..10.2,10516,1.6470573494217444,0.27481932293647776,-0.3524744828540043,-0.23302079736515968,-0.2262503063728362,-28.786483248562227,0.0,0.0
dd_30d & up_from_low_30d,-8.28..-4.52 & 8.62..12.5,10356,1.621997519076796,0.29287369640787947,-0.3537795851493422,-0.1354318040251608,-0.22755540866817411,-26.97836524993371,0.07692307692307693,0.0
atr_pct & dow,-inf..0.597 & 6,19104,2.9921437431868587,0.33328098827470687,-0.35766523698035974,-0.0006969344575084074,-0.23144106049919164,-34.501068705704334,0.07142857142857142,0.0
atr_pct & dow,-inf..0.597 & 2,8584,1.3444598980064906,0.3238583410997204,-0.359153726387355,-0.035563604325974434,-0.2329295499061869,-23.621514905001245,0.25,0.0
atr_pct & dist_high_20,-inf..0.597 & 0.556..1.02,22049,3.453401245473568,0.32359744206086444,-0.3599523100977223,-0.03116012654902977,-0.23372813361655417,-38.218260401328095,0.07692307692307693,0.0
ema200_rel & dow,2.69..5.97 & 4,10906,1.7081406858875565,0.27177700348432055,-0.36328366979113996,-0.2366234449138973,-0.23705949330997186,-29.965557955924137,0.0,0.0
ema200_rel & dow,5.97..inf & 4,11475,1.7972597075517798,0.26344226579520696,-0.3678070386622323,-0.2891098299501646,-0.2415828621810642,-32.75103086499799,0.0,0.0
dist_high_20 & ret_1d_5,-inf..0.556 & 1.78..4.78,12591,1.9720520242077961,0.3017234532602653,-0.36796906988533196,-0.10277650036008147,-0.24174489340416386,-30.056398152089795,0.0,0.0
up_from_low_30d & dow,-inf..5.06 & 1,11052,1.7310077810773221,0.27678248280854145,-0.36811153505812494,-0.18415075308351966,-0.24188735857695684,-29.328904241024006,0.0,0.0
up_from_low_30d & ret_1d_5,-inf..5.06 & -0.367..1.78,10231,1.6024195266198047,0.31600039096862476,-0.3696690315997448,-0.07011942929939591,-0.2434448551185767,-26.987447474323233,0.07142857142857142,0.16666666666666666
up_from_low_30d & ema200_rel,8.62..12.5 & 0.891..2.69,14848,2.325552256011227,0.28771551724137934,-0.3697709698988335,-0.14563494252364337,-0.2435467934176654,-33.61694484065503,0.0,0.0
atr_pct & dist_low_20,-inf..0.597 & 1.14..1.65,14927,2.337925547244045,0.31252093521806124,-0.372490928769196,-0.0652479266712289,-0.24626675228802788,-32.88842171708181,0.07142857142857142,0.0
atr_pct & ema200_rel,-inf..0.597 & -1.84..-0.491,20100,3.1481411870841636,0.3194029850746269,-0.3731851700451588,-0.04229824753972999,-0.24696099356399068,-37.883994773582614,0.07692307692307693,0.16666666666666666
dist_high_20 & dow,0.556..1.02 & 4,11209,1.755597739603303,0.2812026050495138,-0.3732410050334207,-0.1951070910853341,-0.24701682855225263,-30.858055784014187,0.0,0.0
dist_high_20 & dd_30d,-inf..0.556 & -8.28..-4.52,13215,2.0697853625530955,0.30480514566780176,-0.3735659908007237,-0.09842801809089793,-0.24734181431955563,-31.127624802551054,0.0,0.0
atr_pct & up_from_low_30d,-inf..0.597 & 17.3..23,6246,0.9782731270909296,0.3115593980147294,-0.376468311267427,-0.06646052269492317,-0.25024413478625895,-21.579384880391235,0.38461538461538464,0.0
atr_pct & dist_low_20,-inf..0.597 & 1.65..2.27,8826,1.382362891403225,0.305574439157036,-0.37651664178010497,-0.08631534553255997,-0.2502924652989369,-25.794279365130993,0.07692307692307693,0.0
atr_pct & dow,-inf..0.597 & 1,8832,1.3833026350411608,0.3191802536231884,-0.37686486555097537,-0.048213226586513266,-0.2506406890698073,-25.234659928295102,0.3076923076923077,0.16666666666666666
dd_30d & ema200_rel,-4.52..inf & 0.891..2.69,16971,2.658064879900763,0.3078192210240999,-0.38141302329659826,-0.08463697606626033,-0.2551888468154302,-36.1005198425848,0.38461538461538464,0.0
dist_low_20 & ema200_rel,-inf..0.662 & -0.491..0.891,14982,2.346539863925121,0.31631290882392205,-0.38170267840130867,-0.05915994772944873,-0.25547850192014054,-33.20713105879337,0.21428571428571427,0.0
dist_high_20 & ema200_rel,-inf..0.556 & 0.891..2.69,17596,2.7559548421857185,0.2998408729256649,-0.382480938403108,-0.11059493623600203,-0.2562567619219399,-36.98282826807108,0.0,0.0
dd_30d & dow,-4.52..inf & 5,12249,1.9184866368454685,0.2803494162788799,-0.3826377758760386,-0.1744974636405207,-0.2564135993948705,-31.556124211237453,0.07142857142857142,0.0
dd_30d & ret_1d_5,-4.52..inf & -2.52..-0.367,6693,1.0482840281171297,0.3110712684894666,-0.3847684913686178,-0.07665681126179492,-0.25854431488744967,-22.728182307005834,0.23076923076923078,0.0
dd_30d & ema200_rel,-8.28..-4.52 & -1.84..-0.491,11649,1.8245122730519114,0.2959910721950382,-0.3872772005084793,-0.1225306215583822,-0.26105302402731123,-30.954047930292415,0.21428571428571427,0.0
dist_high_20 & dist_low_20,-inf..0.556 & 1.14..1.65,9396,1.4716385370071046,0.30981268624946784,-0.3921794218941892,-0.07643157857205007,-0.26595524541302107,-27.490016409645104,0.21428571428571427,0.0
dd_30d & dist_low_20,-8.28..-4.52 & -inf..0.662,13104,2.0524001052512872,0.29746642246642246,-0.3949235048788327,-0.11476244682638119,-0.26869932839766464,-33.041031805534864,0.07142857142857142,0.0
dist_high_20 & ema200_rel,-inf..0.556 & -0.491..0.891,17211,2.695654625418186,0.3095694613909709,-0.39578911380991844,-0.07962127197843182,-0.2695649373287503,-37.23995557596384,0.0,0.0
atr_pct & dist_low_20,-inf..0.597 & 0.662..1.14,21515,3.3697640616973024,0.310992330931908,-0.4031097495344659,-0.06972691071146432,-0.27688557305329775,-42.589568611595325,0.07142857142857142,0.0
dist_high_20 & dist_low_20,0.556..1.02 & -inf..0.662,7642,1.1969201468506059,0.3310651661868621,-0.40455827180618464,-0.004050104188929901,-0.2783340953250165,-24.94521120355679,0.3076923076923077,0.0
atr_pct & ret_1d_5,-inf..0.597 & 1.78..4.78,16105,2.5224285481587287,0.3113318845079168,-0.4110347273102015,-0.06849262107955245,-0.2848105508290334,-37.5728051420251,0.38461538461538464,0.0
dist_high_20 & dow,-inf..0.556 & 4,11207,1.755284491723991,0.2758097617560453,-0.41117982564412026,-0.2118460578377132,-0.28495564916295213,-34.162333633323954,0.0,0.0
atr_pct & dow,-inf..0.597 & 3,8441,1.3220626746356927,0.30316313233029263,-0.4120645889671683,-0.08913625580438023,-0.28584041248600023,-27.715090350098674,0.07692307692307693,0.0
atr_pct & up_from_low_30d,-inf..0.597 & 5.06..8.62,20493,3.209694395368943,0.30859317815839554,-0.4134466802174437,-0.07746480243361961,-0.28722250373627556,-42.877249268550386,0.14285714285714285,0.16666666666666666
dist_high_20 & ret_1d_5,-inf..0.556 & -0.367..1.78,15470,2.422972346477214,0.30297349709114413,-0.41462993438760615,-0.10352630676663058,-0.2884057579064381,-37.33180740237843,0.0,0.0
atr_pct & dist_low_20,-inf..0.597 & -inf..0.662,28701,4.495263692064805,0.3214870562001324,-0.4163001751027044,-0.03678163559598981,-0.2900759986215363,-49.953869317115696,0.21428571428571427,0.0
atr_pct & ret_1d_5,-inf..0.597 & -2.52..-0.367,19898,3.116503151273666,0.3069152678661172,-0.419913438813417,-0.07881070752038226,-0.2936892623322489,-42.831808980339424,0.21428571428571427,0.0
atr_pct & up_from_low_30d,-inf..0.597 & 8.62..12.5,14860,2.327431743287098,0.3030955585464334,-0.421775723202105,-0.09228912137125103,-0.29555154672093686,-37.22730367613195,0.42857142857142855,0.0
atr_pct & up_from_low_30d,-inf..0.597 & -inf..5.06,22404,3.509002744051423,0.3130690948044992,-0.42870129626248793,-0.06177924282925729,-0.30247711978131986,-45.831908469834346,0.07692307692307693,0.0
dd_30d & dist_low_20,-4.52..inf & 0.662..1.14,9542,1.49450563219687,0.29364913016139177,-0.43264193932994377,-0.12558845711158176,-0.30641776284877564,-30.884600517610753,0.14285714285714285,0.0
dd_30d & dow,-4.52..inf & 4,11483,1.7985126990690272,0.2611686841417748,-0.43865650241451254,-0.25555194759816285,-0.31243232593334447,-38.034647105452,0.0,0.0
up_from_low_30d & ema200_rel,5.06..8.62 & 0.891..2.69,8818,1.3811098998859779,0.28475844862780675,-0.4413075564782855,-0.15392225550457395,-0.31508337999711744,-30.71807773185434,0.07692307692307693,0.0
dist_high_20 & dd_30d,-inf..0.556 & -4.52..inf,20918,3.276259569722713,0.2875991968639449,-0.4482414563632538,-0.14888070223293165,-0.3220172798820857,-47.48351337685963,0.07142857142857142,0.0
dd_30d & ret_1d_5,-4.52..inf & -0.367..1.78,12893,2.0193524539838865,0.2929496626076165,-0.4490386390723714,-0.13480784796549392,-0.3228144625912033,-37.27263836937279,0.2857142857142857,0.0
atr_pct & ret_1d_5,-inf..0.597 & -0.367..1.78,22730,3.5600621483792554,0.30136383633963926,-0.4557569421734043,-0.10028244109425993,-0.3295327656922362,-49.86430910134883,0.07692307692307693,0.0
atr_pct & dow,-inf..0.597 & 5,15359,2.4055870891754063,0.293248258350153,-0.4593733775648588,-0.12175567203529339,-0.3331492010836907,-41.605344388997,0.21428571428571427,0.0
atr_pct & ema200_rel,-inf..0.597 & 0.891..2.69,18637,2.91900036336754,0.2942533669582014,-0.46058516241229674,-0.11947682638005994,-0.3343609859311286,-46.09085879632022,0.15384615384615385,0.0
atr_pct & ema200_rel,-inf..0.597 & -0.491..0.891,23979,3.75568544900951,0.3023478877351016,-0.463047208690653,-0.09583138575914651,-0.33682303220948495,-51.88023373235305,0.15384615384615385,0.0
dist_high_20 & up_from_low_30d,-inf..0.556 & -inf..5.06,10053,1.5745404653610495,0.3089624987565901,-0.4630783451093844,-0.08197132039088922,-0.33685416862821627,-33.06244668077869,0.14285714285714285,0.16666666666666666
atr_pct & dd_30d,-inf..0.597 & -8.28..-4.52,19964,3.126840331290957,0.2905229412943298,-0.4675043267563425,-0.13173613414412305,-0.34128015027517444,-48.69812123057923,0.15384615384615385,0.0
dd_30d & up_from_low_30d,-8.28..-4.52 & 5.06..8.62,8712,1.3645077622824493,0.27169421487603307,-0.4792180787203814,-0.19311951196533717,-0.35299390223921334,-34.10565575274909,0.08333333333333333,0.0
atr_pct & dist_high_20,-inf..0.597 & -inf..0.556,30175,4.726127379117643,0.2965037282518641,-0.4957114097056661,-0.11343120235793049,-0.36948723322449795,-62.460753706300345,0.07692307692307693,0.0
atr_pct & dow,-inf..0.597 & 4,8693,1.3615319074289867,0.27435867939721614,-0.50667060888033,-0.18198086469836747,-0.38044643239916187,-36.489789131437114,0.08333333333333333,0.0
up_from_low_30d & ema200_rel,-inf..5.06 & -0.491..0.891,6868,1.0756932175569172,0.30096097845078623,-0.5104357818309503,-0.1028579854262242,-0.38421160534978216,-30.44682647815138,0.16666666666666666,0.16666666666666666
atr_pct & dd_30d,-inf..0.597 & -4.52..inf,25196,3.946296783570775,0.28714875377043975,-0.5182038322330784,-0.14090202247782743,-0.3919796557519103,-60.40299908554948,0.2727272727272727,0.16666666666666666
dd_30d & dist_low_20,-4.52..inf & -inf..0.662,10902,1.7075141901289328,0.29058888277380296,-0.5256093276072624,-0.13404466033067353,-0.3993851511260943,-39.953836382899496,0.2857142857142857,0.0
dist_high_20 & dist_low_20,-inf..0.556 & 0.662..1.14,7734,1.2113295492989513,0.2951900698215671,-0.5279617371157838,-0.11686755864895448,-0.40173756063461563,-33.684815708483036,0.07692307692307693,0.16666666666666666
dd_30d & up_from_low_30d,-4.52..inf & 8.62..12.5,9339,1.4627109724467164,0.26223364385908554,-0.530945581256283,-0.21655530493862615,-0.40472140477511487,-39.014788731680575,0.16666666666666666,0.0
dd_30d & ema200_rel,-4.52..inf & -0.491..0.891,9414,1.4744577679209112,0.28383258975993203,-0.5460226204269173,-0.15730095491163482,-0.41979844394574917,-39.02954113835373,0.3333333333333333,0.0
dd_30d & up_from_low_30d,-8.28..-4.52 & -inf..5.06,6013,0.9417797491510983,0.2614335606186596,-0.5811548833179361,-0.21700864865029112,-0.45493070683676795,-34.3477018280229,0.09090909090909091,0.0
