feature,bucket,n,coverage_pct,win_rate,expectancy_r,gross_r,lift_r,t_stat,coins_positive,years_positive
atr_pct & up_from_low_30d,1.08..inf & -inf..5.06,20918,0.8186510612368058,0.3663352136915575,-0.05949125305077365,0.08246706727166406,0.4764727057497342,-6.06247660361898,0.2857142857142857,0.16666666666666666
dist_low_20 & ema50_rel,3.14..inf & -inf..-1.44,35146,1.3754809349951609,0.3456723382461731,-0.1223641925129167,-0.006004755263817267,0.41359976628759115,-17.00725598851438,0.0,0.16666666666666666
atr_pct & dist_high_20,1.08..inf & 0.463..0.708,10119,0.3960192221366879,0.34973811641466546,-0.12466786998969451,0.024256823620019127,0.41129608881081337,-8.996964148217595,0.07142857142857142,0.0
atr_pct & dist_high_20,1.08..inf & -inf..0.241,8216,0.3215430308405008,0.3476144109055501,-0.1280686011958883,0.020099065632462016,0.40789535760461954,-8.328254173231986,0.07142857142857142,0.0
dist_low_20 & ret_16,3.14..inf & -inf..-1.65,28807,1.12739655421401,0.3444301732217864,-0.12838197434344384,-0.015003413400650234,0.407581984457064,-16.276876782419468,0.0,0.0
dist_low_20 & up_from_low_30d,3.14..inf & 48..inf,102439,4.009073336936473,0.34723103505500835,-0.13219883916599265,0.017639719689814294,0.4037651196345152,-30.34504138809474,0.0,0.0
atr_pct & dist_high_20,1.08..inf & 1..1.39,19640,0.7686349958261242,0.34663951120162934,-0.13364467366097296,0.01590876961049579,0.40231928513953485,-13.454338134712765,0.0,0.0
atr_pct & up_from_low_30d,1.08..inf & 48..inf,136105,5.326632693834757,0.3393776863451012,-0.13518285581454942,-0.005650636932654078,0.4007811029859584,-35.990556157462265,0.07142857142857142,0.0
atr_pct & ret_16,1.08..inf & 1.63..inf,100424,3.9302138910816034,0.3430156137974986,-0.13533179409566048,-0.00293978438286736,0.40063216470484736,-31.10475777060559,0.0,0.0
atr_pct & dist_low_20,1.08..inf & 3.14..inf,163188,6.3865584368061885,0.3421391278770498,-0.135980893551643,-0.008837180315110922,0.39998306524886484,-40.09390698906494,0.0,0.0
atr_pct & ret_96,1.08..inf & 4.36..inf,105105,4.113410449913685,0.34242899957185674,-0.13842542378000539,-0.006631448495110942,0.39753853502050246,-32.55027670422492,0.0,0.0
dist_low_20 & dist_high_20,3.14..inf & 3.07..inf,62318,2.4388897998926886,0.3397092332873327,-0.13886537935510046,-0.03063027486423531,0.3970985794454074,-25.799771195213054,0.0,0.0
atr_pct & ret_16,1.08..inf & -0.331..0,11804,0.46196372152401066,0.3440359200271095,-0.1414533629056162,0.006326067064866772,0.3945105958948917,-11.074855452075859,0.07142857142857142,0.0
dist_low_20 & ret_16,3.14..inf & -0.331..0,6297,0.24644066032164477,0.34794346514213115,-0.1474015217016163,0.019667824906298665,0.38856243709889154,-8.428062799319306,0.0,0.16666666666666666
atr_pct & ema200_rel,1.08..inf & 2.88..inf,105082,4.112510317281099,0.3394587084372205,-0.14781016610092307,-0.015876606869761115,0.3881537926995848,-34.85030144218072,0.0,0.0
atr_pct & ema50_rel,1.08..inf & 1.38..inf,99945,3.911467650602952,0.33920656360998547,-0.1479777378208002,-0.015570245595085342,0.38798622097970764,-34.02841272408175,0.0,0.0
atr_pct & dist_high_20,1.08..inf & 0.241..0.463,8282,0.3241260201340102,0.3420671335426226,-0.14818978894077278,0.0010099129511960657,0.38777416985973506,-9.710736957868814,0.14285714285714285,0.0
up_from_low_30d & ret_16,48..inf & 1.63..inf,80366,3.145219963063253,0.3490406390762263,-0.14843443433170883,0.026918088607150878,0.387529524468799,-29.957640019499337,0.0,0.0
atr_pct & ema50_rel,1.08..inf & -0.701..-0.299,15404,0.6028540466245222,0.3399117112438328,-0.14926173583793143,-0.002131922813967493,0.3867022229625764,-13.404440339845562,0.0,0.0
dist_low_20 & ema200_rel,3.14..inf & -inf..-3.06,58973,2.307979206153463,0.338222576433283,-0.15101361742002398,-0.016143920945952878,0.3849503413804839,-26.919029802216915,0.0,0.0
atr_pct & dist_high_20,1.08..inf & 1.39..1.96,30581,1.1968241755274287,0.34021124227461497,-0.15121943282083936,-0.0025848689353408587,0.38474452597966846,-19.10012880937664,0.0,0.0
atr_pct & ema200_rel,1.08..inf & 0.54..1.36,13224,0.5175371275358791,0.34180278281911675,-0.1520683538459227,-0.004029729871868949,0.38389560495458513,-12.731247444993487,0.0,0.0
atr_pct & ema50_rel,1.08..inf & -0.299..-0.00928,11085,0.43382479270532515,0.3404600811907984,-0.152261955268146,-0.004975794828165663,0.38370200353236183,-11.61438973292431,0.07142857142857142,0.0
dist_high_20 & ret_16,3.07..inf & 1.63..inf,23334,0.9132041238598156,0.3357332647638639,-0.15359047800073575,-0.04519340005260391,0.38237348079977207,-17.452152230593324,0.0,0.0
atr_pct & ema50_rel,1.08..inf & -1.44..-0.701,28282,1.1068500484701855,0.33862527402588216,-0.15558648719731374,-0.008437702402535984,0.38037747160319413,-18.952082170768065,0.0,0.0
atr_pct & ret_16,1.08..inf & 0..0.332,10030,0.3925361002105919,0.3386839481555334,-0.1567764138913246,-0.009869589104998779,0.37918754490918327,-11.379552744915088,0.0,0.0
atr_pct & ret_96,1.08..inf & -2.24..-0.984,14809,0.579568006781521,0.34094131946789114,-0.157247198721299,-0.006837782618063075,0.37871676007920885,-13.936971279871758,0.0,0.0
atr_pct & ema200_rel,1.08..inf & -1.57..-0.716,14441,0.5651658846601354,0.34076587493940863,-0.15734927579175456,-0.008182677577805966,0.3786146830087533,-13.766892512498698,0.0,0.0
atr_pct & ema200_rel,1.08..inf & -3.06..-1.57,25761,1.0081876846984106,0.3392725437677109,-0.15884971073665016,-0.009820119764494482,0.3771142480638577,-18.53863605989268,0.0,0.0
atr_pct & ret_16,1.08..inf & -1.65..-0.793,28125,1.1007056648477465,0.33664,-0.15979205455747408,-0.013272539890699712,0.37617190424303376,-19.438684946842727,0.0,0.0
atr_pct & ema50_rel,1.08..inf & 0.654..1.38,24622,0.9636115512846654,0.339005767200065,-0.16108502993253326,-0.014528983551719608,0.3748789288679746,-18.410752583518928,0.0,0.0
dist_low_20 & dist_high_20,3.14..inf & 1.96..3.07,38692,1.5142579052191647,0.3400186084978807,-0.16207770821370038,-0.0089529452425725,0.37388625058680747,-23.231105620799326,0.0,0.0
atr_pct & dist_high_20,1.08..inf & 1.96..3.07,56932,2.2281022190617565,0.3357865523782758,-0.16343285459927862,-0.016810108686566856,0.37253110420122926,-28.289794760327414,0.0,0.0
atr_pct & ret_96,1.08..inf & -0.0473..0.849,10055,0.3935145052460121,0.3374440576827449,-0.16383484716974897,-0.0143898600929254,0.3721291116307589,-11.952468352027632,0.0,0.0
atr_pct & dist_high_20,1.08..inf & 0.708..1,13667,0.5348744647635254,0.3363576498134192,-0.16445201768038173,-0.014712190265012172,0.3715119411201261,-13.914962032720744,0.0,0.0
atr_pct & ret_96,1.08..inf & -4.32..-2.24,26031,1.018754459080949,0.33759747992777844,-0.16452557422967998,-0.014623213852483736,0.3714383845708279,-19.377120014591846,0.0,0.0
up_from_low_30d & ema200_rel,48..inf & 2.88..inf,104411,4.08624992613042,0.34215743551924604,-0.16714692234033104,0.005200477314341012,0.36881703646017683,-38.65199285674666,0.0,0.0
dist_high_20 & ret_16,1.96..3.07 & 1.63..inf,27503,1.0763629475664915,0.34090826455295786,-0.1679015641930225,-0.007436569193892633,0.36806239460748535,-20.253471436541084,0.0,0.0
up_from_low_30d & ret_96,48..inf & 4.36..inf,95295,3.7294843140147913,0.34124560575056406,-0.16807412728642496,0.0035899775530687022,0.3678898315140829,-37.10976261968762,0.0,0.0
atr_pct & dist_low_20,1.08..inf & 1.08..1.46,21011,0.822290727968569,0.33220693922231215,-0.16942796436283036,-0.02096079599306634,0.3665359944376775,-17.74729647026485,0.0,0.0
dist_high_20 & up_from_low_30d,3.07..inf & 48..inf,89901,3.5183836435725246,0.3321320118797344,-0.16971556628462958,-0.028578036484953363,0.36624839251587826,-36.9991629642082,0.0,0.0
atr_pct & ema200_rel,1.08..inf & -inf..-3.06,116314,4.552088131594695,0.3275787953298829,-0.17078114151650306,-0.03917733379351843,0.3651828172840048,-42.53672001709936,0.0,0.0
atr_pct & up_from_low_30d,1.08..inf & 5.06..8.62,15273,0.5977272042389202,0.33222025797158383,-0.17117967438795614,-0.030564386950275853,0.36478428441255173,-15.490068937803567,0.0,0.0
atr_pct & up_from_low_30d,1.08..inf & 23..31.2,31236,1.2224583874554384,0.33599052375464206,-0.1729715397795889,-0.02822309976002827,0.36299241902091894,-22.384094809783583,0.0,0.0
atr_pct & ret_16,1.08..inf & -0.793..-0.331,15542,0.6082548424200418,0.33444859091494017,-0.17314275265226606,-0.02597933080930298,0.36282120614824176,-15.704663517084713,0.0,0.0
atr_pct & ret_96,1.08..inf & 2.07..4.36,24711,0.9670946732107614,0.33653029015418234,-0.1734884654450035,-0.025012843913493624,0.36247549335550433,-19.97756599282831,0.0,0.0
dist_low_20 & ret_16,3.14..inf & -0.793..-0.331,6668,0.26096019104728085,0.33923215356928615,-0.1735884760052153,-0.015575800069163027,0.3623754827952925,-10.37046895014812,0.0,0.0
atr_pct & ret_16,1.08..inf & 0.781..1.63,24814,0.9711257019566927,0.3339646973482711,-0.17440374371916095,-0.028046332180696406,0.3615602150813469,-20.04584409824233,0.0,0.0
dist_low_20 & ret_16,3.14..inf & -1.65..-0.793,9048,0.3541043504192857,0.33311229000884174,-0.17474956014274962,-0.025781546271165322,0.36121439865775823,-12.183528663701791,0.0,0.16666666666666666
atr_pct & dist_high_20,1.08..inf & 3.07..inf,171820,6.7243821274360815,0.3282912350133861,-0.17477453316887345,-0.04741172779235959,0.36118942563163436,-53.31908858233073,0.0,0.0
dist_high_20 & ema50_rel,3.07..inf & 1.38..inf,27593,1.0798852056940043,0.328307904178596,-0.17563383929920556,-0.06568496745336468,0.3603301195013023,-21.777833966117978,0.0,0.0
up_from_low_30d & ema200_rel,48..inf & -inf..-3.06,43694,1.7100171847060421,0.33345539433331806,-0.17564679582627535,-0.010868921916956268,0.3603171629742325,-26.319524786639622,0.0,0.0
atr_pct & dist_low_20,1.08..inf & 2.04..3.14,55938,2.1892008348534486,0.33115234724158893,-0.17610081041452727,-0.03014933658082521,0.35986314838598055,-30.33600998644273,0.07142857142857142,0.0
dist_low_20 & dist_high_20,2.04..3.14 & 3.07..inf,40025,1.5664264617077708,0.3346158650843223,-0.1763578384487958,-0.021602449420740615,0.359606120351712,-25.810165442441452,0.0,0.0
atr_pct & ema50_rel,1.08..inf & -0.00928..0.272,10511,0.4113606130920769,0.33346018456854726,-0.17652415206133182,-0.029242255378416165,0.359439806739176,-13.214370596205386,0.0,0.0
up_from_low_30d & ema50_rel,48..inf & 1.38..inf,85978,3.364852325414384,0.33928446811975155,-0.17653077446360432,-0.0021162874914736423,0.3594331843369035,-37.07532337129069,0.0,0.0
atr_pct & ret_96,1.08..inf & 0.849..2.07,13543,0.530021575787841,0.3336040759063723,-0.1770480911935879,-0.027392495181668263,0.35891586760691996,-15.072103510214147,0.07142857142857142,0.0
atr_pct & ema200_rel,1.08..inf & -0.0819..0.54,9885,0.3868613510051546,0.334243803743045,-0.17806821850637322,-0.02949882988647454,0.3578957402941346,-12.970705822381332,0.07142857142857142,0.0
atr_pct & ema50_rel,1.08..inf & 0.272..0.654,14025,0.5488852248707429,0.3325490196078431,-0.17894774482029233,-0.031730417968867546,0.35701621398021555,-15.505355033509137,0.0,0.0
atr_pct & ret_16,1.08..inf & 0.332..0.781,13932,0.5452455581389797,0.33161068044788977,-0.17897239084008842,-0.031435175938137536,0.3569915679604194,-15.390500681646275,0.0,0.0
dist_low_20 & ret_96,3.14..inf & -inf..-4.32,63695,2.4927803492436342,0.32947641102127323,-0.18065178785508215,-0.04156656078652955,0.35531217094542566,-33.614711988550084,0.0,0.0
atr_pct & ema50_rel,1.08..inf & -inf..-1.44,115524,4.5211705324754154,0.32563796267442263,-0.1807065188498866,-0.04898914451669364,0.35525743995062126,-45.10473484222875,0.0,0.0
dist_high_20 & ret_16,3.07..inf & -0.331..0,6581,0.2575553415240185,0.3400698981917642,-0.18085616124604365,-0.009878080574234015,0.3551077975544642,-10.632822210891025,0.0,0.0
dist_low_20 & ema50_rel,3.14..inf & -0.299..-0.00928,8155,0.3191557225540755,0.34101778050275905,-0.181137558422561,0.0020578790258238004,0.3548264003779469,-11.806344858271997,0.0,0.0
dist_high_20 & up_from_low_30d,3.07..inf & -inf..5.06,38476,1.505804485713134,0.34577398898014344,-0.18134700858048672,0.027462093567696976,0.35461695022002115,-25.259262201041324,0.0,0.0
dist_low_20 & ema50_rel,3.14..inf & -0.701..-0.299,9324,0.3649059420103249,0.3389103389103389,-0.18143700205261265,-0.006963283102940283,0.3545269567478952,-12.692224094453488,0.0,0.16666666666666666
atr_pct & ret_96,1.08..inf & -inf..-4.32,114095,4.465244900650796,0.32358999079714273,-0.18220983564160562,-0.05122550428594589,0.3537541231589022,-45.09214823743733,0.0,0.0
atr_pct & dist_low_20,1.08..inf & 1.46..2.04,31823,1.2454313376871053,0.32737328347421674,-0.18583231027928934,-0.03781109394892228,0.3501316485212185,-24.118261843815475,0.0,0.0
dist_high_20 & up_from_low_30d,1.96..3.07 & 48..inf,58840,2.302774091365028,0.34422161794697487,-0.18609577086087173,0.0202599308694993,0.34986818793963614,-32.09315877823973,0.0,0.0
dist_high_20 & ema200_rel,3.07..inf & 2.88..inf,49565,1.9397858232241263,0.32936547967315644,-0.186271614509391,-0.05763043341013828,0.34969234429111684,-30.751140050295657,0.0,0.0
atr_pct & ret_16,1.08..inf & -inf..-1.65,114603,4.485126090970534,0.32362154568379536,-0.18797240390269399,-0.05610055284893215,0.34799155489781386,-46.867737370825346,0.0,0.0
ema200_rel & ret_16,-inf..-3.06 & 1.63..inf,24733,0.9679556696419311,0.3306109246755347,-0.18808658468055,-0.030230642898394097,0.34787737411995784,-21.537480223771016,0.0,0.0
dist_low_20 & ret_16,2.04..3.14 & -inf..-1.65,30379,1.1889186628412334,0.3320056618058527,-0.18951152048495218,-0.02492965332790274,0.34645243831555567,-24.170457812269696,0.0,0.0
dist_high_20 & ema50_rel,1.96..3.07 & 1.38..inf,30194,1.1816784655791237,0.33476849705239453,-0.18987321666199947,-0.024203222607521523,0.3460907421385084,-24.046891202399824,0.0,0.0
atr_pct & ema200_rel,1.08..inf & -0.716..-0.0819,10463,0.4094820754240701,0.33040237025709646,-0.19041896125775265,-0.04110275632546884,0.3455449975427552,-14.31515579299879,0.0,0.0
dist_high_20 & ret_16,3.07..inf & 0.781..1.63,7647,0.29927453223433664,0.33202563096639204,-0.19118918451822292,-0.044739735650652444,0.3447747742822849,-12.364961773342966,0.0,0.0
dist_high_20 & ret_96,3.07..inf & 4.36..inf,55758,2.182156318598423,0.3285268481652857,-0.1917904875133711,-0.05612136746078539,0.3441734712871367,-33.44997005143593,0.0,0.0
dist_high_20 & ema50_rel,3.07..inf & 0.654..1.38,10734,0.42008798600802527,0.3333333333333333,-0.19252354546096356,-0.039405751100481966,0.3434404133395443,-14.686112602924327,0.0,0.0
atr_pct & up_from_low_30d,1.08..inf & 31.2..48,51427,2.0126574302622244,0.32862115231298733,-0.19313191352352627,-0.05043980921149492,0.3428320452769816,-32.31785032964115,0.0,0.0
dist_low_20 & ema50_rel,3.14..inf & 0.272..0.654,14532,0.5687272789890649,0.34434351775392236,-0.19492607091554523,0.004233302209667547,0.3410378878849626,-17.042253987016334,0.07142857142857142,0.0
up_from_low_30d & ret_96,48..inf & -inf..-4.32,54340,2.126661184989388,0.32902097902097904,-0.19516702066300332,-0.024603210300524675,0.34079693813750456,-32.723324981990345,0.0,0.0
dist_low_20 & ema50_rel,3.14..inf & -0.00928..0.272,9140,0.3577048809496321,0.3402625820568928,-0.19533151595864523,-0.0032539968640999295,0.3406324428418626,-13.512765402505561,0.07142857142857142,0.0
atr_pct & ret_96,1.08..inf & -0.984..-0.0473,10488,0.4104604804594903,0.32770785659801677,-0.19534879366329896,-0.046052790005637965,0.3406151651372089,-14.685640160544823,0.0,0.16666666666666666
dist_low_20 & dist_high_20,3.14..inf & 1.39..1.96,36094,1.4125820539382956,0.3354020058735524,-0.1954065115497102,-0.017862230058273545,0.3405574472507976,-26.991697865034656,0.0,0.0
dist_low_20 & ema50_rel,2.04..3.14 & -inf..-1.44,33258,1.3015917867202258,0.33068735341872635,-0.19618082080002067,-0.025370360160872723,0.3397831380004872,-26.114953129834678,0.0,0.0
dist_low_20 & ema50_rel,3.14..inf & -1.44..-0.701,13192,0.5162847690905412,0.33004851425106124,-0.19716700840760557,-0.03385671170557329,0.33879695039290225,-16.612949477091718,0.07142857142857142,0.0
atr_pct & up_from_low_30d,0.807..1.08 & 48..inf,75079,2.938306866172585,0.34183992860853235,-0.19856808561176473,0.01630173451859637,0.3373958731887431,-38.723885521577415,0.0,0.0
dist_low_20 & ret_96,3.14..inf & 4.36..inf,122523,4.79508480619166,0.3368673636786563,-0.19885847641544319,-0.016335348811209443,0.33710548238506466,-50.340882421375234,0.0,0.0
dist_low_20 & dist_high_20,3.14..inf & 1..1.39,35175,1.3766158848362482,0.3402985074626866,-0.1994800710590553,-0.0021558672636759267,0.33648388774145255,-27.02603010325939,0.0,0.0
atr_pct & ema200_rel,1.08..inf & 1.36..2.88,24228,0.9481918879264427,0.3264404820868417,-0.20059447181139323,-0.05287418539335467,0.3353694869891146,-23.048418606019723,0.07142857142857142,0.0
atr_pct & dist_low_20,1.08..inf & 0.777..1.08,15187,0.5943614909170747,0.3237637453084875,-0.20121851709225982,-0.05281305665789498,0.33474544170824805,-18.096728520233373,0.07142857142857142,0.0
dist_low_20 & ret_16,3.14..inf & 0..0.332,6457,0.2527024525483342,0.3343658045531981,-0.20163103294677706,-0.027324041348739673,0.33433292585373076,-11.831952928465608,0.0,0.0
dist_high_20 & ema50_rel,3.07..inf & -0.00928..0.272,6871,0.268904839934893,0.33459467326444475,-0.2023856819922223,-0.028613982436559444,0.33357827680828556,-12.280518511782361,0.0,0.0
dist_high_20 & ema50_rel,3.07..inf & 0.272..0.654,7719,0.30209233873634683,0.3322969296541003,-0.20537057688885524,-0.03915453740430101,0.3305933819116526,-13.305980227443984,0.0,0.0
dist_low_20 & up_from_low_30d,3.14..inf & -inf..5.06,11806,0.46204199392684425,0.34211417923089954,-0.20825399722922894,0.00193201956335844,0.3277099615712789,-16.38861943119828,0.07142857142857142,0.16666666666666666
up_from_low_30d & ret_16,48..inf & -inf..-1.65,65023,2.5447532247251563,0.3241314611752764,-0.2110093474737179,-0.044841016150597955,0.32495461132678993,-39.1592924279543,0.0,0.0
atr_pct & up_from_low_30d,1.08..inf & 17.3..23,24683,0.9659988595710907,0.3203419357452498,-0.2124927985061613,-0.06903657524963555,0.3234711602943465,-24.838543022590507,0.0,0.0
dist_low_20 & ret_16,2.04..3.14 & -1.65..-0.793,17717,0.6933760805016008,0.337528927019247,-0.21328966092406662,-0.0053019515299733205,0.3226742978764412,-20.6155608881769,0.0,0.0
atr_pct & ema200_rel,0.807..1.08 & -0.0819..0.54,17442,0.6826136251119784,0.3406719412911363,-0.213677372149897,0.005356395657637852,0.32228658665061083,-20.329678830596087,0.0,0.0
atr_pct & ret_96,0.807..1.08 & -0.0473..0.849,17591,0.6884449191230829,0.34199306463532486,-0.2152293418074354,0.003925612980507109,0.3207346169930725,-20.622213677961362,0.0,0.0
atr_pct & dist_high_20,0.807..1.08 & 0.708..1,26066,1.0201242261305372,0.34067367451852987,-0.21660147329008286,0.003125790290445717,0.319362485510425,-25.172241751373704,0.0,0.0
dist_low_20 & up_from_low_30d,2.04..3.14 & 48..inf,59060,2.311384055676726,0.33647138503217067,-0.21779912903185022,-0.0026049510441649736,0.3181648297686576,-37.87948770892771,0.0,0.0
dist_high_20 & ret_16,3.07..inf & -0.793..-0.331,11168,0.4370730974229203,0.32808022922636104,-0.2189230011862866,-0.04167299509992085,0.31704095761422124,-16.919723254785556,0.0,0.0
dist_low_20 & ema200_rel,3.14..inf & 2.88..inf,139636,5.464822621037508,0.3326219599530207,-0.21901664043535027,-0.02844455028287664,0.31694731836515755,-59.347948485835545,0.0,0.0
dist_low_20 & up_from_low_30d,3.14..inf & 31.2..48,57137,2.2361251403522022,0.33526436459737124,-0.2201287477953406,-0.021956869882651348,0.3158352110051672,-38.2422236177853,0.0,0.0
dist_high_20 & ret_16,1.39..1.96 & 1.63..inf,32386,1.2674650190847687,0.3322114493917125,-0.22067274085952945,-0.026129399248484148,0.31529121794097836,-28.850097233002064,0.0,0.0
up_from_low_30d & ema50_rel,48..inf & -inf..-1.44,57219,2.2393343088683806,0.3187402785787938,-0.22149613788596229,-0.0575243588290665,0.31446782091454556,-38.59789541228342,0.0,0.0
atr_pct & ret_16,0.807..1.08 & 0..0.332,16561,0.64813463166377,0.3365134955618622,-0.22226350191991534,-0.002868774027674959,0.3137004568805925,-20.59046436948107,0.0,0.0
atr_pct & ema50_rel,0.807..1.08 & 0.272..0.654,22747,0.890231173628149,0.3384622147975557,-0.22270981068756618,-0.0033662111050785388,0.31325414811294167,-24.252357955366183,0.0,0.0
dist_low_20 & ema200_rel,2.04..3.14 & -inf..-3.06,47900,1.8746240478651397,0.3302922755741127,-0.22312169209184204,-0.02343347560803046,0.3128422667086658,-35.41696600044985,0.0,0.0
atr_pct & ret_96,0.807..1.08 & 0.849..2.07,23281,0.9111299051847248,0.33830161934624803,-0.22408475050457105,-0.004787649778512639,0.3118792082959368,-24.73869266317535,0.0,0.0
dist_low_20 & ret_16,3.14..inf & 0.332..0.781,11586,0.45343202961514634,0.32944933540479887,-0.2241502516056898,-0.03962484662710062,0.31181370719481805,-17.65914946058877,0.0,0.0
atr_pct & up_from_low_30d,0.807..1.08 & -inf..5.06,24243,0.9487789309476948,0.33556078043146476,-0.2242383705807596,-0.0064243064432494765,0.3117255882197483,-25.155235055393124,0.0,0.0
ema50_rel & ret_96,1.38..inf & -inf..-4.32,8037,0.31453765078689205,0.3118078885156153,-0.22468703664186374,-0.08523266771535816,0.3112769221586441,-14.91148913818203,0.07142857142857142,0.0
atr_pct & dist_low_20,1.08..inf & 0.524..0.777,11877,0.4648206642274377,0.3141365664730151,-0.22524888737796464,-0.07754642127732633,0.3107150714225432,-18.046230038802648,0.0,0.0
dist_high_20 & ema200_rel,3.07..inf & -1.57..-0.716,21047,0.823699631219574,0.3371026749655533,-0.22561107999226637,-0.006469182960002904,0.3103528788082415,-23.6743529563832,0.0,0.0
atr_pct & ema50_rel,0.807..1.08 & -0.701..-0.299,25279,0.9893240356155087,0.33541674908026425,-0.22565362719491688,-0.006666056397414079,0.31031033160559096,-25.861357863211936,0.0,0.0
atr_pct & dist_low_20,0.807..1.08 & 3.14..inf,80455,3.148703084989349,0.33672239139891863,-0.22651010913850086,-0.011959464636587128,0.30945384966200695,-46.65170521422552,0.0,0.0
atr_pct & dist_high_20,0.807..1.08 & 1..1.39,34959,1.3681624653302176,0.33596498755685233,-0.22699201664666943,-0.007686958822806876,0.3089719421538384,-30.620136094538438,0.0,0.0
dist_high_20 & ema200_rel,1.96..3.07 & 2.88..inf,45042,1.7627727842159002,0.3295590781936859,-0.22826147627602522,-0.03374197985436816,0.3077024825244826,-35.235722812491105,0.0,0.0
dist_high_20 & ema50_rel,3.07..inf & -0.299..-0.00928,8532,0.33391007048821236,0.32759024847632445,-0.22846629616042077,-0.046175387626488616,0.30749766264008704,-15.490349546722404,0.0,0.0
atr_pct & ret_16,0.807..1.08 & -0.793..-0.331,25303,0.9902633044495122,0.33411057977314945,-0.22862963689559865,-0.009503438270011676,0.30733432190490917,-26.195231935052888,0.0,0.0
atr_pct & up_from_low_30d,0.807..1.08 & 31.2..48,63091,2.4691420835878817,0.33399375505222617,-0.22907861492258424,-0.01136132004789194,0.3068853438779236,-41.44498312587299,0.0,0.0
dist_high_20 & ema50_rel,3.07..inf & -0.701..-0.299,14564,0.5699796374344028,0.3284125240318594,-0.2291983882855188,-0.03884766600871357,0.30676557051498904,-20.19352336586797,0.0,0.0
dist_low_20 & ret_16,3.14..inf & 0.781..1.63,32641,1.2774447504460549,0.3329248491161423,-0.2296664524638286,-0.028167839013299403,0.30629750633667924,-30.226595460590424,0.0,0.0
dist_low_20 & dist_high_20,1.46..2.04 & 3.07..inf,37558,1.4698774528125036,0.32118323659406783,-0.23115383759696104,-0.053956894441624166,0.3048101212035468,-32.85286125211168,0.0,0.0
dist_low_20 & ret_16,2.04..3.14 & -0.793..-0.331,14533,0.5687664151904818,0.3379205945090484,-0.23162080599112084,-0.007257063329891177,0.304343152809387,-20.200685925135605,0.0,0.0
up_from_low_30d & ema200_rel,31.2..48 & -inf..-3.06,33457,1.3093798908021708,0.32994590070837193,-0.23253839229617573,-0.025177311270528316,0.3034255665043321,-30.717266940221652,0.0,0.0
dist_high_20 & ret_16,3.07..inf & -1.65..-0.793,32999,1.2914555105532723,0.3264947422649171,-0.23261711061660117,-0.039430168402693755,0.30334684818390667,-30.791464995656778,0.0,0.0
dist_low_20 & ret_16,3.14..inf & 1.63..inf,217853,8.52593888725604,0.33212303709382013,-0.23271353823983992,-0.027780333746228257,0.3032504205606679,-78.87319159170043,0.0,0.0
dist_high_20 & ret_96,3.07..inf & -0.0473..0.849,12860,0.5032915502201607,0.3334370139968896,-0.23299995270728416,-0.020077671512393477,0.3029640060932237,-19.18578176149669,0.0,0.0
dist_high_20 & ema200_rel,3.07..inf & -inf..-3.06,146488,5.732983873145482,0.32126863633881275,-0.23306484658064996,-0.05226424780449377,0.3028991122198579,-65.12853721449133,0.0,0.0
dist_low_20 & dist_high_20,3.14..inf & 0.708..1,34540,1.3517643969365747,0.335002895193978,-0.23350788445519882,-0.01822890565503359,0.302456074345309,-31.459084436407288,0.0,0.0
dist_low_20 & ema50_rel,2.04..3.14 & -0.701..-0.299,19249,0.7533327410721519,0.34313470829653486,-0.23352258842349077,0.014299531750781424,0.30244137037701707,-23.299596774717642,0.0,0.0
dist_low_20 & ema200_rel,3.14..inf & -3.06..-1.57,22222,0.8696846678843243,0.32980829808298084,-0.233917684467825,-0.038057976182982976,0.30204627433268283,-25.565853449123363,0.0,0.0
atr_pct & up_from_low_30d,1.08..inf & 8.62..12.6,17448,0.6828484423204793,0.31505043558000917,-0.23423651090660053,-0.09344042740293194,0.3017274478939073,-23.344465773343508,0.07142857142857142,0.0
dist_high_20 & ema50_rel,1.39..1.96 & 1.38..inf,33602,1.315054640007608,0.3295637164454497,-0.23482559027100836,-0.035072661874513716,0.3011383685294995,-31.323491253372953,0.0,0.0
dist_low_20 & ret_96,3.14..inf & -0.0473..0.849,14207,0.5560080135286021,0.34109945801365527,-0.23491877406055867,-0.00653868004123564,0.3010451847399492,-20.352286081194702,0.0,0.0
atr_pct & dist_high_20,0.807..1.08 & -inf..0.241,14591,0.5710363148726567,0.33431567404564455,-0.235171863785984,-0.0154247632176145,0.30079209501452386,-20.509791656333945,0.0,0.0
ret_96 & ret_16,4.36..inf & 1.63..inf,121236,4.7447165149682275,0.3328054373288462,-0.23530117524209782,-0.024380184699273208,0.30066278355841003,-59.17292808513767,0.0,0.0
atr_pct & ret_16,0.807..1.08 & 0.781..1.63,38488,1.5062741201301357,0.33329869050093536,-0.23594331182031839,-0.01700788859400864,0.3000206469801895,-33.439235837682894,0.0,0.0
up_from_low_30d & ema50_rel,-inf..5.06 & -inf..-1.44,60459,2.366135601458841,0.3413552986321309,-0.2361233260082137,0.015218328597717282,0.2998406327922941,-41.20101862623738,0.0,0.0
dist_low_20 & ema50_rel,3.14..inf & 1.38..inf,193536,7.574263877403501,0.33093584656084657,-0.2362082642889166,-0.03260548301337438,0.29975569451159123,-75.53384541927312,0.0,0.0
ret_96 & ret_16,-inf..-4.32 & 1.63..inf,31333,1.226254598992869,0.31822678964669837,-0.23630385085662703,-0.06569544965174486,0.2996601079438808,-30.704263876646184,0.0,0.0
dist_low_20 & dist_high_20,2.04..3.14 & 1.96..3.07,34413,1.34679409935664,0.3306308662424084,-0.2363300909824127,-0.030073778855910463,0.29963386781809515,-32.01212416594763,0.0,0.0
atr_pct & ret_96,0.807..1.08 & 4.36..inf,71602,2.8022302938463413,0.332099662020614,-0.23659363127499253,-0.020319432863518578,0.2993703275255153,-45.73618842609263,0.0,0.0
dist_high_20 & up_from_low_30d,1.39..1.96 & 48..inf,43507,1.7026987150410988,0.3365435447169421,-0.23673815241945348,0.0006070665364113967,0.29922580638105434,-35.19512504594685,0.0,0.0
dist_high_20 & ret_96,3.07..inf & -2.24..-0.984,23678,0.9266669771471979,0.33647267505701495,-0.23695782824467201,-0.010459750770805224,0.2990061305558358,-26.442188501075744,0.0,0.0
up_from_low_30d & ema200_rel,48..inf & -3.06..-1.57,30367,1.1884490284242317,0.33727401455527384,-0.23706167520616436,7.933240491685554e-05,0.29890228359434345,-29.48386173703599,0.0,0.0
dist_low_20 & ret_96,3.14..inf & -0.984..-0.0473,13735,0.5375357264598684,0.3378958864215508,-0.23744619754905114,-0.013489710517287824,0.2985177612514567,-20.221055309262997,0.0,0.0
atr_pct & ret_16,0.807..1.08 & 1.63..inf,73685,2.883751001397554,0.3333378570943883,-0.23776205425887376,-0.021317685306660845,0.2982019045416341,-46.886740343960895,0.0,0.0
atr_pct & ema200_rel,0.807..1.08 & -1.57..-0.716,24912,0.9749610496955399,0.3325305073859987,-0.23795320493841762,-0.018648175553443624,0.2980107538620902,-27.26486457977701,0.0,0.0
atr_pct & dist_high_20,0.807..1.08 & 0.463..0.708,19910,0.7792017702086624,0.33314917127071825,-0.23822225450562748,-0.01834180605602475,0.29774170429488034,-24.299046187836538,0.0,0.0
atr_pct & ema200_rel,0.807..1.08 & 2.88..inf,73683,2.88367272899472,0.33170473514922033,-0.23826757865189635,-0.022054533557889968,0.2976963801486115,-46.78584540348873,0.0,0.0
dist_low_20 & ema200_rel,3.14..inf & 0.54..1.36,18856,0.737952213915346,0.3385659736953755,-0.238355413217973,-0.009429715138882258,0.29760854558253486,-23.76060041920125,0.0,0.0
atr_pct & dist_high_20,0.807..1.08 & 0.241..0.463,15914,0.6228135093470947,0.3326002262159105,-0.23930123014083857,-0.019337689159924478,0.29666272865966925,-21.808485580689737,0.0,0.0
atr_pct & ret_16,0.807..1.08 & 0.332..0.781,23709,0.927880199391119,0.33101353916234344,-0.23948338964198573,-0.020277344033129693,0.2964805691585221,-26.66815754935559,0.0,0.0
dist_low_20 & dist_high_20,1.08..1.46 & 3.07..inf,35846,1.4028762759869269,0.3228812140824639,-0.23949385019376274,-0.04537028321303748,0.2964701086067451,-33.033570291317936,0.0,0.0
dist_high_20 & ret_96,3.07..inf & -0.984..-0.0473,14768,0.5779634225234318,0.332204767063922,-0.24071543682631488,-0.02212793986360167,0.29524852197419293,-21.20681455918153,0.0,0.0
atr_pct & ema50_rel,0.807..1.08 & -1.44..-0.701,43798,1.7140873496533902,0.3299694049956619,-0.24076374852089333,-0.02188755374927717,0.2952002102796145,-36.424470813558926,0.0,0.0
atr_pct & dist_low_20,1.08..inf & 0.288..0.524,10276,0.40216360575912685,0.3101401323472168,-0.24083221115227577,-0.0930672068400357,0.2951317476482321,-18.063456461530517,0.0,0.0
ema200_rel & ret_16,2.88..inf & -inf..-1.65,22499,0.8805253956767803,0.31441397395439796,-0.2411512371726279,-0.08959340172749089,0.29481272162787997,-26.89842419228649,0.0,0.0
dist_high_20 & ret_96,3.07..inf & -inf..-4.32,127137,4.975659239528816,0.31585612370906974,-0.24125535400968667,-0.0690777854770474,0.29470860479082117,-63.13456654246963,0.0,0.0
dist_low_20 & ret_16,1.46..2.04 & -inf..-1.65,34548,1.3520774865479093,0.3223630890355447,-0.24246293369267538,-0.04840268355545537,0.2935010251078325,-32.96502457861768,0.0,0.0
dist_low_20 & ema200_rel,3.14..inf & -0.0819..0.54,13302,0.5205897512463902,0.3352879266275748,-0.24276677909121522,-0.020082600666482507,0.2931971797092926,-20.40978658178178,0.0,0.0
atr_pct & ret_96,0.807..1.08 & 2.07..4.36,39246,1.5359393608040768,0.331447790857667,-0.2428248771372236,-0.02399134836078116,0.2931390816632843,-34.95233134805071,0.0,0.0
up_from_low_30d & ema50_rel,48..inf & -1.44..-0.701,36997,1.4479220438176739,0.3350271643646782,-0.2432199888465807,-0.006482092588955818,0.29274396995392715,-33.386501340458395,0.0,0.0
atr_pct & ema50_rel,0.807..1.08 & 0.654..1.38,37400,1.4636939329886478,0.3311764705882353,-0.2433842990630968,-0.024487481900311296,0.29257965973741107,-34.183102922726405,0.0,0.0
atr_pct & ret_96,0.807..1.08 & -0.984..-0.0473,18382,0.7194016544437787,0.331030355782831,-0.24363062565211135,-0.02464161180857155,0.2923333331483965,-23.997219140210557,0.0,0.0
atr_pct & ema50_rel,0.807..1.08 & 1.38..inf,72818,2.8498199147691805,0.3310170562223626,-0.24426506264686423,-0.02779904704140571,0.29169889615364364,-47.87861362476819,0.0,0.0
dist_high_20 & ema50_rel,1.96..3.07 & 0.654..1.38,19460,0.7615904795710985,0.3330421377183967,-0.24485402529722824,-0.024067011994077587,0.2911099335032796,-24.858809527066274,0.0,0.0
atr_pct & ema50_rel,0.807..1.08 & -0.00928..0.272,17514,0.6854314316139887,0.32967911385177573,-0.24525307570846613,-0.025793875991345357,0.29071088309204174,-23.54035901840725,0.0,0.0
dist_low_20 & ema200_rel,3.14..inf & 1.36..2.88,38813,1.5189933855905986,0.3391389482905212,-0.24539482000414908,-0.00918780761737344,0.29056913879635876,-35.094310317517476,0.0,0.0
atr_pct & dist_low_20,0.807..1.08 & 1.46..2.04,49268,1.9281623714033342,0.327819274173906,-0.24579069490881988,-0.02707593455772366,0.29017326389168796,-39.524636580025124,0.0,0.0
up_from_low_30d & ema50_rel,48..inf & -0.701..-0.299,27832,1.0892387578326215,0.34550158091405575,-0.24598187346086944,0.02917586964006963,0.28998208533963843,-28.945806061906765,0.0,0.0
dist_high_20 & ret_16,1..1.39 & 1.63..inf,36637,1.4338330113076228,0.3325053907252231,-0.2460513396441272,-0.022753196436658223,0.28991261915638067,-34.10874193540549,0.0,0.0
dist_high_20 & ema50_rel,3.07..inf & -1.44..-0.701,38169,1.4937896718781738,0.32667871833163037,-0.24630770310795985,-0.038728415216797187,0.289656255692548,-35.0752810538689,0.0,0.0
atr_pct & ret_16,0.807..1.08 & -0.331..0,19695,0.7707874869040486,0.3281035795887281,-0.24679122086572897,-0.027376542154481296,0.2891727379347789,-25.066716071072854,0.0,0.0
up_from_low_30d & ret_96,48..inf & 2.07..4.36,39818,1.5583252680144914,0.34034858606660306,-0.24690528624846525,0.007396562805274232,0.2890586725520426,-35.11896726507513,0.0,0.0
dist_high_20 & ema200_rel,3.07..inf & 0.54..1.36,13874,0.5429756584568047,0.32384315986737783,-0.24796910278353493,-0.0523487478060074,0.28799485601697294,-21.488506767779555,0.0,0.0
up_from_low_30d & ema50_rel,48..inf & 0.654..1.38,40523,1.5859162900133414,0.34034992473410164,-0.24799078063983987,0.007328905628279098,0.287973178160668,-35.55344182804116,0.0,0.0
dist_low_20 & ret_96,3.14..inf & -4.32..-2.24,24438,0.9564104902239726,0.3255585563466732,-0.24801104992314413,-0.04630776890564131,0.2879529088773637,-28.49670866596138,0.0,0.0
atr_pct & up_from_low_30d,1.08..inf & 12.6..17.3,21751,0.8512515170170074,0.30748011585674223,-0.24831699061080825,-0.10640815025125373,0.2876469681896996,-27.540614433769157,0.0,0.0
ema200_rel & ret_96,-1.57..-0.716 & 2.07..4.36,8047,0.3149290128010601,0.352429476823661,-0.2484357919379841,0.048951329651682814,0.28752816686252375,-15.720913425012201,0.0,0.0
ema200_rel & ret_16,-inf..-3.06 & 0.781..1.63,19940,0.7803758562511668,0.3327482447342026,-0.24878146933315648,-0.016145502220484775,0.28718248946735137,-25.373570802947725,0.0,0.0
atr_pct & dist_high_20,0.807..1.08 & 1.39..1.96,49502,1.9373202425348675,0.32800694921417317,-0.24882283837492905,-0.02998814614423273,0.2871411204255788,-40.15723082142148,0.0,0.0
dist_low_20 & ret_96,2.04..3.14 & -inf..-4.32,51620,2.0202107171356682,0.3242929097249128,-0.2489774194319734,-0.04031734097708626,0.28698653936853447,-41.15331757012494,0.0,0.0
dist_high_20 & ema50_rel,3.07..inf & -inf..-1.44,205182,8.030044079103655,0.32033024339367,-0.24912620014562992,-0.05596279359311061,0.28683775865487793,-82.5628339495965,0.0,0.0
dist_low_20 & ema50_rel,3.14..inf & 0.654..1.38,36332,1.421896469875496,0.3297368710778377,-0.2492182531719823,-0.03490266787292597,0.2867457056285255,-34.7017968190128,0.0,0.0
up_from_low_30d & ret_16,-inf..5.06 & -inf..-1.65,47171,1.8460937570322862,0.33760149244239046,-0.2494433655261046,0.00523529409367565,0.28652059327440327,-38.52041542427776,0.0,0.0
atr_pct & dist_low_20,0.807..1.08 & 2.04..3.14,72238,2.8271209179474313,0.3282759766327971,-0.24981435894007875,-0.03193881431478235,0.2861495998604291,-48.87601300916446,0.0,0.0
up_from_low_30d & ret_16,48..inf & -1.65..-0.793,37717,1.476100108837776,0.3335631147758305,-0.25032026165214827,-0.008125269933553015,0.2856436971483596,-34.70583281880637,0.0,0.0
dist_high_20 & ret_16,1.96..3.07 & 0.781..1.63,15796,0.6181954375799112,0.3261585211445936,-0.2505727942599365,-0.04301079715261457,0.28539116454057134,-22.98836737774747,0.0,0.0
dist_low_20 & ema50_rel,2.04..3.14 & -1.44..-0.701,23228,0.909055686509634,0.3293008438091958,-0.2509640698692499,-0.027372697443323882,0.28499988893125794,-27.863333186616117,0.0,0.0
dist_high_20 & ret_96,1.96..3.07 & 4.36..inf,49066,1.9202568587171387,0.32450169159907066,-0.2510034655780209,-0.04613532902782434,0.28496049322248695,-40.43689057877582,0.0,0.0
up_from_low_30d & ema200_rel,-inf..5.06 & -inf..-3.06,77127,3.0184578066742094,0.3390252440779494,-0.2512370496674287,0.00862609937514265,0.28472690913307913,-49.61335824288857,0.0,0.0
dist_high_20 & ema50_rel,1..1.39 & 1.38..inf,36969,1.4468262301780033,0.33206199789012414,-0.2514275378881472,-0.023017195593368824,0.28453642091236064,-34.97229167694753,0.0,0.0
dist_high_20 & ret_96,3.07..inf & 2.07..4.36,22348,0.8746158292628422,0.3213710399140863,-0.2515378252350701,-0.06406834856636073,0.2844261335654377,-27.773539533265946,0.0,0.0
atr_pct & ema50_rel,0.807..1.08 & -0.299..-0.00928,18379,0.7192842458395282,0.32651395614560097,-0.2525690015628676,-0.033349085675632384,0.28339495723764024,-24.852175291419353,0.07142857142857142,0.0
up_from_low_30d & ret_16,48..inf & 0.781..1.63,39881,1.5607908487037503,0.33760437300970386,-0.2529841814760739,0.001536422535475997,0.28297977732443397,-35.956154216167704,0.0,0.0
dist_high_20 & up_from_low_30d,3.07..inf & 23..31.2,36809,1.4405644379513138,0.32345350321932137,-0.25332720653873375,-0.05393274064870761,0.2826367522617741,-35.71960633620091,0.0,0.0
dist_high_20 & ema200_rel,-inf..0.241 & -inf..-3.06,6182,0.24193999715871178,0.3482691685538661,-0.2534933292537838,0.027164087397610278,0.28247062954672403,-14.284703376127363,0.0,0.16666666666666666
atr_pct & dist_high_20,0.807..1.08 & 1.96..3.07,74890,2.930910124104808,0.3257043664040593,-0.2536410690505924,-0.035857163861050645,0.28232288974991543,-50.41407510468183,0.0,0.0
dist_high_20 & ret_16,3.07..inf & -inf..-1.65,227343,8.897341438701554,0.3197811236765592,-0.25364849442978704,-0.05897249268404387,0.2823154643707208,-88.63424218631232,0.0,0.0
atr_pct & ema200_rel,0.807..1.08 & -3.06..-1.57,42412,1.6598445744896932,0.3260162218240121,-0.25405610160654873,-0.03493658803646433,0.2819078571939591,-38.026041460629095,0.0,0.0
dist_low_20 & ret_96,3.14..inf & 2.07..4.36,42259,1.6538567356729215,0.3367093400222438,-0.2544779167770276,-0.015701501569550188,0.28148604202348027,-37.98894261957664,0.0,0.0
ret_96 & ret_16,4.36..inf & -inf..-1.65,30730,1.2026554695385334,0.31324438659290593,-0.25459197283919577,-0.08961456540633903,0.2813719859613121,-33.05382350299944,0.0,0.0
ema200_rel & ret_16,2.88..inf & 1.63..inf,142608,5.5811354116482645,0.32909093458992483,-0.2549719648380898,-0.03491853805487403,0.28099199396241803,-69.70600602022249,0.0,0.0
atr_pct & ema200_rel,0.807..1.08 & -inf..-3.06,81602,3.193592308014429,0.32331315408936057,-0.2552915324566351,-0.03932818448598309,0.28067242634387274,-52.87919466610863,0.0,0.0
up_from_low_30d & ret_96,48..inf & 0.849..2.07,26757,1.0471673413095521,0.3488059199461823,-0.2553515549080174,0.03389545998369518,0.2806124038924904,-29.587769766125717,0.0,0.0
dist_low_20 & ema50_rel,1.46..2.04 & -inf..-1.44,36081,1.412073283319877,0.31836700756630915,-0.2557352567158058,-0.05724445580871974,0.280228702084702,-35.54751772731059,0.0,0.0
dist_high_20 & ret_96,3.07..inf & 0.849..2.07,15317,0.5994491971012599,0.32317033361624337,-0.25588102895590975,-0.05205429460419203,0.2800829298445981,-23.217649991572387,0.0,0.0
dist_low_20 & up_from_low_30d,3.14..inf & 23..31.2,41986,1.6431725526861327,0.32946696517886914,-0.2559597269000051,-0.041077503541436584,0.2800042319005027,-38.31530213673292,0.0,0.0
ema200_rel & ret_96,-inf..-3.06 & -2.24..-0.984,12924,0.5057962671108365,0.3353450943980192,-0.25599302675342694,-0.005823313078422791,0.2799709320470809,-20.849536959160726,0.0,0.0
dist_high_20 & up_from_low_30d,3.07..inf & 31.2..48,48202,1.886443180693016,0.3177668976391021,-0.25634641988239093,-0.07482381196721057,0.2796175389181169,-41.66168985730547,0.0,0.0
atr_pct & dist_low_20,0.807..1.08 & 1.08..1.46,36036,1.4103121542561206,0.32453657453657453,-0.2564727258539878,-0.03751371127650594,0.27949123294652006,-35.29074589768493,0.0,0.0
atr_pct & ret_16,0.807..1.08 & -1.65..-0.793,42625,1.6681805853914735,0.3244809384164223,-0.25652108969578113,-0.037798469941743594,0.2794428691047267,-38.44188053496539,0.0,0.0
ema200_rel & ret_16,-inf..-3.06 & -inf..-1.65,145135,5.68003259262854,0.3195507630826472,-0.2571964007338815,-0.05490108301829466,0.27876755806662634,-71.4457472459548,0.0,0.0
dist_low_20 & up_from_low_30d,1.46..2.04 & 48..inf,43234,1.69201453205431,0.3318221769903317,-0.25790531781769416,-0.0128433949420161,0.2780586409828137,-38.37286276865402,0.0,0.0
up_from_low_30d & ema200_rel,48..inf & 1.36..2.88,44688,1.74891856891435,0.336578052273541,-0.25825025433581283,-0.0025841653181376406,0.277713704464695,-38.9982872457642,0.0,0.0
dist_high_20 & ema200_rel,3.07..inf & -0.0819..0.54,11745,0.45965468564041895,0.32405278842060453,-0.2582725757193563,-0.05185759260782456,0.27769138308115154,-20.52850885794375,0.0,0.0
ema50_rel & ret_96,1.38..inf & 4.36..inf,178612,6.990195207459047,0.32834300047029313,-0.2586535474751467,-0.03526695983740826,0.27731041132536116,-79.09622832800827,0.0,0.0
up_from_low_30d & ret_96,48..inf & -4.32..-2.24,33952,1.328752310503491,0.3308788878416588,-0.2587014584522496,-0.016057128076577186,0.2772625003482582,-34.136930433154035,0.0,0.0
dist_low_20 & ema200_rel,1.46..2.04 & -inf..-3.06,43338,1.696084697001658,0.32592643869121785,-0.25874737972081463,-0.030876505234987507,0.2772165790796932,-38.962451576373155,0.0,0.0
dist_low_20 & ema50_rel,2.04..3.14 & -0.299..-0.00928,17910,0.700929367375045,0.33986599664991624,-0.25940542010148626,0.004939838014489373,0.2765585386990216,-24.983857462396454,0.0,0.0
up_from_low_30d & ret_16,31.2..48 & 1.63..inf,57745,2.259919950813622,0.3324270499610356,-0.25953860181115523,-0.02276750784810556,0.2764253569893526,-44.99205789887365,0.0,0.0
atr_pct & up_from_low_30d,0.658..0.807 & 48..inf,44564,1.7440656799386658,0.3404541782604793,-0.25993383402004105,0.01363382669779264,0.2760301247804668,-39.014078325991726,0.0,0.0
ema50_rel & ret_16,-inf..-1.44 & -0.331..0,8765,0.3430288054183288,0.32835139760410725,-0.26008886235110146,-0.02210867533802313,0.2758750964494064,-17.50651113931564,0.0,0.0
dist_low_20 & dist_high_20,0.777..1.08 & 3.07..inf,34712,1.3584958235802658,0.32089767227471766,-0.26122837119486814,-0.05256917905989349,0.2747355876056397,-35.47981142198664,0.0,0.0
up_from_low_30d & ema200_rel,23..31.2 & -inf..-3.06,29942,1.171816142822088,0.3251953777302785,-0.26128949352444597,-0.038291505586832995,0.2746744652760619,-32.75945656338097,0.0,0.0
atr_pct & up_from_low_30d,0.807..1.08 & 23..31.2,47215,1.8478157498946257,0.3254050619506513,-0.2614479719056078,-0.04286346555050339,0.27451598689490003,-41.49287891140016,0.0,0.0
ema200_rel & ema50_rel,-inf..-3.06 & -inf..-1.44,204562,8.005779634225235,0.3211935745641908,-0.2615387808027231,-0.04970953250159609,0.27442517799778476,-86.03893655021568,0.0,0.0
dist_high_20 & up_from_low_30d,1..1.39 & 48..inf,34972,1.3686712359486362,0.3360402607800526,-0.2619856421671855,0.0002315247176639264,0.27397831663332234,-34.8334679187413,0.0,0.0
up_from_low_30d & ema200_rel,48..inf & -1.57..-0.716,24289,0.950579196212868,0.3405245172711927,-0.26228075156691805,0.010362295992687983,0.2736832072335898,-29.021891989296574,0.0,0.0
atr_pct & dist_low_20,0.807..1.08 & 0.524..0.777,21009,0.8222124555657353,0.32243324289590175,-0.26241519543896535,-0.04260858437432199,0.2735487633615425,-27.536615965483207,0.0,0.0
dist_low_20 & up_from_low_30d,3.14..inf & 17.3..23,34000,1.330630848171498,0.3276470588235294,-0.2627367971062173,-0.0453169149807787,0.27322716169429057,-35.657932293672296,0.0,0.0
atr_pct & ret_96,0.807..1.08 & -4.32..-2.24,44182,1.7291156509974448,0.32212213118464533,-0.2638248440182345,-0.04509655530616013,0.2721391147822734,-40.392078983160765,0.0,0.0
atr_pct & ema200_rel,0.807..1.08 & 0.54..1.36,22575,0.8834997469844579,0.323765227021041,-0.2638280062685347,-0.044768438334965514,0.27213595253197315,-28.929106225228487,0.0,0.0
dist_low_20 & ret_96,3.14..inf & 0.849..2.07,21052,0.8238953122266581,0.3322249667490025,-0.2640013859421928,-0.029573268547996343,0.27196257285831504,-27.976165369189342,0.0,0.0
atr_pct & ema200_rel,0.807..1.08 & 1.36..2.88,38697,1.5144535862262487,0.3249864330568261,-0.2640485273356922,-0.044944733520308984,0.27191543146481567,-37.938604212528965,0.0,0.0
atr_pct & dist_low_20,0.807..1.08 & 0.777..1.08,27029,1.0578123880949242,0.3212475489289282,-0.26558633234341733,-0.046429819363365175,0.2703776264570905,-31.672392090783234,0.0,0.0
atr_pct & dist_low_20,1.08..inf & -inf..0.288,9957,0.38967915750716486,0.29838304710254093,-0.266284380739816,-0.12054836295082354,0.26967957806069187,-19.734542948388153,0.07142857142857142,0.0
dist_high_20 & ret_96,3.07..inf & -4.32..-2.24,47097,1.8431976781274424,0.32628405206276406,-0.2668486586403461,-0.035218568107509195,0.2691153001601617,-42.19378222991675,0.0,0.0
up_from_low_30d & ema50_rel,48..inf & -0.299..-0.00928,22117,0.8655753667355595,0.34606863498666185,-0.2668547359260378,0.029740068114534154,0.26910922287447003,-27.86494955686733,0.0,0.0
dist_low_20 & ret_96,3.14..inf & -2.24..-0.984,17012,0.6657850585027507,0.3237126734070068,-0.26814612118969483,-0.05269644712660203,0.267817837610813,-25.695982006935534,0.0,0.0
ema50_rel & ret_96,-1.44..-0.701 & 4.36..inf,9237,0.3615010924870625,0.3186099382916531,-0.268244364549005,-0.06936160792813358,0.2677195942515028,-18.812048991567146,0.07142857142857142,0.0
dist_low_20 & dist_high_20,3.14..inf & 0.463..0.708,34616,1.3547387482442521,0.32799861335798475,-0.268374442125457,-0.03649106869611575,0.2675895166750508,-36.268154243276,0.0,0.0
atr_pct & ret_96,0.807..1.08 & -inf..-4.32,77965,3.051253943461495,0.3188738536522799,-0.26855442716494693,-0.05247143229578556,0.2674095316355609,-54.5782382879167,0.0,0.0
ret_96 & ret_16,-inf..-4.32 & -inf..-1.65,121855,4.768941823645232,0.3128472364695745,-0.26857109173205407,-0.07526783283406178,0.2673928670684538,-68.75803828021408,0.0,0.0
dist_low_20 & dist_high_20,2.04..3.14 & 1.39..1.96,34650,1.3560693790924236,0.32805194805194804,-0.2686944169350183,-0.03086293941604119,0.26726954186548957,-36.3332464780518,0.0,0.0
ema200_rel & ret_96,-inf..-3.06 & -inf..-4.32,233661,9.144603959252953,0.320592653459499,-0.2688548569290481,-0.050636256954193354,0.26710910187145975,-94.39958620368496,0.0,0.0
atr_pct & ema200_rel,0.807..1.08 & -0.716..-0.0819,18074,0.7073477044074016,0.32361403120504595,-0.2688899059620801,-0.04976206815434084,0.2670740528384277,-26.47657916464187,0.0,0.0
ema50_rel & ret_96,-inf..-1.44 & -0.0473..0.849,8084,0.31637705225348206,0.32545769421078674,-0.26902365796872396,-0.03379016379598554,0.2669403008317839,-17.43209262129932,0.0,0.0
ema50_rel & ret_96,-inf..-1.44 & 4.36..inf,8420,0.3295268159295298,0.2996437054631829,-0.2696477011175459,-0.13469203637794527,0.26631625768296197,-18.641588022668188,0.0,0.0
ema50_rel & ret_16,-0.00928..0.272 & 1.63..inf,8013,0.31359838195288864,0.3312117808561088,-0.26981775265651436,-0.027187983094066608,0.2661462061439935,-17.498650782513604,0.0,0.0
dist_low_20 & ema200_rel,3.14..inf & -1.57..-0.716,15161,0.5933439496802376,0.3208231646988985,-0.2699820723409283,-0.061624293666344525,0.26598188645957954,-24.521797379923395,0.0,0.0
dist_low_20 & dist_high_20,1.46..2.04 & 1.96..3.07,35551,1.3913310965689683,0.32654496357345786,-0.2701062532001548,-0.03208729173150716,0.26585770560035304,-37.00203028430946,0.0,0.0
dist_high_20 & up_from_low_30d,3.07..inf & 5.06..8.62,20699,0.8100802331265246,0.32078844388617805,-0.2701272064316507,-0.05844861599819941,0.2658367523688571,-28.567506747211457,0.0,0.0
up_from_low_30d & ema50_rel,31.2..48 & 1.38..inf,62729,2.454974778674997,0.32871558609255686,-0.2702660312898388,-0.03326708961523978,0.26569792751066906,-48.9362609710036,0.0,0.0
up_from_low_30d & ret_16,48..inf & -0.793..-0.331,26808,1.0491632875818093,0.33877946881527904,-0.27039482535396925,0.006708740989230113,0.2655691334465386,-31.42848007502696,0.0,0.0
atr_pct & ret_96,0.807..1.08 & -2.24..-0.984,26749,1.0468542516982176,0.3221054992710008,-0.270425393274241,-0.05144120968451348,0.26553856552626687,-32.3615106265415,0.0,0.0
dist_low_20 & up_from_low_30d,3.14..inf & 5.06..8.62,19917,0.7794757236185802,0.32138374253150576,-0.2714669573077499,-0.05956944459653455,0.26449700149275795,-28.381560347161315,0.0,0.0
dist_high_20 & ema200_rel,3.07..inf & -3.06..-1.57,43045,1.6846177899865333,0.3245208502729702,-0.27148909473600474,-0.04065740169285654,0.2644748640645031,-41.102016522050825,0.0,0.0
ema50_rel & ret_96,-inf..-1.44 & -inf..-4.32,177309,6.939200737012945,0.3154605801171965,-0.27168522059657096,-0.06684113891676137,0.2642787382039369,-83.6017925478369,0.0,0.0
dist_low_20 & ema50_rel,1.08..1.46 & -inf..-1.44,37608,1.471834262883344,0.3196660285045735,-0.27196979610726135,-0.0512578180723791,0.2639941626932465,-38.38343206714595,0.0,0.0
ema200_rel & ema50_rel,2.88..inf & 1.38..inf,202959,7.94304430335409,0.3261643977355032,-0.2723426819924993,-0.04152213691026086,0.26362127680800856,-88.89195513392522,0.0,0.0
up_from_low_30d & ret_96,31.2..48 & -inf..-4.32,37291,1.4594280870342156,0.3198627014561154,-0.2729488134417715,-0.05386648486922632,0.2630151453587363,-38.364813230910286,0.0,0.0
ema200_rel & ema50_rel,-inf..-3.06 & -0.299..-0.00928,10312,0.403572509010132,0.3319433669511249,-0.27304244636478675,-0.014033064430038858,0.2629215124357211,-19.87253348591971,0.07142857142857142,0.0
dist_high_20 & ret_16,1.96..3.07 & -0.331..0,18471,0.7228847763698747,0.3285691083319799,-0.27346822633383994,-0.02440240930145129,0.2624957324666679,-26.83365381993225,0.0,0.0
ema200_rel & ret_16,-3.06..-1.57 & 1.63..inf,18186,0.7117309589660842,0.32662487627845593,-0.27383604405640455,-0.04236085683146723,0.2621279147441033,-26.941887037442655,0.0,0.0
dist_high_20 & ema200_rel,1.39..1.96 & 2.88..inf,42340,1.6570267679876831,0.3246102975909306,-0.27411235530778705,-0.04482861674828626,0.2618516034927208,-40.996149662959496,0.0,0.0
dist_high_20 & ema200_rel,3.07..inf & -0.716..-0.0819,13592,0.5319392496572647,0.31996762801648027,-0.2742539928441736,-0.06325234341886884,0.2617099659563342,-23.501594857704966,0.0,0.0
dist_low_20 & ret_16,2.04..3.14 & -0.331..0,14558,0.569744820225902,0.32744882538810277,-0.2743203781895121,-0.03423123488748102,0.26164358061099574,-24.096669615461884,0.0,0.0
ema200_rel & ema50_rel,2.88..inf & -0.299..-0.00928,7346,0.2874945356078772,0.3237135856248298,-0.27477289239593017,-0.04893440716324952,0.2611910664045777,-17.136576397962116,0.07142857142857142,0.0
up_from_low_30d & ret_96,-inf..5.06 & -inf..-4.32,63706,2.493210847459219,0.33128747684676485,-0.2748564785297747,-0.013814515799595539,0.26110748027073316,-49.440730928506866,0.0,0.0
atr_pct & dist_high_20,0.807..1.08 & 3.07..inf,83538,3.2693599939573703,0.31777155306567073,-0.2748928602996587,-0.060755440915907115,0.26107109850084914,-58.214929698953135,0.0,0.0
dist_low_20 & up_from_low_30d,1.08..1.46 & 48..inf,33564,1.3135674643537694,0.3331545703730187,-0.27527011309785354,-0.006817820604683827,0.2606938457026543,-35.89459180470147,0.0,0.0
ema50_rel & ret_96,0.654..1.38 & -inf..-4.32,8864,0.3469032893585929,0.3152075812274368,-0.2753594957492497,-0.06868002251745187,0.2606044630512581,-18.94491833400634,0.0,0.0
up_from_low_30d & ret_96,31.2..48 & 4.36..inf,67641,2.6472118000343614,0.3266214278322319,-0.27549554199140175,-0.039725840270719626,0.2604684168091061,-51.88052682969485,0.0,0.0
ema50_rel & ret_16,-1.44..-0.701 & 0.781..1.63,10093,0.3950016808998508,0.32933716437134647,-0.27652605405576247,-0.023972249665730982,0.2594379047447454,-20.133022597965855,0.0,0.0
up_from_low_30d & ema50_rel,48..inf & 0.272..0.654,26990,1.0562860762396686,0.3399036680251945,-0.27664699349763644,0.008723362401212107,0.2593169653028714,-32.231122311208985,0.0,0.0
dist_low_20 & ema200_rel,3.14..inf & -0.716..-0.0819,12394,0.4850540803599278,0.32225270292076813,-0.27675143200263386,-0.06026830843506975,0.259212526797874,-22.75076102598683,0.0,0.0
dist_high_20 & ema200_rel,0.463..0.708 & -inf..-3.06,11720,0.4586762806049987,0.3438566552901024,-0.27680113832767933,0.020880927823580385,0.2591628204728285,-21.318653803792913,0.0,0.0
ema200_rel & ema50_rel,-inf..-3.06 & -0.00928..0.272,6614,0.25884683617077314,0.3235560931357726,-0.2772262723480737,-0.04167497963100949,0.25873768645243417,-16.327105533975743,0.0,0.0
dist_low_20 & ret_16,1.08..1.46 & -inf..-1.65,37602,1.4715994456748431,0.31692463166852824,-0.27785205754436293,-0.05942018632729664,0.2581119012561449,-39.34873059348078,0.0,0.0
ema200_rel & ret_96,2.88..inf & 4.36..inf,234930,9.194267798850882,0.32494360022134255,-0.27791015871016683,-0.0447515234150535,0.258053800090341,-97.650346593628,0.0,0.0
atr_pct & ema50_rel,0.807..1.08 & -inf..-1.44,81462,3.1881132398160754,0.3156809309862267,-0.27878181622800513,-0.06294899093937671,0.2571821425725027,-58.14471048353813,0.0,0.0
dist_high_20 & ret_16,1.96..3.07 & 0..0.332,11940,0.4672862449166966,0.3252931323283082,-0.278848476925901,-0.04142732945622421,0.25711548187460687,-22.147455302038072,0.0,0.0
dist_low_20 & dist_high_20,0.524..0.777 & 3.07..inf,34094,1.334309651104678,0.31773919164662406,-0.2793003104053085,-0.058589263789418915,0.25666364839519934,-37.59056429232067,0.0,0.0
dist_high_20 & ema200_rel,1..1.39 & 2.88..inf,40066,1.56803104596586,0.3303549143912544,-0.2800221595138555,-0.0234313747318167,0.25594179928665234,-40.3493048494231,0.0,0.0
ema50_rel & ret_16,1.38..inf & 1.63..inf,215702,8.441756918008483,0.3264828327970997,-0.28048049526943464,-0.041844590738482346,0.2554834635310732,-94.52813098798318,0.0,0.0
atr_pct & ret_16,0.807..1.08 & -inf..-1.65,79312,3.1039704067699367,0.31584123461771235,-0.28115507787955457,-0.06533663242690452,0.2548088809209533,-58.0065472462799,0.0,0.0
up_from_low_30d & ema200_rel,31.2..48 & 2.88..inf,74130,2.901166611028034,0.3259544044246594,-0.28119546577759985,-0.04048539571196788,0.254768493022908,-55.45109301580194,0.0,0.0
ema200_rel & ema50_rel,-0.716..-0.0819 & 1.38..inf,6701,0.2622516856940355,0.3247276525891658,-0.2812859266683522,-0.04793984447862628,0.2546780321321556,-16.810955012099825,0.0,0.0
ema50_rel & ret_96,1.38..inf & -4.32..-2.24,7084,0.27724085083667327,0.31507622811970637,-0.28240218143092044,-0.08311013140686718,0.2535617773695874,-17.577910435892935,0.0,0.0
ema200_rel & ret_16,2.88..inf & -1.65..-0.793,19864,0.7774015049434893,0.32083165525573903,-0.28279260391955136,-0.056366047848356554,0.2531713548809565,-29.103637345812878,0.0,0.0
dist_low_20 & ema50_rel,1.46..2.04 & -1.44..-0.701,30936,1.2107175270303958,0.3313291957589863,-0.28289678079804564,-0.015856831165420873,0.2530671780024622,-35.94010062213357,0.0,0.0
atr_pct & up_from_low_30d,0.807..1.08 & 8.62..12.6,22786,0.8917574854834045,0.319362766611077,-0.2836779532713107,-0.06399504119650802,0.25228600552919717,-31.714367553459443,0.0,0.0
dist_high_20 & ema200_rel,3.07..inf & 1.36..2.88,20008,0.7830371179475097,0.3086265493802479,-0.2840701192333351,-0.10300498196897413,0.25189383956717276,-29.982420842431267,0.0,0.0
atr_pct & dist_low_20,0.807..1.08 & 0.288..0.524,17691,0.6923585392647639,0.31524503985077157,-0.28489981758796534,-0.06580913082014689,0.2510641412125425,-27.59774243303796,0.0,0.0
ema200_rel & ret_96,-3.06..-1.57 & 0.849..2.07,7845,0.30702350011486473,0.3430210325047801,-0.2849762872634644,0.01670528070828063,0.25098767153704343,-17.936935640143563,0.0,0.0
ema200_rel & ema50_rel,2.88..inf & -0.701..-0.299,6111,0.23916132685811836,0.309441989854361,-0.28499154605901633,-0.08852941363621741,0.2509724127414915,-16.42456632520038,0.07142857142857142,0.0
dist_low_20 & ret_96,1.46..2.04 & -inf..-4.32,45354,1.7749832790579447,0.32100806985050934,-0.28544879156037195,-0.0449628703215194,0.2505151672401359,-44.099161362020006,0.0,0.0
dist_high_20 & ret_16,1.96..3.07 & 0.332..0.781,13092,0.5123711489488604,0.3177512985029025,-0.2859845825204417,-0.06078835861993361,0.24997937628006617,-23.953032339534108,0.0,0.0
up_from_low_30d & ema50_rel,31.2..48 & -inf..-1.44,40806,1.5969918350142984,0.31419399107974316,-0.286264537398419,-0.07355600707648328,0.24969942140208884,-42.383635621900524,0.0,0.0
ema50_rel & ret_16,1.38..inf & 0..0.332,8287,0.3243217011410942,0.3288282852660794,-0.28664912922371666,-0.031704368327802664,0.24931482957679119,-18.84969106797045,0.0,0.0
dist_low_20 & ema200_rel,1.08..1.46 & -inf..-3.06,38454,1.5049434892819642,0.3226712435637385,-0.2867425460221747,-0.0388950312631048,0.24922141277833315,-40.595907800332405,0.0,0.0
atr_pct & dist_low_20,0.807..1.08 & -inf..0.288,15644,0.6122467349645563,0.31443364868320123,-0.2868057352798303,-0.06781405866656127,0.24915822352067757,-26.1100278454427,0.0,0.0
ema50_rel & ret_16,-inf..-1.44 & -inf..-1.65,219200,8.578655350564482,0.3159124087591241,-0.2869561496532795,-0.06638865546224998,0.24900780914722837,-98.27726174349942,0.0,0.0
ret_96 & ret_16,-4.32..-2.24 & 1.63..inf,21315,0.8341881331992788,0.3245601688951443,-0.287529816226762,-0.044262158309017335,0.24843414257374585,-30.615425741923087,0.0,0.0
atr_pct & ema50_rel,0.658..0.807 & -0.299..-0.00928,23907,0.9356291672716471,0.3335424770987577,-0.2880471556350873,-0.011096355081699996,0.24791680316542053,-32.10439321748143,0.0,0.0
dist_low_20 & ret_16,1.46..2.04 & -1.65..-0.793,25661,1.0042740645567296,0.3253965161139472,-0.28812475061894927,-0.03555272362568458,0.24783920818155858,-33.56024065992935,0.0,0.0
dist_low_20 & dist_high_20,3.14..inf & 0.241..0.463,35310,1.3818992720275174,0.3252336448598131,-0.28870945978177986,-0.04265807373528188,0.24725449901872798,-39.390270837455624,0.0,0.0
ema50_rel & ret_16,-inf..-1.44 & -0.793..-0.331,16531,0.6469605456212657,0.3239368459258363,-0.2887558437531363,-0.0381247500627962,0.24720811504737156,-26.79141942895366,0.0,0.0
dist_high_20 & ret_16,0.708..1 & 1.63..inf,40425,1.5820809422744944,0.325813234384663,-0.2892025169038271,-0.04038869146095348,0.24676144189668076,-42.26540486200518,0.0,0.0
ema200_rel & ema50_rel,-inf..-3.06 & -0.701..-0.299,21299,0.8335619539766098,0.33217521949387296,-0.28983979138084554,-0.011986227601366544,0.2461241674196623,-30.226324847326094,0.0,0.0
atr_pct & ema200_rel,0.658..0.807 & -3.06..-1.57,52891,2.069952829136432,0.3319090204382598,-0.2898407766452958,-0.013350343673072073,0.24612318215521206,-48.07815347821604,0.0,0.0
up_from_low_30d & ret_96,23..31.2 & -inf..-4.32,32882,1.2868765749875057,0.3202664071528496,-0.289860088002329,-0.052207608363408604,0.24610387079817886,-38.171192711000664,0.0,0.0
up_from_low_30d & ret_96,48..inf & -0.0473..0.849,21149,0.8276915237640885,0.34096174760035936,-0.2900939476774626,0.013027492149800436,0.24587001112304524,-29.874812270089162,0.0,0.0
dist_high_20 & up_from_low_30d,3.07..inf & 8.62..12.6,24229,0.9482310241278595,0.315984976680837,-0.29009721223627366,-0.07723325038631798,0.24586674656423418,-33.57700389275028,0.0,0.0
ema50_rel & ret_96,-inf..-1.44 & 0.849..2.07,7306,0.28592908755120483,0.3123460169723515,-0.2902800369381088,-0.07784607168116807,0.24568392186239907,-18.15416541923818,0.0,0.0
ema50_rel & ret_96,-0.701..-0.299 & 4.36..inf,9852,0.38556985635839996,0.31942752740560293,-0.29069916612560537,-0.05471492640675984,0.24526479267490248,-20.894475979080838,0.0,0.0
dist_low_20 & ret_96,2.04..3.14 & 4.36..inf,63368,2.4799828113803377,0.3265528342381013,-0.2907490752847744,-0.03499341184080339,0.24521488351573345,-52.883491578720765,0.0,0.0
up_from_low_30d & ret_16,48..inf & 0..0.332,20529,0.8034270788856671,0.33864289541624043,-0.29099599397671394,0.007731862803999401,0.2449679648237939,-29.426929162156686,0.0,0.0
dist_high_20 & ema50_rel,1.96..3.07 & 0.272..0.654,16336,0.6393289863449879,0.3226003917727718,-0.29146666239815255,-0.04805737238127259,0.2444972964023553,-27.085851537094623,0.0,0.0
dist_high_20 & up_from_low_30d,3.07..inf & 17.3..23,31544,1.2345123374918157,0.3117867106264266,-0.2915038346616389,-0.08452966187639285,0.24446012413886892,-38.454594898714696,0.0,0.0
up_from_low_30d & ema50_rel,23..31.2 & -inf..-1.44,35119,1.374424257556907,0.3187733135909337,-0.29153327591457195,-0.058427003526101536,0.2444306828859359,-39.84926303116003,0.0,0.0
ema50_rel & ret_96,-inf..-1.44 & -0.984..-0.0473,12357,0.4836060409075059,0.32524075422837256,-0.29187102509283364,-0.037787774691394486,0.2440929337076742,-23.417161797303393,0.0,0.0
ema50_rel & ret_16,-0.299..-0.00928 & -inf..-1.65,7132,0.2791193885046801,0.319125070106562,-0.29187243529233187,-0.06243828500154083,0.24409152350817598,-18.077469088826305,0.0,0.0
dist_high_20 & ema50_rel,1..1.39 & -inf..-1.44,6122,0.23959182507370325,0.332734400522705,-0.29196942930483083,-0.0059035702236781475,0.24399452949567701,-16.39675772794313,0.0,0.0
ema200_rel & ema50_rel,-0.0819..0.54 & 1.38..inf,10038,0.39284918982192635,0.32815301852958756,-0.29197984592359627,-0.035807206406513,0.24398411287691157,-21.25057514251651,0.0,0.0
up_from_low_30d & ret_16,31.2..48 & -inf..-1.65,45578,1.78374978817531,0.31460353679406733,-0.2932246089973877,-0.07531860578456052,0.24273934980312012,-46.01400325749346,0.0,0.0
dist_high_20 & ret_96,1.39..1.96 & 4.36..inf,44666,1.7480575724831802,0.3214301705995612,-0.29327043136378084,-0.05082866801928234,0.242693527436727,-44.979434847648356,0.0,0.0
ema200_rel & ret_16,-inf..-3.06 & 0..0.332,14588,0.5709189062684062,0.33123114888949823,-0.29333176093391444,-0.015575287787163439,0.2426321978665934,-25.40836580084278,0.0,0.0
dist_low_20 & ema200_rel,2.04..3.14 & -3.06..-1.57,35050,1.3717238596591472,0.3286447931526391,-0.2934379006148824,-0.028217401442094472,0.24252605818562545,-39.91276041218151,0.0,0.0
dist_high_20 & ema50_rel,0.708..1 & 1.38..inf,39786,1.5570729095691536,0.3262202784899211,-0.2935280298954045,-0.03928138180397072,0.24243592890510335,-42.46585284981049,0.0,0.0
ema50_rel & ret_96,0.272..0.654 & -inf..-4.32,9383,0.3672149778939166,0.3212192262602579,-0.2946150926014681,-0.049405580515868464,0.24134886619903972,-20.72701616651722,0.0,0.0
ema200_rel & ret_96,-inf..-3.06 & -4.32..-2.24,59296,2.3206201992110924,0.3291790339989207,-0.2946650369560728,-0.01964917334843108,0.24129892184443502,-51.588996890106266,0.0,0.0
ret_96 & ret_16,-inf..-4.32 & 0.781..1.63,25819,1.0104575843805854,0.3232890506990976,-0.2946867681507008,-0.04285319334817262,0.24127719064980707,-34.35726320822377,0.0,0.0
dist_high_20 & ret_16,1.96..3.07 & -0.793..-0.331,34243,1.3401409451157824,0.32812545629763745,-0.2950553025056798,-0.0279886689358415,0.24090865629482805,-39.45345483862727,0.0,0.0
up_from_low_30d & ret_16,23..31.2 & -inf..-1.65,38111,1.4915197721959987,0.3202749862244496,-0.29535964371191537,-0.05473159348133364,0.24060431508859248,-42.127357990704915,0.0,0.0
dist_low_20 & up_from_low_30d,3.14..inf & 12.6..17.3,28861,1.1295099090905176,0.3180069990644815,-0.2959618099064729,-0.07578294651146456,0.24000214889403493,-37.4173634040098,0.0,0.0
atr_pct & up_from_low_30d,0.807..1.08 & 12.6..17.3,30224,1.1828525516216282,0.3142204870301747,-0.29627968819847456,-0.07747971914927053,0.2396842706020333,-38.10283531463127,0.0,0.0
dist_high_20 & ema200_rel,0.241..0.463 & -inf..-3.06,8379,0.32792223167144063,0.33643632891753195,-0.2965775735450868,-0.0004693335297922354,0.23938638525542105,-19.47171526444493,0.0,0.0
up_from_low_30d & ema50_rel,48..inf & -0.00928..0.272,21571,0.8442070007619819,0.33711928051550694,-0.29678444864143455,0.003277559268904268,0.2391795101590733,-30.876714648729994,0.0,0.0
ema200_rel & ema50_rel,2.88..inf & -0.00928..0.272,10506,0.4111649320849929,0.32371977917380546,-0.29684583953907506,-0.04441390254046303,0.23911811926143278,-22.059220067689537,0.0,0.0
ema50_rel & ret_16,-0.701..-0.299 & -inf..-1.65,15629,0.6116596919433042,0.32177362595175635,-0.2971427318834757,-0.04625312105291061,0.23882122691703217,-27.025579263726474,0.0,0.0
dist_high_20 & up_from_low_30d,-inf..0.241 & 48..inf,19004,0.7437443717250337,0.33861292359503264,-0.29728944067184615,0.007956006751400414,0.2386745181286617,-28.893009525712287,0.0,0.0
ema50_rel & ret_16,1.38..inf & -0.331..0,6621,0.25912078958069085,0.31747470170669084,-0.29773268183384466,-0.06212581911482725,0.23823127696666319,-17.707346697638148,0.0,0.0
atr_pct & ema50_rel,0.658..0.807 & -0.701..-0.299,32220,1.2609684096495783,0.3299503414028554,-0.29784290761402754,-0.020842949816965207,0.2381210511864803,-38.595518674197926,0.0,0.0
atr_pct & ret_96,0.658..0.807 & 2.07..4.36,45994,1.8000304479647022,0.33047788842022874,-0.2989057920785145,-0.022413243401058196,0.23705816672199337,-46.37964232283572,0.0,0.0
dist_high_20 & ema200_rel,1..1.39 & -inf..-3.06,24504,0.9589934795174819,0.33068070519098924,-0.2992556361394197,-0.015579799670139357,0.23670832266108816,-33.531244510381356,0.0,0.0
atr_pct & up_from_low_30d,0.658..0.807 & -inf..5.06,25092,0.9820055659505655,0.3290690259843775,-0.2997393662279036,-0.023853668707510496,0.23622459257260425,-34.379444983568234,0.0,0.0
dist_low_20 & ret_16,2.04..3.14 & 0..0.332,16529,0.6468822732184321,0.32204005081977133,-0.300307345221976,-0.045120656900076016,0.23565661357853185,-28.091845600452206,0.0,0.0
ema50_rel & ret_16,0.654..1.38 & -1.65..-0.793,8974,0.35120827151444184,0.32159572097169603,-0.3003172988310897,-0.04928150335853055,0.23564665996941814,-20.743688616775653,0.0,0.0
dist_high_20 & up_from_low_30d,0.708..1 & 48..inf,28556,1.117573367658391,0.3305434934864827,-0.30073420969539477,-0.016176382656538448,0.23522974910511307,-36.169151294772945,0.0,0.0
ema200_rel & ret_16,-inf..-3.06 & 0.332..0.781,17165,0.6717728973195224,0.3239149431983688,-0.30115097748732234,-0.03902469359630966,0.2348129813131855,-28.566518092362664,0.0,0.0
ema50_rel & ret_16,0.272..0.654 & 1.63..inf,16425,0.6428121082710839,0.32681887366818874,-0.3017521204586778,-0.03700297210684308,0.23421183834183007,-28.101026987492784,0.0,0.0
dist_low_20 & dist_high_20,3.14..inf & -inf..0.241,42612,1.667671814773055,0.32326574673800806,-0.3030496067842954,-0.044063446513664194,0.23291435201621247,-45.29198038323479,0.0,0.0
dist_low_20 & ret_16,0.777..1.08 & -inf..-1.65,40356,1.5793805443767344,0.3157151352958668,-0.3030822092977278,-0.06290400612060931,0.23288174950278007,-44.41608963090415,0.0,0.0
atr_pct & up_from_low_30d,0.807..1.08 & 5.06..8.62,18983,0.7429225114952808,0.3093820787019965,-0.3032478077063311,-0.08469483623873829,0.23271615109417676,-30.944715472892,0.0,0.0
dist_low_20 & ema50_rel,1.46..2.04 & -0.701..-0.299,27513,1.0767543095806595,0.3384581834042089,-0.303350108008623,0.004591049620301876,0.23261385079188485,-36.11312201262819,0.0,0.0
dist_low_20 & up_from_low_30d,0.524..0.777 & 48..inf,21694,0.8490207535362493,0.33345625518576566,-0.30417797461306095,-0.006638815712865998,0.2317859841874469,-31.859416126073683,0.0,0.0
ema200_rel & ret_96,2.88..inf & 0.849..2.07,11802,0.461885449121177,0.32418234197593626,-0.3043061363181441,-0.04458981154106617,0.23165782248236372,-23.932151846278988,0.0,0.0
dist_high_20 & ema200_rel,1.96..3.07 & -inf..-3.06,67112,2.6265087494848696,0.3178567171295744,-0.30431497059487306,-0.052733027837235956,0.2316489882056348,-57.03036893414614,0.0,0.0
ret_96 & ret_16,-0.0473..0.849 & -inf..-1.65,15698,0.6143600898410639,0.32609249585934513,-0.3043188906730077,-0.031775783866573495,0.23164506812750013,-27.546074042668042,0.0,0.0
up_from_low_30d & ema200_rel,8.62..12.6 & -inf..-3.06,33081,1.2946646790694507,0.317432967564463,-0.3047162813516777,-0.061742060506338424,0.23124767744883012,-40.723779912935946,0.0,0.0
dist_high_20 & up_from_low_30d,0.241..0.463 & 48..inf,20411,0.7988090071184837,0.33859193572093477,-0.3047476487696668,0.008072300593507635,0.23121631003084103,-30.702665143539246,0.0,0.0
ema200_rel & ema50_rel,-inf..-3.06 & -1.44..-0.701,60507,2.368014139126848,0.327565405655544,-0.30480291662717884,-0.021840293703484715,0.231161042173329,-53.70416662829069,0.0,0.0
ema50_rel & ret_16,-0.701..-0.299 & 0.781..1.63,13976,0.5469675510013193,0.3362907842014883,-0.3050177449721899,-0.0004947007188231548,0.23094621382831793,-25.842585458971868,0.0,0.0
ret_96 & ret_16,2.07..4.36 & -inf..-1.65,19713,0.7714919385295511,0.31365089027545273,-0.30518476488724106,-0.07764853309245742,0.2307791939132668,-31.513722905226484,0.0,0.0
dist_high_20 & ema200_rel,0.708..1 & -inf..-3.06,16820,0.6582709078307234,0.3320451843043995,-0.30534186586796785,-0.01378657649701339,0.23062209293254,-28.403246712912022,0.0,0.0
ret_96 & ret_16,0.849..2.07 & -inf..-1.65,16201,0.6340455991537188,0.3212764644157768,-0.3056288566492991,-0.052096431265870324,0.23033510215120873,-28.329263487414774,0.0,0.0
dist_high_20 & ret_96,1..1.39 & 4.36..inf,40760,1.5951915697491252,0.32568694798822373,-0.305804343251123,-0.03574232716409649,0.23015961554938486,-44.50059560962461,0.0,0.0
atr_pct & up_from_low_30d,0.658..0.807 & 23..31.2,52498,2.0545723019796265,0.32681244999809517,-0.306490474171828,-0.030379421692812176,0.22947348462867984,-50.89331838892937,0.0,0.0
dist_low_20 & ema50_rel,0.777..1.08 & -inf..-1.44,38956,1.5245898623932022,0.314328986548927,-0.3067466111055937,-0.06584809952064795,0.22921734769491414,-44.0814179650179,0.0,0.0
atr_pct & up_from_low_30d,0.807..1.08 & 17.3..23,37381,1.4629503451617285,0.31005056044514595,-0.30677995756195303,-0.08761441205228611,0.2291840012385548,-43.9352868829264,0.0,0.0
up_from_low_30d & ret_16,48..inf & -0.331..0,22473,0.8795078544399434,0.3320428959195479,-0.3069452015826955,-0.01153521841399475,0.22901875721781234,-32.6495984477719,0.0,0.0
dist_high_20 & up_from_low_30d,0.463..0.708 & 48..inf,24036,0.9406777372544154,0.33366616741554334,-0.3074164721966732,-0.006314578762782083,0.22854748660383467,-33.74348869762093,0.0,0.0
dist_low_20 & dist_high_20,2.04..3.14 & 1..1.39,36052,1.4109383334787895,0.323033396205481,-0.30781729973438365,-0.042067428500777874,0.2281466590661242,-42.51828624556917,0.0,0.0
ema200_rel & ret_16,-0.0819..0.54 & 1.63..inf,17294,0.6768214673022908,0.3332369607956517,-0.30805148398188337,-0.020118886488739832,0.22791247481862448,-29.277169549146077,0.0,0.0
ema200_rel & ret_16,-inf..-3.06 & -1.65..-0.793,50708,1.9845185014435387,0.321724382740396,-0.3081003980716255,-0.04002706942913947,0.22786356072888236,-49.92681430001596,0.0,0.0
dist_low_20 & up_from_low_30d,2.04..3.14 & 31.2..48,53534,2.0951174066474403,0.3243732954757724,-0.30830720787127613,-0.04074174903303156,0.2276567509292317,-51.741854655072,0.0,0.0
ema200_rel & ret_16,2.88..inf & -0.793..-0.331,17880,0.6997552813325407,0.32354586129753915,-0.30850280150052956,-0.0447995367685924,0.2274611572999783,-29.86000154901671,0.0,0.0
dist_high_20 & up_from_low_30d,1.96..3.07 & 31.2..48,50322,1.9694119276966506,0.32069472596478676,-0.3085448182875726,-0.051799937683270604,0.22741914051293527,-50.32670665165545,0.0,0.0
dist_low_20 & ret_96,1.08..1.46 & -inf..-4.32,39058,1.5285817549377168,0.31985764760100366,-0.3088238946181732,-0.04690865643290463,0.22714006418233462,-44.05961070854081,0.0,0.0
ema200_rel & ret_16,-inf..-3.06 & -0.331..0,19815,0.7754838310740656,0.3273782488014131,-0.3088859305330619,-0.02400704346537063,0.22707802826744594,-31.159328128030754,0.0,0.0
atr_pct & ret_16,0.658..0.807 & -0.793..-0.331,31937,1.2498928646486216,0.3256724175720951,-0.3089003881269087,-0.031979542449343173,0.22706357067359917,-39.93552139459786,0.0,0.0
atr_pct & dist_low_20,0.658..0.807 & 0.524..0.777,28007,1.0960875930805631,0.32499018102617205,-0.30913802257018,-0.03227740078657302,0.22682593623032782,-37.30976487424106,0.0,0.0
up_from_low_30d & ema200_rel,5.06..8.62 & -inf..-3.06,35525,1.3903135553321313,0.31600281491907106,-0.3092621266452049,-0.06461921915067065,0.22670183215530293,-42.5031960423895,0.0,0.0
dist_low_20 & dist_high_20,0.288..0.524 & 3.07..inf,35138,1.3751678453838263,0.31179919175821047,-0.309526731566562,-0.07842556929266536,0.22643722723394583,-42.53712207433002,0.0,0.0
up_from_low_30d & ret_16,23..31.2 & 1.63..inf,47475,1.857991162262996,0.32494997367035283,-0.3096414546733295,-0.046825519843456904,0.22632250412717836,-49.04191061790799,0.0,0.0
dist_high_20 & ret_96,-inf..0.241 & -inf..-4.32,10204,0.3993457992571166,0.33937671501372013,-0.31013267403344136,0.006218453328005035,0.2258312847670665,-22.400006468781,0.0,0.0
dist_low_20 & ret_96,2.04..3.14 & -4.32..-2.24,37679,1.4746129331839375,0.32466360572202024,-0.3101500737206194,-0.03742807535629895,0.22581388507988842,-43.80485302728774,0.0,0.0
atr_pct & ema200_rel,0.658..0.807 & -1.57..-0.716,31911,1.2488753234117844,0.32449625520980224,-0.3101721740156753,-0.03306565654969603,0.22579178478483253,-40.1712382110643,0.0,0.0
dist_high_20 & ema50_rel,1.96..3.07 & -0.701..-0.299,37823,1.4802485461879578,0.3298786452687518,-0.310561575804462,-0.01881606473212357,0.22540238299604587,-43.4955371766931,0.0,0.0
up_from_low_30d & ret_16,48..inf & 0.332..0.781,26430,1.0343698034462556,0.3270525917517972,-0.3108365270702376,-0.027321258850989023,0.22512743173027022,-36.120247808221315,0.0,0.0
atr_pct & dist_low_20,0.658..0.807 & 0.777..1.08,35031,1.3709802718322277,0.32417002083868574,-0.3110809291249491,-0.03401078775582394,0.22488302967555873,-42.121551583767555,0.0,0.0
dist_low_20 & ret_16,0.524..0.777 & -inf..-1.65,42693,1.6708418470878166,0.3189281615253086,-0.31109605323309464,-0.05170627737242212,0.2248679055674132,-46.65387142709203,0.0,0.0
atr_pct & dist_high_20,0.658..0.807 & 1..1.39,44597,1.7453571745854204,0.3253133618853286,-0.31190772782175297,-0.03536423003064216,0.22405623097875488,-47.816071325472265,0.0,0.0
atr_pct & ema200_rel,0.658..0.807 & -inf..-3.06,56373,2.2062250824697602,0.3226722012310858,-0.3122423033539791,-0.03835163406833178,0.22372165544652872,-53.678487278917174,0.0,0.0
dist_low_20 & up_from_low_30d,0.777..1.08 & 48..inf,26516,1.0377355167681013,0.32701010710514405,-0.3124499425307643,-0.027333571546526707,0.22351401626974354,-36.32921824116492,0.0,0.0
up_from_low_30d & ema200_rel,17.3..23 & -inf..-3.06,31390,1.2284853624736272,0.30987575661038547,-0.31266236994656277,-0.08037538832215818,0.22330158885394508,-40.6476457692551,0.0,0.0
ema200_rel & ret_16,-inf..-3.06 & -0.793..-0.331,27273,1.0673616212406254,0.3244967550324497,-0.3128757512897989,-0.03383869179663201,0.22308820751070896,-37.10594928264619,0.0,0.0
dist_high_20 & ret_96,1.96..3.07 & -inf..-4.32,61319,2.3997927346772965,0.3126110993329963,-0.31299522329556195,-0.07035217307610034,0.2229687355049459,-56.34403402044261,0.0,0.0
atr_pct & ret_96,0.658..0.807 & -4.32..-2.24,53074,2.0771147539957084,0.32317142103478164,-0.3135900074667324,-0.037152387277309996,0.22237395133377547,-52.419934334479514,0.0,0.0
up_from_low_30d & ret_96,48..inf & -2.24..-0.984,26482,1.0364048859199297,0.32323842610074766,-0.31367600160286424,-0.03865073374926012,0.2222879571976436,-36.65091414203449,0.0,0.0
atr_pct & dist_high_20,0.658..0.807 & 0.463..0.708,28282,1.1068500484701855,0.3255781062159678,-0.3137289986486565,-0.03657997311791643,0.22223496015185135,-38.28163126189858,0.0,0.0
dist_high_20 & ret_96,1.96..3.07 & 2.07..4.36,34203,1.3385754970591102,0.3231003128380551,-0.3139074860536074,-0.04443652185617472,0.22205647274690044,-42.15570361078319,0.0,0.0
atr_pct & dist_low_20,0.658..0.807 & 1.08..1.46,43709,1.7106042277272941,0.3239836189343156,-0.31407412881355545,-0.03721272822832974,0.2218898299869524,-47.66333569407784,0.0,0.0
dist_low_20 & dist_high_20,1.08..1.46 & 1.96..3.07,37805,1.4795440945624554,0.3197460653352731,-0.3143001150742073,-0.04877753643270421,0.22166384372630055,-44.42550512800089,0.0,0.0
dist_low_20 & ret_16,1.46..2.04 & -0.793..-0.331,22443,0.878333768397439,0.32482288464109077,-0.31484169612449125,-0.03331547318072884,0.2211222626760166,-34.160042142742526,0.0,0.0
up_from_low_30d & ema50_rel,23..31.2 & 1.38..inf,51670,2.0221675272065087,0.3239597445326108,-0.31524022300391424,-0.0486227920178316,0.2207237357965936,-52.09557362345704,0.0,0.0
dist_high_20 & ret_16,1.39..1.96 & 0.781..1.63,23664,0.9261190703273626,0.31706389452332656,-0.31526165413640045,-0.06300704968969854,0.2207023046641074,-35.43520736433643,0.0,0.0
ema200_rel & ret_16,0.54..1.36 & -inf..-1.65,13568,0.5309999808232613,0.31264740566037735,-0.31533751312185687,-0.07684578641322633,0.22062644567865097,-26.988844132203237,0.0,0.0
ema50_rel & ret_96,-inf..-1.44 & 2.07..4.36,7407,0.2898818438943025,0.29904144727960036,-0.3154367951015868,-0.13049554492964002,0.22052716369892106,-20.377116089160037,0.0,0.0
ema200_rel & ret_96,0.54..1.36 & 4.36..inf,12805,0.5011390591422362,0.3251854744240531,-0.3155844719731188,-0.033424036470547494,0.22037948682738906,-25.61268026860746,0.0,0.0
dist_low_20 & up_from_low_30d,3.14..inf & 8.62..12.6,22781,0.8915618044763205,0.3124972564856679,-0.31584930661785254,-0.09545872550719942,0.2201146521826553,-35.977235762100726,0.0,0.0
atr_pct & ema200_rel,0.658..0.807 & 1.36..2.88,46466,1.818502735033436,0.3250118366117161,-0.3159339595924324,-0.03934195250333946,0.22002999920807542,-49.542861802045856,0.0,0.0
ema50_rel & ret_96,-inf..-1.44 & -2.24..-0.984,27433,1.0736234134673148,0.3260306929610323,-0.31602200934829977,-0.03524444770533323,0.21994194945220807,-37.834817216893185,0.0,0.0
atr_pct & dist_low_20,0.658..0.807 & 2.04..3.14,69279,2.7113168979550943,0.3237777681548521,-0.3161698995890358,-0.04093123728689994,0.21979405921147205,-60.59065978228071,0.0,0.0
dist_low_20 & ema200_rel,2.04..3.14 & 2.88..inf,70564,2.7616069167756936,0.32101354798480813,-0.31654101581065963,-0.05086773715896074,0.2194229429898482,-60.98138996803417,0.0,0.0
atr_pct & up_from_low_30d,0.658..0.807 & 31.2..48,59304,2.320933288822427,0.3222716848779172,-0.31666496199902633,-0.041351783852706374,0.21929899680148152,-55.84530993237761,0.0,0.0
ema50_rel & ret_96,-1.44..-0.701 & 2.07..4.36,13781,0.5393359917250415,0.3227632247297003,-0.3166675670071478,-0.04258996094162656,0.21929639179336002,-26.755404921647486,0.0,0.0
dist_high_20 & ema200_rel,0.708..1 & 2.88..inf,37633,1.4728126679187643,0.324475858953578,-0.3168613983358302,-0.038174404556678955,0.21910256046467763,-44.33429287968867,0.0,0.0
ema200_rel & ret_16,-1.57..-0.716 & 1.63..inf,15686,0.6138904554240623,0.3181180670661737,-0.31822666017856654,-0.06011097972933398,0.2177372986219413,-29.140823549811362,0.0,0.0
atr_pct & ret_96,0.658..0.807 & -2.24..-0.984,33464,1.3096538442120884,0.322585464977289,-0.31834324235170597,-0.04147769558892304,0.21762071644880188,-42.37897841532179,0.0,0.0
atr_pct & dist_high_20,0.658..0.807 & 1.39..1.96,56385,2.206694716886762,0.3224261771747805,-0.31836045874840324,-0.04200675497203341,0.2176035000521046,-54.93206658634836,0.0,0.0
atr_pct & ema50_rel,0.658..0.807 & -1.44..-0.701,51346,2.0094873979474626,0.321485607447513,-0.3185887680799187,-0.04207924105712605,0.21737519072058914,-52.41956532230632,0.0,0.0
up_from_low_30d & ret_96,23..31.2 & 4.36..inf,55623,2.176872931407154,0.32380490085036767,-0.31867034414100964,-0.04550243106956504,0.2172936146594982,-54.514860504762204,0.0,0.0
atr_pct & ret_16,0.658..0.807 & 0..0.332,21527,0.8424850078996422,0.3235007200260138,-0.3189360616853132,-0.041748927643650666,0.21702789711519466,-33.996634849990855,0.0,0.0
ema50_rel & ret_96,-0.299..-0.00928 & 4.36..inf,10929,0.427719545284303,0.3214383749656876,-0.3189672488044166,-0.051962484658323635,0.21699670999609122,-24.158979075907016,0.0,0.0
dist_high_20 & ret_96,0.708..1 & 4.36..inf,36582,1.4316805202296983,0.3275928052047455,-0.3190117258177664,-0.028300082145781336,0.21695223298274147,-43.84284815786263,0.0,0.0
atr_pct & dist_low_20,0.658..0.807 & 1.46..2.04,56013,2.1921360499597093,0.32242515130416155,-0.31935314927930025,-0.04311613400971865,0.2166108095212076,-55.069974051933436,0.0,0.0
ema50_rel & ret_96,1.38..inf & -0.984..-0.0473,9031,0.35343903499519996,0.31912302070645554,-0.31958308966451754,-0.06485444411083317,0.2163808691359903,-22.238794034471795,0.0,0.0
up_from_low_30d & ema200_rel,31.2..48 & -3.06..-1.57,33153,1.2974824855714608,0.3300153832232377,-0.3197228630894309,-0.017121397126888153,0.21624109571107697,-41.60862088223281,0.0,0.0
atr_pct & ret_16,0.658..0.807 & -inf..-1.65,54972,2.1513952642848113,0.3204722404133013,-0.3197467625634316,-0.04568669484441894,0.21621719623707625,-54.54710408879608,0.0,0.0
ret_96 & ret_16,4.36..inf & -1.65..-0.793,26004,1.017697781642695,0.31410552222734966,-0.31975011918837737,-0.07237021460050404,0.21621383961213048,-37.598038044555665,0.0,0.0
dist_low_20 & ema200_rel,0.777..1.08 & -inf..-3.06,35125,1.3746590747654077,0.3166120996441281,-0.31977283233470793,-0.056000358102054275,0.2161911264657999,-43.33820067461986,0.0,0.0
ema200_rel & ema50_rel,-3.06..-1.57 & 0.654..1.38,10554,0.4130434697529997,0.3170361948076559,-0.32005040740782476,-0.06294554464985108,0.2159135513926831,-24.03731187571869,0.0,0.0
up_from_low_30d & ema200_rel,48..inf & -0.716..-0.0819,21047,0.823699631219574,0.3282177982610348,-0.32006586283666943,-0.02180461338230013,0.2158980959638384,-33.0878383546768,0.0,0.0
atr_pct & ret_96,0.658..0.807 & -0.984..-0.0473,24748,0.9685427126631833,0.3229755939873929,-0.3200707889947148,-0.04318686006021817,0.21589316980579304,-36.68706818685782,0.0,0.0
atr_pct & dist_high_20,0.658..0.807 & 1.96..3.07,70903,2.774874089055992,0.3214109417090955,-0.32064849002582974,-0.04523353572217408,0.2153154687746781,-62.06311549370156,0.0,0.0
dist_high_20 & ema50_rel,1.96..3.07 & -0.00928..0.272,15919,0.6230091903541787,0.3166656196997299,-0.3207621277568063,-0.061195068353621464,0.21520183104370155,-29.603827204163103,0.0,0.0
atr_pct & ema200_rel,0.658..0.807 & -0.716..-0.0819,23633,0.9249058480834416,0.32264206829433417,-0.3208105959715151,-0.04386773618032273,0.21515336282899272,-35.93449742511243,0.0,0.0
dist_low_20 & ret_16,2.04..3.14 & 0.332..0.781,33086,1.2948603600765347,0.3218884120171674,-0.32132193637574386,-0.046552289628331134,0.214642022424764,-42.52527721382495,0.0,0.0
ret_96 & ret_16,4.36..inf & 0.781..1.63,48642,1.9036631093164118,0.325582829653386,-0.32140360591236933,-0.03436877704319534,0.21456035288813852,-51.009541950669764,0.0,0.0
ema50_rel & ret_96,-0.299..-0.00928 & -inf..-4.32,14989,0.5866125230365465,0.3274401227566882,-0.3214973327709394,-0.0272513204396606,0.21446662602956845,-28.225448389169927,0.0,0.0
atr_pct & ema50_rel,0.658..0.807 & -inf..-1.44,56218,2.200158971250155,0.3194528442847487,-0.3215326273604654,-0.04755865899369777,0.21443133144004245,-55.41091123916095,0.0,0.0
dist_low_20 & ema50_rel,2.04..3.14 & -0.00928..0.272,20920,0.8187293336396393,0.3237571701720841,-0.3215776908931182,-0.041876779178798,0.21438626790738963,-33.82117613003465,0.0,0.0
ema200_rel & ret_16,-0.0819..0.54 & -inf..-1.65,13258,0.5188677583840506,0.31686528888218435,-0.3220908769196936,-0.06348700704743333,0.21387308188081422,-27.129751784325602,0.0,0.0
dist_low_20 & up_from_low_30d,2.04..3.14 & 23..31.2,47224,1.848167975707377,0.3278417753684567,-0.32217978044405143,-0.030363957966128834,0.2137841783564564,-50.63275693381329,0.0,0.0
atr_pct & ret_16,0.658..0.807 & 0.781..1.63,47155,1.8454675778096172,0.32227759516488175,-0.3223928185245497,-0.046016856396997555,0.21357114027595814,-50.98359659812276,0.0,0.0
atr_pct & ret_16,0.658..0.807 & -1.65..-0.793,49314,1.9299626366685074,0.32045666544997364,-0.3229198928081641,-0.046412810913994115,0.21304406599234377,-52.07611866284395,0.0,0.0
ret_96 & ret_16,-inf..-4.32 & 0.332..0.781,21861,0.8555564991728564,0.32436759526096703,-0.3230547459868257,-0.03687748556346034,0.21290921281368214,-34.52987673939092,0.0,0.0
dist_high_20 & ema200_rel,1.96..3.07 & 1.36..2.88,32055,1.254510936415805,0.317891124629543,-0.3230889278498541,-0.06282182737507452,0.21287503095065374,-42.36613190886757,0.0,0.0
ret_96 & ret_16,-4.32..-2.24 & -inf..-1.65,61682,2.413999175791598,0.3219415712849778,-0.32321244165286867,-0.04277666058274418,0.21275151714763918,-58.24239989505783,0.0,0.0
dist_high_20 & ema200_rel,1.39..1.96 & -inf..-3.06,38143,1.4927721306413366,0.3184070471646174,-0.32334880904714575,-0.051392141208601916,0.2126151497533621,-45.57341679668936,0.0,0.0
atr_pct & ret_16,0.658..0.807 & 0.332..0.781,30583,1.1969024479302623,0.32174737599319886,-0.32349041218303565,-0.046397104836553675,0.2124735466174722,-41.23747110847709,0.0,0.0
dist_high_20 & ema50_rel,1.39..1.96 & 0.654..1.38,27478,1.0753845425310713,0.3206201324696121,-0.3237032756864062,-0.054344079287799094,0.21226068311410162,-39.13464851990884,0.0,0.0
atr_pct & ret_96,0.658..0.807 & -0.0473..0.849,23445,0.9175482422170814,0.32288334399658775,-0.3237596513822068,-0.046851600033362265,0.21220430741830104,-36.283129422794616,0.0,0.0
up_from_low_30d & ema200_rel,48..inf & 0.54..1.36,28689,1.1227784824468265,0.3253163233294991,-0.323845552974503,-0.030815165773024105,0.21211840582600483,-39.3344515921944,0.0,0.0
dist_low_20 & up_from_low_30d,2.04..3.14 & -inf..5.06,25276,0.9892066270112583,0.32544706440892546,-0.3239111160594418,-0.03667022597116644,0.21205284274106606,-37.45034877117763,0.0,0.0
atr_pct & dist_high_20,0.658..0.807 & 3.07..inf,40514,1.5855640642005902,0.31882805943624426,-0.3241496101655612,-0.051986199785537035,0.21181434863494664,-47.66989744737433,0.0,0.0
atr_pct & dist_high_20,0.658..0.807 & 0.241..0.463,22698,0.8883134997587253,0.32192263635562607,-0.3245315701425503,-0.047252432387255724,0.21143238865795755,-35.54806642196719,0.0,0.0
dist_high_20 & ret_96,1.96..3.07 & 0.849..2.07,26125,1.022433262014129,0.32750239234449763,-0.32465804511025786,-0.030529694039141155,0.21130591369024998,-37.95821845861789,0.0,0.0
dist_low_20 & dist_high_20,1.46..2.04 & 1.39..1.96,34906,1.3660882466551267,0.3201455337191314,-0.32545519135626233,-0.04933061000581469,0.21050876744424551,-44.26259837933566,0.0,0.0
atr_pct & ret_16,0.658..0.807 & -0.331..0,25892,1.0133145270840125,0.3199830063340028,-0.32578561275236806,-0.04871430851980383,0.21017834604813979,-38.15629070664828,0.0,0.0
dist_high_20 & ema50_rel,1.96..3.07 & -0.299..-0.00928,20644,0.8079277420486001,0.3195601627591552,-0.32618998462024673,-0.053603050947398284,0.2097739741802611,-34.15278256134002,0.0,0.0
dist_low_20 & ema50_rel,0.524..0.777 & -inf..-1.44,40741,1.594447981922206,0.3130507351316855,-0.3262145108112589,-0.06641844689858119,0.20974944798924894,-47.8486794743522,0.0,0.0
atr_pct & dist_high_20,0.658..0.807 & -inf..0.241,21078,0.8249128534634951,0.31981212638770284,-0.3265740706339465,-0.04954200834530571,0.20938988816656134,-34.44518572631285,0.0,0.0
up_from_low_30d & ret_96,48..inf & -0.984..-0.0473,21431,0.8387279325636287,0.3276561989641174,-0.3269976774296937,-0.0259794330473095,0.20896628137081413,-34.135264018464376,0.0,0.0
dist_high_20 & ret_16,1.39..1.96 & 0.332..0.781,20877,0.8170464769787166,0.3201130430617426,-0.32717802759993236,-0.048294492041477836,0.20878593120057548,-34.35664346338022,0.0,0.0
atr_pct & ret_96,0.658..0.807 & 0.849..2.07,29868,1.1689200639172441,0.32148118387571983,-0.32718911891013475,-0.050439547123016085,0.2087748398903731,-41.35562730863052,0.0,0.0
atr_pct & ret_16,0.658..0.807 & 1.63..inf,58012,2.27036931659191,0.32055436806178034,-0.3273685974936087,-0.0528749971346107,0.20859536130689915,-57.56996582757854,0.0,0.0
ret_96 & ret_16,-inf..-4.32 & -1.65..-0.793,48310,1.8906698904460313,0.31612502587456015,-0.3274627901171851,-0.05832062982897893,0.20850116868332275,-51.9976692268989,0.0,0.0
ema200_rel & ret_96,-0.716..-0.0819 & 2.07..4.36,13075,0.5117058335247746,0.3440152963671128,-0.32796376342318145,0.022863845939132457,0.2080001953773264,-26.569474193533352,0.0,0.0
up_from_low_30d & ema200_rel,48..inf & -0.0819..0.54,22042,0.8626401516292987,0.3276472189456492,-0.32901406602244637,-0.02286823367614058,0.20694989277806147,-34.92813775627594,0.0,0.0
atr_pct & ema50_rel,0.658..0.807 & -0.00928..0.272,22617,0.8851434674439638,0.31905204050050845,-0.3290246844294908,-0.05225302012298852,0.20693927437101706,-36.10164923194864,0.0,0.0
dist_low_20 & ema200_rel,0.524..0.777 & -inf..-3.06,32077,1.2553719328469748,0.3165507996383702,-0.32956368066211816,-0.05356289748156648,0.20640027813838968,-42.58815379288234,0.0,0.0
ret_96 & ret_16,-0.984..-0.0473 & -inf..-1.65,19679,0.7701613076813797,0.32227247319477614,-0.3300655718622176,-0.04388533845568491,0.20589838693829027,-33.560761183310504,0.0,0.0
atr_pct & dist_low_20,0.658..0.807 & 3.14..inf,44464,1.7401520597969848,0.3199217344368478,-0.33016150036516007,-0.05730724235367651,0.20580245843534778,-51.074494130957966,0.0,0.0
ret_96 & ret_16,-2.24..-0.984 & -inf..-1.65,33583,1.3143110521806887,0.3259089420242385,-0.3302074337939622,-0.034770662736902797,0.20575652500654562,-43.827463041788256,0.0,0.0
dist_high_20 & ret_96,1..1.39 & -inf..-4.32,28893,1.1307622675358555,0.3231232478454989,-0.3304113265286234,-0.03906038120376854,0.20555263227188447,-40.46403964066105,0.0,0.0
ema200_rel & ret_16,2.88..inf & 0..0.332,18175,0.7113004607504992,0.3264924346629986,-0.33097932702555083,-0.03191853542799886,0.20498463177495702,-32.09696274808122,0.0,0.0
dist_high_20 & up_from_low_30d,1.96..3.07 & 23..31.2,43639,1.7078646936281177,0.3200119159467449,-0.33099043363727215,-0.052106339786173496,0.2049735251632357,-50.33412636608317,0.0,0.0
atr_pct & ema50_rel,0.658..0.807 & 0.654..1.38,46261,1.8104798137429903,0.32039947255787815,-0.3314321074398649,-0.054746952392921676,0.20453185136064295,-52.09665639796698,0.0,0.0
atr_pct & ret_96,0.658..0.807 & -inf..-4.32,54199,2.1211429805896183,0.3165003044336611,-0.3314544757351105,-0.057237239507984476,0.20450948306539735,-56.107174452492735,0.0,0.0
dist_low_20 & ret_96,1.46..2.04 & 4.36..inf,41489,1.6237218605819788,0.32039817783026825,-0.33201816076929747,-0.04931945509011513,0.20394579803121038,-48.960700207072605,0.0,0.0
ret_96 & ret_16,-0.0473..0.849 & 1.63..inf,19329,0.7564636371854966,0.3282632314139376,-0.332531330152348,-0.033335002160282706,0.20343262864815986,-33.47331623557802,0.0,0.0
dist_high_20 & ret_16,0.463..0.708 & 1.63..inf,44955,1.759367934692638,0.31918585251918585,-0.33275682363259046,-0.058682721604576146,0.20320713516791739,-51.40974754056274,0.0,0.0
atr_pct & ema50_rel,0.658..0.807 & 1.38..inf,57714,2.258706728569701,0.31851890355892853,-0.3329407067817024,-0.05835806756235458,0.20302325201880544,-58.41368264762786,0.0,0.0
dist_high_20 & ret_96,0.241..0.463 & -inf..-4.32,12926,0.5058745395136701,0.3332817576976636,-0.33297586766121845,-0.009008009434377608,0.2029880911392894,-27.067972293581292,0.0,0.0
ema200_rel & ret_16,2.88..inf & 0.781..1.63,52429,2.0518719040818665,0.32222624883175344,-0.3334400699588569,-0.044396127802167194,0.20252388884165096,-55.08352443409521,0.0,0.0
up_from_low_30d & ema50_rel,5.06..8.62 & -inf..-1.44,28635,1.120665127570319,0.31262441068622315,-0.33350067454280663,-0.07525111681309025,0.20246328425770121,-41.334733156688706,0.0,0.0
ema50_rel & ret_96,-0.00928..0.272 & -inf..-4.32,10559,0.4132391507600837,0.3166966568803864,-0.3335235764215831,-0.06006136690362891,0.20244038237892475,-24.818675860376413,0.0,0.0
ema50_rel & ret_96,-inf..-1.44 & -4.32..-2.24,70859,2.773152096193652,0.31983234310391057,-0.333693659413239,-0.04807799671239129,0.20227029938726887,-64.45017672015534,0.0,0.0
dist_low_20 & dist_high_20,-inf..0.288 & 3.07..inf,39673,1.552650518809054,0.30615279913291155,-0.3339305919400289,-0.09201327652795495,0.20203336686047896,-48.73534922768449,0.0,0.0
ema50_rel & ret_96,-0.701..-0.299 & -inf..-4.32,28073,1.0986705823740723,0.3274676735653475,-0.33452575562788656,-0.026001919537866368,0.2014382031726213,-40.115826484503664,0.0,0.0
dist_low_20 & ret_16,1.08..1.46 & -1.65..-0.793,34141,1.336149052571268,0.3215195805629595,-0.3345298109310068,-0.04090500763629846,0.20143414786950103,-44.80529521838477,0.0,0.0
atr_pct & up_from_low_30d,0.658..0.807 & 8.62..12.6,30136,1.1794085658969489,0.3187217945314574,-0.3348427992201761,-0.05822406883925425,0.20112115958033172,-42.680918582450126,0.0,0.0
ret_96 & ret_16,4.36..inf & -0.793..-0.331,22187,0.8683149008347361,0.32131428313877497,-0.33489027822269174,-0.04912883409372585,0.2010736805778161,-36.0559088272301,0.0,0.0
dist_high_20 & ret_16,1.39..1.96 & 0..0.332,19954,0.7809237630710021,0.3245965721158665,-0.33521603356698293,-0.03472944396705837,0.20074792523352492,-34.24582766511498,0.0,0.0
ema50_rel & ret_16,-1.44..-0.701 & 0.332..0.781,13649,0.5341700131380228,0.3239797787383691,-0.33525631865406547,-0.03115536306926758,0.20070764014644238,-28.238782102784082,0.0,0.0
dist_low_20 & ema50_rel,1.08..1.46 & -1.44..-0.701,37489,1.4671770549147438,0.324735255674998,-0.335364838869703,-0.028580754287948252,0.20059911993080487,-46.81218017122861,0.0,0.0
dist_high_20 & ret_96,0.463..0.708 & -inf..-4.32,16738,0.655061739314545,0.3308041582028916,-0.3356745767176792,-0.01443795378917108,0.20028938208282865,-31.064049839226563,0.0,0.0
dist_high_20 & up_from_low_30d,1.39..1.96 & 31.2..48,46567,1.8224554913765336,0.32398479610024267,-0.33588949562386317,-0.036046345738252224,0.20007446317664468,-52.170756419597765,0.0,0.0
ema50_rel & ret_16,-1.44..-0.701 & -inf..-1.65,59768,2.339092486279826,0.32162695756926785,-0.3369071037398988,-0.04571026479784118,0.19905685506060905,-59.69461557519626,0.0,0.0
dist_low_20 & up_from_low_30d,1.46..2.04 & 31.2..48,47642,1.8645269078996032,0.32551110364804164,-0.3369927726225468,-0.030346327101215567,0.19897118617796106,-52.94959152564263,0.0,0.0
ema200_rel & ret_16,-1.57..-0.716 & -inf..-1.65,29853,1.1683330208959921,0.32170971091682576,-0.3373108052294137,-0.0440557600527159,0.19865315357109414,-42.226037518565086,0.0,0.0
ret_96 & ret_16,-inf..-4.32 & 0..0.332,17857,0.6988551486999541,0.32429859438875513,-0.33735822564719364,-0.03404363530859793,0.1986057331533142,-32.45152927302708,0.0,0.0
ema200_rel & ema50_rel,2.88..inf & 0.272..0.654,21440,0.83908015837638,0.3198694029850746,-0.3376135216475375,-0.055070618470140546,0.19835043715297035,-35.84194282906326,0.0,0.0
dist_low_20 & ema200_rel,1.46..2.04 & -3.06..-1.57,40715,1.5934304406853688,0.3277416185680953,-0.337728802152862,-0.025070445360828846,0.19823515664764585,-49.22185476730623,0.0,0.0
ema200_rel & ret_16,-0.716..-0.0819 & -inf..-1.65,17176,0.6722033955351073,0.31736143455985094,-0.3383378290616359,-0.06333314044101213,0.19762612973887195,-32.41049704115933,0.0,0.0
atr_pct & ema50_rel,0.658..0.807 & 0.272..0.654,29114,1.1394113680489704,0.31641134849213437,-0.3383947093715398,-0.06135557638394424,0.19756924942896803,-42.27084097668782,0.0,0.0
atr_pct & ret_96,0.658..0.807 & 4.36..inf,54487,2.1324142065976592,0.31554315708334096,-0.3386264524980213,-0.06405691361106847,0.19733750630248653,-57.650426938252906,0.0,0.0
up_from_low_30d & ret_96,5.06..8.62 & -inf..-4.32,32278,1.2632383093317532,0.3103352128384658,-0.33892871821768905,-0.079475106595243,0.1970352405828188,-44.58690523099513,0.0,0.0
ema200_rel & ema50_rel,-1.57..-0.716 & -inf..-1.44,20642,0.8078494696457665,0.31227594225365757,-0.3389407074895655,-0.07414337234830368,0.19702325131094234,-35.57458972181086,0.0,0.0
atr_pct & ema200_rel,0.658..0.807 & 2.88..inf,56597,2.2149915915871254,0.31582946092549075,-0.3393132930413523,-0.06458265130241608,0.19665066575915552,-58.93836291849241,0.0,0.0
ema50_rel & ret_16,-inf..-1.44 & -1.65..-0.793,53861,2.107914944510737,0.3144575852657767,-0.3397099763831511,-0.06355334724759391,0.19625398241735675,-57.08405201915038,0.0,0.0
ema200_rel & ema50_rel,2.88..inf & 0.654..1.38,61550,2.4088331972045793,0.32365556458164096,-0.34000157791724017,-0.041362062090385746,0.19596238088326767,-60.85442082606156,0.0,0.0
dist_low_20 & ema200_rel,1.46..2.04 & 2.88..inf,40459,1.5834115731226657,0.3201018314837243,-0.3401181488443437,-0.05054995570459726,0.19584580995616413,-49.48909941659823,0.0,0.0
ret_96 & ret_16,-inf..-4.32 & -0.793..-0.331,29566,1.1571009310893678,0.3196915375769465,-0.3401577026683856,-0.046682116920636924,0.19580625613212227,-42.02718088450146,0.0,0.0
dist_high_20 & up_from_low_30d,3.07..inf & 12.6..17.3,29105,1.139059142236219,0.29616904311973885,-0.3401911718125773,-0.12973941571765032,0.19577278698793055,-43.72413611122248,0.0,0.0
ret_96 & ret_16,2.07..4.36 & 1.63..inf,59555,2.330756475378046,0.32595080177986735,-0.34060109297140795,-0.03997122564921725,0.1953628658290999,-60.280000400864814,0.0,0.0
dist_high_20 & ema50_rel,0.463..0.708 & 1.38..inf,43422,1.69937213792067,0.31806457556077566,-0.34087397404971276,-0.06110760241762719,0.1950899847507951,-51.73316974940753,0.0,0.0
atr_pct & dist_high_20,0.658..0.807 & 0.708..1,34927,1.3669101068848797,0.3163455206573711,-0.340878003387605,-0.06389166548600729,0.19508595541290286,-46.63009624739554,0.0,0.0
up_from_low_30d & ret_16,17.3..23 & -inf..-1.65,35300,1.3815079100133494,0.3081586402266289,-0.34094639670768734,-0.0874797390733871,0.1950175620928205,-47.290672107290646,0.0,0.0
up_from_low_30d & ema50_rel,17.3..23 & -inf..-1.44,33594,1.3147415503962736,0.3059474906233256,-0.34136470593213847,-0.09440115859544758,0.19459925286836938,-46.25680354864051,0.0,0.0
ema50_rel & ret_96,0.654..1.38 & 4.36..inf,61311,2.399479645065962,0.32514556931056415,-0.341372599128155,-0.03607938564330429,0.19459135967235286,-60.83913233250048,0.0,0.0
ret_96 & ret_16,-0.984..-0.0473 & 1.63..inf,17056,0.6675070513650903,0.3206496247654784,-0.3414949430211522,-0.05549682990369795,0.19446901577935566,-32.455115055539785,0.0,0.0
dist_high_20 & ret_96,1.96..3.07 & -0.0473..0.849,23401,0.9158262493547419,0.3263963078500919,-0.34171606675866506,-0.030553712816398276,0.19424789204184278,-37.815911987440344,0.0,0.0
ema200_rel & ret_16,-3.06..-1.57 & -inf..-1.65,61265,2.3976793798007887,0.3194809434424223,-0.34187836347774964,-0.050232486593559895,0.1940855953227582,-61.45166545577866,0.0,0.0
up_from_low_30d & ema50_rel,31.2..48 & -1.44..-0.701,39271,1.536917765839497,0.32428509587227217,-0.3419429151323398,-0.034648876744313925,0.19402104366816803,-48.77487253051456,0.0,0.0
ema50_rel & ret_96,1.38..inf & -2.24..-0.984,8062,0.31551605582231224,0.30265442818159266,-0.342339693078518,-0.11027536898338665,0.19362426572198982,-22.834702467029253,0.0,0.0
up_from_low_30d & ret_96,8.62..12.6 & -inf..-4.32,31963,1.2509104058854585,0.31142258236085474,-0.34241339753577066,-0.08156643033912775,0.1935505612647372,-45.20290311934433,0.0,0.0
ret_96 & ret_16,-inf..-4.32 & -0.331..0,22629,0.8856131018609655,0.3222413716911927,-0.34266299930619437,-0.03920641446221733,0.19330095949431347,-36.981862826975295,0.0,0.0
atr_pct & up_from_low_30d,0.658..0.807 & 12.6..17.3,38233,1.4962943887688496,0.31540815525854626,-0.3431214576260639,-0.06628825370643152,0.19284250117444396,-49.27644247000573,0.0,0.0
up_from_low_30d & ema200_rel,23..31.2 & -3.06..-1.57,34056,1.3328224754508393,0.3306612638007987,-0.3437865157221259,-0.013616606521821558,0.19217744307838197,-45.336025211205076,0.0,0.0
dist_low_20 & ema200_rel,2.04..3.14 & -1.57..-0.716,26665,1.0435668107792058,0.31933245827864243,-0.3441719039514343,-0.052674850320358436,0.19179205484907352,-40.98777807036588,0.0,0.0
ema200_rel & ret_16,-0.716..-0.0819 & 1.63..inf,14695,0.5751064798200047,0.31548145627764546,-0.3444874846850538,-0.06848876229002979,0.19147647411545404,-30.653827944432493,0.0,0.0
ema200_rel & ret_96,2.88..inf & 2.07..4.36,59355,2.322929235094684,0.3219779294078005,-0.34471206832055457,-0.0482480914282154,0.19125189047995328,-60.878545441535636,0.0,0.0
dist_high_20 & ema200_rel,1.96..3.07 & -0.716..-0.0819,25412,0.9945291504039443,0.32669604911065636,-0.34476921353003415,-0.028668833233217336,0.1911947452704737,-39.69071279121777,0.0,0.0
atr_pct & dist_low_20,0.658..0.807 & 0.288..0.524,22735,0.8897615392111472,0.31343743127336704,-0.34478790661496916,-0.06765828505869434,0.19117605218553868,-37.87716776143984,0.0,0.0
ema200_rel & ret_16,2.88..inf & -0.331..0,17548,0.6867620624621602,0.3172441303852291,-0.3448402878290343,-0.0593073858417914,0.19112367097147354,-33.14343160773253,0.0,0.0
dist_high_20 & ret_96,0.463..0.708 & 4.36..inf,32866,1.2862503957648368,0.323312846102355,-0.345543542122538,-0.03901529453884505,0.19042041667796983,-45.02814813190543,0.0,0.0
atr_pct & ema200_rel,0.658..0.807 & -0.0819..0.54,22328,0.8738331052345061,0.315030455034038,-0.3456337772528959,-0.06883040654971417,0.19033018154761194,-37.89797768983618,0.0,0.0
dist_low_20 & dist_high_20,0.777..1.08 & 1.96..3.07,39585,1.549206533084375,0.31681192370847544,-0.3459287167830603,-0.05432175752151012,0.19003524201744754,-49.974314126859376,0.0,0.0
ema50_rel & ret_16,0.654..1.38 & -0.793..-0.331,13705,0.5363616404173641,0.32404232032105074,-0.3461859234733888,-0.03905974732185391,0.18977803532711907,-29.37424523886785,0.0,0.0
ema50_rel & ret_16,1.38..inf & 0.332..0.781,17774,0.695606843982359,0.3149544278159109,-0.3468351218550743,-0.07039450347162153,0.18912883694543353,-33.73088939349774,0.0,0.0
ema200_rel & ret_96,-3.06..-1.57 & -0.0473..0.849,12471,0.4880675678690221,0.33205035682784056,-0.34720269339459514,-0.016396198683285745,0.1887612654059127,-27.74200520664517,0.0,0.0
ema50_rel & ret_96,-1.44..-0.701 & -inf..-4.32,62016,2.4270706670648123,0.3167730908152735,-0.347359847565271,-0.05569663014043458,0.18860411123523685,-62.52879943935298,0.0,0.0
ema200_rel & ret_16,1.36..2.88 & -inf..-1.65,16616,0.6502871227416944,0.2972436206066442,-0.3474778640807189,-0.13120113138979422,0.18848609471978894,-33.56559137800489,0.0,0.0
ema200_rel & ema50_rel,0.54..1.36 & 1.38..inf,20401,0.7984176451043156,0.3195431596490368,-0.3474849261183004,-0.06037220744950409,0.18847903268220745,-36.274608436361945,0.0,0.0
dist_high_20 & up_from_low_30d,1..1.39 & 31.2..48,42472,1.6621927465747017,0.3302175550951215,-0.34756006938862366,-0.01637821412978373,0.18840388941188418,-51.14326274630395,0.0,0.0
ret_96 & ret_16,4.36..inf & 0..0.332,20085,0.786050605456604,0.32616380383370674,-0.347742860933916,-0.03076759717528679,0.18822109786659186,-35.31257113870281,0.0,0.0
dist_low_20 & up_from_low_30d,0.288..0.524 & 48..inf,17581,0.6880535571089149,0.3232466867641204,-0.3480167273059106,-0.03773754499433773,0.18794723149459724,-32.97855905400971,0.0,0.0
dist_high_20 & ret_96,1.96..3.07 & -4.32..-2.24,58027,2.2709563596131623,0.32333224188739723,-0.3483803650917223,-0.03524215170877066,0.18758359370878552,-60.51741654584873,0.0,0.0
dist_high_20 & ret_96,1.39..1.96 & -inf..-4.32,40014,1.5659959634921858,0.3099165292147748,-0.3488054350053051,-0.07689612197799849,0.18715852379520276,-50.67049877040377,0.0,0.0
ema200_rel & ret_16,2.88..inf & 0.332..0.781,28379,1.110646260007616,0.3211529652207618,-0.34885146099653697,-0.04967726955549882,0.18711249780397088,-42.41128663284874,0.0,0.0
dist_high_20 & ret_16,0.241..0.463 & 1.63..inf,50124,1.9616629598161224,0.32044529566674645,-0.3488813347620643,-0.05153634924847934,0.18708262403844356,-56.57877288170679,0.0,0.0
dist_low_20 & dist_high_20,0.524..0.777 & 1.96..3.07,41024,1.6055235269231627,0.32429797191887677,-0.3490168991026743,-0.033080590150320645,0.18694705969783354,-50.92139356853636,0.0,0.0
dist_low_20 & ema200_rel,1.08..1.46 & 2.88..inf,25761,1.0081876846984106,0.3212608206203175,-0.3490895252644408,-0.048079929080468174,0.18687443353606703,-40.44998990762676,0.0,0.0
up_from_low_30d & ret_96,17.3..23 & -inf..-4.32,33395,1.3069534463143286,0.3046863302889654,-0.34940345281005486,-0.0968055110652824,0.18656050599045298,-47.08988011830238,0.0,0.0
dist_high_20 & up_from_low_30d,1.96..3.07 & 12.6..17.3,36057,1.4111340144858735,0.31971600521396676,-0.35039507976844,-0.05048889284582228,0.18556887903206787,-48.46880940940068,0.0,0.0
up_from_low_30d & ema50_rel,8.62..12.6 & -inf..-1.44,30136,1.1794085658969489,0.3078709848685957,-0.35095046816157777,-0.09090439790939665,0.18501349063893008,-45.07651876929426,0.0,0.0
ema200_rel & ema50_rel,-3.06..-1.57 & -inf..-1.44,64967,2.542561597445815,0.3169147413302138,-0.351526216000677,-0.05730785715450371,0.18443774279983083,-65.09183819410651,0.0,0.0
dist_high_20 & ema200_rel,0.463..0.708 & 2.88..inf,35384,1.3847953509323614,0.31777074383902326,-0.35272243733661396,-0.05585204491999838,0.18324152146389389,-47.94303991969607,0.0,0.0
up_from_low_30d & ret_96,31.2..48 & 2.07..4.36,48604,1.9021759336625732,0.32655748498066,-0.3528620063925963,-0.029250589722007676,0.18310195240791155,-55.870860993370876,0.0,0.0
dist_low_20 & ret_96,0.777..1.08 & -inf..-4.32,34142,1.3361881887726847,0.310028703649464,-0.35288741800334683,-0.07420404944513191,0.183076540797161,-47.30842965313952,0.0,0.0
dist_low_20 & ema200_rel,0.288..0.524 & -inf..-3.06,30973,1.212165566482818,0.31146482420172406,-0.35308253648490495,-0.07013390080158571,0.1828814223156029,-44.970276861718,0.0,0.0
ema50_rel & ret_96,1.38..inf & -0.0473..0.849,12870,0.5036829122343288,0.31476301476301477,-0.3534504008239563,-0.07478277337698401,0.18251355797655155,-29.346788163689716,0.0,0.0
up_from_low_30d & ret_16,17.3..23 & 1.63..inf,40321,1.5780107773271461,0.31256665261278244,-0.35370232068420954,-0.07988236632031558,0.1822616381162983,-52.19417593932227,0.0,0.0
dist_low_20 & ret_96,0.524..0.777 & -inf..-4.32,30142,1.1796433831054498,0.3133501426580851,-0.35377838842430287,-0.0628299884135131,0.18218557037620497,-44.347470127406424,0.0,0.0
ema50_rel & ret_16,0.654..1.38 & 1.63..inf,57895,2.2657903810261435,0.3206667242421625,-0.35417209513674974,-0.052286390170986796,0.1817918636637581,-61.97428472565379,0.0,0.0
ret_96 & ret_16,4.36..inf & 0.332..0.781,29516,1.1551441210185274,0.3214188914487058,-0.3544373674522711,-0.04692491936240022,0.18152659134823673,-43.95141719540586,0.0,0.0
dist_high_20 & ret_16,1.96..3.07 & -1.65..-0.793,109954,4.303181890583791,0.31842406824672137,-0.3544718169147326,-0.05124771105098096,0.18149214188577523,-85.12133213164648,0.0,0.0
up_from_low_30d & ema200_rel,23..31.2 & 2.88..inf,57752,2.2601939042235397,0.3134436902618091,-0.35449776843558933,-0.07587775266417726,0.1814661903649185,-62.393462815449084,0.0,0.0
up_from_low_30d & ret_16,31.2..48 & 0.781..1.63,45120,1.7658254079264115,0.3270168439716312,-0.35454064893944814,-0.026944033677372043,0.1814233098610597,-54.057661820428955,0.0,0.0
atr_pct & up_from_low_30d,0.551..0.658 & 48..inf,27689,1.083642281030018,0.3264834410776843,-0.3546283607024314,-0.024096307531963453,0.18133559809807642,-42.345294357993794,0.0,0.0
dist_high_20 & ema200_rel,1.96..3.07 & 0.54..1.36,24402,0.9550015869729674,0.3131710515531514,-0.3551070999160237,-0.0702914892494435,0.18085685888448416,-40.49196510380541,0.0,0.0
up_from_low_30d & ret_16,5.06..8.62 & -inf..-1.65,26051,1.0195371831092852,0.3093931135081187,-0.3553907220366833,-0.08378929389159237,0.18057323676382453,-42.11414159925622,0.0,0.0
dist_low_20 & dist_high_20,2.04..3.14 & 0.708..1,38576,1.5097181058548148,0.31669950228121113,-0.35547939570793063,-0.06156317325856635,0.1804845630925772,-51.05609333673543,0.0,0.0
up_from_low_30d & ret_16,8.62..12.6 & -inf..-1.65,28819,1.1278661886310117,0.310628404871786,-0.35548900845113046,-0.08467647028073036,0.18047495034937738,-44.534324145180335,0.0,0.0
atr_pct & dist_low_20,0.658..0.807 & -inf..0.288,20146,0.7884379137430294,0.30963963069591977,-0.3555360293265969,-0.07857227959046455,0.18042792947391095,-36.80317308606761,0.0,0.0
up_from_low_30d & ret_16,12.6..17.3 & 1.63..inf,34616,1.3547387482442521,0.31661659348278254,-0.3555918618065849,-0.07087020675841495,0.18037209699392293,-48.69421621710285,0.0,0.0
dist_high_20 & ret_96,0.241..0.463 & 4.36..inf,29363,1.1491562822017558,0.32299151994006065,-0.3556413501316884,-0.03841372873337329,0.18032260866881944,-43.67835751671965,0.0,0.0
dist_low_20 & ema200_rel,2.04..3.14 & -0.0819..0.54,23039,0.9016589444418571,0.3250141065150397,-0.35565806685783335,-0.03891724630678639,0.1803058919426745,-39.16796598379885,0.0,0.0
ret_96 & ret_16,-2.24..-0.984 & 1.63..inf,18782,0.7350561350105022,0.30997763816419976,-0.3564579852861685,-0.08513992199835232,0.17950597351433933,-35.93655246212463,0.0,0.0
dist_high_20 & ema200_rel,1.96..3.07 & -0.0819..0.54,21598,0.8452636782002356,0.3167885915362534,-0.35672428573839904,-0.0560352610726879,0.1792396730621088,-38.16113726749951,0.0,0.0
dist_high_20 & ema50_rel,1.96..3.07 & -1.44..-0.701,96568,3.7793046984183887,0.32232209427553643,-0.35684052145633227,-0.03845394609652477,0.17912343734417557,-80.01146757499245,0.0,0.0
dist_high_20 & ret_16,1..1.39 & 0.781..1.63,32275,1.2631209007275028,0.3159101471727343,-0.3568731621564595,-0.06198350435361068,0.17909079664404837,-46.729136987745996,0.0,0.0
ema200_rel & ret_16,0.54..1.36 & 1.63..inf,27722,1.0849337756767725,0.3218743236418729,-0.35694786349252083,-0.05035368014732751,0.179016095307987,-43.25050893353965,0.0,0.0
dist_low_20 & ret_16,0.288..0.524 & -inf..-1.65,47245,1.84898983593713,0.30957773309344905,-0.3572963389616477,-0.08031976469007018,0.17866761983886015,-56.721534947530394,0.0,0.0
ema50_rel & ret_16,1.38..inf & 0.781..1.63,55998,2.191549006938457,0.31902925104468016,-0.35773650395615253,-0.056128275905146296,0.17822745484435532,-61.388831320851786,0.0,0.0
atr_pct & up_from_low_30d,0.658..0.807 & 17.3..23,46240,1.8096579535132373,0.3096885813148789,-0.3580831118992894,-0.08117811996237247,0.17788084690121847,-56.72365512895943,0.0,0.0
ema200_rel & ret_16,1.36..2.88 & 1.63..inf,58446,2.287354428006805,0.3225883721726038,-0.35829074939896205,-0.048767075073614365,0.1776732094015458,-62.89674443484218,0.0,0.0
dist_low_20 & ret_16,1.46..2.04 & -0.331..0,24625,0.9637289598889158,0.3177258883248731,-0.3586432833853371,-0.0539746496803864,0.17732067541517077,-40.95632986696835,0.0,0.0
ema50_rel & ret_96,0.654..1.38 & -4.32..-2.24,14016,0.5485329990579916,0.3144977168949772,-0.35879632520566423,-0.07098031495681224,0.1771676335948436,-31.06283752433181,0.0,0.0
ret_96 & ret_16,0.849..2.07 & 1.63..inf,30479,1.1928322829829143,0.32192657239410744,-0.3588332663093798,-0.05130066030036476,0.17713069249112806,-45.59232393734429,0.0,0.0
dist_low_20 & ret_96,1.46..2.04 & -4.32..-2.24,43057,1.685087424403535,0.3233620549504146,-0.3588434023581157,-0.037022245299660736,0.17712055644239216,-53.872948987353965,0.0,0.0
ema50_rel & ret_96,1.38..inf & 2.07..4.36,69430,2.7172264643690323,0.3223822555091459,-0.3593931194742984,-0.04986197520244242,0.17657083932620943,-68.85288909812925,0.0,0.0
ema50_rel & ret_96,0.272..0.654 & 4.36..inf,26386,1.032647810583916,0.31963920260744333,-0.3605940998731725,-0.0514342288616136,0.17536985892733536,-42.30345450918689,0.0,0.0
atr_pct & ema200_rel,0.551..0.658 & -3.06..-1.57,57880,2.2652033380048913,0.3251900483759502,-0.3606889240296712,-0.027871959734293017,0.17527503477083667,-62.51040271955729,0.0,0.0
dist_high_20 & up_from_low_30d,1.96..3.07 & -inf..5.06,32200,1.2601856856212421,0.3253105590062112,-0.3608699209376254,-0.03029514527198321,0.17509403786288247,-46.450045628292806,0.0,0.0
dist_low_20 & dist_high_20,1.46..2.04 & 1..1.39,36933,1.445417326926998,0.31993068529499363,-0.36088514618448336,-0.0491499696325449,0.17507881261602448,-50.456192104631526,0.0,0.0
ema50_rel & ret_96,-0.00928..0.272 & 4.36..inf,14483,0.5668096051196413,0.3131257336187254,-0.36156736609102735,-0.07130175915276463,0.1743965927094805,-31.60320240611039,0.0,0.0
dist_low_20 & ema50_rel,2.04..3.14 & 0.272..0.654,35108,1.373993759341322,0.3152272986213968,-0.3617002679915428,-0.06539928882646236,0.17426369080896503,-49.591788675946056,0.0,0.0
dist_high_20 & ema200_rel,1.96..3.07 & -3.06..-1.57,64845,2.5377869808729643,0.3222761970853574,-0.3618232737354647,-0.03994974303075201,0.17414068506504315,-66.43974379646122,0.0,0.0
dist_low_20 & ret_96,1.08..1.46 & 4.36..inf,29652,1.1604666444112135,0.3162012680426278,-0.361930850903007,-0.06250764640451113,0.17403310789750087,-45.17348589400804,0.0,0.0
dist_high_20 & ret_96,-inf..0.241 & 4.36..inf,30169,1.1807000605437037,0.3218535582883092,-0.3624613636022131,-0.040344975260972304,0.17350259519829475,-45.02106025144295,0.0,0.0
ema200_rel & ema50_rel,-0.716..-0.0819 & -inf..-1.44,9179,0.35923119280488763,0.29556596579148053,-0.36282755977937564,-0.13278776515603438,0.1731363990211322,-25.977623111489194,0.0,0.0
dist_low_20 & ret_16,2.04..3.14 & 0.781..1.63,98998,3.874405667861234,0.31852158629467264,-0.3630764160412914,-0.055187861907965756,0.17288754275921642,-83.06682385063792,0.0,0.0
dist_high_20 & ret_96,0.708..1 & -inf..-4.32,21999,0.860957294968376,0.31669621346424837,-0.3636956759455904,-0.05632927017895505,0.17226828285491746,-39.047401733758356,0.0,0.0
dist_high_20 & ema200_rel,0.241..0.463 & 2.88..inf,33220,1.3001046110663872,0.31860325105358217,-0.3637040567999825,-0.052049771330244,0.17225990200052532,-47.728434388562924,0.0,0.0
atr_pct & ema50_rel,0.551..0.658 & -0.701..-0.299,39997,1.5653306480681002,0.3250493787034028,-0.3640570118728467,-0.03054181733138396,0.17190694692766112,-52.5201678000437,0.0,0.0
atr_pct & dist_high_20,0.551..0.658 & 3.07..inf,16838,0.658975359456226,0.3225442451597577,-0.3640726704868703,-0.03606465444646507,0.17189128831363754,-34.204571178399746,0.0,0.0
dist_high_20 & ema50_rel,0.241..0.463 & 1.38..inf,47420,1.8558386711850716,0.31684943061999155,-0.3643953532030752,-0.06150790530804317,0.17156860559743264,-57.57120048061404,0.0,0.0
dist_low_20 & ret_16,1.46..2.04 & 0..0.332,28450,1.1134249303082093,0.3239367311072056,-0.364560493231133,-0.03569002929642353,0.17140346556937486,-44.39751299725344,0.0,0.0
atr_pct & ret_96,0.551..0.658 & 0.849..2.07,36288,1.4201744770131564,0.32671957671957674,-0.3652355391745332,-0.03144998794444753,0.17072841962597463,-50.49767055754892,0.0,0.0
up_from_low_30d & ret_16,31.2..48 & -1.65..-0.793,40935,1.6020404049970667,0.3178209356296568,-0.36583403426166056,-0.05387066570428528,0.1701299245388473,-53.51420299810636,0.0,0.0
dist_low_20 & ema50_rel,0.288..0.524 & -inf..-1.44,44280,1.732950998736292,0.30573622402890693,-0.3659278257801226,-0.08997532081288288,0.17003613302038523,-56.264369077454525,0.0,0.0
up_from_low_30d & ret_96,31.2..48 & -4.32..-2.24,37569,1.4703079510280885,0.3191993398812851,-0.36634646869050436,-0.04951974829073689,0.1696174901100035,-51.184196732843354,0.0,0.0
up_from_low_30d & ema50_rel,12.6..17.3 & 1.38..inf,34929,1.3669883792877133,0.3170145151593232,-0.36656502645059524,-0.07058579803102911,0.1693989323499126,-50.40336445264402,0.0,0.0
dist_low_20 & up_from_low_30d,1.08..1.46 & 31.2..48,42673,1.6700591230594803,0.3259438052164132,-0.3667178591201803,-0.028113105169570895,0.16924609968032756,-54.34948655021192,0.0,0.0
dist_high_20 & ret_96,1.96..3.07 & -2.24..-0.984,40197,1.5731578883514619,0.32271065004851107,-0.36677089217075914,-0.03903708566286271,0.1691930666297487,-53.188620409364404,0.0,0.0
dist_low_20 & ret_96,2.04..3.14 & 2.07..4.36,55397,2.168028149886955,0.3231763452894561,-0.36692471724129727,-0.04316052894634645,0.16903924155921057,-62.6350709554031,0.0,0.0
dist_high_20 & ema50_rel,1..1.39 & 0.654..1.38,35357,1.3837386734941075,0.31922957264473795,-0.3670107075229459,-0.05567088817258518,0.16895325127756194,-50.30790050344991,0.0,0.0
ema200_rel & ema50_rel,1.36..2.88 & -1.44..-0.701,10237,0.4006372939038713,0.29745042492917845,-0.36720159003364283,-0.1292505842031514,0.168762368766865,-27.654459553267415,0.0,0.0
dist_low_20 & ema200_rel,2.04..3.14 & -0.716..-0.0819,22186,0.8682757646333192,0.31785810871720904,-0.36772087934798187,-0.05957456475485983,0.16824307945252598,-40.138177893092816,0.0,0.0
up_from_low_30d & ret_16,12.6..17.3 & -inf..-1.65,33088,1.2949386324793684,0.30113636363636365,-0.36779862337513397,-0.10790603135645345,0.16816533542537387,-49.80980250912348,0.0,0.0
atr_pct & ema200_rel,0.658..0.807 & 0.54..1.36,29198,1.1426988089679824,0.307144324953764,-0.36800738949306255,-0.09109685668524249,0.1679565693074453,-46.53309087349344,0.0,0.0
dist_low_20 & ret_16,1.08..1.46 & -0.793..-0.331,31408,1.2291898140991298,0.32383469179826796,-0.36865041952946964,-0.03388033401858003,0.1673135392710382,-47.117720525696384,0.0,0.0
ema50_rel & ret_16,0.272..0.654 & -1.65..-0.793,11974,0.46861687576486816,0.31393018206113243,-0.36865249325584765,-0.07141513338088806,0.1673114655446602,-29.521652000749707,0.0,0.0
up_from_low_30d & ema50_rel,31.2..48 & 0.654..1.38,46718,1.8283650577904718,0.3223168800034248,-0.37029655931190514,-0.04314581444503967,0.1656673994886027,-57.70392515272503,0.0,0.0
dist_high_20 & ret_16,-inf..0.241 & 1.63..inf,63998,2.5046386182729274,0.31997874933591675,-0.37047311888473916,-0.05077107719991087,0.16549083991576868,-67.6316913507081,0.0,0.0
dist_low_20 & ema50_rel,1.46..2.04 & -0.299..-0.00928,26722,1.045797574259964,0.3232168250879425,-0.37078523504028205,-0.03458456127539252,0.1651787237602258,-43.880148334907936,0.0,0.0
dist_high_20 & up_from_low_30d,1.96..3.07 & 17.3..23,40221,1.5740971571854654,0.3100619079585291,-0.37090357304322946,-0.07818015907849021,0.16506038575727838,-54.60266074305523,0.0,0.0
ema200_rel & ema50_rel,-3.06..-1.57 & 0.272..0.654,14837,0.5806638204211916,0.31825840803396915,-0.3714527523804139,-0.05660288657756271,0.16451120642009393,-32.924393400262616,0.0,0.0
ema50_rel & ret_96,1.38..inf & 0.849..2.07,25935,1.0149973837449353,0.3159822633506844,-0.3717603143492691,-0.0711826547140671,0.16420364445123875,-43.76057766589792,0.0,0.0
dist_low_20 & ema200_rel,-inf..0.288 & -inf..-3.06,32508,1.2722396356576193,0.3078319182970346,-0.3719150614588958,-0.07981329062881536,0.16404889734161204,-48.567241251352876,0.0,0.0
ema200_rel & ret_16,-3.06..-1.57 & 0.781..1.63,27462,1.0747583633084024,0.32055203554001893,-0.37196888583957827,-0.048331756051296026,0.16399507296092958,-44.7407885028502,0.0,0.0
up_from_low_30d & ema50_rel,17.3..23 & 1.38..inf,41900,1.6398068393642873,0.30832935560859187,-0.3719994761788583,-0.09179690462805858,0.16396448262164953,-56.094380848136666,0.0,0.0
ema200_rel & ema50_rel,1.36..2.88 & 1.38..inf,63380,2.4804524457973396,0.3200063111391606,-0.3724093518560113,-0.05633240633518248,0.16355460694449653,-68.23752088362515,0.0,0.0
ema50_rel & ret_16,-1.44..-0.701 & 0..0.332,15992,0.6258661330576057,0.32416208104052024,-0.3727463629286625,-0.032552266807188715,0.16321759587184537,-33.80931760078706,0.0,0.0
ema50_rel & ret_96,-1.44..-0.701 & 0.849..2.07,17385,0.6803828616312203,0.3203336209375899,-0.3728390273473293,-0.04707692354444183,0.16312493145317852,-35.56342210753514,0.0,0.0
up_from_low_30d & ema200_rel,12.6..17.3 & -inf..-3.06,34987,1.3692582789698882,0.2929087946951725,-0.37290596980396645,-0.13234865980348712,0.1630579889965414,-52.21480097451232,0.0,0.0
dist_low_20 & ema50_rel,1.08..1.46 & 1.38..inf,7881,0.30843240336586986,0.3200101509960665,-0.3729331079393523,-0.052479305868275976,0.16303085086115554,-23.988339956916246,0.0,0.0
dist_low_20 & dist_high_20,1.08..1.46 & 1.39..1.96,36707,1.4365725454067992,0.3145993952107228,-0.37327064981647395,-0.06167458791126766,0.1626933089840339,-52.16132427562728,0.0,0.0
ema200_rel & ret_96,1.36..2.88 & 4.36..inf,55229,2.1614532680489313,0.3163012185627116,-0.3736627248565636,-0.06168706262399349,0.16230123394394425,-63.77584712681077,0.0,0.0
ema200_rel & ret_96,1.36..2.88 & -2.24..-0.984,8028,0.31418542497414076,0.30991529646238164,-0.37410993625141875,-0.0863248917339227,0.1618540225490891,-24.509092327111446,0.0,0.0
ret_96 & ret_16,4.36..inf & -0.331..0,20830,0.8152070755121266,0.31349015842534805,-0.37458602050214274,-0.06847837834778067,0.1613779382983651,-39.2520511429866,0.0,0.0
dist_low_20 & ema200_rel,1.08..1.46 & -3.06..-1.57,43435,1.6998809085390887,0.32634971796937956,-0.374722324371862,-0.02591853637221133,0.16124163442864586,-56.10696602219119,0.0,0.0
dist_high_20 & ema200_rel,-inf..0.241 & 2.88..inf,36126,1.4138344123836335,0.3178597132259315,-0.37475842140704624,-0.053044721482219115,0.1612055373934616,-51.13777445321207,0.0,0.0
dist_high_20 & ema200_rel,1.39..1.96 & 1.36..2.88,38143,1.4927721306413366,0.31617859109141916,-0.37493990395747884,-0.06210062515586162,0.161024054843029,-53.34476490105511,0.0,0.0
dist_high_20 & ema50_rel,1.96..3.07 & -inf..-1.44,82420,3.225605720773378,0.3081048289250182,-0.37568867886288104,-0.08055245251806209,0.1602752799376268,-78.54801956540945,0.0,0.0
dist_high_20 & ema200_rel,1.96..3.07 & -1.57..-0.716,38898,1.5223199627110273,0.3199136202375443,-0.3757175314554596,-0.04658404095021839,0.16024642734504824,-53.68316362085242,0.0,0.0
atr_pct & up_from_low_30d,0.551..0.658 & 31.2..48,50675,1.983227006796784,0.3203749383325111,-0.3759747940751425,-0.043933142963065275,0.15998916472536534,-61.14489342813173,0.0,0.0
atr_pct & ret_16,0.551..0.658 & -inf..-1.65,35845,1.4028371397855102,0.31926349560608175,-0.3761700124512075,-0.04560648794981128,0.15979394634930033,-51.59449812401386,0.0,0.0
dist_low_20 & ret_96,2.04..3.14 & 0.849..2.07,33806,1.3230384250966372,0.32201384369638525,-0.37658853302072437,-0.04887910097935731,0.15937542577978348,-50.30350650085688,0.0,0.0
ema200_rel & ret_96,-1.57..-0.716 & 0.849..2.07,17090,0.6688376822132618,0.3357519016968988,-0.37660163789356826,-0.0007350281372766445,0.15936232090693958,-35.047044648037144,0.0,0.0
up_from_low_30d & ret_96,23..31.2 & -4.32..-2.24,37982,1.4864712022132305,0.3237059659838871,-0.37664695093132566,-0.03254117776325641,0.15931700786918218,-52.67485731634327,0.0,0.0
ema200_rel & ret_96,-3.06..-1.57 & -inf..-4.32,58028,2.270995495814579,0.31358999103880886,-0.37699480868806673,-0.06658955678954495,0.15896915011244112,-65.89691824220331,0.0,0.0
dist_low_20 & up_from_low_30d,2.04..3.14 & 12.6..17.3,36013,1.409412021623534,0.3154694138227862,-0.37700161703976665,-0.06657809973959945,0.1589623417607412,-52.45922985843317,0.0,0.0
atr_pct & ema50_rel,0.551..0.658 & -1.44..-0.701,54983,2.1518257625003963,0.3197351908771802,-0.3770194436024327,-0.044150835605153906,0.15894451519807512,-63.98627465048497,0.0,0.0
atr_pct & ret_96,0.551..0.658 & -4.32..-2.24,55907,2.1879876126095277,0.3194233280269018,-0.3770615634210294,-0.044587887014428264,0.15890239537947842,-64.5193033508571,0.0,0.0
up_from_low_30d & ema50_rel,12.6..17.3 & -inf..-1.44,33207,1.2995958404479686,0.2954497545698196,-0.37741700395622274,-0.12480020352575846,0.1585469548442851,-51.348846876547185,0.0,0.0
dist_low_20 & up_from_low_30d,-inf..0.288 & 48..inf,15139,0.5924829532490679,0.3140233833146179,-0.3777597193922364,-0.0645432629104304,0.15820423940827144,-33.35404617660933,0.0,0.0
atr_pct & dist_low_20,0.551..0.658 & 0.524..0.777,35518,1.3900396019222137,0.32017568556788106,-0.3780808955270243,-0.044249468282494896,0.15788306327348356,-51.47406069742604,0.0,0.0
dist_low_20 & ret_96,2.04..3.14 & -0.0473..0.849,24153,0.9452566728201821,0.31888378255289196,-0.37810270321115064,-0.05651488606422096,0.1578612555893572,-42.79101154506899,0.0,0.0
atr_pct & dist_low_20,0.551..0.658 & 2.04..3.14,56272,2.202272326126663,0.3207989764003412,-0.37906754388451536,-0.047751269655661635,0.1568964149159925,-65.5374420661269,0.0,0.0
atr_pct & up_from_low_30d,0.551..0.658 & 23..31.2,52792,2.066078345196168,0.3197075314441582,-0.3794061745470535,-0.04712648874157173,0.15655778425345435,-63.23722368207847,0.0,0.0
atr_pct & dist_high_20,0.551..0.658 & -inf..0.241,26297,1.02916468865782,0.32087310339582464,-0.37946978746340543,-0.045689624626630856,0.15649417133710242,-44.64754310396511,0.0,0.0
ema50_rel & ret_16,-0.299..-0.00928 & 0.781..1.63,18046,0.706251890767731,0.32494735675495956,-0.3802084367376937,-0.03159902114818557,0.15575552206281412,-36.7655368982955,0.0,0.0
up_from_low_30d & ema200_rel,17.3..23 & -3.06..-1.57,38590,1.51026601267465,0.32518787250583053,-0.3805783924311296,-0.030146625320274442,0.15538556636937823,-53.770005052245494,0.0,0.0
dist_high_20 & ema50_rel,1.39..1.96 & 0.272..0.654,24615,0.9633375978747477,0.31123298801543775,-0.38062425952219414,-0.07680329399725094,0.1553396992783137,-43.83478667800334,0.0,0.0
atr_pct & dist_high_20,0.551..0.658 & 0.241..0.463,29711,1.1627756802948053,0.3205883342869644,-0.3806484086713879,-0.04664348358938831,0.15531555012911996,-47.61918091855335,0.0,0.0
dist_low_20 & ema50_rel,2.04..3.14 & 0.654..1.38,83053,3.2503789362702182,0.31724320614547336,-0.3808607253000231,-0.06068533386826306,0.15510323350048477,-79.95098931126564,0.0,0.0
dist_low_20 & ema200_rel,0.777..1.08 & 2.88..inf,17602,0.6888754173386679,0.313827974093853,-0.3811846080137756,-0.07104801742977213,0.15477935078673222,-36.831662744866854,0.0,0.0
atr_pct & ema200_rel,0.551..0.658 & -inf..-3.06,34246,1.340258353720033,0.31688372364655726,-0.3815960371036309,-0.05154217597341306,0.15436792169687696,-51.09544740740681,0.0,0.0
atr_pct & ret_16,0.551..0.658 & 0..0.332,27383,1.0716666033964743,0.31965087828214583,-0.3823564011484851,-0.04850650623630726,0.15360755765202272,-45.93408442063149,0.0,0.0
dist_low_20 & ret_96,2.04..3.14 & -2.24..-0.984,29381,1.1498607338272584,0.3092815084578469,-0.38304795713076006,-0.08418732920294042,0.15291600166974778,-48.28469879478648,0.0,0.0
atr_pct & ema200_rel,0.551..0.658 & -0.716..-0.0819,29382,1.149899870028675,0.3195153495337281,-0.38305212950613404,-0.04911978659244862,0.1529118292943738,-47.827369354601856,0.0,0.0
up_from_low_30d & ema50_rel,23..31.2 & -1.44..-0.701,38237,1.4964509335745166,0.31992572639066874,-0.38370884947119094,-0.04584735497915475,0.1522551093293169,-54.067475580817764,0.0,0.0
dist_low_20 & dist_high_20,2.04..3.14 & 0.463..0.708,41435,1.6216085057054712,0.3158199589718837,-0.38423609765706646,-0.06234776651230862,0.1517278611434414,-56.986821864343156,0.0,0.0
ema200_rel & ret_96,1.36..2.88 & -0.984..-0.0473,13085,0.5120971955389426,0.3218188765762323,-0.38429038171392454,-0.04796077234885802,0.1516735770865833,-31.647601364360533,0.0,0.0
dist_high_20 & ema50_rel,1.39..1.96 & -inf..-1.44,20880,0.8171638855829669,0.309051724137931,-0.3844565543879644,-0.07910335768322313,0.15150740441254346,-40.27951227799944,0.0,0.0
dist_low_20 & ema200_rel,1.46..2.04 & -1.57..-0.716,33988,1.3301612137544963,0.32585030010591975,-0.384524466550488,-0.028701435949331604,0.15143949225001985,-51.183968707268214,0.0,0.0
dist_low_20 & ema200_rel,2.04..3.14 & 1.36..2.88,60029,2.3493070348496135,0.31849606023755184,-0.3851703468292861,-0.05740770684367661,0.15079361197122176,-68.61936100661084,0.0,0.0
dist_high_20 & ema50_rel,-inf..0.241 & 1.38..inf,60372,2.3627307519355787,0.3166037235804678,-0.38554129105603624,-0.059408213651756206,0.1504226677444716,-68.4047473688779,0.0,0.0
ema200_rel & ema50_rel,0.54..1.36 & -1.44..-0.701,13511,0.5287692173425033,0.30360447043150024,-0.3856512882699713,-0.09625868620440993,0.15031267053053654,-32.885274156887576,0.0,0.0
atr_pct & dist_low_20,0.551..0.658 & 1.46..2.04,58060,2.2722478542599167,0.31860144677919394,-0.3856745989314502,-0.05301999497348695,0.15028935986905767,-67.71001163004284,0.0,0.0
dist_low_20 & ema50_rel,2.04..3.14 & 1.38..inf,86625,3.390173447731059,0.31273881673881676,-0.3858752770562395,-0.07315269697615974,0.15008868174426837,-82.75007050988395,0.0,0.0
atr_pct & dist_low_20,0.551..0.658 & 0.777..1.08,43160,1.6891184531494663,0.3172150139017609,-0.3860798516102453,-0.05251639232068426,0.14988410719026257,-58.16510169429616,0.0,0.0
dist_low_20 & up_from_low_30d,2.04..3.14 & 8.62..12.6,30900,1.2093086237793909,0.31867313915857604,-0.38608173303852783,-0.0607450761267514,0.14988222576198001,-49.72745494900546,0.0,0.0
dist_low_20 & ema200_rel,0.524..0.777 & 2.88..inf,11826,0.46282471795518043,0.3119397936749535,-0.3868319174812339,-0.07356435097688441,0.14913204131927393,-30.635343660426315,0.0,0.0
atr_pct & up_from_low_30d,0.551..0.658 & -inf..5.06,27597,1.0800417504996715,0.3173533355074827,-0.3869219191194875,-0.05360881691656767,0.14904203968102037,-46.83345579664121,0.0,0.0
ema50_rel & ret_96,-0.701..-0.299 & 2.07..4.36,18984,0.7429616476966976,0.3215865992414665,-0.38710887761558127,-0.04209968965293619,0.14885508118492657,-38.24167400154001,0.0,0.0
dist_low_20 & up_from_low_30d,1.46..2.04 & 23..31.2,47034,1.8407320974381833,0.3199812901305439,-0.3877136506922256,-0.050867929750295096,0.14825030810828227,-60.95419154351096,0.0,0.0
atr_pct & up_from_low_30d,0.658..0.807 & 5.06..8.62,23215,0.9085469158912155,0.3005815205685979,-0.3878118262341697,-0.11096591893765845,0.14815213256633813,-44.10082562770676,0.0,0.0
dist_high_20 & ret_16,1.39..1.96 & -0.331..0,32823,1.284567539103914,0.31374341163208724,-0.38793496851903475,-0.06480448668233335,0.1480289902814731,-51.14072001442961,0.0,0.0
dist_low_20 & ret_16,0.777..1.08 & -1.65..-0.793,42265,1.6540915528814224,0.3165503371584053,-0.3881538568993553,-0.0537048420179508,0.14781010190115257,-57.75136526132413,0.0,0.0
dist_high_20 & up_from_low_30d,1.39..1.96 & 23..31.2,44867,1.7559239489679588,0.31588918358704615,-0.38855673154491027,-0.06066957705887071,0.14740722725559757,-59.70876891008077,0.0,0.0
atr_pct & dist_high_20,0.551..0.658 & 1.96..3.07,56386,2.206733853088179,0.3158940162451672,-0.38916105609345497,-0.05793358036563083,0.14680290270705287,-67.27435983941582,0.0,0.0
dist_low_20 & ema50_rel,1.08..1.46 & -0.701..-0.299,35481,1.3885915624697918,0.3245398945914715,-0.38950499104948916,-0.02947139485129569,0.1464589677510187,-52.900888002351785,0.0,0.0
atr_pct & ret_16,0.551..0.658 & 0.332..0.781,37746,1.4772350586788636,0.31711969480209823,-0.3895353900508008,-0.055940197829414014,0.14642856874970706,-55.104978185128076,0.0,0.0
dist_high_20 & ret_16,1.96..3.07 & -inf..-1.65,88365,3.4582704381963065,0.3123974424263,-0.3903079932163093,-0.0668899129278402,0.14565596558419852,-84.33688140231554,0.0,0.0
atr_pct & ret_16,0.551..0.658 & -0.793..-0.331,39136,1.5316343786482278,0.31561733442354867,-0.3905807268669458,-0.05697900773114651,0.14538323193356206,-56.159301130250846,0.0,0.0
atr_pct & ret_96,0.551..0.658 & 2.07..4.36,51267,2.006395638035535,0.3171825930910722,-0.3911012278810639,-0.05816718117699908,0.14486273091944396,-64.60949597316043,0.0,0.0
up_from_low_30d & ema200_rel,31.2..48 & 1.36..2.88,51577,2.0185278604747454,0.3158384551253466,-0.3912170529640159,-0.06265671990929034,0.14474690583649197,-64.53873484097323,0.0,0.0
ema200_rel & ema50_rel,1.36..2.88 & -0.701..-0.299,15139,0.5924829532490679,0.3063610542307946,-0.3913981869353737,-0.08950719197411894,0.14456577186513414,-35.159362157243876,0.0,0.0
atr_pct & ema50_rel,0.551..0.658 & -inf..-1.44,35288,1.3810382755963477,0.3137610519156654,-0.3915155908586883,-0.061199517469651486,0.14444836794181953,-53.449765605428176,0.0,0.0
up_from_low_30d & ret_96,17.3..23 & 4.36..inf,42477,1.662388427581786,0.30484732914283025,-0.3916241333924534,-0.09991829977644663,0.14433982540805446,-59.547678965830364,0.0,0.0
up_from_low_30d & ret_96,12.6..17.3 & -inf..-4.32,33375,1.3061707222859924,0.2921048689138577,-0.391876795406271,-0.13447004785070565,0.14408716339423683,-53.54425009140066,0.0,0.0
dist_high_20 & ret_16,1..1.39 & 0.332..0.781,30589,1.1971372651387633,0.3167151590441008,-0.3919983620543991,-0.05755191411827116,0.14396559674610876,-49.78106189309559,0.0,0.0
atr_pct & ema50_rel,0.551..0.658 & -0.299..-0.00928,30128,1.1790954762856145,0.3154872543813064,-0.39214616499826516,-0.05826271460993416,0.1438177938022427,-49.55987078134699,0.0,0.0
dist_low_20 & dist_high_20,0.777..1.08 & 1.39..1.96,39552,1.5479150384376201,0.3191747572815534,-0.39218598901444435,-0.04542177775430164,0.1437779697860635,-56.34376731037182,0.0,0.0
ret_96 & ret_16,-4.32..-2.24 & 0.781..1.63,31923,1.249344957828786,0.31936221533063935,-0.3927467565321704,-0.04961787179483572,0.14321720226833745,-50.86024289333659,0.0,0.0
dist_low_20 & ret_96,0.524..0.777 & 4.36..inf,16867,0.6601103092973134,0.31280014228967806,-0.3931975536756244,-0.06827271413257777,0.14276640512488342,-37.00510082029395,0.0,0.0
up_from_low_30d & ret_16,8.62..12.6 & 1.63..inf,27801,1.0880255355887005,0.3097730297471314,-0.3932621252137543,-0.09227562472207493,0.14270183358675353,-48.69077112234993,0.0,0.0
atr_pct & ret_96,0.551..0.658 & -2.24..-0.984,41942,1.6414505598237932,0.31548328644318346,-0.3936511855187781,-0.06009317538576293,0.14231277328172975,-58.74444650261861,0.0,0.0
atr_pct & ret_96,0.551..0.658 & -0.984..-0.0473,30733,1.2027728781427838,0.31545895291705983,-0.393774713111973,-0.05984138972733557,0.14218924568853486,-50.383206071894435,0.0,0.0
dist_high_20 & ret_96,1.96..3.07 & -0.984..-0.0473,26870,1.0515897320696515,0.3112765165612207,-0.39379238334689953,-0.07185940750513059,0.1421715754536083,-47.15120727589964,0.0,0.0
atr_pct & ret_16,0.551..0.658 & -1.65..-0.793,53211,2.082476413589811,0.31450264043148973,-0.3939239121640969,-0.06107716257638284,0.14204004663641095,-66.09526944038042,0.0,0.0
up_from_low_30d & ret_96,12.6..17.3 & 4.36..inf,31937,1.2498928646486216,0.30960954378933525,-0.39448947126325756,-0.0839909830783588,0.14147448753725028,-51.77328748922419,0.0,0.0
atr_pct & ret_16,0.551..0.658 & 0.781..1.63,52135,2.040365860865325,0.3156420830536108,-0.39481737833207664,-0.06179505590589936,0.1411465804684312,-65.86143898148813,0.0,0.0
dist_low_20 & up_from_low_30d,2.04..3.14 & 17.3..23,41902,1.6398851117671207,0.3057371963152117,-0.39496721686164776,-0.09216263885470996,0.14099674193886008,-59.51877979885251,0.0,0.0
dist_high_20 & ret_96,1.39..1.96 & 2.07..4.36,40947,1.6025100394140686,0.3139424133636164,-0.3952445802591962,-0.06950364542167817,0.14071937854131167,-58.2944564897829,0.0,0.0
atr_pct & ema200_rel,0.551..0.658 & -1.57..-0.716,40378,1.5802415408079042,0.3147258408043984,-0.3959347062796416,-0.06234124041029123,0.14002925252086623,-58.06678612151975,0.0,0.0
dist_high_20 & ret_96,1.39..1.96 & 0.849..2.07,32963,1.2900466073022672,0.3253344659163304,-0.3960318890837262,-0.03214272990242379,0.13993206971678163,-51.82759845622125,0.0,0.0
atr_pct & ema50_rel,0.551..0.658 & 0.654..1.38,51852,2.029290315864368,0.3158798117719664,-0.39618984754727893,-0.06310021712815758,0.13977411125322892,-65.99503733344288,0.0,0.0
up_from_low_30d & ema50_rel,31.2..48 & -0.701..-0.299,33981,1.3298872603445786,0.32488743709720136,-0.39636399551064455,-0.030141449696628405,0.1395999632898633,-52.165129526286805,0.0,0.0
atr_pct & ret_16,0.551..0.658 & -0.331..0,32755,1.2819062774075711,0.3145779270340406,-0.39652002754491894,-0.0627326727956332,0.1394439312555889,-52.31274985644358,0.0,0.0
atr_pct & dist_low_20,0.551..0.658 & 1.08..1.46,50860,1.9904672040588938,0.31409752261108925,-0.3967286582384029,-0.06340792447418558,0.13923530056210492,-65.3378354934273,0.0,0.0
atr_pct & dist_high_20,0.551..0.658 & 0.463..0.708,36170,1.415556405245973,0.3152336190212884,-0.39707344561106755,-0.06341394571119237,0.1388905131894403,-55.14793367145985,0.0,0.0
dist_low_20 & ema50_rel,0.777..1.08 & -1.44..-0.701,43778,1.7133046256250541,0.3154780940198273,-0.39733422009866043,-0.05482046838380433,0.13862973870184742,-60.114511158347426,0.0,0.0
atr_pct & ret_96,0.551..0.658 & -0.0473..0.849,29010,1.1353412031016223,0.31440882454326097,-0.3976542627742545,-0.06381544940967872,0.13830969602625337,-49.50698916588773,0.0,0.0
dist_low_20 & ema200_rel,0.288..0.524 & 2.88..inf,8038,0.3145767869883088,0.30766359790992787,-0.3979916163206781,-0.08930388042221865,0.13797234247982976,-26.192929316676693,0.0,0.0
dist_low_20 & ret_96,0.777..1.08 & 4.36..inf,22377,0.8757507791039297,0.30942485587880414,-0.3980744009190641,-0.08184444319524896,0.13788955788144375,-43.43788416948604,0.0,0.0
up_from_low_30d & ema200_rel,17.3..23 & 2.88..inf,40787,1.5962482471873791,0.3054404589697698,-0.3980794365145902,-0.09888598220118552,0.13788452228591763,-59.38181685870931,0.0,0.0
ema200_rel & ret_96,-3.06..-1.57 & -0.984..-0.0473,24240,0.9486615223434445,0.3216171617161716,-0.399167901395046,-0.03981775850640475,0.13679605740546186,-44.464665422359644,0.0,0.0
atr_pct & ema200_rel,0.551..0.658 & 1.36..2.88,52065,2.0376263267661483,0.3146451550945933,-0.39969902705876864,-0.06663778628627463,0.1362649317417392,-66.71266475804494,0.0,0.0
dist_high_20 & ema50_rel,1.39..1.96 & -0.00928..0.272,24493,0.9585629813018971,0.31172171640876983,-0.3997715646364573,-0.07049116991548339,0.13619239416405055,-45.67108036711472,0.0,0.0
atr_pct & dist_high_20,0.551..0.658 & 0.708..1,44053,1.7240670810146765,0.31341792840442195,-0.3998584978972346,-0.06608577189541857,0.13610546090327325,-61.354577735673075,0.0,0.0
atr_pct & dist_high_20,0.551..0.658 & 1.39..1.96,58730,2.298469109209179,0.312940575515069,-0.3999788179785535,-0.06743277741920249,0.13598514082195434,-70.69136747162628,0.0,0.0
dist_low_20 & ret_96,0.288..0.524 & -inf..-4.32,27649,1.0820768329733454,0.3001555209953344,-0.4001609062764673,-0.10322516922305201,0.13580305252404057,-48.56415893152555,0.0,0.0
atr_pct & dist_low_20,0.551..0.658 & 0.288..0.524,29388,1.150134687237176,0.3120661494487546,-0.4002538717884641,-0.0662039423981392,0.13571008701204373,-49.92674966915142,0.0,0.0
ema200_rel & ret_16,-3.06..-1.57 & 0.332..0.781,29274,1.1456731602756598,0.32937077269932363,-0.40061618235910845,-0.01720795483660742,0.1353477764413994,-48.99912549431487,0.0,0.0
atr_pct & ema50_rel,0.551..0.658 & -0.00928..0.272,28698,1.1231307082595778,0.31350616767719003,-0.4007072378192493,-0.06686353018213992,0.13525672098125857,-49.5783218229327,0.0,0.0
atr_pct & up_from_low_30d,0.551..0.658 & 17.3..23,50996,1.9957897274515797,0.31225978508118285,-0.4012825441571621,-0.06850939749189286,0.13468141464334576,-66.13959702834065,0.0,0.0
dist_low_20 & ret_16,2.04..3.14 & 1.63..inf,93551,3.6612307787438767,0.3139250248527541,-0.40132602701444653,-0.0690565996356517,0.13463793178606132,-89.44201887089258,0.0,0.0
atr_pct & dist_high_20,0.551..0.658 & 1..1.39,51193,2.003499559130691,0.3127966714199207,-0.40137513638073025,-0.0680895087816817,0.1345888224197776,-66.32220587233259,0.0,0.0
dist_low_20 & ema50_rel,-inf..0.288 & -inf..-1.44,53275,2.084981130480487,0.3012857813233224,-0.4014209431251122,-0.10186304395387785,0.13454301567539567,-67.69431967366818,0.0,0.0
atr_pct & up_from_low_30d,0.551..0.658 & 12.6..17.3,43941,1.719683826455994,0.3130106278873945,-0.4017217853224953,-0.0682989127804632,0.13424217347801254,-61.61280850666688,0.0,0.0
dist_low_20 & ret_16,-inf..0.288 & -inf..-1.65,57732,2.2594111801952037,0.3016178202729855,-0.4023263272195068,-0.1020258711284106,0.13363763158100106,-70.70662193225566,0.0,0.0
dist_high_20 & up_from_low_30d,0.708..1 & 31.2..48,37731,1.4766480156576114,0.3211152633113355,-0.4023546500726198,-0.042218022864058805,0.13360930872788807,-56.09617413768259,0.0,0.0
up_from_low_30d & ema50_rel,8.62..12.6 & 1.38..inf,25243,0.9879151323645036,0.3121657489204928,-0.4026062078973856,-0.08579604029291386,0.13335775090312224,-47.37727661189069,0.0,0.0
dist_low_20 & ret_96,2.04..3.14 & -0.984..-0.0473,23776,0.9305023248860451,0.30707436069986543,-0.4031471578107187,-0.08924638540326865,0.13281680098978915,-45.81273904694919,0.0,0.0
ret_96 & ret_16,2.07..4.36 & -1.65..-0.793,30656,1.1997593906336894,0.31442458246346555,-0.40338332593289217,-0.06462291610299718,0.13258063286761568,-51.190229724743254,0.0,0.0
dist_low_20 & ret_96,1.08..1.46 & -4.32..-2.24,44929,1.758350393455801,0.3187473569409513,-0.40468009015976364,-0.045691945580862155,0.1312838686407442,-61.92714995925284,0.0,0.0
dist_low_20 & dist_high_20,1.08..1.46 & 1..1.39,37702,1.475513065816524,0.3179141690096016,-0.4049375880129287,-0.050572355650335896,0.13102637078757917,-57.01857048865855,0.0,0.0
dist_low_20 & dist_high_20,0.288..0.524 & 1.96..3.07,43173,1.6896272237678847,0.3122785074004586,-0.4062844106678992,-0.06585422755046676,0.12967954813260862,-61.202170564334025,0.0,0.0
dist_high_20 & ema50_rel,1.39..1.96 & -0.299..-0.00928,33489,1.3106322492475087,0.3177162650422527,-0.40635847954098336,-0.05050102794865555,0.12960547925952448,-53.76086370673324,0.0,0.0
ema200_rel & ret_96,-1.57..-0.716 & -inf..-4.32,13243,0.5182807153627984,0.29162576455485917,-0.4079990949954088,-0.13011612115392396,0.12796486380509903,-34.753420192791744,0.0,0.0
up_from_low_30d & ema200_rel,31.2..48 & -1.57..-0.716,30663,1.200033344043607,0.3208100968594071,-0.40911855929887,-0.042712572482912665,0.12684539950163787,-51.419259322294586,0.0,0.0
up_from_low_30d & ret_16,31.2..48 & 0.332..0.781,36079,1.4119950109170434,0.32456553673882316,-0.4093328115772694,-0.0331288686964865,0.12663114722323843,-55.63673604373568,0.0,0.0
atr_pct & ema200_rel,0.551..0.658 & 2.88..inf,40173,1.5722186195174586,0.30963582505663007,-0.4097385878446076,-0.0791359496309425,0.12622537095590025,-60.110827355931185,0.0,0.0
dist_high_20 & up_from_low_30d,1.96..3.07 & 8.62..12.6,31106,1.2173706812712535,0.306050279688806,-0.4100179098004562,-0.0910221153048033,0.12594604900005163,-53.373911493114406,0.0,0.0
dist_low_20 & ret_96,-inf..0.288 & -inf..-4.32,27570,1.0789850730614177,0.29854914762422924,-0.4103654621403812,-0.10714756708592399,0.12559849666012662,-49.63405294616093,0.0,0.0
up_from_low_30d & ema200_rel,12.6..17.3 & 2.88..inf,28263,1.106106460643266,0.3085305876941584,-0.4104825037189033,-0.08951042120704092,0.12548145508160452,-50.89935467144806,0.0,0.0
atr_pct & ret_16,0.551..0.658 & 1.63..inf,41167,1.6111200037257665,0.31075861733913085,-0.4105561900920008,-0.07970651421716493,0.12540776870850706,-61.2639414358461,0.0,0.0
atr_pct & ema200_rel,0.551..0.658 & -0.0819..0.54,28459,1.1137771561209606,0.3105520222073861,-0.4111708757422849,-0.07700078711416324,0.12479308305822295,-50.9303239392557,0.0,0.0
dist_low_20 & ret_16,1.46..2.04 & 0.332..0.781,57923,2.266886194665814,0.31840546932997255,-0.41121442002591657,-0.05140487714917796,0.12474953877459127,-71.72155095108798,0.0,0.0
dist_high_20 & ret_16,0.708..1 & 0.781..1.63,42045,1.6454815885697245,0.31195148055654653,-0.4120868950984762,-0.07266737133117852,0.12387706370203166,-61.57648783869947,0.0,0.0
up_from_low_30d & ema200_rel,8.62..12.6 & 2.88..inf,12293,0.48110132401683015,0.32107703571138047,-0.41223888476421405,-0.06192231674461478,0.12372507403629379,-33.621100759241344,0.0,0.0
dist_high_20 & ret_96,1..1.39 & 2.07..4.36,43504,1.7025813064368485,0.32102795145274,-0.41318349881561817,-0.043421216715169006,0.12278045998488968,-62.18895725969286,0.0,0.0
atr_pct & ema50_rel,0.551..0.658 & 1.38..inf,41743,1.6336624557418482,0.30975253335888653,-0.4132068147610175,-0.08229590993686209,0.12275714403949034,-62.04756211532446,0.0,0.0
dist_low_20 & ema200_rel,2.04..3.14 & 0.54..1.36,33918,1.3274216796553195,0.30815496196709713,-0.4133241529422633,-0.08535160901333659,0.12263980585824452,-55.89530387072476,0.0,0.0
atr_pct & ema50_rel,0.551..0.658 & 0.272..0.654,36708,1.4366116816082162,0.3090334531982129,-0.41371401017451176,-0.08002491915081883,0.12224994862599609,-58.213971752196244,0.0,0.0
dist_high_20 & ema50_rel,0.463..0.708 & -1.44..-0.701,9262,0.36247949752248276,0.3374001295616498,-0.41386192930555044,0.013401429052509344,0.12210202949495741,-28.09057274410649,0.0,0.0
atr_pct & ema200_rel,0.551..0.658 & 0.54..1.36,36814,1.4407601189583978,0.30909436627370024,-0.4139755610890037,-0.08010116362646025,0.12198839771150416,-58.32940714482159,0.0,0.0
ema50_rel & ret_96,0.272..0.654 & -4.32..-2.24,18797,0.7356431780317544,0.3133478746608501,-0.4146790582573614,-0.06648942912260349,0.12128490054314645,-41.2613103776085,0.0,0.0
atr_pct & up_from_low_30d,0.46..0.551 & 48..inf,18085,0.7077782026229865,0.3266795687033453,-0.41474010975213105,-0.02025190678866809,0.1212238490483768,-39.891493028703216,0.0,0.0
dist_low_20 & ema200_rel,1.46..2.04 & -0.716..-0.0819,29500,1.1545179417958584,0.3231864406779661,-0.41505665511775686,-0.03533563611257661,0.12090730368275099,-51.53036749045983,0.0,0.0
atr_pct & ret_96,0.551..0.658 & -inf..-4.32,34149,1.3364621421826024,0.3060411725087118,-0.41516141247550276,-0.08462213623844979,0.12080254632500509,-56.07278421707028,0.0,0.0
ema200_rel & ret_96,0.54..1.36 & -4.32..-2.24,7391,0.28925566467163355,0.29184142876471386,-0.4151944761131288,-0.13078991291711323,0.12076948268737903,-26.400141159474394,0.0,0.0
dist_high_20 & ret_16,1.39..1.96 & -0.793..-0.331,63968,2.503464532230423,0.315642196098049,-0.41559098063054045,-0.05693103988961399,0.12037297816996739,-75.99466476098222,0.0,0.0
ema200_rel & ret_16,1.36..2.88 & -1.65..-0.793,26300,1.0292820972620704,0.3038022813688213,-0.41569884841852345,-0.09840896415783745,0.1202651103819844,-49.54278264989403,0.0,0.0
atr_pct & ret_96,0.551..0.658 & 4.36..inf,40072,1.5682658631743607,0.30764623677380715,-0.41597432633288167,-0.08486716735741372,0.11998963246762617,-61.02960904389593,0.0,0.0
up_from_low_30d & ret_96,31.2..48 & 0.849..2.07,35710,1.397553752594241,0.321534584150098,-0.41679444459404547,-0.04381344520996312,0.11916951420646238,-56.67237705560714,0.0,0.0
dist_low_20 & up_from_low_30d,1.46..2.04 & -inf..5.06,29851,1.1682547484931585,0.3180797963217313,-0.41731302366752787,-0.04936566056538222,0.11865093513297997,-51.99172765570818,0.0,0.0
atr_pct & up_from_low_30d,0.551..0.658 & 8.62..12.6,36548,1.4303498893815267,0.3081427164277115,-0.417481714529474,-0.08381921115584971,0.11848224427103382,-58.83545289600849,0.0,0.0
up_from_low_30d & ema50_rel,31.2..48 & 0.272..0.654,35718,1.3978668422055753,0.32188252421748137,-0.4175495800908112,-0.04275996483300675,0.11841437870969662,-56.769943272809655,0.0,0.0
ema50_rel & ret_16,-0.701..-0.299 & 0.332..0.781,22318,0.873441743220338,0.32422260059145086,-0.41848502696195955,-0.030737548753121426,0.1174789318385483,-44.880178514994185,0.0,0.0
dist_low_20 & ema200_rel,0.777..1.08 & -3.06..-1.57,44574,1.7444570419528338,0.3208596939920133,-0.41881511848682623,-0.03818058024368717,0.11714884031368161,-63.46286911284586,0.0,0.0
up_from_low_30d & ret_16,23..31.2 & 0.781..1.63,45346,1.7746701894466101,0.3188594363339655,-0.41974834028615926,-0.05266384192613204,0.11621561851434858,-64.501303573649,0.0,0.0
ema50_rel & ret_16,-0.00928..0.272 & -1.65..-0.793,16045,0.6279403517326966,0.30751012776565906,-0.41994225397589674,-0.08355214858220845,0.1160217048246111,-38.82846686934424,0.0,0.0
up_from_low_30d & ret_16,5.06..8.62 & 1.63..inf,21418,0.8382191619452101,0.30040153142216824,-0.42038452123348236,-0.11329013566370391,0.11557943756702549,-46.04469598225551,0.0,0.0
dist_low_20 & ema50_rel,1.46..2.04 & 1.38..inf,26243,1.0270513337813123,0.30956826582326713,-0.42063640520679296,-0.0794291099778464,0.11532755359371488,-49.639357061692266,0.0,0.0
dist_low_20 & dist_high_20,2.04..3.14 & 0.241..0.463,43715,1.710839044935795,0.3120896717373899,-0.42064588226879157,-0.07162920288344747,0.11531807653171627,-64.09451423092156,0.0,0.0
atr_pct & dist_low_20,0.551..0.658 & 3.14..inf,21146,0.8275741151598381,0.307008417667644,-0.4207833924156633,-0.09217470485755892,0.11518056638484453,-45.322387209908264,0.0,0.0
ema200_rel & ema50_rel,-0.0819..0.54 & -1.44..-0.701,19026,0.7446053681562035,0.30752654262588036,-0.42126689394316047,-0.08197497296284592,0.11469706485734737,-42.46975716797889,0.0,0.0
up_from_low_30d & ret_96,8.62..12.6 & 4.36..inf,19992,0.7824109387248408,0.31407563025210083,-0.42142153082023426,-0.07633211362753423,0.11454242798027359,-43.686855853821825,0.0,0.0
up_from_low_30d & ema50_rel,23..31.2 & 0.654..1.38,47300,1.8511423270150544,0.3200634249471459,-0.42187320325113326,-0.0511910790321057,0.11409075554937459,-66.14857916557825,0.0,0.0
dist_high_20 & ema200_rel,1.39..1.96 & -3.06..-1.57,59088,2.3124798693163964,0.318304901164365,-0.4219699653180837,-0.048760343888824775,0.11399399348242417,-73.72565233810082,0.0,0.0
dist_high_20 & ema200_rel,1..1.39 & 1.36..2.88,41805,1.6360889002296903,0.31410118406889126,-0.42207967356771325,-0.06598164827613155,0.11388428523279459,-62.80449331796574,0.0,0.0
up_from_low_30d & ret_16,23..31.2 & -1.65..-0.793,41039,1.606110569944415,0.3101196422914788,-0.4223646638993703,-0.07615999259157022,0.11359929490113757,-62.1763379893503,0.0,0.0
up_from_low_30d & ema200_rel,23..31.2 & -1.57..-0.716,32874,1.2865634853761714,0.3256068625661617,-0.42256485016531753,-0.029478075106533493,0.11339910863519032,-54.747795725698104,0.0,0.0
dist_high_20 & up_from_low_30d,1.39..1.96 & 12.6..17.3,39484,1.5452537767412773,0.31552021071826564,-0.42270168499307637,-0.05901963015091032,0.11326227380743148,-60.90825856160567,0.0,0.0
ema50_rel & ret_16,-1.44..-0.701 & -0.331..0,29286,1.1461427946926614,0.31639691320084684,-0.42333083400835025,-0.05191095236202885,0.11263312479215759,-52.10164610687698,0.0,0.0
dist_low_20 & ret_96,1.46..2.04 & -2.24..-0.984,36083,1.4121515557227107,0.31480198431394285,-0.423987482613126,-0.06160562672275,0.11197647618738182,-58.606128507647725,0.0,0.0
dist_low_20 & up_from_low_30d,0.777..1.08 & 31.2..48,36832,1.4414645705839004,0.315377932232841,-0.42427013711133854,-0.0591403559165,0.1116938216891693,-58.74864231097076,0.0,0.0
ema50_rel & ret_96,-1.44..-0.701 & -0.0473..0.849,23037,0.9015806720390235,0.31657767938533665,-0.4247406009146617,-0.0550978791298074,0.11122335788584614,-46.49356627452129,0.0,0.0
up_from_low_30d & ret_16,31.2..48 & -0.793..-0.331,34476,1.349259680045899,0.3152337858220211,-0.4253960768418847,-0.05904421246295966,0.11056788195862316,-56.84496893309745,0.0,0.0
dist_high_20 & up_from_low_30d,1.96..3.07 & 5.06..8.62,26824,1.0497894668044783,0.3013719057560394,-0.425522006452683,-0.10038849067605074,0.11044195234782483,-51.25696430162632,0.0,0.0
dist_high_20 & ema50_rel,0.708..1 & 0.654..1.38,43367,1.6972196468427456,0.3123112043719879,-0.4260662520348457,-0.07156294472533294,0.10989770676566213,-64.84362143857591,0.0,0.0
ema200_rel & ema50_rel,-3.06..-1.57 & -0.00928..0.272,20104,0.7867941932835234,0.3155093513728611,-0.42619942712365905,-0.06090655069278046,0.1097645316768488,-43.65496225507513,0.0,0.0
up_from_low_30d & ret_96,31.2..48 & -2.24..-0.984,34025,1.3316092532069181,0.31629684055841295,-0.42633139172914053,-0.05820974786918034,0.10963256707136732,-56.678870576259776,0.0,0.0
atr_pct & up_from_low_30d,0.551..0.658 & 5.06..8.62,29131,1.140076683473056,0.3073015001201469,-0.4264963070313217,-0.09255967857568852,0.10946765176918616,-53.87739351873796,0.0,0.0
ema200_rel & ema50_rel,-1.57..-0.716 & 0.654..1.38,15482,0.6059066703350333,0.29711923524092493,-0.42694990987801246,-0.1162226769878101,0.10901404892249539,-39.38367371969769,0.0,0.0
dist_low_20 & dist_high_20,1.46..2.04 & 0.708..1,39405,1.5421620168293493,0.30818424057860677,-0.4272836098041781,-0.08009428165394407,0.10868034899632972,-62.071578340477885,0.0,0.0
dist_low_20 & ret_96,0.288..0.524 & 4.36..inf,12907,0.5051309516867507,0.3041760285116603,-0.4274433606779878,-0.09861174549197198,0.10852059812252002,-35.61363350061803,0.0,0.0
dist_low_20 & ret_16,1.08..1.46 & -0.331..0,35039,1.3712933614435623,0.31510602471531723,-0.4275421576806598,-0.059701448143918104,0.10842180111984806,-58.10424282677682,0.0,0.0
ema50_rel & ret_16,0.654..1.38 & -0.331..0,19782,0.774192336427311,0.3132645839652209,-0.427551008988349,-0.07047552631947274,0.10841294981215882,-43.82432671299567,0.0,0.0
ema200_rel & ret_96,-0.0819..0.54 & 2.07..4.36,25531,0.9991863583725445,0.3269750499392895,-0.4277797520575436,-0.027557060165370333,0.10818420674296425,-48.65729125771855,0.0,0.0
dist_low_20 & ret_96,1.46..2.04 & 2.07..4.36,51226,2.0047910537774456,0.31825635419513526,-0.4287584000591651,-0.05240118240707937,0.10720555874134274,-70.15946483967836,0.0,0.0
dist_high_20 & ret_16,1..1.39 & 0..0.332,30284,1.1852007237066366,0.31481970677585525,-0.42907660671017633,-0.060050514436994634,0.10688735209033151,-54.03840687902141,0.0,0.0
dist_low_20 & ema50_rel,0.524..0.777 & -1.44..-0.701,48587,1.9015106182384873,0.31796571099265236,-0.4293547693021459,-0.04869166688495433,0.10660918949836196,-68.20438234509282,0.0,0.0
dist_low_20 & up_from_low_30d,1.08..1.46 & 23..31.2,44189,1.7293896044073624,0.3179298015343185,-0.42940196711825795,-0.051089573894935895,0.10656199168224989,-65.1278219490422,0.0,0.0
atr_pct & dist_low_20,0.551..0.658 & -inf..0.288,24974,0.9773874941833821,0.30255465684311683,-0.4294111249034979,-0.0956555222333626,0.10655283389700992,-49.66042666471207,0.0,0.0
dist_low_20 & ret_16,0.524..0.777 & -1.65..-0.793,51193,2.003499559130691,0.3163909128201121,-0.42989708796400417,-0.05471981682733073,0.10606687083650368,-70.177418586028,0.0,0.0
atr_pct & ema50_rel,0.46..0.551 & -0.701..-0.299,47528,1.860065380938087,0.3231568759468103,-0.43021306797306486,-0.03249311526140187,0.10575089082744299,-67.58972810797837,0.0,0.0
up_from_low_30d & ret_96,17.3..23 & -4.32..-2.24,39955,1.563686927608594,0.31297709923664124,-0.4312276783490289,-0.06369558064651012,0.10473628045147892,-62.47187340474323,0.0,0.0
up_from_low_30d & ema200_rel,12.6..17.3 & -3.06..-1.57,38360,1.5012646863487842,0.31055787278415015,-0.4314111495455106,-0.07143381919882152,0.10455280925499727,-61.306526548389925,0.0,0.0
dist_high_20 & ret_96,1.39..1.96 & -4.32..-2.24,51233,2.0050650071873632,0.31067866414225204,-0.43229973476831385,-0.0698681877272869,0.103664224032194,-70.88843012713791,0.0,0.0
dist_high_20 & up_from_low_30d,1.39..1.96 & 17.3..23,42626,1.6682197215928904,0.3065734528222212,-0.4334790244659929,-0.08596314925145851,0.10248493433451494,-65.43143333794184,0.0,0.0
dist_low_20 & ema50_rel,1.46..2.04 & -0.00928..0.272,30964,1.2118133406700666,0.3094561426172329,-0.43402485741541175,-0.07693038395543197,0.1019391013850961,-55.82920370650372,0.0,0.0
up_from_low_30d & ret_96,23..31.2 & 2.07..4.36,50955,1.9941851431934905,0.31559218918653714,-0.4340600810142979,-0.06209287964305528,0.10190387778620996,-70.98145597303478,0.0,0.0
dist_high_20 & ret_96,1.39..1.96 & -0.0473..0.849,29823,1.1671589348534877,0.3192837742681823,-0.4342751320227395,-0.044830265873690316,0.10168882677776836,-54.052552392145884,0.0,0.0
dist_high_20 & ema50_rel,1.39..1.96 & -0.701..-0.299,60943,2.3850775229445764,0.3182317903614853,-0.43442683947747673,-0.04756522333908013,0.10153711932303111,-77.16216533015655,0.0,0.0
dist_low_20 & dist_high_20,0.524..0.777 & 1.39..1.96,42346,1.6572615851961838,0.3170547395267558,-0.43478717209948475,-0.050040455240638874,0.10117678670102309,-64.56463298871348,0.0,0.0
ema50_rel & ret_96,-1.44..-0.701 & -4.32..-2.24,90099,3.5261326114530527,0.3180945404499495,-0.4349409420276279,-0.04718975366537034,0.10102301677287995,-93.81466706462217,0.0,0.0
atr_pct & dist_low_20,0.46..0.551 & 0.524..0.777,43533,1.703716256277936,0.3211586612454919,-0.43530523383906017,-0.037178056013713025,0.10065872496144768,-65.50630445648817,0.0,0.0
dist_low_20 & ema200_rel,1.08..1.46 & -1.57..-0.716,39815,1.5582078594102409,0.3247519778977772,-0.4359829309179322,-0.027317396408681374,0.09998102788257562,-62.512610458771995,0.0,0.0
ema200_rel & ema50_rel,-3.06..-1.57 & -0.299..-0.00928,32963,1.2900466073022672,0.32669963292176074,-0.4360797620909262,-0.026209641439703037,0.09988419670958165,-56.40321403083862,0.0,0.0
atr_pct & up_from_low_30d,0.46..0.551 & -inf..5.06,32156,1.2584636927589026,0.3220549819629307,-0.43673370517781523,-0.03874264396056779,0.09923025362269261,-56.89182175290593,0.0,0.0
atr_pct & ema200_rel,0.46..0.551 & -0.716..-0.0819,38302,1.4989947866666093,0.32060988982298577,-0.43686896933130204,-0.038274854519440696,0.09909498946920581,-61.851285432517116,0.0,0.0
ema200_rel & ret_96,-3.06..-1.57 & -2.24..-0.984,67636,2.6470161190272776,0.3208202732272754,-0.4371265225787382,-0.04270770902328325,0.09883743622176966,-81.52365611037962,0.0,0.0
up_from_low_30d & ema50_rel,12.6..17.3 & -1.44..-0.701,39204,1.5342956403445707,0.31631976328946027,-0.43776603447491275,-0.05493275268122437,0.0981979243255951,-62.6099785854151,0.0,0.0
ret_96 & ret_16,-4.32..-2.24 & -1.65..-0.793,59735,2.3378009916330713,0.3132669289361346,-0.4378134215608943,-0.06197548306018489,0.09815053723961353,-77.1741445435391,0.0,0.0
up_from_low_30d & ema200_rel,23..31.2 & 1.36..2.88,53910,2.1098326183801603,0.318067148951957,-0.4384471900749869,-0.05635844373026497,0.09751676872552095,-73.4711027283409,0.0,0.0
dist_high_20 & ema200_rel,1.39..1.96 & -0.716..-0.0819,33224,1.3002611558720543,0.3228991090777751,-0.43848202829032856,-0.03446938444057143,0.09748193051017928,-57.401098642470714,0.0,0.0
up_from_low_30d & ret_16,-inf..5.06 & 1.63..inf,9349,0.36588434704574513,0.30131564873248473,-0.43874242444283734,-0.11212621109717164,0.0972215343576705,-31.754531615364257,0.0,0.0
dist_high_20 & up_from_low_30d,1..1.39 & 23..31.2,43629,1.7074733316139497,0.3118109514313874,-0.43886980110870694,-0.07067526519929779,0.09709415769180091,-66.39009061959767,0.0,0.0
up_from_low_30d & ema50_rel,17.3..23 & -1.44..-0.701,39986,1.5649001498525152,0.307532636422748,-0.4393609085337639,-0.07828260849753292,0.09660305026674393,-63.938812675883305,0.0,0.0
dist_low_20 & up_from_low_30d,1.46..2.04 & 17.3..23,43851,1.716161568328481,0.3076554696586167,-0.43976383845496664,-0.08347404191167318,0.0962001203455412,-67.32656035715894,0.0,0.0
dist_high_20 & ema200_rel,-inf..0.241 & -3.06..-1.57,15656,0.612716369381558,0.33437659683188553,-0.4398860259852403,-0.004326923989573333,0.09607793281526755,-39.15673473830472,0.0,0.0
ema200_rel & ema50_rel,-0.716..-0.0819 & 0.654..1.38,21279,0.8327792299482737,0.3103529301188966,-0.4399826345157003,-0.07843773814399109,0.09598132428480755,-46.99129294519962,0.0,0.0
ema200_rel & ret_96,-3.06..-1.57 & -4.32..-2.24,142277,5.568181328979301,0.3193980755849505,-0.44005265319011877,-0.04623477333619381,0.09591130561038907,-119.31781378224014,0.0,0.0
ema200_rel & ema50_rel,-3.06..-1.57 & -1.44..-0.701,107702,4.215047164993138,0.31822064585615867,-0.44082543186886736,-0.04799011034129268,0.09513852693164049,-103.92576584677401,0.0,0.0
dist_low_20 & up_from_low_30d,2.04..3.14 & 5.06..8.62,25272,0.9890500822055911,0.2999762583095916,-0.44184781799102085,-0.11401949232596227,0.09411614080948699,-52.34361253470725,0.0,0.0
atr_pct & ret_16,0.46..0.551 & 0..0.332,33866,1.3253865971816456,0.3195830626587138,-0.4418848734685111,-0.04364322231439516,0.09407908533199677,-58.893346981295096,0.0,0.0
dist_low_20 & ret_96,0.777..1.08 & -4.32..-2.24,44986,1.760581156936559,0.31727648601787223,-0.44209855563209005,-0.05006754976856269,0.0938654031684178,-67.45164411501251,0.0,0.0
dist_low_20 & dist_high_20,2.04..3.14 & -inf..0.241,50485,1.9757911285275904,0.314707338813509,-0.4428539401168462,-0.06120261615875582,0.09311001868366164,-72.08769800042892,0.0,0.0
dist_high_20 & up_from_low_30d,0.463..0.708 & 31.2..48,34482,1.3494944972543998,0.31697697349341686,-0.44285408986317665,-0.054257418918403286,0.0931098689373312,-58.884555879109115,0.0,0.0
ema200_rel & ema50_rel,1.36..2.88 & -0.299..-0.00928,20875,0.8169682045758829,0.30807185628742517,-0.44424923331238936,-0.08047277104321308,0.09171472548811849,-46.685133650472935,0.0,0.0
ema200_rel & ema50_rel,-0.716..-0.0819 & -1.44..-0.701,32678,1.2788927898984768,0.31844054103678315,-0.44471986812927733,-0.04917673600087111,0.09124409067123052,-57.81295375196953,0.0,0.0
atr_pct & ema50_rel,0.46..0.551 & -1.44..-0.701,54144,2.1189904895116936,0.31706190898345155,-0.44502911005631457,-0.048578651924358264,0.09093484874419328,-74.97214109673578,0.0,0.0
dist_high_20 & ema50_rel,1..1.39 & 0.272..0.654,33305,1.303431188186816,0.3066506530550968,-0.44550452813361324,-0.08395277558745552,0.0904594306668946,-59.51448511008274,0.0,0.0
up_from_low_30d & ema200_rel,31.2..48 & 0.54..1.36,38219,1.495746481949014,0.31311651272927077,-0.44560464894897645,-0.06834405791288531,0.0903593098515314,-63.14838546604458,0.0,0.0
ema200_rel & ret_16,-3.06..-1.57 & -1.65..-0.793,69931,2.7368337012788535,0.31453861663639876,-0.4463098441142561,-0.0600810164609333,0.08965411468625173,-84.96224863350834,0.0,0.0
dist_low_20 & up_from_low_30d,0.524..0.777 & 31.2..48,31339,1.2264894162013698,0.31586840677749767,-0.4463748848978269,-0.056651740585562084,0.08958907390268095,-56.68657387296952,0.0,0.0
dist_low_20 & dist_high_20,0.777..1.08 & 1..1.39,39915,1.5621214795519218,0.31709883502442693,-0.44678106041480975,-0.048555526056260685,0.0891828983856981,-64.46885661815097,0.0,0.0
ret_96 & ret_16,-4.32..-2.24 & 0.332..0.781,32862,1.2860938509591695,0.32152638305641773,-0.4473353842672037,-0.03805038297256518,0.08862857453330414,-58.2114648376343,0.0,0.0
up_from_low_30d & ema200_rel,31.2..48 & -0.716..-0.0819,27936,1.0933089227799697,0.3219859679266896,-0.4481394177743278,-0.038809876345705846,0.08782454102618004,-53.24000229014485,0.0,0.0
dist_low_20 & dist_high_20,1.08..1.46 & 0.708..1,39942,1.5631781569901757,0.3174853537629563,-0.44817997275384386,-0.050048694771116634,0.08778398604666399,-64.74096864169033,0.0,0.0
dist_low_20 & ema50_rel,1.08..1.46 & -0.299..-0.00928,33984,1.330004668948829,0.3185911016949153,-0.4487689036547528,-0.04609283539438085,0.08719505514575504,-59.729138309627466,0.0,0.0
ema50_rel & ret_16,-0.299..-0.00928 & -1.65..-0.793,28652,1.1213304429944047,0.31324165852296526,-0.4488813238556955,-0.06557433317717455,0.08708263494481233,-54.92582817210299,0.0,0.0
atr_pct & ema200_rel,0.46..0.551 & -3.06..-1.57,54944,2.1502994506451407,0.31623107163657543,-0.44920766276939106,-0.05310129088409903,0.08675629603111679,-76.31445884487029,0.0,0.0
ema50_rel & ret_16,-0.00928..0.272 & 0.781..1.63,28458,1.1137380199195437,0.3157284419144002,-0.4492910702134046,-0.05874758880336686,0.08667288858710326,-54.80618930190381,0.0,0.0
atr_pct & up_from_low_30d,0.46..0.551 & 31.2..48,41649,1.6299836528086682,0.31570986098105597,-0.44932066942056464,-0.05423950281800387,0.0866432893799432,-66.27522098558579,0.0,0.0
ema200_rel & ema50_rel,-3.06..-1.57 & -0.701..-0.299,63338,2.4788087253378337,0.3266443525213932,-0.44972063450272703,-0.023695865651789674,0.08624332429778081,-80.31316688833479,0.0,0.0
dist_high_20 & up_from_low_30d,-inf..0.241 & 31.2..48,28588,1.1188257261037289,0.3232824961522317,-0.449726265139838,-0.03306520927727629,0.08623769366066986,-53.86798547092609,0.0,0.0
dist_low_20 & ret_16,0.777..1.08 & -0.793..-0.331,41545,1.6259134878613202,0.3132747623059333,-0.45051084566774546,-0.06066638979246835,0.08545311313276238,-66.33330311900528,0.0,0.0
atr_pct & dist_high_20,0.46..0.551 & 0.708..1,50640,1.9818572397471959,0.3163309636650869,-0.45084467523261035,-0.05327250048520389,0.0851192835678975,-73.68534906209437,0.0,0.0
dist_low_20 & ema200_rel,0.524..0.777 & -3.06..-1.57,44384,1.7370211636836401,0.3197548666186013,-0.4508829992768772,-0.0426214587410153,0.08508095952363065,-67.98453540655895,0.0,0.0
atr_pct & ema50_rel,0.46..0.551 & -0.299..-0.00928,37545,1.469368682194085,0.3162604874151019,-0.45112514854456326,-0.05282935524327363,0.08483881025594459,-63.37860256395573,0.0,0.0
atr_pct & ret_16,0.46..0.551 & -0.793..-0.331,46210,1.8084838674707329,0.3155810430642718,-0.45213113777919556,-0.05434210007525327,0.08383282102131229,-70.4506528766933,0.0,0.0
atr_pct & ema200_rel,0.46..0.551 & -inf..-3.06,18794,0.7355257694275039,0.314196020006385,-0.45217856609224244,-0.058903944227091075,0.0837853927082654,-44.902059503479215,0.0,0.0
atr_pct & ret_96,0.46..0.551 & 2.07..4.36,52473,2.0535938969442062,0.3157433346673527,-0.45287364612927977,-0.05594778540303472,0.08309031267122807,-75.41340767720726,0.0,0.0
ret_96 & ret_16,0.849..2.07 & -1.65..-0.793,29645,1.1601926910012959,0.31496036431101365,-0.45302899694383425,-0.061105290475848804,0.0829349618566736,-56.361726112210704,0.0,0.0
up_from_low_30d & ret_96,31.2..48 & -0.0473..0.849,29020,1.1357325651157903,0.32026188835286007,-0.4534661093153956,-0.04484283440049909,0.08249784948511224,-55.13747218691798,0.0,0.0
dist_high_20 & ema200_rel,1.39..1.96 & -0.0819..0.54,29022,1.135810837518624,0.310523051478189,-0.45390009792876934,-0.07235480739561033,0.0820638608717385,-56.30352711903927,0.0,0.0
up_from_low_30d & ret_16,17.3..23 & -1.65..-0.793,41063,1.6070498387784182,0.306431580741787,-0.4546241840763833,-0.08425260370159772,0.08133977472412457,-67.11871161680041,0.0,0.0
dist_high_20 & ret_96,1.39..1.96 & -0.984..-0.0473,33904,1.3268737728354842,0.3178680981595092,-0.45476908436047786,-0.05072548329570551,0.08119487444002998,-60.42198073035249,0.0,0.0
dist_low_20 & ema50_rel,1.46..2.04 & 0.272..0.654,51492,2.0152012833543167,0.3111357104016158,-0.45535777325904314,-0.07166014219732376,0.0806061855414647,-75.1111934524221,0.0,0.0
up_from_low_30d & ret_16,31.2..48 & -0.331..0,31249,1.222967158073857,0.3170981471407085,-0.45546255337682984,-0.05259516886906512,0.08050140542367801,-57.554150062598076,0.0,0.0
ema200_rel & ret_96,1.36..2.88 & -0.0473..0.849,25354,0.9922592507217693,0.3120217717125503,-0.45563306308287166,-0.07382547973364019,0.08033089571763619,-52.60201953743557,0.0,0.0
dist_high_20 & ema200_rel,1..1.39 & -3.06..-1.57,47544,1.8606915601607559,0.31617028436816424,-0.4558812991616626,-0.052927152013512335,0.08008265963884525,-71.24300347409113,0.0,0.0
dist_low_20 & dist_high_20,1.46..2.04 & 0.463..0.708,41929,1.6409417892053746,0.3120990245414868,-0.4559085902839111,-0.06851381938602552,0.08005536851659673,-67.91242412661266,0.0,0.0
ema200_rel & ret_16,-1.57..-0.716 & 0.781..1.63,28966,1.1336192102392826,0.30950079403438513,-0.4561251838770699,-0.07657610706766468,0.07983877492343794,-56.605730657473536,0.0,0.0
atr_pct & ret_16,0.46..0.551 & 0.332..0.781,44503,1.7416783716522404,0.31507988225512884,-0.4568259310067608,-0.05878992990535552,0.07913802779374707,-70.09791309262778,0.0,0.0
atr_pct & ema200_rel,0.46..0.551 & -1.57..-0.716,48749,1.9078506828680104,0.31385259184803793,-0.45773154799240795,-0.059750101757661336,0.0782324108080999,-73.51729843310845,0.0,0.0
up_from_low_30d & ret_16,31.2..48 & 0..0.332,27982,1.095109188045143,0.31852619541133587,-0.45796840010118794,-0.048804291432484846,0.0779955586993199,-54.56167763654018,0.0,0.0
dist_low_20 & ema50_rel,0.777..1.08 & -0.701..-0.299,42449,1.6612926139421151,0.31890032745176566,-0.45798796290689026,-0.0438576218963438,0.07797599589361759,-67.90568779501359,0.0,0.0
atr_pct & ret_96,0.46..0.551 & -0.0473..0.849,36754,1.4384119468733894,0.3141426783479349,-0.4580704374106983,-0.059822290157406526,0.07789352138980954,-63.882042013034926,0.0,0.0
dist_high_20 & ema200_rel,1.39..1.96 & 0.54..1.36,31846,1.246331470319692,0.3005086981096527,-0.4581482743746006,-0.10290050545169843,0.07781568442590725,-60.139534669988564,0.0,0.0
ema200_rel & ret_16,-3.06..-1.57 & -0.793..-0.331,48994,1.9174390522151286,0.3224884679756705,-0.45863814038571554,-0.03430056120466317,0.0773258184147923,-72.25047643556886,0.0,0.0
dist_high_20 & ret_16,0.463..0.708 & 0.781..1.63,52360,2.049171506184107,0.3110771581359817,-0.458638240865764,-0.07260120793251823,0.07732571793474385,-76.1581186072916,0.0,0.0
ema200_rel & ret_96,-0.0819..0.54 & -4.32..-2.24,11189,0.4378949576526733,0.29073196889802483,-0.4593721932323846,-0.13463356180675445,0.07659176556812325,-35.92970636151283,0.0,0.0
dist_low_20 & up_from_low_30d,1.46..2.04 & 8.62..12.6,36282,1.4199396598046556,0.31266192602392373,-0.4595686233428792,-0.06840459224085411,0.07639533545762867,-63.83667531184643,0.0,0.0
ema200_rel & ret_16,-3.06..-1.57 & 0..0.332,27408,1.0726450084318946,0.3214025102159953,-0.4601925622432457,-0.038224360237997426,0.07577139655726217,-54.43921870194346,0.0,0.0
dist_low_20 & ret_96,-inf..0.288 & 4.36..inf,10047,0.39320141563467764,0.2900368269135065,-0.46034855973098565,-0.14017528731652779,0.0756153990695222,-34.21336230319538,0.0,0.0
dist_low_20 & up_from_low_30d,1.46..2.04 & 12.6..17.3,40591,1.5885775517096845,0.30588061392919613,-0.46050788423822503,-0.08882956391628866,0.07545607456228282,-68.09696276505652,0.0,0.0
dist_low_20 & ret_96,1.46..2.04 & -0.984..-0.0473,30210,1.1823046448017926,0.3103277060575968,-0.4606587657299026,-0.07355550999777558,0.07530519307060524,-58.313714680031644,0.0,0.0
atr_pct & ret_16,0.46..0.551 & -0.331..0,39698,1.5536289238444743,0.3128872991082674,-0.4606785968631156,-0.06265920266057255,0.07528536193739227,-66.79447720463318,0.0,0.0
ema50_rel & ret_96,-0.701..-0.299 & 0.849..2.07,27524,1.0771848077962445,0.32571573899142564,-0.460786172548957,-0.02746860396297677,0.07517778625155086,-54.40467137850379,0.0,0.0
dist_high_20 & ret_16,0.708..1 & 0.332..0.781,41669,1.6307663768370044,0.3124865007559577,-0.4608542111266934,-0.06689740218973868,0.07510974767381445,-68.25313863689408,0.0,0.0
dist_low_20 & ret_96,1.08..1.46 & 2.07..4.36,45667,1.7872329101014057,0.32042831804147415,-0.4611446864355996,-0.04414523850855017,0.07481927236490826,-70.65817124713752,0.0,0.0
ema50_rel & ret_96,-0.299..-0.00928 & 2.07..4.36,24390,0.9545319525559658,0.3152931529315293,-0.46129016007935686,-0.056350666728405795,0.07467379872115099,-51.782976941202335,0.0,0.0
dist_high_20 & up_from_low_30d,0.241..0.463 & 31.2..48,30800,1.20539500363771,0.3196428571428571,-0.46140845571818606,-0.045841695097106755,0.07455550308232178,-57.643406242413086,0.0,0.0
up_from_low_30d & ema200_rel,8.62..12.6 & -3.06..-1.57,39366,1.5406357049740937,0.3121729411166997,-0.461428847380532,-0.0699598116843456,0.07453511141997582,-66.47955204412709,0.0,0.0
up_from_low_30d & ret_96,31.2..48 & -0.984..-0.0473,29304,1.146847246318164,0.31657794157794156,-0.46169422290851797,-0.05405770213281095,0.07426973589198987,-56.59453974439902,0.0,0.0
atr_pct & dist_low_20,0.46..0.551 & 1.08..1.46,54511,2.1333534754316625,0.3122489038909578,-0.46246463402083626,-0.06528075495084938,0.07349932477967158,-78.71420505976576,0.0,0.0
atr_pct & ret_96,0.46..0.551 & -4.32..-2.24,51819,2.027998821217613,0.3117582353962832,-0.4627343440644596,-0.06613883547904713,0.07322961473604822,-76.58502854080785,0.0,0.0
atr_pct & dist_low_20,0.46..0.551 & 0.777..1.08,49843,1.9506656872179993,0.3118793010051562,-0.4627350662218572,-0.06506009074348484,0.07322889257865062,-75.23235897431877,0.0,0.0
up_from_low_30d & ret_16,12.6..17.3 & -1.65..-0.793,39900,1.5615344365306696,0.312280701754386,-0.4632009081555342,-0.06858657862766059,0.07276305064497363,-66.92935086699275,0.0,0.0
up_from_low_30d & ema50_rel,31.2..48 & -0.00928..0.272,29688,1.1618755476622187,0.31854621395850174,-0.46321381109516846,-0.04875285367364235,0.07275014770533939,-57.06950544276375,0.0,0.0
atr_pct & ret_96,0.46..0.551 & 0.849..2.07,43291,1.6942452955350682,0.3132059781478829,-0.46341927685688883,-0.06558823379310032,0.07254468194361902,-70.35297600057544,0.0,0.0
atr_pct & dist_high_20,0.46..0.551 & 1..1.39,55340,2.165797386406197,0.31134803035778824,-0.46364641029456793,-0.06630329278170256,0.07231754850593991,-79.4373342075402,0.0,0.0
dist_low_20 & ret_16,1.08..1.46 & 0..0.332,41120,1.6092806022591764,0.3163910505836576,-0.4641588852280872,-0.05546587125337091,0.07180507357242066,-67.92348531957063,0.0,0.0
atr_pct & ret_16,0.46..0.551 & -1.65..-0.793,53543,2.095469632460192,0.31072222325980986,-0.46450700425922853,-0.06790187627536613,0.07145695454127932,-78.21628866693659,0.0,0.0
dist_low_20 & ret_96,1.46..2.04 & -0.0473..0.849,30651,1.1995637096266054,0.31281198003327787,-0.4646084452316055,-0.06651901232903461,0.07135551356890235,-59.09349864321492,0.0,0.0
dist_low_20 & dist_high_20,-inf..0.288 & 1.96..3.07,49121,1.9224093497950632,0.30406547097982534,-0.46474216948774344,-0.0898297070160586,0.0712217893127644,-74.99419531937728,0.0,0.0
dist_high_20 & ret_96,0.708..1 & 2.07..4.36,44766,1.7519711926248611,0.3165795469776169,-0.4651452959695864,-0.0561995824185171,0.07081866283092142,-71.08030297248204,0.0,0.0
ema50_rel & ret_96,-0.00928..0.272 & -4.32..-2.24,23655,0.9257668445146113,0.3141830479813993,-0.46546067822204523,-0.06364220303299627,0.07050328057846261,-51.68081832212458,0.0,0.0
atr_pct & up_from_low_30d,0.46..0.551 & 8.62..12.6,43444,1.70023313435184,0.3112512659976061,-0.46661911518365745,-0.06874002862370325,0.0693448436168504,-71.1630980469242,0.0,0.0
up_from_low_30d & ret_96,12.6..17.3 & -4.32..-2.24,38349,1.5008341881331992,0.30509270124383947,-0.46718455659672736,-0.0889931928413014,0.06877940220378048,-66.58496982637297,0.0,0.0
dist_high_20 & up_from_low_30d,0.708..1 & 23..31.2,40858,1.5990269174879725,0.3145528415487787,-0.4673221501832225,-0.06127647213455983,0.06864180861728536,-68.03553499516873,0.0,0.0
dist_low_20 & ema200_rel,1.46..2.04 & 1.36..2.88,59116,2.313575682956067,0.3086474051018337,-0.46757028621139957,-0.08108581426904167,0.06839367258910828,-82.82855779302392,0.0,0.0
atr_pct & dist_low_20,0.46..0.551 & 0.288..0.524,37534,1.4689381839785,0.310438535727607,-0.4677192758695016,-0.06956386131722796,0.06824468293100622,-65.86898248061624,0.0,0.0
atr_pct & dist_low_20,0.46..0.551 & 1.46..2.04,54736,2.1421591207504447,0.3105268927214265,-0.4678496192799689,-0.07146218561015558,0.06811433952053897,-80.06706198825283,0.0,0.0
atr_pct & dist_high_20,0.46..0.551 & 0.241..0.463,37576,1.4705819044380062,0.311315733446881,-0.46799997901264684,-0.06970585193736674,0.067963979787861,-66.18488129820868,0.0,0.0
up_from_low_30d & ret_96,5.06..8.62 & 4.36..inf,6228,0.24374026242388497,0.3094091201027617,-0.4685666950208348,-0.07178393010576327,0.06739726377967303,-27.157322006784927,0.0,0.0
atr_pct & dist_high_20,0.46..0.551 & 0.463..0.708,44919,1.757959031441633,0.3109597275095171,-0.4689513548450228,-0.07074056146617538,0.06701260395548503,-72.5835844915361,0.0,0.0
ret_96 & ret_16,2.07..4.36 & 0.781..1.63,60236,2.3574082285428926,0.31557540341324125,-0.46908156764263753,-0.06058225334272116,0.06688239115787031,-83.11315679320593,0.0,0.0
ema50_rel & ret_16,-1.44..-0.701 & -0.793..-0.331,60870,2.3822205802411496,0.3150156070313783,-0.46937478547503053,-0.05604970871344743,0.06658917332547731,-82.9950662617149,0.0,0.0
atr_pct & ret_96,0.46..0.551 & -2.24..-0.984,48463,1.896657729262803,0.3098446237335699,-0.4694170563598017,-0.07167164402325146,0.06654690244070616,-75.38677459233601,0.0,0.0
ema50_rel & ret_16,0.654..1.38 & 0..0.332,28270,1.1063804140531837,0.31439688715953307,-0.4696654348877363,-0.06434057858385814,0.06629852391277152,-57.13290946138679,0.0,0.0
atr_pct & dist_high_20,0.46..0.551 & -inf..0.241,33145,1.2971693959601265,0.3109066224166541,-0.46966680211776607,-0.07132562639705504,0.06629715668274178,-62.32142669589516,0.0,0.0
atr_pct & ema200_rel,0.46..0.551 & 2.88..inf,25991,1.0171890110242765,0.30860682543957524,-0.4705816168664691,-0.07672633877196759,0.06538234193403875,-55.390784663582366,0.0,0.0
atr_pct & dist_high_20,0.46..0.551 & 1.39..1.96,55150,2.1583615081370033,0.308739800543971,-0.47072702502769664,-0.07452300560878097,0.0652369337728112,-80.67251391812705,0.0,0.0
dist_high_20 & ret_96,1.39..1.96 & -2.24..-0.984,45669,1.7873111825042394,0.31229061288839255,-0.4708988050683304,-0.06561549356907198,0.06506515373217747,-72.77641030706516,0.0,0.0
dist_low_20 & ema200_rel,1.46..2.04 & -0.0819..0.54,30590,1.19717640134018,0.3100032690421706,-0.4710185432671082,-0.07498405120497277,0.06494541553339966,-59.986103638235974,0.0,0.0
dist_high_20 & ema200_rel,0.708..1 & 1.36..2.88,44007,1.7222668157495034,0.3111323198582044,-0.4711152465239121,-0.07314382296231997,0.06484871227659572,-71.94204270508784,0.0,0.0
dist_high_20 & ret_96,1..1.39 & -4.32..-2.24,43717,1.7109173173386287,0.3089416016652561,-0.47120407982772416,-0.07525185925983116,0.06475987897278368,-71.15536306442708,0.0,0.0
dist_high_20 & up_from_low_30d,1..1.39 & 17.3..23,42565,1.665832413306465,0.308351932338776,-0.47131697988379345,-0.0799556972058709,0.06464697891671439,-70.72606614895588,0.0,0.0
atr_pct & ret_96,0.46..0.551 & -0.984..-0.0473,38330,1.50009060030628,0.30902687190190453,-0.47150373714834454,-0.07348005812205365,0.06446022165216331,-67.50166364489114,0.0,0.0
dist_high_20 & ema50_rel,1.39..1.96 & -1.44..-0.701,93852,3.673010775370336,0.31112815922942505,-0.471717724447748,-0.0674917288431505,0.06424623435275983,-104.32863294895387,0.0,0.0
atr_pct & dist_high_20,0.46..0.551 & 1.96..3.07,37287,1.4592715422285483,0.30764073269504116,-0.47194549839857847,-0.07825190376426319,0.06401846040192938,-66.60771586279905,0.0,0.0
dist_low_20 & up_from_low_30d,1.46..2.04 & 5.06..8.62,30777,1.2044948710051233,0.3130259609448614,-0.47251021114490666,-0.06673704147028885,0.06345374765560119,-60.500670115267674,0.0,0.0
up_from_low_30d & ema50_rel,31.2..48 & -0.299..-0.00928,30253,1.1839875014627155,0.31309291640498466,-0.47295398454494214,-0.06428826429365722,0.0630099742555657,-58.85636604906786,0.0,0.0
atr_pct & ema50_rel,0.46..0.551 & -0.00928..0.272,35752,1.3991974730537469,0.3086820317744462,-0.47296770145241945,-0.07461433469289694,0.06299625734808839,-65.30959492299216,0.0,0.0
ema50_rel & ret_96,0.654..1.38 & 2.07..4.36,90807,3.5538410420561535,0.32074619798033194,-0.47315762083062085,-0.045424928541115794,0.062806337969887,-102.40687491135243,0.0,0.0
dist_high_20 & ema200_rel,0.241..0.463 & -3.06..-1.57,22129,0.8660450011525611,0.32676578245740884,-0.47333174229401265,-0.027009434476539536,0.0626322165064952,-50.17318198840405,0.0,0.0
atr_pct & up_from_low_30d,0.46..0.551 & 12.6..17.3,47798,1.8706321553206253,0.3090296665132432,-0.47336080259963365,-0.0758867672614255,0.0626031562008742,-75.57662671337351,0.0,0.0
dist_low_20 & ret_96,1.46..2.04 & 0.849..2.07,41191,1.6120592725597698,0.31278677380981285,-0.47336610967943565,-0.06847023049415886,0.06259784912107219,-69.76688132957688,0.0,0.0
atr_pct & ema200_rel,0.46..0.551 & 1.36..2.88,52936,2.071713958200189,0.3091280036270213,-0.47388166105713586,-0.07695768155446636,0.062082297743371984,-79.76772407430221,0.0,0.0
dist_high_20 & ret_16,1..1.39 & -0.331..0,49837,1.9504308700094983,0.31137508276982967,-0.4744134136162872,-0.06862797245341991,0.06155054518422065,-76.64698314184221,0.0,0.0
dist_low_20 & up_from_low_30d,0.777..1.08 & 23..31.2,40365,1.5797327701894857,0.3136876006441224,-0.47465612512583705,-0.060143915345914026,0.0613078336746708,-68.52436622510504,0.0,0.0
ema50_rel & ret_16,-1.44..-0.701 & -1.65..-0.793,124568,4.875118338089034,0.3116209620448269,-0.47469328227855473,-0.06699904669372336,0.061270676521953116,-120.82862575680434,0.0,0.0
up_from_low_30d & ema50_rel,5.06..8.62 & 1.38..inf,14671,0.5741672109860013,0.29329970690477813,-0.47533628001567724,-0.1343332686781556,0.06062767878483061,-43.52962065715743,0.0,0.0
atr_pct & up_from_low_30d,0.46..0.551 & 17.3..23,49049,1.919591543293053,0.30742726661094005,-0.4754383762452157,-0.0791502747302597,0.06052558255529217,-76.85441449743819,0.0,0.0
dist_high_20 & ema50_rel,0.463..0.708 & 0.654..1.38,50697,1.984088003227954,0.3096435686529775,-0.47557850378456656,-0.07621476097014755,0.06038545501594128,-77.95984507440022,0.0,0.0
dist_high_20 & up_from_low_30d,1.39..1.96 & -inf..5.06,33203,1.2994392956423013,0.3155437761648044,-0.4756343132306537,-0.055910826139121246,0.06032964556985415,-62.406957431164905,0.0,0.0
atr_pct & ema50_rel,0.46..0.551 & 0.654..1.38,53737,2.1030620555350525,0.3087072222118838,-0.47578408656555027,-0.07873225427413577,0.06017987223495758,-80.82922753298237,0.0,0.0
ema50_rel & ret_96,-1.44..-0.701 & -0.984..-0.0473,36060,1.411251423090124,0.3136439267886855,-0.47597934917074225,-0.06157661789282656,0.059984609629765595,-65.13079974198867,0.0,0.0
up_from_low_30d & ema200_rel,31.2..48 & -0.0819..0.54,30029,1.1752209923453503,0.3152952146258617,-0.4764931463763963,-0.058603470600654406,0.05947081242411156,-59.224048403003835,0.0,0.0
up_from_low_30d & ret_96,23..31.2 & -2.24..-0.984,35730,1.3983364766225772,0.31432969493422896,-0.47681663724272844,-0.062116452474017196,0.05914732155777941,-64.6427013045215,0.0,0.0
ema200_rel & ret_16,1.36..2.88 & -0.793..-0.331,29290,1.1462993394983287,0.3064527142369409,-0.47694122383000903,-0.08523923715733638,0.059022734970498814,-59.39344522352548,0.0,0.0
up_from_low_30d & ema50_rel,8.62..12.6 & -1.44..-0.701,38560,1.5090919266321459,0.31314834024896265,-0.4772318756288934,-0.0639396103899015,0.058732083171614435,-67.68182604790644,0.0,0.0
up_from_low_30d & ret_96,8.62..12.6 & -4.32..-2.24,38171,1.4938679442810072,0.3139032249613581,-0.477790241099945,-0.060965069820884316,0.058173717700562844,-67.44214374885348,0.0,0.0
atr_pct & ema50_rel,0.46..0.551 & 0.272..0.654,43483,1.7017594462070955,0.30777545247568017,-0.4783218322706013,-0.0802322672584264,0.05764212652990652,-73.08249986309366,0.0,0.0
dist_high_20 & up_from_low_30d,1.39..1.96 & 8.62..12.6,35732,1.3984147490254109,0.3058602932945259,-0.4788535452963122,-0.08947834906999813,0.057110413504195656,-66.40051447227063,0.0,0.0
atr_pct & dist_low_20,0.46..0.551 & 2.04..3.14,39518,1.5465844075894488,0.3065944632825548,-0.47902704903004617,-0.0848029468303285,0.056936909770461674,-70.02855232007266,0.0,0.0
up_from_low_30d & ema50_rel,23..31.2 & -0.701..-0.299,36654,1.4344983267317084,0.31314454084138155,-0.4790992197080638,-0.06525159546511942,0.05686473909244405,-65.93629605482874,0.0,0.0
ema200_rel & ret_16,-3.06..-1.57 & -0.331..0,36873,1.4430691548419896,0.31820030916931086,-0.47970065100542864,-0.04747766901860959,0.05626330779507921,-65.79079748829778,0.0,0.0
dist_high_20 & ema200_rel,1.39..1.96 & -1.57..-0.716,47546,1.8607698325635895,0.31127749968451607,-0.4800279223103831,-0.06802946011084379,0.05593603649012474,-75.7140966159973,0.0,0.0
ema200_rel & ret_16,0.54..1.36 & -1.65..-0.793,26884,1.0521376388894867,0.2989138521053415,-0.48016745104452446,-0.10774712387927893,0.05579650775598338,-57.68051902267181,0.0,0.0
atr_pct & up_from_low_30d,0.46..0.551 & 23..31.2,49040,1.9192393174803017,0.3058931484502447,-0.48026280316975895,-0.08346471892044989,0.0557011556307489,-77.6903377127513,0.0,0.0
dist_low_20 & ema50_rel,1.46..2.04 & 0.654..1.38,89433,3.500067901309458,0.312043652790357,-0.4806149052408641,-0.06905261409726199,0.05534905355964376,-104.15178044429187,0.0,0.0
atr_pct & ret_96,0.46..0.551 & -inf..-4.32,21293,0.833327136768109,0.30441929272530877,-0.4807268406714902,-0.0868473236435966,0.05523711812901766,-51.25367964646361,0.0,0.0
dist_high_20 & ema200_rel,0.708..1 & -3.06..-1.57,37793,1.4790744601454535,0.3139999470801471,-0.48290506107701814,-0.06077768221628201,0.053058897723489706,-67.48734448901124,0.0,0.0
ema200_rel & ret_16,1.36..2.88 & 0.781..1.63,70327,2.75233163703991,0.3156113583687631,-0.48343335545797084,-0.06151685887346144,0.05253060334253701,-92.27593898503127,0.0,0.0
ema200_rel & ema50_rel,0.54..1.36 & -0.701..-0.299,23888,0.9348855794447277,0.3050485599464166,-0.48367250483799934,-0.09000791038635055,0.052291453962508505,-54.18996480428561,0.0,0.0
ema200_rel & ret_96,-0.716..-0.0819 & -4.32..-2.24,23825,0.9324199987554688,0.30169989506820566,-0.4842755230339569,-0.10009263833003512,0.051688435766550966,-54.46625821890546,0.0,0.0
up_from_low_30d & ret_96,-inf..5.06 & -4.32..-2.24,55591,2.175620572961816,0.31999784137720133,-0.4845661407535711,-0.04494143147800164,0.05139781804693677,-81.56811771457284,0.0,0.0
dist_high_20 & ret_16,1.39..1.96 & -1.65..-0.793,122026,4.775634114087506,0.30979463393047385,-0.4846448582717331,-0.07251042200392037,0.05131910052877475,-122.5456886713227,0.0,0.0
dist_low_20 & dist_high_20,1.46..2.04 & 0.241..0.463,44789,1.7528713252574477,0.3168635155953471,-0.4848050605016331,-0.05141089085015957,0.051158898298874766,-74.04366514404178,0.0,0.0
ema50_rel & ret_96,0.654..1.38 & -2.24..-0.984,19883,0.7781450927704087,0.28833677010511494,-0.4849156039429724,-0.14263181353508175,0.05104835485753545,-50.86438637215306,0.0,0.0
ema200_rel & ret_96,-0.716..-0.0819 & 0.849..2.07,31526,1.233807885866313,0.3316627545517985,-0.4851662955434801,-0.010040187088042787,0.050797663257027725,-60.88716781746739,0.0,0.0
atr_pct & ret_16,0.46..0.551 & 0.781..1.63,53414,2.0904210624774233,0.3044894596922155,-0.4855423820658025,-0.08849904478592267,0.05042157673470532,-82.38658590011951,0.0,0.0
dist_low_20 & ret_16,1.46..2.04 & 0.781..1.63,117776,4.609305258066069,0.3105131775573971,-0.4866414181002637,-0.0721861639734162,0.049322540700244166,-121.18082438636701,0.0,0.0
up_from_low_30d & ret_16,17.3..23 & 0.781..1.63,45089,1.7646121856824903,0.30470846547938524,-0.4866906327777022,-0.09200832923310502,0.04927332602280565,-75.3356197659228,0.0,0.0
ema200_rel & ema50_rel,-0.0819..0.54 & 0.654..1.38,32375,1.2670345208691838,0.31261776061776064,-0.48720054696437093,-0.07115380418031701,0.048763411836136916,-63.54156152083976,0.0,0.0
atr_pct & ema200_rel,0.46..0.551 & -0.0819..0.54,35804,1.401232555527421,0.3041559602279075,-0.48791502389920266,-0.08973909265324034,0.048048934901305185,-67.8423205512629,0.0,0.0
atr_pct & ret_16,0.46..0.551 & 1.63..inf,27073,1.0595343809572637,0.3041775939127544,-0.4880863364752659,-0.09414827531800697,0.04787762232524195,-59.18599824013327,0.0,0.0
ema200_rel & ret_16,-0.716..-0.0819 & 0.781..1.63,30577,1.1966676307217616,0.3143212218334042,-0.4884362873130905,-0.06132151006349806,0.04752767148741732,-61.83774141528623,0.0,0.0
dist_low_20 & ret_96,1.08..1.46 & -2.24..-0.984,41869,1.638593617120366,0.31096993001982376,-0.4890991641014815,-0.06922334721021152,0.046864794699026324,-72.49521233782608,0.0,0.0
up_from_low_30d & ema50_rel,-inf..5.06 & -1.44..-0.701,49445,1.9350894790541093,0.31792901203357266,-0.4904646471978227,-0.04683045198347756,0.045499311602685166,-77.8732268045067,0.0,0.0
up_from_low_30d & ret_16,-inf..5.06 & -1.65..-0.793,42905,1.67913872178818,0.3196364060132852,-0.49079463607174023,-0.04194908411368084,0.045169322728767614,-72.26341837196878,0.0,0.0
ema50_rel & ret_16,0.272..0.654 & -0.793..-0.331,21699,0.8492164345433334,0.3022259090280658,-0.49088842924858256,-0.09754941486672307,0.045075529551925286,-52.93315885296587,0.0,0.0
atr_pct & dist_low_20,0.46..0.551 & -inf..0.288,31605,1.236899645778241,0.3026736275905711,-0.49170940682397446,-0.0930439334160484,0.044254551976533385,-63.8849040279533,0.0,0.0
ret_96 & ret_16,2.07..4.36 & -0.793..-0.331,33265,1.3018657401301434,0.3088230873290245,-0.4936930142362039,-0.07696876895620529,0.04227094456430397,-65.07556009732723,0.0,0.0
atr_pct & ema50_rel,0.46..0.551 & 1.38..inf,27949,1.093817693398388,0.3012630147769151,-0.493775468589315,-0.09974030123527639,0.042188490211192864,-60.84338815436349,0.0,0.0
ema50_rel & ret_96,-1.44..-0.701 & -2.24..-0.984,67661,2.647994524062698,0.31455343550937764,-0.49383578099707626,-0.05793366396637247,0.04212817780343159,-92.33124980351812,0.0,0.0
atr_pct & ret_96,0.46..0.551 & 4.36..inf,26880,1.0519810940838197,0.30033482142857143,-0.49386615063843176,-0.0997556683066105,0.04209780816207609,-59.59929904495906,0.0,0.0
dist_high_20 & ema200_rel,0.463..0.708 & -3.06..-1.57,29293,1.146416748102579,0.31597992694500393,-0.4943868406309207,-0.05662380438099829,0.041577118169587146,-60.7737215234349,0.0,0.0
dist_high_20 & ret_96,1..1.39 & 0.849..2.07,39463,1.5444319165115243,0.31404100043078326,-0.4944137616540346,-0.06352197774045389,0.04155019714647323,-71.06395935972334,0.0,0.0
ema200_rel & ret_16,-0.0819..0.54 & -1.65..-0.793,29366,1.1492736908060062,0.30821358033099505,-0.4946954055446622,-0.0767714501786072,0.041268553255845664,-61.43859769743873,0.0,0.0
ret_96 & ret_16,-4.32..-2.24 & -0.793..-0.331,44756,1.7515798306106931,0.31206989007060504,-0.49474799950648796,-0.0662165922053613,0.04121595929401989,-75.1021632319761,0.0,0.0
dist_low_20 & up_from_low_30d,1.08..1.46 & -inf..5.06,34880,1.3650707054182898,0.31674311926605503,-0.4956847570216863,-0.05143023052552095,0.04027920177882155,-66.20872666278616,0.0,0.0
ret_96 & ret_16,-0.0473..0.849 & -1.65..-0.793,31606,1.2369387819796578,0.31259887363158895,-0.49569937006343395,-0.06370241088298353,0.04026458873707389,-63.51890753538526,0.0,0.0
up_from_low_30d & ema50_rel,17.3..23 & 0.654..1.38,46634,1.82507761687146,0.30432731483466996,-0.4958185028465932,-0.09484203289841309,0.040145455953914666,-78.19017093179157,0.0,0.0
dist_low_20 & ret_96,0.524..0.777 & -4.32..-2.24,43239,1.692210213061394,0.30870279146141216,-0.49674346721289164,-0.074096025082017,0.0392204915876162,-74.50549743297796,0.0,0.0
dist_low_20 & ema50_rel,0.288..0.524 & -1.44..-0.701,55041,2.1540956621825713,0.30924220126814556,-0.4972128066635231,-0.07321792816304082,0.03875115213698477,-84.30769641158516,0.0,0.0
atr_pct & up_from_low_30d,0.46..0.551 & 5.06..8.62,38082,1.4903848223549114,0.30087705477653487,-0.49750287900865586,-0.09877781331698121,0.03846107979185198,-71.87475910652414,0.0,0.0
up_from_low_30d & ema200_rel,5.06..8.62 & -3.06..-1.57,43080,1.6859875570361216,0.3072191272051996,-0.4976867431056438,-0.08260425665009148,0.03827721569486403,-75.22948597748606,0.0,0.0
dist_high_20 & ema50_rel,1..1.39 & -0.00928..0.272,34640,1.3556780170782556,0.30219399538106234,-0.49779782191906025,-0.09547693722953583,0.0381661368814476,-67.66136814702845,0.0,0.0
dist_low_20 & ret_16,1.46..2.04 & 1.63..inf,7958,0.31144589087496416,0.3127670268911787,-0.4986347183382366,-0.06657618893690197,0.03732924046227126,-32.256545968459726,0.0,0.0
ema200_rel & ema50_rel,1.36..2.88 & 0.654..1.38,107583,4.210389957024537,0.31542158147662736,-0.498868067371079,-0.061488719957292326,0.03709589142942882,-117.70972383491238,0.0,0.0
atr_pct & ret_16,0.46..0.551 & -inf..-1.65,21062,0.8242866742408261,0.2978824423131706,-0.49956953178101493,-0.10611767983364152,0.036394427019492914,-53.455735554686825,0.0,0.0
up_from_low_30d & ret_16,23..31.2 & -0.793..-0.331,37970,1.4860015677962288,0.30824335001316827,-0.4997208794534454,-0.07861648949812494,0.036243079347062446,-70.01161136674428,0.0,0.0
dist_low_20 & up_from_low_30d,1.08..1.46 & 17.3..23,43852,1.716200704529898,0.3006248289701724,-0.5001233016078729,-0.09990418238780283,0.03584065719263496,-76.54628369913942,0.0,0.0
up_from_low_30d & ret_16,23..31.2 & 0.332..0.781,40034,1.566778687520522,0.31445771094569613,-0.5005382590439955,-0.06031208264345563,0.03542569975651233,-71.65985509605224,0.0,0.0
ema200_rel & ema50_rel,-1.57..-0.716 & 0.272..0.654,25097,0.9822012469576495,0.3022672032513846,-0.500787031070726,-0.09860140694398914,0.03517692772978187,-57.89148274943974,0.0,0.0
ret_96 & ret_16,-2.24..-0.984 & 0.781..1.63,32477,1.2710264134136982,0.30005850294054254,-0.5008946050879653,-0.10410344858373441,0.035069353712542495,-66.16581564065376,0.0,0.0
up_from_low_30d & ret_96,17.3..23 & 2.07..4.36,48857,1.9120773926210257,0.30419387191190617,-0.5012501976365876,-0.09337408296229528,0.03471376116392022,-80.79040024238023,0.0,0.0
atr_pct & ema200_rel,0.46..0.551 & 0.54..1.36,43878,1.7172182457667349,0.29919321755777384,-0.5022264988012768,-0.10425531646581364,0.033737459999231056,-77.57897138729642,0.0,0.0
dist_high_20 & ret_96,0.708..1 & -4.32..-2.24,37841,1.4809529978134603,0.30778784915832036,-0.5028435403275426,-0.07911348464358083,0.03312041847296521,-70.67861049347236,0.0,0.0
dist_low_20 & ret_96,0.777..1.08 & 2.07..4.36,39842,1.5592645368484948,0.3174790422167562,-0.5037563807495163,-0.04956207750096119,0.0322075780509915,-71.85201593416527,0.0,0.0
dist_low_20 & ema200_rel,1.08..1.46 & 1.36..2.88,50038,1.958297246494277,0.3103441384547744,-0.5046401937212762,-0.07455164561278334,0.031323765079231625,-81.54342884255938,0.0,0.0
up_from_low_30d & ema200_rel,-inf..5.06 & -3.06..-1.57,62331,2.439398570511107,0.31836485857759383,-0.5047116235431779,-0.049522937613088555,0.031252335257329955,-90.27989921402977,0.0,0.0
dist_low_20 & ema200_rel,1.46..2.04 & 0.54..1.36,41678,1.6311186026497557,0.30140601756322283,-0.505141845799679,-0.10021281347586695,0.03082211300082882,-75.62408382332626,0.0,0.0
dist_low_20 & up_from_low_30d,0.288..0.524 & 31.2..48,26815,1.049437240991727,0.3044564609360433,-0.5052290441995335,-0.08904705313199704,0.030734914600974328,-59.50633178589034,0.0,0.0
ema50_rel & ret_96,-0.701..-0.299 & -4.32..-2.24,59439,2.326216676013696,0.3135483436800754,-0.5060044304274958,-0.06139510928674055,0.02995952837301208,-88.30662119231653,0.0,0.0
ema200_rel & ret_96,1.36..2.88 & 2.07..4.36,141150,5.524074829982557,0.3099822883457315,-0.5065785604507287,-0.07718804474480072,0.029385398349779157,-137.61988420673757,0.0,0.0
dist_low_20 & ret_16,0.288..0.524 & -1.65..-0.793,61318,2.39975359847588,0.3051469389086402,-0.5070712879075637,-0.0858862180035174,0.028892670892944117,-91.12999089971376,0.0,0.0
dist_high_20 & up_from_low_30d,1.39..1.96 & 5.06..8.62,33236,1.3007307902890561,0.30030689613671924,-0.5077930287482217,-0.10428985647030717,0.028170930052286103,-68.09098195314658,0.0,0.0
dist_high_20 & up_from_low_30d,0.463..0.708 & 23..31.2,38613,1.5111661453072367,0.3146349674979929,-0.5081483254522409,-0.061574332187668696,0.027815633348266977,-71.44244330805836,0.0,0.0
ema200_rel & ret_96,0.54..1.36 & -2.24..-0.984,16507,0.6460212767872623,0.2887259950324105,-0.5083296563772812,-0.1395133635446709,0.02763430242322662,-48.208203077324924,0.0,0.0
dist_low_20 & ema50_rel,1.08..1.46 & -0.00928..0.272,40703,1.5929608062683671,0.31086160725253664,-0.5086635881116703,-0.06997158960617278,0.027300370688837505,-74.30709134692222,0.0,0.0
dist_high_20 & ret_16,0.241..0.463 & 0.781..1.63,64020,2.505499614704097,0.31166822867853794,-0.5089942466518229,-0.06956833476684235,0.026969712148684932,-93.14878585347824,0.0,0.0
ema200_rel & ema50_rel,-1.57..-0.716 & -1.44..-0.701,70585,2.7624287770054465,0.3117092866756393,-0.5091304984029703,-0.06572082510475957,0.026833460397537534,-97.38816289713554,0.0,0.0
dist_high_20 & ret_96,-inf..0.241 & -4.32..-2.24,21662,0.8477683950909114,0.32356199796879326,-0.5097894057041866,-0.03158035473774589,0.026174553096321218,-53.3907975275144,0.0,0.0
dist_low_20 & ema200_rel,0.288..0.524 & -3.06..-1.57,43830,1.715339708098728,0.3104266484143281,-0.509849760300405,-0.07026325768051615,0.02611419850010288,-76.89242994425295,0.0,0.0
ema200_rel & ret_96,-1.57..-0.716 & -4.32..-2.24,69209,2.708577363855918,0.3104509529107486,-0.5099818278847733,-0.07040273933712092,0.025982130915734536,-96.50056564402698,0.0,0.0
dist_high_20 & ema50_rel,0.708..1 & 0.272..0.654,42711,1.6715462987133192,0.30472243684296785,-0.510066275961354,-0.08793831595698956,0.025897682839153835,-76.97743390904128,0.0,0.0
ema50_rel & ret_16,-0.701..-0.299 & -1.65..-0.793,70168,2.7461089810146375,0.31019838102838904,-0.5102307712080218,-0.07223650726679688,0.025733187592485995,-97.19372531358839,0.0,0.0
dist_low_20 & up_from_low_30d,-inf..0.288 & 31.2..48,23192,0.9076467832586288,0.30540703690927906,-0.5112142370958854,-0.08563438063787984,0.02474972170462242,-55.82911893327838,0.0,0.0
up_from_low_30d & ema50_rel,23..31.2 & 0.272..0.654,40330,1.5783630031398974,0.31291842301016615,-0.5112633192947881,-0.06523205196213865,0.024700639505719768,-73.59937222461907,0.0,0.0
ema50_rel & ret_16,-0.701..-0.299 & 0..0.332,31333,1.226254598992869,0.3214821434270577,-0.511341612661965,-0.03480988515404461,0.02462234613854286,-64.1972531646559,0.0,0.0
dist_low_20 & dist_high_20,0.288..0.524 & 1.39..1.96,45422,1.7776445407542876,0.3052485579675047,-0.5123969871277594,-0.08425122734403404,0.02356697167274846,-79.49076559462006,0.0,0.0
ret_96 & ret_16,-4.32..-2.24 & 0..0.332,29674,1.1613276408423832,0.3135741726764171,-0.5129772806631668,-0.05961445854954199,0.02298667813734101,-63.14866514004237,0.0,0.0
dist_low_20 & ret_16,0.777..1.08 & -0.331..0,46801,1.831613362508067,0.30864725112711267,-0.5132930090334653,-0.07474912771646995,0.022670949767042536,-80.37141181926812,0.0,0.0
ema50_rel & ret_96,-0.299..-0.00928 & -4.32..-2.24,35280,1.3807251859850131,0.31238662131519274,-0.5133676510868398,-0.06386306436413243,0.02259630771366805,-68.92980009357731,0.0,0.0
ema50_rel & ret_96,0.654..1.38 & -0.984..-0.0473,24731,0.9678773972390975,0.29469087380211073,-0.5135285803639337,-0.12347510734238126,0.02243537843657417,-59.52537466936539,0.0,0.0
dist_high_20 & ret_96,0.463..0.708 & 2.07..4.36,44566,1.7441439523414994,0.31364717497643946,-0.5140244191175188,-0.06419822872930571,0.021939539682989007,-78.16447554681952,0.0,0.0
dist_high_20 & ema50_rel,1..1.39 & -0.299..-0.00928,46302,1.8120843980010795,0.30994341497127553,-0.5141561477285889,-0.07050803707254107,0.02180781107191898,-79.86739772143223,0.0,0.0
atr_pct & dist_low_20,0.46..0.551 & 3.14..inf,8089,0.31657273326056606,0.29435035233032514,-0.5142583057054458,-0.12429050314381188,0.021705653095062005,-34.45787311828628,0.0,0.0
dist_high_20 & up_from_low_30d,1..1.39 & 12.6..17.3,41493,1.623878405387646,0.3042440893644711,-0.5144742707093479,-0.09333665371917127,0.02148968809115992,-76.32533222385375,0.0,0.0
ret_96 & ret_16,2.07..4.36 & 0.332..0.781,46427,1.8169764231781804,0.3196415878691279,-0.5160466819959709,-0.046164052405420306,0.01991727680453692,-79.16383153325671,0.0,0.0
dist_high_20 & ret_16,0.708..1 & 0..0.332,42235,1.6529174668389182,0.310595477684385,-0.5161651943382493,-0.06862662164980607,0.01979876446225859,-76.6165068842154,0.0,0.0
ema200_rel & ret_16,-0.716..-0.0819 & -1.65..-0.793,38363,1.5013820949530345,0.31272319683027916,-0.5165669402743805,-0.06379424347219123,0.019397018526127296,-72.6021526173383,0.0,0.0
up_from_low_30d & ret_96,12.6..17.3 & 2.07..4.36,46710,1.8280519681791374,0.3096981374438022,-0.5166724322323871,-0.07747000816349942,0.01929152656812072,-80.50375898509438,0.0,0.0
ret_96 & ret_16,-2.24..-0.984 & -1.65..-0.793,54354,2.1272090918092235,0.3097472127166354,-0.5175359601686533,-0.07332455930611684,0.018427998631854514,-87.08824891189381,0.0,0.0
dist_low_20 & dist_high_20,1.08..1.46 & 0.463..0.708,42134,1.6489647104958205,0.31055679498742106,-0.520487408040515,-0.06973118386128879,0.01547655075999288,-77.44068659785935,0.0,0.0
up_from_low_30d & ret_16,12.6..17.3 & 0.781..1.63,42533,1.6645800548611271,0.3044694707638775,-0.5208542600512316,-0.09320135398297263,0.015109698749276257,-78.07907243546379,0.0,0.0
dist_high_20 & ret_96,0.463..0.708 & -4.32..-2.24,32597,1.2757227575837153,0.31091818265484555,-0.5215069991390306,-0.06991560731299787,0.014456959661477198,-67.57339719137416,0.0,0.0
ema50_rel & ret_16,0.654..1.38 & 0.781..1.63,122082,4.777825741366848,0.3066299700201504,-0.5224150161554451,-0.0858281226350341,0.01354894264506279,-132.19792943133422,0.0,0.0
dist_high_20 & ema50_rel,0.708..1 & -1.44..-0.701,22542,0.8822082523377032,0.3109750687605359,-0.522597330972512,-0.06826102483001557,0.013366627827995803,-56.29400231174675,0.0,0.0
up_from_low_30d & ret_96,5.06..8.62 & -4.32..-2.24,37660,1.473869345357018,0.3039298990971853,-0.5226249337355241,-0.09227243359695012,0.013339025064983745,-73.83210953052478,0.0,0.0
dist_low_20 & ema50_rel,0.524..0.777 & -0.701..-0.299,50327,1.9696076087037346,0.31668885488902576,-0.5229426773935916,-0.04943524117933367,0.013021281406916274,-83.87424940033534,0.0,0.0
ema200_rel & ret_96,0.54..1.36 & 2.07..4.36,65761,2.573635741370761,0.3110202095466918,-0.5232167572175247,-0.07131516974528601,0.012747201582983148,-96.4268072060861,0.0,0.0
ema200_rel & ret_96,-1.57..-0.716 & -0.0473..0.849,30706,1.20171620070453,0.3130658503224126,-0.5240223713934535,-0.0637378945253931,0.01194158740705431,-65.28601372490948,0.0,0.0
up_from_low_30d & ema50_rel,17.3..23 & -0.701..-0.299,38958,1.5246681347960358,0.31051388674983316,-0.5251528941519844,-0.07159378659250339,0.010811064648523439,-74.09063565624443,0.0,0.0
ema200_rel & ret_16,-1.57..-0.716 & -1.65..-0.793,57953,2.268060280708318,0.31040670888478594,-0.5253605189628067,-0.07006935465473905,0.010603439837701178,-91.08152019161331,0.0,0.0
dist_high_20 & up_from_low_30d,0.708..1 & 17.3..23,42520,1.6640712842427086,0.30475070555032924,-0.5256556621494516,-0.08905279023520435,0.010308296651056259,-78.5590872102799,0.0,0.0
dist_high_20 & ema50_rel,0.241..0.463 & 0.654..1.38,58971,2.3079009337506298,0.3094063183598718,-0.5259706073915605,-0.07629745746572217,0.009993351408947304,-92.5889325157445,0.0,0.0
atr_pct & ema50_rel,0.373..0.46 & -0.701..-0.299,53969,2.1121416542637523,0.3184420685949341,-0.5260989239727141,-0.04336162734364271,0.009865034827793773,-88.20343554196688,0.0,0.0
dist_high_20 & ema200_rel,0.463..0.708 & 1.36..2.88,45111,1.7654731821136602,0.30702046064152866,-0.5262855997228953,-0.08566738296696651,0.009678359077612497,-81.20873789022522,0.0,0.0
ema200_rel & ret_16,1.36..2.88 & -0.331..0,32506,1.2721613632547857,0.30828154802190366,-0.5267327343245485,-0.07893542220792556,0.009231224475959365,-68.48229153558694,0.0,0.0
up_from_low_30d & ret_16,8.62..12.6 & -1.65..-0.793,38714,1.5151189016503346,0.3014929999483391,-0.5268004344620562,-0.09830789617191162,0.00916352433845169,-75.72284326418993,0.0,0.0
dist_high_20 & ret_96,0.241..0.463 & -4.32..-2.24,27055,1.0588299293317611,0.3178710035113657,-0.5268515250478617,-0.05063159758705691,0.009112433752646143,-61.90869831709036,0.0,0.0
up_from_low_30d & ema50_rel,12.6..17.3 & 0.654..1.38,44217,1.730485418047033,0.3047244272564851,-0.5271292235414982,-0.09177613164675129,0.008834735259009685,-80.52211509715374,0.0,0.0
dist_high_20 & ema200_rel,1..1.39 & 0.54..1.36,37970,1.4860015677962288,0.2970766394521991,-0.5271520330407768,-0.11085493521385845,0.008811925759730999,-75.54557041646979,0.0,0.0
dist_low_20 & up_from_low_30d,1.08..1.46 & 8.62..12.6,40270,1.576014831054889,0.310032282095853,-0.528051513809275,-0.0725443986743797,0.007912444991232892,-76.86792300512123,0.0,0.0
atr_pct & ret_96,0.373..0.46 & -inf..-4.32,11647,0.4558193379015717,0.31518846054778055,-0.5290903496733038,-0.053044074063851386,0.006873609127204028,-41.16914149842361,0.0,0.0
dist_low_20 & ema200_rel,1.08..1.46 & -0.716..-0.0819,36941,1.4457304165383325,0.3075715329850302,-0.5290943747536389,-0.07644621034673942,0.006869584046868993,-73.83380727359686,0.0,0.0
up_from_low_30d & ema200_rel,17.3..23 & 1.36..2.88,51287,2.007178362063871,0.29642989451517926,-0.5290993539135994,-0.11670633546182188,0.006864604886908432,-87.95664904232463,0.0,0.0
up_from_low_30d & ema50_rel,5.06..8.62 & -1.44..-0.701,37579,1.4706993130422565,0.30059341653583116,-0.5304457479070568,-0.09960529725909296,0.005518210893451059,-75.15068747545789,0.0,0.0
up_from_low_30d & ema200_rel,23..31.2 & 0.54..1.36,42975,1.6818782558873566,0.3079464805119255,-0.5309605399552385,-0.0804207334664976,0.005003418845269336,-79.00540518321482,0.0,0.0
dist_low_20 & up_from_low_30d,1.08..1.46 & 12.6..17.3,42966,1.6815260300746053,0.30084252664897826,-0.5312450132518295,-0.10099560396476355,0.004718945548678355,-80.2515399380015,0.0,0.0
dist_low_20 & ret_96,0.288..0.524 & -4.32..-2.24,41085,1.607910835209588,0.30590239746866255,-0.5329124899103733,-0.0826453363267667,0.0030514688901345233,-77.77005253240425,0.0,0.0
dist_high_20 & ema50_rel,1..1.39 & -1.44..-0.701,53341,2.0875641197739965,0.30694962599126374,-0.5337493879650053,-0.0785008537126994,0.002214570835502583,-88.72411629432611,0.0,0.0
dist_high_20 & ret_96,0.241..0.463 & 2.07..4.36,43693,1.7099780485046252,0.31906712745748744,-0.5337777689576058,-0.045938169085632245,0.0021861898429020865,-79.61854900101928,0.0,0.0
ema200_rel & ema50_rel,1.36..2.88 & -0.00928..0.272,32989,1.2910641485391043,0.3007062960380733,-0.5341847970095385,-0.10116297016666119,0.0017791617909693747,-70.21350079262822,0.0,0.0
up_from_low_30d & ret_96,23..31.2 & 0.849..2.07,39686,1.5531592894274726,0.30549816056039913,-0.5342222220736618,-0.08956014089104386,0.001741736726846077,-76.84022584189981,0.0,0.0
ema50_rel & ret_16,0.654..1.38 & 0.332..0.781,64446,2.5221716365076574,0.3101356174161313,-0.5345563445163555,-0.07576263656254545,0.0014076142841523698,-97.51284345542527,0.0,0.0
ema50_rel & ret_96,-0.00928..0.272 & 2.07..4.36,34980,1.3689843255599705,0.3103201829616924,-0.5348844778815997,-0.07176951776097372,0.0010794809189081933,-71.42587851349849,0.0,0.0
atr_pct & ema200_rel,0.373..0.46 & -inf..-3.06,8660,0.3389195042695639,0.3132794457274827,-0.5352408299094881,-0.05985513023511584,0.0007231288910197753,-36.015533424994146,0.0,0.0
ret_96 & ret_16,-0.984..-0.0473 & 0.781..1.63,32610,1.2762315282021337,0.30361852192578964,-0.5354409884041559,-0.09177334383553717,0.0005229703963519627,-70.27445576314095,0.0,0.0
dist_low_20 & ema200_rel,0.777..1.08 & -1.57..-0.716,44710,1.74977956534552,0.30742563184969807,-0.5364912337113976,-0.0761952074083821,-0.0005272749108897745,-82.01446670985821,0.0,0.0
ema50_rel & ret_96,0.654..1.38 & -0.0473..0.849,35443,1.387104386815953,0.3029088959738171,-0.5367822625536721,-0.09872180875869324,-0.0008183037531642734,-73.57910601746974,0.0,0.0
up_from_low_30d & ema200_rel,17.3..23 & -1.57..-0.716,38102,1.4911675463832474,0.3005354049656186,-0.5370842563691512,-0.09821109596125512,-0.0011202975686434025,-75.79322260377552,0.0,0.0
ret_96 & ret_16,-4.32..-2.24 & -0.331..0,37282,1.4590758612214643,0.30634086154176277,-0.5373821139599994,-0.08177340164609788,-0.0014181551594915076,-74.56292026719989,0.0,0.0
ema50_rel & ret_16,-0.299..-0.00928 & 0.332..0.781,34794,1.3617049920964441,0.31485313559809164,-0.5374650995852891,-0.05577789727183165,-0.001501140784781252,-71.48104047230456,0.0,0.0
dist_low_20 & ret_16,1.08..1.46 & 0.332..0.781,81069,3.1727327126592697,0.31040224993524035,-0.5378768226031725,-0.07020353684680333,-0.0019128638026646438,-110.54306199358956,0.0,0.0
atr_pct & up_from_low_30d,0.373..0.46 & 31.2..48,28933,1.132327715592528,0.3129644350741368,-0.5384004644962462,-0.06092819374618722,-0.002436505695738389,-66.18681950946049,0.0,0.0
dist_low_20 & ret_16,0.524..0.777 & -0.793..-0.331,52281,2.046079746272179,0.30506302480824776,-0.5395249789327091,-0.08326583529338207,-0.0035610201322012758,-89.19307551440423,0.0,0.0
ema200_rel & ret_96,1.36..2.88 & 0.849..2.07,70094,2.7432129021097933,0.30573230233686194,-0.5403034650866844,-0.09001893826703178,-0.00433950628617652,-103.19489765336574,0.0,0.0
atr_pct & up_from_low_30d,0.373..0.46 & 12.6..17.3,49107,1.9218614429752279,0.31305109251226915,-0.5404954504740872,-0.059848666655411595,-0.0045314916735793576,-86.79032820525495,0.0,0.0
ret_96 & ret_16,2.07..4.36 & -0.331..0,35165,1.3762245228220802,0.3101947959618939,-0.540699400130505,-0.07101252791404443,-0.004735441329997148,-72.75215054164839,0.0,0.0
ema50_rel & ret_16,0.272..0.654 & 0.781..1.63,65453,2.561581791334384,0.3043405191511466,-0.5411249233409728,-0.09033230241189838,-0.005160964540464996,-100.12751890426979,0.0,0.0
dist_low_20 & dist_high_20,0.777..1.08 & 0.708..1,40987,1.6040754874707408,0.3036572571791056,-0.5412719573372216,-0.08782551352735658,-0.0053079985367137095,-79.85059173070337,0.0,0.0
up_from_low_30d & ret_16,8.62..12.6 & 0.781..1.63,39868,1.5602820780853317,0.30648640513695197,-0.5415335801012594,-0.08721387224581272,-0.005569621300751559,-78.65626370345575,0.0,0.0
up_from_low_30d & ema200_rel,12.6..17.3 & 1.36..2.88,49362,1.9318411743365143,0.30638953040800615,-0.542114044116987,-0.08846590696064609,-0.0061500853164792035,-87.20186852093947,0.0,0.0
dist_low_20 & ret_96,1.08..1.46 & -0.984..-0.0473,36354,1.4227574663066658,0.306183638664246,-0.5424117752338682,-0.08333150388537529,-0.006447816433360343,-75.06334952074175,0.0,0.0
dist_low_20 & ema50_rel,0.777..1.08 & -0.299..-0.00928,42073,1.646577402209395,0.31034154921208373,-0.5426793002626528,-0.06914215106310195,-0.006715341462144919,-80.06185145280959,0.0,0.0
atr_pct & ema200_rel,0.373..0.46 & -0.716..-0.0819,48368,1.8929397901282063,0.31247932517366855,-0.5432296096123347,-0.06000095635180272,-0.00726565081182684,-86.89878767750234,0.0,0.0
ema200_rel & ret_16,-1.57..-0.716 & 0.332..0.781,35724,1.3981016594140763,0.3131508229761505,-0.543357750529384,-0.06028905207680224,-0.007393791728876109,-73.62434546865951,0.0,0.0
dist_low_20 & dist_high_20,0.524..0.777 & 1..1.39,42522,1.6641495566455422,0.3016791308028785,-0.5436149544802487,-0.09513553893651162,-0.007650995679740813,-81.71682062888634,0.0,0.0
ret_96 & ret_16,-0.984..-0.0473 & -1.65..-0.793,38938,1.5238854107676996,0.30448405156916125,-0.5441898718032586,-0.08778885574374387,-0.008225913002750773,-77.65097769368867,0.0,0.0
dist_high_20 & ema200_rel,1..1.39 & -0.0819..0.54,35309,1.3818601358261007,0.30697555863944037,-0.5444187521456939,-0.08042404484723432,-0.008454793345186062,-74.05676137538146,0.0,0.0
atr_pct & ema50_rel,0.46..0.551 & -inf..-1.44,19260,0.7537632392877368,0.28219106957424717,-0.544768664412831,-0.15192507480390008,-0.00880470561232316,-56.48548834440265,0.0,0.0
atr_pct & ret_96,0.373..0.46 & -4.32..-2.24,45081,1.764299096071156,0.31090703400545683,-0.5452304715996681,-0.06584517248345151,-0.009266512799160243,-84.0362512153945,0.0,0.0
atr_pct & ret_96,0.373..0.46 & 2.07..4.36,50889,1.991602153899981,0.3122482265322565,-0.5455110818169876,-0.06474587784365075,-0.009547123016479753,-89.42601555374233,0.0,0.0
dist_high_20 & ret_16,1..1.39 & -0.793..-0.331,89980,3.5214754034844526,0.3073349633251834,-0.5468608016632956,-0.07677672580800331,-0.010896842862787803,-118.21126271515016,0.0,0.0
atr_pct & ema200_rel,0.373..0.46 & -3.06..-1.57,46037,1.801713304625625,0.3106414405804027,-0.5472055165811854,-0.06784382990025989,-0.011241557780677591,-85.2295954559213,0.0,0.0
up_from_low_30d & ret_96,8.62..12.6 & 2.07..4.36,42317,1.6561266353550965,0.3075596096131578,-0.5475404610779633,-0.08563158226497444,-0.011576502277455436,-81.57569545739264,0.0,0.0
atr_pct & dist_low_20,0.373..0.46 & 1.08..1.46,54659,2.13914563324135,0.31112899979875225,-0.5475832119882932,-0.06653772669469571,-0.011619253187785339,-93.18113496307737,0.0,0.0
dist_low_20 & up_from_low_30d,0.524..0.777 & 23..31.2,36655,1.4345374629331253,0.3020597462829082,-0.547677058352156,-0.09432024490714985,-0.01171309955164812,-75.49080709394183,0.0,0.0
dist_low_20 & dist_high_20,1.46..2.04 & -inf..0.241,48313,1.8907872990502819,0.3153395566410697,-0.5485299255682434,-0.05484992268561231,-0.012565966767735581,-86.73156404961607,0.0,0.0
atr_pct & ret_16,0.373..0.46 & -0.793..-0.331,53380,2.089090431629252,0.31017234919445485,-0.5492451298602913,-0.06662909383639769,-0.013281171059783436,-92.1491639444803,0.0,0.0
atr_pct & ret_16,0.373..0.46 & 0.332..0.781,51690,2.022950251234845,0.31135616173341074,-0.549817791115512,-0.06693242359045948,-0.013853832315004144,-90.98995805728852,0.0,0.0
dist_high_20 & up_from_low_30d,1..1.39 & 8.62..12.6,40308,1.5775020067087278,0.3018507492309219,-0.5513441888504875,-0.0959565304225518,-0.015380230049979682,-80.71653854244154,0.0,0.0
dist_low_20 & ret_96,0.777..1.08 & -2.24..-0.984,44850,1.7552586335438731,0.30606465997770343,-0.5515810687873833,-0.08100510428732559,-0.015617109986875488,-84.32099994103385,0.0,0.0
dist_high_20 & ret_16,0.463..0.708 & 0.332..0.781,53599,2.097661259739533,0.30537883169462116,-0.5517077888477698,-0.08596958396282657,-0.015743830047261986,-92.66253033292578,0.0,0.0
up_from_low_30d & ret_96,17.3..23 & -2.24..-0.984,38021,1.487997514068486,0.2990452644591147,-0.55173182153787,-0.10517843342836844,-0.015767862737362193,-77.7221359211015,0.0,0.0
atr_pct & up_from_low_30d,0.373..0.46 & 48..inf,10996,0.4303416707792292,0.30856675154601676,-0.552206301157904,-0.07507269298536512,-0.01624234235739619,-41.98580409973786,0.0,0.0
up_from_low_30d & ema50_rel,8.62..12.6 & 0.654..1.38,41142,1.6101415986903462,0.3046521802537553,-0.5524802756487885,-0.09219005844694463,-0.0165163168482807,-81.7421130260092,0.0,0.0
dist_low_20 & ema200_rel,0.777..1.08 & 1.36..2.88,39957,1.5637652000114277,0.30552844307630705,-0.5525219718726879,-0.08593212238052797,-0.016558013072180078,-79.60255040798663,0.0,0.0
dist_low_20 & up_from_low_30d,0.777..1.08 & 17.3..23,42235,1.6529174668389182,0.2983070912750089,-0.5530463760433265,-0.10583318704666976,-0.01708241724281867,-82.72947872060472,0.0,0.0
ret_96 & ret_16,2.07..4.36 & 0..0.332,34212,1.3389277228718615,0.31550333216415294,-0.5538082280715859,-0.056310980102847845,-0.017844269271078073,-72.76597503021834,0.0,0.0
atr_pct & dist_high_20,0.373..0.46 & 0.241..0.463,48705,1.9061286900056709,0.3099065804332204,-0.555260153379692,-0.07125716040199145,-0.01929619457918419,-89.31260341538375,0.0,0.0
dist_high_20 & ema200_rel,0.241..0.463 & 1.36..2.88,46503,1.8199507744858578,0.31122723265165686,-0.5557615496210543,-0.07021180566304426,-0.01979759082054644,-86.0855480572679,0.0,0.0
atr_pct & ema200_rel,0.373..0.46 & -1.57..-0.716,57132,2.2359294593451184,0.3078659945389624,-0.5561700499301037,-0.07380910332190245,-0.020206091129595816,-96.8259510174593,0.0,0.0
atr_pct & ema200_rel,0.373..0.46 & -0.0819..0.54,44850,1.7552586335438731,0.3083389074693422,-0.5563748275591979,-0.0730820202752269,-0.020410868758690026,-86.0017866101324,0.0,0.0
atr_pct & up_from_low_30d,0.373..0.46 & 23..31.2,41189,1.6119810001569361,0.30716938988564907,-0.5564432043435339,-0.07661410183689067,-0.020479245543026048,-82.13150519057304,0.0,0.0
atr_pct & dist_low_20,0.373..0.46 & 1.46..2.04,43100,1.6867702810644578,0.30728538283062645,-0.5565258412427452,-0.07798467748169872,-0.020561882442237334,-84.53932040593115,0.0,0.0
atr_pct & dist_low_20,0.373..0.46 & 0.777..1.08,56446,2.2090820251731875,0.30749743117315664,-0.5570296137138983,-0.0748861297481399,-0.021065654913390408,-96.6143002526197,0.0,0.0
ema200_rel & ret_16,1.36..2.88 & 0.332..0.781,51150,2.0018167024697684,0.3079765395894428,-0.5577300627620229,-0.08003679214780839,-0.021766103961515015,-90.55374923203048,0.0,0.0
atr_pct & ema50_rel,0.373..0.46 & -0.299..-0.00928,46336,1.8134150288492508,0.30779523480662985,-0.557872961921641,-0.07444083312878565,-0.021909003121133197,-87.57142907371541,0.0,0.0
dist_low_20 & ret_96,-inf..0.288 & -4.32..-2.24,39816,1.5582469956116578,0.3094484629294756,-0.5579238272319008,-0.0718100552881638,-0.02195986843139297,-79.1241619114671,0.0,0.0
atr_pct & ret_96,0.373..0.46 & -0.0473..0.849,44519,1.7423045508749093,0.3078685505065253,-0.5580436434095852,-0.07498159501135422,-0.022079684609077388,-86.01311865102677,0.0,0.0
ema200_rel & ema50_rel,1.36..2.88 & 0.272..0.654,64284,2.5158315718781346,0.3059548254620123,-0.5588628735708678,-0.08576752995514637,-0.02289891477035999,-101.8399904736404,0.0,0.0
up_from_low_30d & ret_16,17.3..23 & -0.793..-0.331,39375,1.540987930786845,0.301231746031746,-0.5590826484134144,-0.09678439182900853,-0.02311868961290653,-79.98237069381277,0.0,0.0
atr_pct & dist_high_20,0.373..0.46 & -inf..0.241,41469,1.6229391365536425,0.30832670187368877,-0.5592456088545018,-0.07543005742077036,-0.023281650053993963,-82.98146287298314,0.0,0.0
dist_low_20 & ret_96,1.08..1.46 & 0.849..2.07,44816,1.7539280026957016,0.3078141735094609,-0.5593481192209188,-0.07800991992755867,-0.023384160420410915,-85.343062882345,0.0,0.0
ema200_rel & ret_16,-0.0819..0.54 & 0.781..1.63,36555,1.4306238427914444,0.30299548625359046,-0.5594500896587274,-0.09580594506511358,-0.0234861308582196,-77.70299242231121,0.0,0.0
atr_pct & ret_16,0.373..0.46 & 0.781..1.63,50223,1.9655374437563866,0.30744877844812135,-0.5595391179821823,-0.07890185401221446,-0.02357515918167441,-91.65332908054381,0.0,0.0
atr_pct & dist_high_20,0.373..0.46 & 0.708..1,57543,2.2520144381274267,0.3071442225813739,-0.5595872506330755,-0.07728614876919884,-0.023623291832567617,-97.83097779926494,0.0,0.0
dist_low_20 & ema200_rel,-inf..0.288 & -3.06..-1.57,45183,1.7682909886156704,0.3060664409180444,-0.5602416361338176,-0.08199489035298463,-0.024277677333309766,-85.35018921295111,0.0,0.0
up_from_low_30d & ret_16,5.06..8.62 & -1.65..-0.793,36977,1.4471393197893376,0.2962652459637072,-0.5602854603415015,-0.11280113687341807,-0.024321501540993662,-78.69639367428272,0.0,0.0
dist_high_20 & ret_96,1..1.39 & -0.0473..0.849,36000,1.4089032510051156,0.30294444444444446,-0.5603860352402364,-0.09232587491889563,-0.0244220764397286,-77.32155936828839,0.0,0.0
atr_pct & dist_high_20,0.373..0.46 & 1.39..1.96,43327,1.6956541987860734,0.30528307983474506,-0.5605323275372596,-0.08252539044942404,-0.024568368736751722,-85.23486033385953,0.0,0.0
ema50_rel & ret_96,0.272..0.654 & 2.07..4.36,59450,2.326647174229281,0.30674516400336416,-0.5607228834823523,-0.08148584999162158,-0.024758924681844485,-98.21319652613643,0.0,0.0
ema50_rel & ret_96,0.654..1.38 & 0.849..2.07,64212,2.513013765376124,0.30754376129072447,-0.5607408634527034,-0.0840040300710342,-0.02477690465219551,-102.5233390399352,0.0,0.0
dist_high_20 & ret_96,1..1.39 & -2.24..-0.984,47219,1.847972294700293,0.30153116330290775,-0.5613044026325428,-0.095238067403186,-0.02534044383203493,-88.41718480856007,0.0,0.0
ret_96 & ret_16,0.849..2.07 & 0.781..1.63,50967,1.9946547776104924,0.3061196460454804,-0.5614821418461597,-0.08750624092565419,-0.0255181830456519,-91.46968187230678,0.0,0.0
atr_pct & dist_low_20,0.373..0.46 & 0.524..0.777,53827,2.1065843136625655,0.30644472105077375,-0.5619889297250091,-0.07886638242976234,-0.02602497092450129,-95.17152586199866,0.0,0.0
atr_pct & ret_16,0.373..0.46 & -0.331..0,49408,1.9336414396016874,0.30630667098445596,-0.5625794093456163,-0.07945303092099155,-0.0266154505451085,-91.32087893100584,0.0,0.0
atr_pct & up_from_low_30d,0.373..0.46 & 8.62..12.6,51358,2.0099570323644644,0.3071965419214144,-0.5625962653114461,-0.07979706776857617,-0.026632306510938286,-93.24816620650807,0.0,0.0
atr_pct & ret_16,0.373..0.46 & 0..0.332,42500,1.6632885602143725,0.3059058823529412,-0.5628032178795412,-0.07924579097964903,-0.026839259079033395,-84.79634907733224,0.0,0.0
dist_high_20 & ema200_rel,1..1.39 & -0.716..-0.0819,40591,1.5885775517096845,0.30790076617969503,-0.5631139062555404,-0.07545695816602654,-0.02714994745503252,-81.63845231198822,0.0,0.0
atr_pct & ema50_rel,0.373..0.46 & -1.44..-0.701,46842,1.833217946766156,0.3041501216856667,-0.5633507643990249,-0.08416006541299223,-0.027386805598517028,-88.97397199579657,0.0,0.0
atr_pct & up_from_low_30d,0.373..0.46 & -inf..5.06,42869,1.677729818537175,0.3062819286664023,-0.5635896612250154,-0.07902045285745414,-0.02762570242450757,-85.54957647082026,0.0,0.0
up_from_low_30d & ret_16,23..31.2 & -0.331..0,36148,1.4146954088148032,0.30657297775810555,-0.5644140173495402,-0.08099907199212189,-0.028450058549032375,-76.24704567148652,0.0,0.0
dist_high_20 & up_from_low_30d,0.241..0.463 & 23..31.2,36297,1.4205267028259077,0.3104388792462187,-0.5645157325228507,-0.07220701035272838,-0.028551773722342855,-76.42288964884334,0.0,0.0
atr_pct & dist_high_20,0.373..0.46 & 1..1.39,55814,2.1843479458777644,0.3049414125488229,-0.5646030490673336,-0.08364308815045507,-0.028639090266825762,-97.41739108464151,0.0,0.0
atr_pct & dist_low_20,0.373..0.46 & 0.288..0.524,48150,1.884408098219342,0.3058566978193146,-0.5647819636474412,-0.08096989335874688,-0.02881800484693331,-90.30378499259355,0.0,0.0
atr_pct & dist_high_20,0.373..0.46 & 0.463..0.708,53686,2.101066109262795,0.30570353537235034,-0.5651435621265407,-0.08204160835089838,-0.029179603326032866,-95.87578678667062,0.0,0.0
atr_pct & dist_high_20,0.373..0.46 & 1.96..3.07,17658,0.6910670446180092,0.3011666100351116,-0.5652593891757474,-0.09231412657753792,-0.029295430375239517,-55.096988719436276,0.0,0.0
atr_pct & ret_16,0.373..0.46 & -1.65..-0.793,47924,1.8755633166991432,0.30452382939654454,-0.5655575174995771,-0.08565478106150855,-0.02959355869906921,-90.44833897829147,0.0,0.0
atr_pct & ema200_rel,0.373..0.46 & 1.36..2.88,50077,1.9598235583495325,0.3055694230884438,-0.5657239547848485,-0.0851855461311723,-0.029759995984340648,-92.56342612759983,0.0,0.0
dist_high_20 & ema50_rel,1..1.39 & -0.701..-0.299,73281,2.867939976025163,0.30807439854805474,-0.5666557580513317,-0.07529118745141508,-0.03069179925082388,-109.98735682077857,0.0,0.0
ret_96 & ret_16,-0.0473..0.849 & 0.781..1.63,36607,1.4326589252651185,0.3037397219111099,-0.5677372085820146,-0.09469273355107395,-0.03177324978150675,-78.68259621579794,0.0,0.0
atr_pct & ema50_rel,0.373..0.46 & 0.272..0.654,52610,2.058955556538309,0.3045618703668504,-0.5693012670703366,-0.08659778325846222,-0.033337308269828725,-95.6835922077742,0.0,0.0
atr_pct & ret_96,0.373..0.46 & 4.36..inf,14626,0.572406081922245,0.3008341309995898,-0.5694146125314898,-0.09368876696036732,-0.033450653730981994,-50.45136124569851,0.0,0.0
atr_pct & ema50_rel,0.373..0.46 & -0.00928..0.272,44685,1.7488011603100997,0.30430793331095446,-0.5695544989477003,-0.0858227342009314,-0.03359054014719243,-88.13728576392423,0.0,0.0
atr_pct & ret_96,0.373..0.46 & 0.849..2.07,51751,2.02533755952127,0.3047284110451972,-0.5695843215013432,-0.08667748097058951,-0.03362036270083535,-95.05149099810313,0.0,0.0
dist_low_20 & ema200_rel,1.08..1.46 & -0.0819..0.54,37551,1.469603499402586,0.3034539692684616,-0.5701689314754269,-0.09129979105670633,-0.034204972674919065,-80.28414469343299,0.0,0.0
dist_low_20 & ret_96,0.524..0.777 & 2.07..4.36,34269,1.3411584863526196,0.30511541042925094,-0.5703075294258846,-0.08588743499682795,-0.03434357062537674,-75.95162311828402,0.0,0.0
atr_pct & ema200_rel,0.373..0.46 & 2.88..inf,13052,0.510805700892188,0.30117989580140975,-0.5706215524753844,-0.09572249503998612,-0.03465759367487653,-47.782214135204455,0.0,0.0
up_from_low_30d & ema200_rel,23..31.2 & -0.716..-0.0819,32378,1.2671519294734341,0.30344678485391313,-0.5710482858480984,-0.091908909683135,-0.03508432704759057,-73.14508491255101,0.0,0.0
up_from_low_30d & ema200_rel,12.6..17.3 & -1.57..-0.716,39289,1.5376222174649996,0.3031382829799689,-0.5716280980653901,-0.09159725438380154,-0.03566413926488221,-81.37678488529015,0.0,0.0
dist_high_20 & up_from_low_30d,0.708..1 & 12.6..17.3,42719,1.6718593883246535,0.3037290198740607,-0.5717937143706111,-0.09205331439183936,-0.03582975557010326,-85.46288701441412,0.0,0.0
up_from_low_30d & ret_96,12.6..17.3 & -2.24..-0.984,40049,1.567365730541774,0.3086219381257959,-0.571992667388455,-0.0769008255501415,-0.036028708587947156,-81.53398995847834,0.0,0.0
ema50_rel & ret_96,0.272..0.654 & -2.24..-0.984,27661,1.0825464673903473,0.29051733487581793,-0.5720907060643987,-0.13392559191737902,-0.03612674726389087,-70.07078868194549,0.0,0.0
atr_pct & ret_96,0.373..0.46 & -2.24..-0.984,53605,2.0978960769480337,0.3027142990392687,-0.5721263291967922,-0.08948435384834298,-0.03616237039628434,-96.90483203943167,0.0,0.0
atr_pct & dist_low_20,0.373..0.46 & 2.04..3.14,20435,0.7997482759524871,0.3013457303645706,-0.5725532979353253,-0.09846341155966362,-0.036589339134817433,-60.2900869136031,0.0,0.0
atr_pct & ema50_rel,0.373..0.46 & 0.654..1.38,52003,2.035199882278306,0.3027325346614618,-0.5729989132869665,-0.09235644571638274,-0.03703495448645866,-95.87959086789364,0.0,0.0
dist_high_20 & ema50_rel,0.708..1 & -0.00928..0.272,44424,1.7385866117403126,0.3031919683054205,-0.5732226625881273,-0.0883229142363773,-0.03725870378761942,-87.4030072285605,0.0,0.0
dist_low_20 & ret_96,1.08..1.46 & -0.0473..0.849,36918,1.4448302839057459,0.302779132130668,-0.5733316306440591,-0.09260413123249414,-0.037367671843551276,-80.04800317819726,0.0,0.0
atr_pct & dist_low_20,0.373..0.46 & -inf..0.288,40899,1.6006315017460617,0.3031614464901342,-0.5734020522218756,-0.08948161435381503,-0.037438093421367724,-84.55509891672914,0.0,0.0
up_from_low_30d & ema50_rel,12.6..17.3 & -0.701..-0.299,40200,1.5732752969557122,0.31007462686567167,-0.5734632764943891,-0.07124632585612099,-0.03749931769388126,-81.82001272404797,0.0,0.0
up_from_low_30d & ret_96,5.06..8.62 & 2.07..4.36,33834,1.3241342387363078,0.3119051841343028,-0.575946046817127,-0.07016698612165838,-0.03998208801661918,-76.24616123308803,0.0,0.0
up_from_low_30d & ema200_rel,8.62..12.6 & -1.57..-0.716,43878,1.7172182457667349,0.31302702949086103,-0.5764113300712602,-0.060662354586912555,-0.040447371270752375,-86.06659771715488,0.0,0.0
dist_high_20 & ret_96,0.708..1 & 0.849..2.07,44758,1.7516581030135265,0.30718530765449753,-0.5770328514345127,-0.07832352365049457,-0.04106889263400482,-88.32904923019812,0.0,0.0
dist_low_20 & ema50_rel,1.08..1.46 & 0.654..1.38,61369,2.401749544748137,0.3045511577506559,-0.5772125000442488,-0.09017808181798237,-0.041248541243741,-103.27170006150624,0.0,0.0
dist_low_20 & up_from_low_30d,1.08..1.46 & 5.06..8.62,36869,1.4429126100363223,0.30282893487753937,-0.5775029594567573,-0.09426295855965731,-0.04153900065624949,-80.71038836746068,0.0,0.0
atr_pct & ret_96,0.373..0.46 & -0.984..-0.0473,47153,1.8453893054067836,0.30099887599940617,-0.578290599962064,-0.09512117688818031,-0.042326641161556156,-92.14173188825522,0.0,0.0
ema200_rel & ret_16,1.36..2.88 & 0..0.332,34733,1.3593176838100187,0.3047246134799758,-0.5783629005293921,-0.08921291780806738,-0.042398941728884254,-77.30232145262036,0.0,0.0
atr_pct & up_from_low_30d,0.373..0.46 & 5.06..8.62,48924,1.9146995181159518,0.30156978170223203,-0.5785637115816118,-0.09455002977691802,-0.04259975278110395,-94.24687626688295,0.0,0.0
atr_pct & ema50_rel,0.373..0.46 & -inf..-1.44,8655,0.33872382326247985,0.297631426920855,-0.5790797423301307,-0.10549022948986055,-0.043115783529622864,-39.534793262087895,0.0,0.0
ema200_rel & ema50_rel,0.54..1.36 & 0.654..1.38,65469,2.562207970557053,0.2996532710137622,-0.5792821525345465,-0.10529793980540214,-0.04331819373403867,-107.72634225585533,0.0,0.0
dist_low_20 & ema50_rel,1.08..1.46 & 0.272..0.654,64849,2.5379435256786316,0.3018242378448395,-0.5793625210591192,-0.09563400336363435,-0.043398562258611384,-107.03750278486808,0.0,0.0
atr_pct & up_from_low_30d,0.373..0.46 & 17.3..23,45895,1.7961559640244382,0.29935722845625884,-0.5799465718399431,-0.09941458306615333,-0.04398261303943529,-91.17700292903396,0.0,0.0
atr_pct & ema50_rel,0.373..0.46 & 1.38..inf,14297,0.5595302716561149,0.2992236133454571,-0.5813268765659345,-0.10657503159895418,-0.04536291776542667,-51.1695319032773,0.0,0.0
up_from_low_30d & ema50_rel,23..31.2 & -0.299..-0.00928,35019,1.370510637415226,0.3027213798223821,-0.5814376709182036,-0.09100439327763879,-0.0454737121176958,-77.50292801124863,0.0,0.0
dist_high_20 & ema200_rel,1..1.39 & -1.57..-0.716,51528,2.016610186605322,0.30006986492780624,-0.5817108839389107,-0.10132647992168367,-0.04574692513840284,-95.88868575093723,0.0,0.0
dist_low_20 & ema50_rel,-inf..0.288 & -1.44..-0.701,67134,2.6273697459160394,0.3051062054994489,-0.5817229694191752,-0.08509503223639679,-0.045759010618667384,-108.37117117966686,0.0,0.0
up_from_low_30d & ret_96,23..31.2 & -0.984..-0.0473,32794,1.2834325892628267,0.3033481734463621,-0.5826958335792246,-0.09430032609180539,-0.046731874778716764,-75.28122459230782,0.0,0.0
dist_high_20 & ret_96,1..1.39 & -0.984..-0.0473,39649,1.5517112499750507,0.3007894272238896,-0.583374104977944,-0.09665420140198776,-0.04741014617743611,-83.97315659985064,0.0,0.0
ema200_rel & ema50_rel,-0.0819..0.54 & -0.701..-0.299,37536,1.4690164563813337,0.3071451406649616,-0.5835834257799006,-0.07859060082882222,-0.04761946697939279,-80.6562452723316,0.0,0.0
dist_high_20 & up_from_low_30d,1..1.39 & -inf..5.06,35576,1.3923095016043885,0.30565549808859904,-0.584941128849995,-0.08271837856505483,-0.048977170049487206,-79.62813722092314,0.0,0.0
up_from_low_30d & ret_16,23..31.2 & 0..0.332,33179,1.298500026808298,0.30712197474306036,-0.5862290014512138,-0.07970958086920231,-0.05026504265070597,-75.03492674903832,0.0,0.0
up_from_low_30d & ret_16,17.3..23 & 0.332..0.781,41924,1.6407461081982906,0.30190344432783134,-0.5862663993936179,-0.09584966927349213,-0.050302440593110065,-86.32970649956388,0.0,0.0
dist_high_20 & up_from_low_30d,1..1.39 & 5.06..8.62,38193,1.494728940712177,0.2978556279946587,-0.5863044182233631,-0.10646590661649422,-0.050340459422855255,-83.62629040783682,0.0,0.0
dist_low_20 & up_from_low_30d,0.777..1.08 & 12.6..17.3,43391,1.6981589156767491,0.2986564034016271,-0.5889025346429866,-0.1020448574341943,-0.05293857584247874,-88.50887001307865,0.0,0.0
ema200_rel & ema50_rel,-1.57..-0.716 & -0.00928..0.272,35915,1.4055766738846867,0.30586106083808995,-0.5892494749861781,-0.08348531164709766,-0.053285516185670234,-79.7392884119432,0.0,0.0
up_from_low_30d & ema200_rel,8.62..12.6 & 1.36..2.88,42390,1.6589835780585236,0.2970276008492569,-0.5897058949513899,-0.11502195195501413,-0.053741936150882075,-88.9571395665744,0.0,0.0
up_from_low_30d & ret_16,-inf..5.06 & 0.781..1.63,25461,0.996446824273368,0.2939397509917128,-0.591581486926957,-0.12027716504941542,-0.055617528126449156,-69.35360414313413,0.0,0.0
atr_pct & ret_16,0.373..0.46 & -inf..-1.65,10067,0.3939841396630138,0.292837985497169,-0.5916606076360365,-0.11805007717963144,-0.055696648835528606,-43.81912010057284,0.0,0.0
up_from_low_30d & ret_16,5.06..8.62 & 0.781..1.63,35985,1.4083162079838634,0.29692927608725855,-0.5918138004002161,-0.11445793786317893,-0.055849841599708294,-82.226419782267,0.0,0.0
dist_low_20 & ema50_rel,0.524..0.777 & 0.654..1.38,12293,0.48110132401683015,0.30350606035955424,-0.592130170939693,-0.09250086776067344,-0.05616621213918516,-47.37416591411795,0.0,0.0
dist_low_20 & dist_high_20,1.08..1.46 & 0.241..0.463,43886,1.7175313353780695,0.3085266371963724,-0.5931729822638155,-0.07438599517306207,-0.057209023463307696,-89.87551578533726,0.0,0.0
dist_low_20 & ema200_rel,0.524..0.777 & 1.36..2.88,31823,1.2454313376871053,0.30082016151839863,-0.5932836479871355,-0.09941882142463583,-0.057319689186627665,-76.1675013639991,0.0,0.0
dist_low_20 & ema200_rel,0.524..0.777 & -1.57..-0.716,48328,1.8913743420715339,0.307295977487171,-0.5937827489164741,-0.07767095744958498,-0.057818790115966245,-93.70538068776843,0.0,0.0
ema50_rel & ret_16,-0.00928..0.272 & -0.793..-0.331,34960,1.3682016015316343,0.29808352402745997,-0.5945276130321298,-0.1048608074191922,-0.05856365423162191,-80.21521773211406,0.0,0.0
ret_96 & ret_16,-2.24..-0.984 & 0.332..0.781,38367,1.5015386397587018,0.3047410535095264,-0.5950586342454951,-0.08527804728585514,-0.059094675444987255,-83.71180742995325,0.0,0.0
dist_high_20 & ema50_rel,0.463..0.708 & 0.272..0.654,52153,2.0410703124908274,0.2998868713209211,-0.5954285404438353,-0.10109366811973698,-0.05946458164332746,-98.8797973671788,0.0,0.0
dist_high_20 & ema200_rel,0.708..1 & 0.54..1.36,43389,1.6980806432739155,0.29657286408997674,-0.5960784366851783,-0.11099908781910309,-0.0601144778846705,-90.56900528721499,0.0,0.0
atr_pct & ema200_rel,0.373..0.46 & 0.54..1.36,51221,2.004595372770362,0.2954647507858105,-0.5963486919116134,-0.11340146771145378,-0.06038473311110559,-99.67371937962169,0.0,0.0
ema50_rel & ret_16,0.272..0.654 & -0.331..0,38758,1.5168408945126741,0.3005315031735384,-0.596686646614523,-0.09752124213984734,-0.06072268781401513,-84.91550541330896,0.0,0.0
up_from_low_30d & ret_96,17.3..23 & 0.849..2.07,42026,1.6447380007428052,0.29850568695569407,-0.5973977897142285,-0.10611810230452062,-0.06143383091372068,-88.13036749624729,0.0,0.0
dist_low_20 & dist_high_20,-inf..0.288 & 1.39..1.96,49675,1.9440908053799753,0.2970508303975843,-0.5980137956916327,-0.10915755616726718,-0.062049836891124865,-97.17825993271511,0.0,0.0
dist_high_20 & ret_16,0.708..1 & -0.331..0,67174,2.628935193972712,0.30419507547563046,-0.598175464742529,-0.08617783303284295,-0.062211505942021184,-111.87771234397432,0.0,0.0
dist_high_20 & ret_16,-inf..0.241 & 0.781..1.63,81552,3.1916354979435884,0.3070188346085933,-0.5989676971141653,-0.07943161793568702,-0.06300373831365746,-122.61290810787456,0.0,0.0
dist_low_20 & ret_96,0.288..0.524 & 2.07..4.36,28481,1.1146381525521305,0.3022716898985288,-0.599065441622981,-0.09507013257093876,-0.06310148282247319,-72.6913800051395,0.0,0.0
up_from_low_30d & ret_96,23..31.2 & -0.0473..0.849,33650,1.3169331776756148,0.3020208023774146,-0.5992049602293895,-0.09750368489593693,-0.06324100142888167,-77.84166077972677,0.0,0.0
ema50_rel & ret_96,-0.701..-0.299 & -0.0473..0.849,39463,1.5444319165115243,0.311557661607075,-0.5998193994164347,-0.06523426518711013,-0.06385544061592685,-84.35139707125833,0.0,0.0
dist_low_20 & dist_high_20,0.524..0.777 & 0.708..1,40878,1.5998096415163086,0.3052986936738588,-0.6001790928494802,-0.0807679349407362,-0.06421513404897239,-87.88889256064164,0.0,0.0
up_from_low_30d & ret_96,-inf..5.06 & 2.07..4.36,8134,0.3183338623243225,0.32665355298746007,-0.6005177414360083,-0.02450833851660127,-0.06455378263550049,-38.46741441605173,0.0,0.0
atr_pct & ret_16,0.373..0.46 & 1.63..inf,14185,0.5551470170974323,0.2917870990482904,-0.6008572116643239,-0.12627101989837716,-0.06489325286381609,-53.01379493383094,0.0,0.0
ema200_rel & ret_16,0.54..1.36 & 0.781..1.63,53113,2.078641065850964,0.29388285353868165,-0.600981753008607,-0.12054882473719616,-0.06501779420809917,-100.94245544302107,0.0,0.0
up_from_low_30d & ema50_rel,5.06..8.62 & 0.654..1.38,37301,1.4598194490483838,0.29594380847698454,-0.602208607905165,-0.11865038776198243,-0.0662446491046571,-85.33858600505957,0.0,0.0
dist_low_20 & up_from_low_30d,0.777..1.08 & -inf..5.06,41708,1.63229268869226,0.30763882228829004,-0.6032193633714152,-0.07440485642196616,-0.0672554045709074,-87.55427295618888,0.0,0.0
dist_low_20 & ret_16,0.777..1.08 & 0..0.332,55138,2.1578918737200015,0.3023686024157568,-0.6035042996511237,-0.09052945660855981,-0.06754034085061589,-102.52755550308893,0.0,0.0
dist_low_20 & up_from_low_30d,0.288..0.524 & 23..31.2,33278,1.302374510748562,0.2970731414147485,-0.603685738393027,-0.10898271960950598,-0.06772177959251913,-78.95069469418765,0.0,0.0
dist_low_20 & ema200_rel,1.08..1.46 & 0.54..1.36,47369,1.8538427249128144,0.2934619687981591,-0.604785469481718,-0.11987437148132006,-0.06882151068121012,-96.01598685866367,0.0,0.0
dist_low_20 & up_from_low_30d,0.524..0.777 & 17.3..23,40716,1.5934695768867857,0.29676294331466746,-0.6057454774407663,-0.1085729601542541,-0.0697815186402585,-88.09472369859606,0.0,0.0
ema200_rel & ema50_rel,-0.716..-0.0819 & 0.272..0.654,37287,1.4592715422285483,0.302116018987851,-0.6058475620364131,-0.0921708382270077,-0.06988360323590526,-84.28227505007007,0.0,0.0
ret_96 & ret_16,0.849..2.07 & -0.793..-0.331,39303,1.538170124284835,0.3062870518789914,-0.6059995419940953,-0.07858494936771321,-0.07003558319358749,-85.90763216413217,0.0,0.0
dist_low_20 & ret_16,-inf..0.288 & -1.65..-0.793,78024,3.053562979345087,0.2965241464164872,-0.6075929299203491,-0.11059034180048416,-0.07162897111984123,-122.93533088816353,0.0,0.0
dist_high_20 & up_from_low_30d,0.708..1 & 8.62..12.6,43714,1.7107999087343784,0.303472571716155,-0.6090448416568723,-0.09111412902764916,-0.07308088285636449,-91.97996402061146,0.0,0.0
dist_high_20 & ret_96,-inf..0.241 & 2.07..4.36,45202,1.7690345764425897,0.30779611521614086,-0.6126694034202079,-0.07960016323846186,-0.07670544461970008,-92.42872780931253,0.0,0.0
up_from_low_30d & ret_16,12.6..17.3 & -0.793..-0.331,41711,1.6324100972965103,0.3008798638248903,-0.6136240118693552,-0.09694285562059297,-0.07766005306884738,-89.65754713022008,0.0,0.0
dist_low_20 & ema200_rel,0.777..1.08 & -0.716..-0.0819,42493,1.663014606804455,0.30320288047443106,-0.6139097442214223,-0.08699824012234555,-0.07794578542091446,-91.29443930614217,0.0,0.0
up_from_low_30d & ema50_rel,23..31.2 & -0.00928..0.272,34973,1.3687103721500529,0.2967717953850113,-0.6146191639702577,-0.1099910803063283,-0.07865520516974989,-81.78365975242025,0.0,0.0
dist_low_20 & ema200_rel,0.288..0.524 & 1.36..2.88,23673,0.9264712961401138,0.2958644869682761,-0.6154800204646885,-0.11450689438707211,-0.07951606166418068,-68.58456846440413,0.0,0.0
dist_high_20 & up_from_low_30d,0.463..0.708 & 17.3..23,40699,1.5928042614626998,0.292513329565837,-0.6158576430558395,-0.12461432262767312,-0.07989368425533161,-90.23107655315127,0.0,0.0
dist_low_20 & dist_high_20,0.288..0.524 & 1..1.39,44504,1.7417175078536573,0.2963553837857271,-0.6185080691831585,-0.10800361319610835,-0.08254411038265064,-95.22995485718818,0.0,0.0
dist_low_20 & up_from_low_30d,0.777..1.08 & 8.62..12.6,44247,1.7316595040895373,0.3017605713381698,-0.6186208814789375,-0.09370236846228436,-0.08265692267842961,-93.64430766547069,0.0,0.0
up_from_low_30d & ema50_rel,17.3..23 & 0.272..0.654,43069,1.6855570588205366,0.2919269079848615,-0.621189049733456,-0.1245987371466293,-0.08522509093294817,-93.4785040385195,0.0,0.0
dist_low_20 & ema50_rel,0.777..1.08 & 0.654..1.38,30836,1.206803906888715,0.3021792709819691,-0.6227008955533778,-0.09729121180968062,-0.08673693675286998,-78.55548912359144,0.0,0.0
dist_high_20 & ema200_rel,0.708..1 & -1.57..-0.716,50501,1.9764173077502594,0.3037365596720857,-0.6235824657858574,-0.08693232520611029,-0.08761850698534956,-100.40218725807146,0.0,0.0
dist_high_20 & up_from_low_30d,-inf..0.241 & 23..31.2,34590,1.3537212070074152,0.302601908065915,-0.6254711235670825,-0.09332318510403444,-0.08950716476657461,-81.31726543035084,0.0,0.0
dist_low_20 & ret_96,0.524..0.777 & -2.24..-0.984,47885,1.8740370048438877,0.30072047614075387,-0.6258469946828731,-0.09724566162702424,-0.08988303588236524,-98.42288896718622,0.0,0.0
dist_high_20 & ret_96,0.708..1 & -2.24..-0.984,45741,1.7901289890062497,0.2987035701012221,-0.6265421505548806,-0.10411929667222841,-0.09057819175437276,-96.60027465102196,0.0,0.0
ema200_rel & ret_16,0.54..1.36 & -0.793..-0.331,36629,1.4335199216962882,0.2903437167271834,-0.6287989324822323,-0.1267598553695805,-0.09283497368172444,-87.50743637444904,0.0,0.0
dist_low_20 & dist_high_20,0.777..1.08 & 0.463..0.708,40542,1.586659877840261,0.29589068126880763,-0.6304524156967406,-0.11009917778861418,-0.09448845689623275,-92.94908849222304,0.0,0.0
up_from_low_30d & ema200_rel,23..31.2 & -0.0819..0.54,35415,1.3860085731762823,0.2929267259635748,-0.6310856217405642,-0.12320162252327345,-0.0951216629400563,-84.975973648007,0.0,0.0
ema200_rel & ret_96,-0.0819..0.54 & -2.24..-0.984,30165,1.1805435157380364,0.2799270677938008,-0.6315601283874017,-0.1606243477796566,-0.09559616958689388,-80.2460944640633,0.0,0.0
dist_high_20 & ema50_rel,-inf..0.241 & 0.654..1.38,73293,2.8684096104421646,0.30238904124541227,-0.6333897389353569,-0.09382430346245116,-0.09742578013484904,-122.96516921941729,0.0,0.0
dist_low_20 & ret_16,1.08..1.46 & 0.781..1.63,58985,2.308448840570465,0.3000084767313724,-0.6338802842256083,-0.09917567462744956,-0.09791632542510043,-111.30106531560351,0.0,0.0
up_from_low_30d & ema50_rel,8.62..12.6 & -0.701..-0.299,43471,1.7012898117900939,0.30477789790895077,-0.6350957470475633,-0.08611560889113148,-0.09913178824705549,-94.52139518476991,0.0,0.0
dist_high_20 & ret_16,1..1.39 & -1.65..-0.793,49715,1.9456562534366477,0.29787790405310266,-0.6351172539612467,-0.10432354694030928,-0.0991532951607389,-102.63348798127095,0.0,0.0
up_from_low_30d & ema50_rel,-inf..5.06 & 0.654..1.38,15433,0.6039889964656097,0.2941748201905009,-0.6358674267647658,-0.12211848375345496,-0.09990346796425797,-58.24820235063503,0.0,0.0
dist_low_20 & ret_16,0.524..0.777 & -0.331..0,59556,2.330795611579463,0.3000201491033649,-0.6369296995259441,-0.09729860820025699,-0.10096574072543629,-112.24794025424086,0.0,0.0
up_from_low_30d & ema200_rel,17.3..23 & -0.716..-0.0819,37123,1.4528532051961918,0.29976025644479165,-0.6377176005553731,-0.09958589342674287,-0.10175364175486523,-86.84487959481656,0.0,0.0
dist_high_20 & ema200_rel,-inf..0.241 & 1.36..2.88,51730,2.024515699291517,0.3042721824859849,-0.6388395269174418,-0.08988191005927705,-0.10287556811693399,-103.20970056369237,0.0,0.0
up_from_low_30d & ret_96,8.62..12.6 & -2.24..-0.984,42532,1.6645409186597104,0.2989984012037995,-0.6413047786727367,-0.10293358721250402,-0.10534081987222887,-95.11222023271216,0.0,0.0
dist_low_20 & ema50_rel,0.288..0.524 & -0.701..-0.299,59967,2.346880590361771,0.3042506712024947,-0.6429695728312624,-0.0852713432384492,-0.10700561403075459,-112.78700893839448,0.0,0.0
dist_low_20 & ret_96,0.777..1.08 & 0.849..2.07,47091,1.8429628609189415,0.3029453611093415,-0.6437444887871843,-0.08868027299719099,-0.10778052998667642,-99.77422928717354,0.0,0.0
ema50_rel & ret_96,-0.701..-0.299 & -2.24..-0.984,74383,2.911068069986486,0.30555368834276647,-0.6457574548049364,-0.08090357940431253,-0.10979349600442856,-124.74798080799934,0.0,0.0
up_from_low_30d & ret_96,12.6..17.3 & 0.849..2.07,45368,1.77553118587778,0.3043554928584024,-0.6460523865721648,-0.08880597806431033,-0.11008842777165695,-97.80571925782078,0.0,0.0
dist_low_20 & ema200_rel,-inf..0.288 & 1.36..2.88,15913,0.6227743731456779,0.28083956513542385,-0.6464296496030764,-0.1611916115021774,-0.11046569080256852,-60.08109615516798,0.0,0.0
ema200_rel & ret_96,0.54..1.36 & -0.984..-0.0473,31886,1.2478969183763642,0.28049927868029856,-0.6471212794172655,-0.16107660801375503,-0.11115732061675765,-84.3228186626959,0.0,0.0
ema200_rel & ret_96,-1.57..-0.716 & -0.984..-0.0473,64449,2.522289045111908,0.29645145774178033,-0.6473814841076787,-0.10974110236896935,-0.11141752530717086,-117.92131443826247,0.0,0.0
ema50_rel & ret_16,-0.701..-0.299 & -0.331..0,62663,2.4523917893814877,0.3072147838437355,-0.6474289570966794,-0.07653020015487091,-0.11146499829617151,-114.2764323036997,0.0,0.0
dist_high_20 & ret_16,0.463..0.708 & 0..0.332,54698,2.1406719450966056,0.30174777871220154,-0.648837836074751,-0.0921013596598053,-0.11287387727424314,-109.16354856360992,0.0,0.0
dist_low_20 & ret_16,0.288..0.524 & -0.793..-0.331,66531,2.603770616461704,0.2990786250018788,-0.6493414539374738,-0.09981707742630015,-0.11337749513696593,-120.7344309887487,0.0,0.0
ema200_rel & ema50_rel,-1.57..-0.716 & -0.701..-0.299,86940,3.402501351177354,0.3060156429721647,-0.6499650777703159,-0.07844074514085775,-0.11400111896980802,-136.05582181390798,0.0,0.0
up_from_low_30d & ema50_rel,17.3..23 & -0.299..-0.00928,36863,1.4426777928278214,0.2990532512275181,-0.6502595276605331,-0.09974917125244127,-0.11429556886002523,-88.31329776648951,0.0,0.0
dist_low_20 & up_from_low_30d,0.524..0.777 & 12.6..17.3,42740,1.6726812485544065,0.2990407112774918,-0.6508140923249459,-0.10065210401294554,-0.11485013352443807,-95.85295526264491,0.0,0.0
ema200_rel & ret_96,-1.57..-0.716 & -2.24..-0.984,113626,4.446890022186313,0.30126907573970746,-0.6521533844179954,-0.0931311311284238,-0.11618942561748757,-156.802690558988,0.0,0.0
dist_low_20 & up_from_low_30d,-inf..0.288 & 23..31.2,28571,1.1181604106796432,0.29225438381575725,-0.65429736559494,-0.1216034027485557,-0.11833340679443216,-77.76345729132206,0.0,0.0
dist_low_20 & ema50_rel,0.777..1.08 & -0.00928..0.272,51406,2.0118355700324715,0.29383729525736296,-0.6544796514333274,-0.11303818858037927,-0.11851569263281958,-107.70443486063576,0.0,0.0
up_from_low_30d & ema200_rel,5.06..8.62 & 1.36..2.88,23982,0.9385643823779077,0.29976649153531815,-0.6555914369063922,-0.10686166395714693,-0.11962747810588437,-73.64488349346894,0.0,0.0
dist_low_20 & ret_96,-inf..0.288 & 2.07..4.36,22088,0.8644404168944719,0.28413618254255707,-0.6557589870001693,-0.14887620242897118,-0.11979502819966148,-71.26078174314293,0.0,0.0
ret_96 & ret_16,-2.24..-0.984 & -0.793..-0.331,53019,2.0749622629177837,0.297459401346687,-0.6562949527434376,-0.10481340328817748,-0.12033099394292979,-107.71608308936895,0.0,0.0
dist_high_20 & up_from_low_30d,0.463..0.708 & 12.6..17.3,43038,1.6843438365766155,0.2977136484037362,-0.6579079090370085,-0.10792297949774382,-0.12194395023650062,-97.92181535515523,0.0,0.0
ema50_rel & ret_96,-0.299..-0.00928 & 0.849..2.07,39747,1.555546597713898,0.30301657986766295,-0.6588253784296508,-0.0875469776485568,-0.12286141962914299,-92.78316727906349,0.0,0.0
up_from_low_30d & ema200_rel,5.06..8.62 & -1.57..-0.716,49689,1.9446387121998105,0.29435086236390345,-0.6624289302332836,-0.11597549888829112,-0.1264649714327758,-107.00243786991946,0.0,0.0
dist_high_20 & ret_96,0.708..1 & -0.0473..0.849,42147,1.6494734811142389,0.29681827888105916,-0.663933918932797,-0.10950667949890212,-0.12796996013228912,-98.41888034116388,0.0,0.0
dist_high_20 & ema200_rel,0.708..1 & -0.0819..0.54,42197,1.6514302911850793,0.29499727468777404,-0.6643101956024126,-0.11308323421681866,-0.1283462368019047,-98.87709106812248,0.0,0.0
ema200_rel & ema50_rel,0.54..1.36 & -0.299..-0.00928,38268,1.4976641558184378,0.28951081843838194,-0.6645049284364892,-0.1275711338474737,-0.12854096963598138,-93.46348905090306,0.0,0.0
up_from_low_30d & ret_16,12.6..17.3 & 0.332..0.781,43248,1.6925624388741454,0.2933083610802812,-0.6664258038671736,-0.11919205785383237,-0.1304618450666658,-99.47914917397179,0.0,0.0
up_from_low_30d & ema200_rel,17.3..23 & 0.54..1.36,43982,1.7212884107140831,0.28257014233095357,-0.6669109966296877,-0.1522000913745376,-0.13094703782917982,-101.68590214946819,0.0,0.0
dist_high_20 & ema50_rel,0.708..1 & -0.299..-0.00928,57599,2.254206065406768,0.29578638518029826,-0.6682002131670363,-0.1091858751643922,-0.13223625436652842,-115.72482049278176,0.0,0.0
ema200_rel & ret_16,-1.57..-0.716 & -0.793..-0.331,60074,2.3510681639133697,0.2965509205313447,-0.6695677900763491,-0.10807504146145179,-0.1336038312758413,-117.40650637135086,0.0,0.0
up_from_low_30d & ret_16,17.3..23 & -0.331..0,39565,1.5484238090560387,0.2903070895993934,-0.6710833934466983,-0.12482403825074849,-0.13511943464619047,-95.27059475817363,0.0,0.0
dist_high_20 & ret_16,0.241..0.463 & 0.332..0.781,68138,2.6666624921385154,0.3000675100531275,-0.6714199361868257,-0.09730208123908977,-0.13545597738631787,-125.85021618190098,0.0,0.0
up_from_low_30d & ema200_rel,17.3..23 & -0.0819..0.54,37970,1.4860015677962288,0.29465367395312086,-0.6732037928271759,-0.11336102057055901,-0.13723983402666806,-92.96051443116978,0.0,0.0
dist_low_20 & ret_96,0.777..1.08 & -0.984..-0.0473,42557,1.6655193236951304,0.2868858237187772,-0.6736858339082604,-0.13503019089227217,-0.13772187510775258,-101.33297701974678,0.0,0.0
up_from_low_30d & ret_96,17.3..23 & -0.984..-0.0473,36844,1.441934205000902,0.2919064162414504,-0.6737035974247366,-0.12283433443564944,-0.13773963862422878,-91.54053677595654,0.0,0.0
ema200_rel & ret_16,-1.57..-0.716 & 0..0.332,38147,1.492928675447004,0.30198967153380346,-0.6737705193131156,-0.08908372230054819,-0.13780656051260776,-93.1867685904748,0.0,0.0
up_from_low_30d & ret_16,8.62..12.6 & -0.793..-0.331,44259,1.7321291385065392,0.2968435798368693,-0.6743809855241969,-0.10698650654651069,-0.13841702672368905,-101.26477613097964,0.0,0.0
dist_high_20 & up_from_low_30d,0.241..0.463 & 17.3..23,39848,1.5594993540569957,0.2923860670548083,-0.6762684945018088,-0.1204538506249171,-0.14030453570130097,-96.76651035224828,0.0,0.0
ema50_rel & ret_96,0.272..0.654 & -0.984..-0.0473,40062,1.5678745011601927,0.29204732664370225,-0.6769334065418235,-0.12350483639727074,-0.1409694477413157,-97.29738396016057,0.0,0.0
atr_pct & dist_low_20,0.271..0.373 & 1.46..2.04,22823,0.8932055249358264,0.30710248433597687,-0.6793928336985959,-0.07464094580054793,-0.1434288748980881,-74.84276457224654,0.0,0.0
dist_low_20 & up_from_low_30d,0.777..1.08 & 5.06..8.62,44000,1.7219928623395857,0.29009090909090907,-0.6809797022932572,-0.1255507706977633,-0.14501574349274937,-103.89188677266985,0.0,0.0
dist_low_20 & up_from_low_30d,0.288..0.524 & 17.3..23,38157,1.493320037461172,0.2903530151741489,-0.6809917053289142,-0.12413438793789511,-0.14502774652840633,-94.92277081223497,0.0,0.0
ema200_rel & ema50_rel,-1.57..-0.716 & -0.299..-0.00928,59019,2.3097794714186364,0.3032413290635219,-0.6810609409300655,-0.08529834395309994,-0.14509698212955768,-116.1461624405871,0.0,0.0
ema50_rel & ret_96,-0.00928..0.272 & -2.24..-0.984,37998,1.4870973814358994,0.28967314069161537,-0.6833594077157428,-0.12855270792500026,-0.14739544891523493,-95.5419831474113,0.0,0.0
dist_low_20 & ema50_rel,0.524..0.777 & -0.299..-0.00928,51969,2.0338692514301346,0.29544536165791146,-0.6852173985340518,-0.11104995167162873,-0.149253439733544,-112.68886743263202,0.0,0.0
dist_low_20 & ema200_rel,0.777..1.08 & 0.54..1.36,50760,1.9865535839172128,0.29385342789598107,-0.685809589940436,-0.11618286636298257,-0.1498456311399281,-110.89739432712905,0.0,0.0
dist_high_20 & ema200_rel,0.463..0.708 & -1.57..-0.716,44986,1.760581156936559,0.297937135997866,-0.6859903879947138,-0.10368832328971382,-0.15002642919420595,-104.10948304244323,0.0,0.0
dist_low_20 & ret_96,0.777..1.08 & -0.0473..0.849,43447,1.7003505429560903,0.29509517342969593,-0.6867224676109344,-0.11168772975596883,-0.15075850881042652,-102.94117225974908,0.0,0.0
up_from_low_30d & ema50_rel,12.6..17.3 & 0.272..0.654,44628,1.7465703968293416,0.2912297212512324,-0.6884751097132945,-0.12626605565204896,-0.15251115091278666,-104.45543320141371,0.0,0.0
dist_high_20 & up_from_low_30d,0.708..1 & 5.06..8.62,43448,1.7003896791575073,0.28967961701344136,-0.6888555253763451,-0.13158666951037148,-0.15289156657583725,-104.76995314817877,0.0,0.0
up_from_low_30d & ret_96,17.3..23 & -0.0473..0.849,37656,1.473712800551351,0.29134799235181646,-0.6898443523217764,-0.12146988004253388,-0.1538803935212686,-94.99294962957235,0.0,0.0
ema200_rel & ret_16,-0.716..-0.0819 & 0.332..0.781,42891,1.6785908149683446,0.2979646079597118,-0.6900960298777298,-0.10225485606566909,-0.15413207107722193,-102.11022061925418,0.0,0.0
dist_high_20 & ema50_rel,0.708..1 & -0.701..-0.299,66370,2.5974696880335975,0.30141630254633117,-0.6903025418134838,-0.09409314052322135,-0.15433858301297598,-126.57940508716368,0.0,0.0
up_from_low_30d & ema200_rel,12.6..17.3 & 0.54..1.36,46461,1.818307054026352,0.29401002991756525,-0.6912000857885999,-0.11644779579864231,-0.15523612698809208,-106.24957942648676,0.0,0.0
up_from_low_30d & ema200_rel,12.6..17.3 & -0.716..-0.0819,39600,1.549793576105627,0.3058585858585859,-0.6941117709629758,-0.08194905110464037,-0.15814781216246798,-95.7909237462851,0.0,0.0
dist_high_20 & ema200_rel,0.708..1 & -0.716..-0.0819,47083,1.842649771307607,0.29654015249665483,-0.694742183676044,-0.11007673896234059,-0.15877822487553617,-108.40844935346573,0.0,0.0
ema50_rel & ret_16,-0.701..-0.299 & -0.793..-0.331,97999,3.835308602645842,0.2984010040918785,-0.694965483946374,-0.10251302828163275,-0.15900152514586618,-153.69693839008264,0.0,0.0
up_from_low_30d & ema50_rel,5.06..8.62 & -0.701..-0.299,44982,1.7604246121308917,0.29642968298430483,-0.6958124605856738,-0.10796845972532434,-0.15984850178516596,-105.22176751937582,0.0,0.0
dist_high_20 & ret_96,0.463..0.708 & 0.849..2.07,49146,1.9233877548304834,0.2921092255727831,-0.6965738964217275,-0.1210698594672411,-0.16060993762121967,-111.56921117507856,0.0,0.0
dist_low_20 & ema200_rel,0.288..0.524 & -1.57..-0.716,52574,2.057546653287304,0.29459428614904704,-0.696791367314591,-0.11229073451940443,-0.16082740851408317,-114.69060871638838,0.0,0.0
atr_pct & up_from_low_30d,0.271..0.373 & 31.2..48,17557,0.6871142882749115,0.3023865125021359,-0.6991927990736178,-0.08997190649682694,-0.1632288402731099,-67.39867611349834,0.0,0.0
dist_high_20 & ema200_rel,0.463..0.708 & 0.54..1.36,49034,1.919004500271801,0.28796345392992617,-0.7002551636453539,-0.13332014447310472,-0.16429120484484605,-112.35006423161497,0.0,0.0
dist_low_20 & ema200_rel,0.777..1.08 & -0.0819..0.54,44141,1.7275110667393556,0.2895267438435921,-0.700361736788654,-0.1277270592537087,-0.16439777798814614,-106.64597947223606,0.0,0.0
dist_high_20 & up_from_low_30d,0.708..1 & -inf..5.06,39800,1.5576208163889889,0.29540201005025124,-0.7013420253967911,-0.10952333396693532,-0.1653780665962833,-100.85968977105546,0.0,0.0
atr_pct & dist_low_20,0.271..0.373 & 1.08..1.46,44523,1.7424610956805766,0.30267502189879386,-0.7026126139036131,-0.08769888497005839,-0.16664865510310523,-108.39056459132149,0.0,0.0
atr_pct & ema50_rel,0.271..0.373 & 0.654..1.38,37811,1.479778911770956,0.30197561556160907,-0.7041277175337296,-0.09043271302948765,-0.16816375873322176,-100.28795405170655,0.0,0.0
atr_pct & ret_96,0.271..0.373 & -4.32..-2.24,32045,1.254119574401637,0.3017319394601342,-0.7043114203854024,-0.09096970203116989,-0.16834746158489455,-91.8326320259843,0.0,0.0
dist_high_20 & ret_96,0.708..1 & -0.984..-0.0473,45512,1.7811667988818005,0.29128581473018106,-0.7056740490038663,-0.12456245573797224,-0.16971009020335848,-108.7221670961796,0.0,0.0
atr_pct & ret_16,0.271..0.373 & 0.781..1.63,38497,1.506626345942887,0.3008286359976102,-0.7086592384505231,-0.09358333816877916,-0.1726952796500153,-101.79264247804045,0.0,0.0
ema200_rel & ret_16,-1.57..-0.716 & -0.331..0,52983,2.0735533596667786,0.2991714323462243,-0.7088070873575995,-0.0975671686658123,-0.1728431285570916,-115.17070468391286,0.0,0.0
atr_pct & up_from_low_30d,0.271..0.373 & 23..31.2,29354,1.1488040563890045,0.30169653198882607,-0.7093174630727905,-0.0938757674711342,-0.1733535042722827,-88.76821336659155,0.0,0.0
atr_pct & ret_96,0.271..0.373 & 0.849..2.07,60870,2.3822205802411496,0.3015935600459997,-0.7123993859749801,-0.08872086261391254,-0.17643542717447225,-128.69737102462062,0.0,0.0
dist_low_20 & ret_96,0.288..0.524 & -2.24..-0.984,49386,1.9327804431705176,0.2939901996517232,-0.7124808042083096,-0.11393375198165305,-0.17651684540780177,-112.81729999523489,0.0,0.0
dist_low_20 & dist_high_20,0.288..0.524 & 0.708..1,42571,1.666067230514966,0.2978083671983275,-0.712521836677909,-0.10134224214633117,-0.17655787787740118,-106.53419937682553,0.0,0.0
dist_high_20 & up_from_low_30d,0.463..0.708 & 8.62..12.6,45611,1.7850412828220645,0.29332836377189714,-0.7129849241698993,-0.12041271102090913,-0.1770209653693915,-109.19212352809939,0.0,0.0
ema200_rel & ret_96,-0.716..-0.0819 & -2.24..-0.984,68100,2.6651753164846768,0.2891483113069016,-0.7132791107356755,-0.13188364445714204,-0.17731515193516767,-132.3851406190324,0.0,0.0
dist_high_20 & ema50_rel,0.241..0.463 & 0.272..0.654,63165,2.4720381624927255,0.2948784928362226,-0.7133188253555844,-0.1116458779186778,-0.1773548665550766,-129.26075648451032,0.0,0.0
atr_pct & dist_high_20,0.271..0.373 & -inf..0.241,56815,2.22352328349599,0.3030713719968318,-0.714296542534813,-0.0856645959112899,-0.17833258373430516,-124.27920858764209,0.0,0.0
atr_pct & ema200_rel,0.271..0.373 & -3.06..-1.57,30777,1.2044948710051233,0.29703999740065634,-0.7166016023858091,-0.10569275445853869,-0.1806376435853012,-92.06221751384457,0.0,0.0
dist_high_20 & ema50_rel,0.241..0.463 & -0.701..-0.299,18209,0.7126310915986708,0.3155582404305563,-0.7178047595663538,-0.045397169272584685,-0.18184080076584597,-66.7321648363729,0.0,0.0
up_from_low_30d & ret_96,5.06..8.62 & -2.24..-0.984,46279,1.8111842653684929,0.28129389139782623,-0.7180486524772607,-0.1553458924285075,-0.18208469367675284,-112.56458322159702,0.0,0.0
atr_pct & ema200_rel,0.271..0.373 & 1.36..2.88,37048,1.449917990089931,0.29747894623191534,-0.7185258149076887,-0.10420338450527722,-0.1825618561071809,-101.6434664075274,0.0,0.0
dist_low_20 & dist_high_20,0.777..1.08 & 0.241..0.463,42024,1.6446597283399715,0.29668760708166764,-0.7194978583978804,-0.10479229270398317,-0.18353389959737254,-107.28805669382915,0.0,0.0
atr_pct & ret_96,0.271..0.373 & 2.07..4.36,37436,1.465102836239653,0.29650603696976174,-0.7201003674934677,-0.10618003250626494,-0.18413640869295989,-102.3614501308742,0.0,0.0
dist_high_20 & ret_96,0.463..0.708 & -2.24..-0.984,42843,1.6767122773003378,0.285017389071727,-0.7206181899870006,-0.14399696281282146,-0.1846542311864927,-107.88921243042226,0.0,0.0
dist_low_20 & up_from_low_30d,0.524..0.777 & 8.62..12.6,47121,1.8441369469614457,0.2924173935188133,-0.7213081430762758,-0.11932316553209145,-0.18534418427576793,-111.81118604279241,0.0,0.0
atr_pct & ema200_rel,0.271..0.373 & -1.57..-0.716,60724,2.3765066948342954,0.29838284697977735,-0.7229066077396245,-0.10073664990471948,-0.1869426489391166,-130.35726267103541,0.0,0.0
dist_low_20 & up_from_low_30d,0.288..0.524 & 12.6..17.3,43094,1.6865354638559569,0.29732677402886715,-0.723663763166804,-0.10445782535125812,-0.18769980436629619,-105.62519973431057,0.0,0.0
ema200_rel & ret_96,-0.0819..0.54 & 0.849..2.07,65404,2.5596641174649606,0.2962357042382729,-0.7244461143969214,-0.10582214657515761,-0.18848215559641357,-130.09531340881733,0.0,0.0
dist_high_20 & ema200_rel,-inf..0.241 & -1.57..-0.716,27525,1.0772239439976612,0.2991462306993642,-0.7251936337958013,-0.09201660207719202,-0.18922967499529342,-84.09385065902053,0.0,0.0
dist_low_20 & dist_high_20,0.524..0.777 & 0.463..0.708,40460,1.5834507093240826,0.29233811171527435,-0.7262274650194249,-0.11669974173446966,-0.19026350621891708,-106.7152301136339,0.0,0.0
atr_pct & up_from_low_30d,0.271..0.373 & 12.6..17.3,44728,1.7504840169710223,0.29681631192988733,-0.7262550606237328,-0.10546998726193,-0.19029110182322495,-112.72162512363865,0.0,0.0
dist_high_20 & ema200_rel,0.241..0.463 & -1.57..-0.716,37352,1.461815395320641,0.2982705076033412,-0.726690523196287,-0.10081288081730001,-0.19072656439577917,-99.34185556114163,0.0,0.0
atr_pct & ema50_rel,0.271..0.373 & -1.44..-0.701,30837,1.2068430430901318,0.29338132762590396,-0.7278134557706588,-0.1161333440666592,-0.19184949697015097,-93.98316570190643,0.0,0.0
atr_pct & dist_high_20,0.271..0.373 & 1.39..1.96,22073,0.8638533738732198,0.2909889910750691,-0.7278291693203051,-0.12240963570065656,-0.1918652105197972,-79.85928071566298,0.0,0.0
up_from_low_30d & ret_16,8.62..12.6 & 0.332..0.781,46065,1.8028091182652957,0.2926082709215239,-0.7285370292273347,-0.12090398616575032,-0.1925730704268268,-111.33915598207113,0.0,0.0
ema200_rel & ema50_rel,-0.716..-0.0819 & -0.701..-0.299,65146,2.5495669774994236,0.2977158996715071,-0.7292738364071846,-0.10460823367589446,-0.19330987760667673,-130.98827128946718,0.0,0.0
atr_pct & ret_16,0.271..0.373 & 0.332..0.781,60579,2.3708319456288582,0.2960431832813351,-0.7295121386551537,-0.10579632083250175,-0.1935481798546459,-132.11074094520416,0.0,0.0
dist_low_20 & ema50_rel,0.777..1.08 & 0.272..0.654,66761,2.6127719427875697,0.2915923967585866,-0.7299916317115203,-0.1218562482441491,-0.19402767291101242,-135.88006554868633,0.0,0.0
atr_pct & up_from_low_30d,0.271..0.373 & 8.62..12.6,57849,2.2639901157609703,0.29611574962402115,-0.7303810735635821,-0.10597221403209138,-0.19441711476307422,-128.99730093742866,0.0,0.0
atr_pct & ret_16,0.271..0.373 & -0.331..0,63365,2.4798654027760874,0.2969147005444646,-0.7304696225999926,-0.10381944113792281,-0.19450566379948475,-134.92905455121138,0.0,0.0
atr_pct & dist_high_20,0.271..0.373 & 0.241..0.463,65789,2.5747315550104317,0.29757254252230614,-0.730659256843856,-0.10275507057061797,-0.19469529804334818,-137.6597508450392,0.0,0.0
up_from_low_30d & ema50_rel,17.3..23 & -0.00928..0.272,38227,1.4960595715603486,0.28126716718549716,-0.7318569297089905,-0.15013599664771424,-0.19589297090848268,-101.86047261748509,0.0,0.0
dist_low_20 & dist_high_20,1.08..1.46 & -inf..0.241,45342,1.7745136446409429,0.2971637775131225,-0.7324324010262059,-0.10511808405511731,-0.19646844222569804,-112.88024169633746,0.0,0.0
atr_pct & ema50_rel,0.271..0.373 & -0.299..-0.00928,61683,2.414038311993015,0.2961107598527957,-0.7331814125934012,-0.10586962610135943,-0.19721745379289335,-133.7620775889464,0.0,0.0
up_from_low_30d & ret_16,17.3..23 & 0..0.332,36594,1.4321501546467,0.28215007924796415,-0.7337647326755754,-0.14913157410356231,-0.19780077387506756,-99.70007570157802,0.0,0.0
dist_low_20 & ema200_rel,0.524..0.777 & -0.716..-0.0819,48981,1.91693028159671,0.29297074375778365,-0.7353648553652722,-0.114984523997516,-0.19940089656476434,-116.61782207587206,0.0,0.0
atr_pct & ema50_rel,0.271..0.373 & -0.701..-0.299,60189,2.355568827076303,0.29397398195683594,-0.7355404964022041,-0.11357246592834339,-0.19957653760169625,-132.5355001256751,0.0,0.0
atr_pct & dist_low_20,0.271..0.373 & 0.777..1.08,59369,2.3234771419145197,0.2928969664302919,-0.7357059640421619,-0.11505944018857407,-0.19974200524165409,-132.3314117324157,0.0,0.0
dist_high_20 & ema50_rel,0.463..0.708 & -0.00928..0.272,55041,2.1540956621825713,0.28733126215003363,-0.738307092722873,-0.1336891732454811,-0.20234313392236514,-125.46951263448275,0.0,0.0
dist_low_20 & ret_16,0.777..1.08 & 0.332..0.781,82298,3.2208311042005278,0.29295973170672435,-0.73887348745737,-0.11672888944750925,-0.20290952865686218,-152.49200557118738,0.0,0.0
atr_pct & ema200_rel,0.271..0.373 & -0.716..-0.0819,62960,2.4640152412022798,0.29340851334180434,-0.7393082300652665,-0.11219974051385721,-0.20334427126475862,-136.79917817124655,0.0,0.0
ret_96 & ret_16,-0.0473..0.849 & -0.793..-0.331,44023,1.7228929949721723,0.29273334393385275,-0.7393642095351555,-0.11747388996410334,-0.20340025073464763,-109.9755037751053,0.0,0.0
up_from_low_30d & ret_96,12.6..17.3 & -0.984..-0.0473,41490,1.6237609967833957,0.2924078091106291,-0.7405501619950542,-0.11707565734297012,-0.20458620319454635,-105.46487393684554,0.0,0.0
atr_pct & up_from_low_30d,0.271..0.373 & -inf..5.06,59760,2.3387793966684916,0.29328982597054887,-0.7408906325697591,-0.1133767179342386,-0.20492667376925122,-133.70821542349648,0.0,0.0
dist_low_20 & ret_96,0.524..0.777 & 0.849..2.07,47795,1.870514746716375,0.297771733444921,-0.7411695333616487,-0.10291073915254628,-0.20520557456114086,-114.76461356622079,0.0,0.0
atr_pct & dist_high_20,0.271..0.373 & 0.708..1,59165,2.3154933568254905,0.29081382574157016,-0.7414150782332233,-0.1210081725930658,-0.20545111943271543,-133.06337698086983,0.0,0.0
dist_high_20 & ret_16,0.708..1 & -0.793..-0.331,81202,3.177937827447705,0.2926775202581217,-0.7415624228740026,-0.11761577491565298,-0.2055984640734948,-152.02348307973784,0.0,0.0
up_from_low_30d & ema50_rel,-inf..5.06 & -0.701..-0.299,53182,2.0813414637487235,0.2968673611372269,-0.7419337828349143,-0.10379925731953797,-0.20596982403440645,-120.9959581731312,0.0,0.0
ema50_rel & ret_16,-0.299..-0.00928 & -0.793..-0.331,68173,2.668032259188104,0.2902762090563713,-0.7422947102396136,-0.12300328647340282,-0.20633075143910573,-137.3909359511208,0.0,0.0
ema50_rel & ret_96,-0.701..-0.299 & -0.984..-0.0473,61539,2.4084026989889944,0.29243244121613937,-0.7423687462600195,-0.11881726136960112,-0.20640478745951163,-130.5756509051117,0.0,0.0
atr_pct & ret_16,0.271..0.373 & 0..0.332,57014,2.231311387577935,0.29250710351843406,-0.7439087867930442,-0.11672721287805993,-0.20794482799253633,-131.11987740930994,0.0,0.0
ema200_rel & ret_16,-0.0819..0.54 & -0.793..-0.331,43657,1.7085691452536202,0.28772018233043956,-0.7440368613587172,-0.13169727936035125,-0.20807290255820932,-110.92334044319603,0.0,0.0
up_from_low_30d & ret_16,12.6..17.3 & -0.331..0,43947,1.7199186436644947,0.29367192299815686,-0.7440568411113001,-0.11098858539574633,-0.20809288231079226,-108.40510898033256,0.0,0.0
dist_low_20 & up_from_low_30d,0.524..0.777 & -inf..5.06,48628,1.9031152024965765,0.294521674755285,-0.7445202476548023,-0.10796494288989428,-0.20855628885429445,-115.44271142347658,0.0,0.0
atr_pct & ret_96,0.271..0.373 & -2.24..-0.984,57234,2.239921351889633,0.2910682461473949,-0.7446893683641113,-0.12334313249700807,-0.20872540956360341,-131.3936814095125,0.0,0.0
atr_pct & dist_low_20,0.271..0.373 & 0.288..0.524,64373,2.5193146938042306,0.2921255806005624,-0.7451220415199186,-0.11731922027553514,-0.20915808271941072,-139.21849441904456,0.0,0.0
dist_low_20 & dist_high_20,-inf..0.288 & 1..1.39,46514,1.8203812727014428,0.28999871006578665,-0.7472540640186064,-0.12520438090011368,-0.21129010521809855,-117.25094401697996,0.0,0.0
atr_pct & ema200_rel,0.271..0.373 & 0.54..1.36,59314,2.321324650836595,0.289914691303908,-0.7474568868956732,-0.12370216780998626,-0.2114929280951654,-134.63100924546103,0.0,0.0
atr_pct & ret_16,0.271..0.373 & -1.65..-0.793,33624,1.3159156364387778,0.2867594575303355,-0.7480150405466939,-0.13539633207829477,-0.21205108174618603,-101.55121428591352,0.0,0.0
atr_pct & ema50_rel,0.271..0.373 & 0.272..0.654,61248,2.397014064376703,0.2895441483803553,-0.7497559195970572,-0.12541993888978098,-0.21379196079654939,-137.4413720780897,0.0,0.0
ret_96 & ret_16,-2.24..-0.984 & 0..0.332,38895,1.522202554106777,0.287491965548271,-0.7498522400680522,-0.1319092765984857,-0.21388828126754433,-104.8407219771879,0.0,0.0
atr_pct & dist_low_20,0.271..0.373 & 0.524..0.777,65603,2.567452221546905,0.2895446854564578,-0.7500260214639466,-0.12524831339111636,-0.21406206266343875,-142.21572535350774,0.0,0.0
atr_pct & dist_high_20,0.271..0.373 & 0.463..0.708,66300,2.594730153934421,0.2898793363499246,-0.7500728783171082,-0.12524643991668472,-0.21410891951660038,-142.80199602580953,0.0,0.0
ret_96 & ret_16,0.849..2.07 & 0.332..0.781,55383,2.1674802430671196,0.29173211996461007,-0.750559258665476,-0.12185859389879845,-0.21459529986496817,-125.52331849243754,0.0,0.0
up_from_low_30d & ret_16,5.06..8.62 & -0.793..-0.331,45956,1.7985432723108636,0.2866437461920098,-0.7509936278218637,-0.1361612693353626,-0.2150296690213559,-115.3685347967124,0.0,0.0
ema50_rel & ret_96,-0.299..-0.00928 & -2.24..-0.984,56148,2.1974194371509785,0.28864785922918,-0.7520652672229038,-0.12914207528681296,-0.21610130842239594,-125.4403119958014,0.0,0.0
ema50_rel & ret_16,-0.00928..0.272 & 0.332..0.781,62812,2.458223083392592,0.2881774183277081,-0.7530674818765585,-0.1282452122509819,-0.21710352307605063,-133.9079775922951,0.0,0.0
atr_pct & ema50_rel,0.271..0.373 & -0.00928..0.272,60458,2.3660964652574243,0.28886168910648713,-0.7536075488198574,-0.12589909594263407,-0.21764359001934952,-137.14886505789153,0.0,0.0
up_from_low_30d & ret_96,-inf..5.06 & -2.24..-0.984,56111,2.1959713976985564,0.2915649337919481,-0.7537661601960436,-0.11762952384443023,-0.21780220139553574,-126.06766892778074,0.0,0.0
ret_96 & ret_16,-2.24..-0.984 & -0.331..0,49752,1.9471042928890696,0.28913410516160154,-0.7549712555206849,-0.12817681235511127,-0.21900729672017705,-118.86973514740725,0.0,0.0
atr_pct & up_from_low_30d,0.271..0.373 & 5.06..8.62,66226,2.591834075029577,0.2878174734998339,-0.755073057625718,-0.12896265811176805,-0.21910909882521012,-144.14354931746257,0.0,0.0
atr_pct & ret_96,0.271..0.373 & -0.0473..0.849,59390,2.3242990021442727,0.2886176123926587,-0.7553084427548878,-0.12690318162325875,-0.21934448395438,-136.50847613619345,0.0,0.0
atr_pct & dist_high_20,0.271..0.373 & 1..1.39,44134,1.727237113329438,0.2840440476729959,-0.7559597259395668,-0.14190342815395696,-0.219995767139059,-117.92754073730643,0.0,0.0
up_from_low_30d & ret_16,-inf..5.06 & -0.793..-0.331,48742,1.9075767294580928,0.29348405892248985,-0.7566035148632979,-0.11275520770387538,-0.22063955606279007,-117.33499625792734,0.0,0.0
atr_pct & up_from_low_30d,0.271..0.373 & 17.3..23,38345,1.500677643327532,0.28496544529925677,-0.7570486515953053,-0.13947130645850073,-0.22108469279479748,-109.97151980166358,0.0,0.0
up_from_low_30d & ret_96,8.62..12.6 & 0.849..2.07,50022,1.957671067271608,0.28763344128583423,-0.7572424828234262,-0.13329667508103316,-0.22127852402291837,-120.79064637327942,0.0,0.0
dist_high_20 & up_from_low_30d,0.241..0.463 & 12.6..17.3,43361,1.696984829634245,0.2898457138903623,-0.7586334515190745,-0.12642084429193529,-0.22266949271856662,-111.47489409080698,0.0,0.0
atr_pct & ema200_rel,0.271..0.373 & -0.0819..0.54,61283,2.3983838314262913,0.2877959629913679,-0.7589455152405317,-0.13096582166374982,-0.22298155644002382,-139.2901219851011,0.0,0.0
atr_pct & ret_16,0.271..0.373 & -0.793..-0.331,58709,2.2976472489794255,0.28610604847638355,-0.7590153759919102,-0.13573346558287705,-0.2230514171914023,-136.17162743243622,0.0,0.0
dist_low_20 & up_from_low_30d,-inf..0.288 & 17.3..23,34518,1.3509034005054048,0.28234544295729763,-0.7590379862734722,-0.14691932329884966,-0.22307402747296434,-98.89071250942857,0.0,0.0
up_from_low_30d & ema50_rel,12.6..17.3 & -0.299..-0.00928,40801,1.5967961540072144,0.29028700276953995,-0.7597728671233952,-0.12185050209578413,-0.22380890832288736,-107.17828765787846,0.0,0.0
atr_pct & dist_low_20,0.271..0.373 & -inf..0.288,57200,2.238590721041461,0.28777972027972026,-0.7613366462545927,-0.13212810615148335,-0.2253726874540849,-134.41368257384528,0.0,0.0
ret_96 & ret_16,0.849..2.07 & -0.331..0,48238,1.8878520839440212,0.2959077905385795,-0.7622699672062132,-0.1036947347226482,-0.22630600840570536,-117.12049727832502,0.0,0.0
dist_high_20 & up_from_low_30d,-inf..0.241 & 17.3..23,39208,1.534452185150238,0.28359008365639665,-0.7623181271940581,-0.14297988885166793,-0.22635416839355027,-105.90856382843577,0.0,0.0
atr_pct & ret_96,0.271..0.373 & -0.984..-0.0473,61655,2.4129424983533445,0.284405157732544,-0.7687189320628115,-0.14070026016119913,-0.23275497326230365,-141.84387724032717,0.0,0.0
dist_low_20 & ret_96,0.524..0.777 & -0.984..-0.0473,48628,1.9031152024965765,0.2853705683968084,-0.7724719276006149,-0.13731073074704156,-0.23650796880010705,-121.76896582605166,0.0,0.0
up_from_low_30d & ema50_rel,8.62..12.6 & 0.272..0.654,46991,1.8390492407772605,0.28101125747483563,-0.7738973720408465,-0.15344885664635247,-0.23793341324033868,-120.40800458782132,0.0,0.0
ema50_rel & ret_96,0.272..0.654 & 0.849..2.07,77429,3.0302769395020857,0.2897751488460396,-0.774864799513643,-0.1249156999539045,-0.2389008407131351,-153.0436019640089,0.0,0.0
dist_high_20 & ret_96,0.241..0.463 & -2.24..-0.984,40034,1.566778687520522,0.2858820002997452,-0.7767540569492071,-0.13854550710517943,-0.24079009814869923,-110.98102951479169,0.0,0.0
ret_96 & ret_16,-0.984..-0.0473 & 0.332..0.781,43515,1.7030118046524334,0.2790532000459612,-0.7797876240147988,-0.15795337069016316,-0.243823665214291,-116.95425595189843,0.0,0.0
up_from_low_30d & ema200_rel,8.62..12.6 & -0.716..-0.0819,46076,1.8032396164808806,0.2896301762305756,-0.7820047703679956,-0.12530381796524223,-0.2460408115674878,-117.42997988669923,0.0,0.0
dist_high_20 & ret_96,0.241..0.463 & 0.849..2.07,53171,2.0809109655331386,0.29224577307178723,-0.7825645903206413,-0.11874183330975284,-0.24660063152013345,-128.5143009092461,0.0,0.0
ema200_rel & ret_16,-0.716..-0.0819 & -0.793..-0.331,55603,2.1760902073788175,0.29305972699314786,-0.7829968365460853,-0.1150106946694192,-0.24703287774557747,-129.51294754593997,0.0,0.0
ema50_rel & ret_16,0.272..0.654 & 0.332..0.781,98192,3.8428618895192863,0.2868970995600456,-0.7836427923291128,-0.13442189440549043,-0.24767883352860498,-174.03454359723258,0.0,0.0
ema200_rel & ret_16,0.54..1.36 & -0.331..0,47594,1.8626483702315964,0.28259864688826325,-0.7863761759373226,-0.14220577812128196,-0.2504122171368147,-121.7842892379304,0.0,0.0
ema200_rel & ret_96,0.54..1.36 & 0.849..2.07,113468,4.440706502362457,0.28315472203616876,-0.786472229374631,-0.14346690363655448,-0.25050827057412317,-188.78521777646097,0.0,0.0
up_from_low_30d & ema200_rel,-inf..5.06 & -1.57..-0.716,60496,2.367583640911263,0.2865974609891563,-0.7883161420959213,-0.13221442663212182,-0.2523521832954134,-139.24862813442644,0.0,0.0
ema200_rel & ema50_rel,-0.0819..0.54 & 0.272..0.654,61814,2.419165154378617,0.2868444041802828,-0.7887070354244899,-0.13220745571128864,-0.2527430766239821,-138.8282513026487,0.0,0.0
up_from_low_30d & ret_16,12.6..17.3 & 0..0.332,40188,1.5728056625387106,0.2886433761321788,-0.7892346830863574,-0.12616736525645825,-0.2532707242858495,-110.53104764833897,0.0,0.0
up_from_low_30d & ema200_rel,12.6..17.3 & -0.0819..0.54,42909,1.6792952665938472,0.2887040014915286,-0.790764641692063,-0.12466399902660268,-0.2548006828915551,-113.83777123156197,0.0,0.0
up_from_low_30d & ret_96,12.6..17.3 & -0.0473..0.849,41952,1.6418419218379612,0.28534992372234935,-0.7932512971276185,-0.1359840965727858,-0.2572873383271107,-113.84707032753971,0.0,0.0
up_from_low_30d & ema50_rel,12.6..17.3 & -0.00928..0.272,42045,1.6454815885697245,0.28564633131168987,-0.7934953161280544,-0.13268402451965672,-0.2575313573275465,-113.67866724385556,0.0,0.0
up_from_low_30d & ret_16,5.06..8.62 & 0.332..0.781,46408,1.8162328353512611,0.2870625754180314,-0.7937813700753836,-0.13271504062313372,-0.2578174112748758,-121.72334956308856,0.0,0.0
ema200_rel & ret_96,0.54..1.36 & -0.0473..0.849,69128,2.7054073315411564,0.28017590556648536,-0.7967315570546898,-0.15300198678216645,-0.26076759825418194,-148.09446007749753,0.0,0.0
ema200_rel & ret_16,0.54..1.36 & 0.332..0.781,61448,2.404841304660065,0.2823362843379768,-0.7978529378236655,-0.14911109687034926,-0.26188897902315766,-141.03132593649147,0.0,0.0
dist_low_20 & up_from_low_30d,0.524..0.777 & 5.06..8.62,50385,1.9718775083859095,0.2821276173464325,-0.7994545309456956,-0.14671537664878015,-0.2634905721451878,-129.06496419029236,0.0,0.0
ret_96 & ret_16,-0.984..-0.0473 & -0.793..-0.331,53176,2.081106646540223,0.2851474349330525,-0.7996232141064543,-0.138658319235112,-0.26365925530594647,-130.73762082967895,0.0,0.0
dist_low_20 & ema200_rel,0.524..0.777 & 0.54..1.36,49691,1.9447169846026442,0.28423658207723734,-0.8009830234125049,-0.14156847756238464,-0.2650190646119971,-127.34548058576966,0.0,0.0
dist_high_20 & ema200_rel,0.241..0.463 & 0.54..1.36,55193,2.160044364797926,0.28606888554708026,-0.8023086607731339,-0.13692935419583743,-0.26634470197262605,-134.97334702162087,0.0,0.0
ema50_rel & ret_16,0.272..0.654 & 0..0.332,62545,2.447773717614304,0.2827564153809257,-0.8049384640320755,-0.1438702112584447,-0.26897450523156763,-142.4756684821279,0.0,0.0
dist_high_20 & ret_96,0.463..0.708 & -0.0473..0.849,49119,1.9223310773922297,0.28646755837863147,-0.8096462145055303,-0.13679149848159985,-0.27368225570502247,-128.0537321394538,0.0,0.0
dist_low_20 & ret_16,0.524..0.777 & 0..0.332,67363,2.636331936040489,0.28769502545907993,-0.8129071224064738,-0.1298965641961071,-0.27694316360596594,-151.3655138878219,0.0,0.0
dist_high_20 & ema50_rel,0.463..0.708 & -0.701..-0.299,42289,1.6550308217154257,0.28884579914398545,-0.8136999699753398,-0.1297303923361514,-0.27773601117483193,-117.8592149912341,0.0,0.0
dist_high_20 & ret_96,-inf..0.241 & -2.24..-0.984,33848,1.324682145556143,0.28421177026707634,-0.81373891026129,-0.13829730792383274,-0.2777749514607821,-104.91210829997628,0.0,0.0
dist_high_20 & ema200_rel,0.463..0.708 & -0.0819..0.54,50295,1.9683552502583967,0.283050004970673,-0.8142141284571007,-0.14593211185597438,-0.2782501696565929,-130.97286933162556,0.0,0.0
dist_high_20 & up_from_low_30d,0.463..0.708 & 5.06..8.62,48988,1.9172042350066276,0.2767004164285131,-0.8169329523280422,-0.16447592822890572,-0.28096899352753435,-131.64001709742834,0.0,0.0
ema200_rel & ema50_rel,0.54..1.36 & 0.272..0.654,88909,3.47956053176705,0.28016286315221184,-0.8170459304625856,-0.15262332703545134,-0.2810819716620777,-173.56541222485123,0.0,0.0
up_from_low_30d & ret_16,-inf..5.06 & 0.332..0.781,39097,1.5301080667929723,0.28380694170908255,-0.8194874118588508,-0.14008420645047634,-0.2835234530583429,-114.23928370050197,0.0,0.0
up_from_low_30d & ret_96,5.06..8.62 & 0.849..2.07,51636,2.0208368963583374,0.28402664807498645,-0.8213838980296678,-0.14046806882497642,-0.28541993922916,-132.86400063659977,0.0,0.0
dist_low_20 & ret_16,0.777..1.08 & 0.781..1.63,10959,0.42889363132680725,0.2845150104936582,-0.8237368202138444,-0.1429620866331254,-0.2877728614133366,-62.260120708815904,0.0,0.0
up_from_low_30d & ema200_rel,8.62..12.6 & 0.54..1.36,51801,2.0272943695921106,0.27240786857396576,-0.8243840244545756,-0.17789093675522602,-0.28842006565406775,-135.32330507431854,0.0,0.0
up_from_low_30d & ema50_rel,5.06..8.62 & 0.272..0.654,48821,1.9106684893700208,0.2800843899141763,-0.825722265215868,-0.15340926562548057,-0.28975830641536016,-131.02218441870227,0.0,0.0
ema50_rel & ret_96,-0.00928..0.272 & 0.849..2.07,59684,2.3358050453608143,0.2857047114804638,-0.8280054151976094,-0.13024346597870698,-0.29204145639710155,-141.26075932916703,0.0,0.0
dist_high_20 & ret_16,0.463..0.708 & -0.331..0,78074,3.0555197894159276,0.28507569741527267,-0.8281462333490062,-0.13875573471151353,-0.2921822745484983,-166.11139399541693,0.0,0.0
up_from_low_30d & ema50_rel,8.62..12.6 & -0.299..-0.00928,45841,1.7940426091479305,0.2866429615409786,-0.8306724521590534,-0.13067161865388716,-0.29470849335854554,-123.65918052663702,0.0,0.0
dist_high_20 & up_from_low_30d,0.241..0.463 & 8.62..12.6,48021,1.8793595282365736,0.285187730367964,-0.8344604026652497,-0.13945176791764077,-0.29849644386474183,-128.87704727101345,0.0,0.0
dist_low_20 & ema200_rel,-inf..0.288 & -1.57..-0.716,58142,2.275457022776095,0.28292800385263667,-0.8359244397725183,-0.14259785138251174,-0.29996048097201045,-142.96742115755941,0.0,0.0
up_from_low_30d & ret_16,8.62..12.6 & -0.331..0,48897,1.9136428406776982,0.2847618463300407,-0.8364063652798417,-0.13415740940599155,-0.30044240647933385,-128.3112935616338,0.0,0.0
dist_low_20 & ret_16,0.288..0.524 & -0.331..0,72418,2.834165434202457,0.28745615730895635,-0.8392328238045037,-0.12985549200106686,-0.30326886500399586,-161.65014654679234,0.0,0.0
dist_low_20 & ret_96,0.524..0.777 & -0.0473..0.849,50451,1.974460497679419,0.284414580484034,-0.8393205250730433,-0.13723023279642624,-0.3033565662725355,-133.20534980296574,0.0,0.0
ema50_rel & ret_96,0.272..0.654 & -0.0473..0.849,60134,2.353416335998378,0.27866099045465126,-0.8398290995219942,-0.1562337918034118,-0.3038651407214864,-145.87414460609887,0.0,0.0
dist_low_20 & ema50_rel,0.524..0.777 & -0.00928..0.272,60805,2.379676727149057,0.28081572239125074,-0.8408375660751705,-0.149503614036832,-0.3048736072746626,-149.08692954943476,0.0,0.0
ema200_rel & ema50_rel,0.54..1.36 & -0.00928..0.272,63896,2.5006467257284126,0.2786715913359209,-0.8434783245060173,-0.15130281390805483,-0.3075143657055095,-149.68642921548005,0.0,0.0
dist_low_20 & ret_96,0.288..0.524 & 0.849..2.07,45512,1.7811667988818005,0.285133591140798,-0.8447423912036277,-0.13405020724174868,-0.30877843240311986,-126.93533488152724,0.0,0.0
dist_high_20 & ema200_rel,0.463..0.708 & -0.716..-0.0819,53524,2.0947260446332723,0.28148120469322174,-0.851742671992987,-0.14984208364349186,-0.3157787131924792,-140.19217315194862,0.0,0.0
up_from_low_30d & ret_96,8.62..12.6 & -0.984..-0.0473,45876,1.795412376197519,0.27611387217717326,-0.8522637897355062,-0.16236960091432948,-0.31629983093499836,-128.19746666223227,0.0,0.0
ema200_rel & ret_96,-0.716..-0.0819 & -0.0473..0.849,67463,2.64024555618217,0.2850896046721907,-0.8532500307209064,-0.13135558720844584,-0.3172860719203986,-149.41217934780477,0.0,0.0
ema200_rel & ret_16,-0.0819..0.54 & 0.332..0.781,53338,2.0874467111697457,0.27800067494094266,-0.8533778781593887,-0.15607033263053602,-0.31741391935888086,-139.71355941685283,0.0,0.0
dist_low_20 & ret_96,-inf..0.288 & -2.24..-0.984,52763,2.0649433953550806,0.27972253283550974,-0.853800294671306,-0.15280126201530905,-0.3178363358707982,-137.67273359253338,0.0,0.0
dist_high_20 & ret_96,0.463..0.708 & -0.984..-0.0473,51380,2.0108180287956343,0.2775009731413001,-0.8544533206829537,-0.1619861808917887,-0.3184893618824458,-138.93624463572078,0.0,0.0
dist_high_20 & up_from_low_30d,0.463..0.708 & -inf..5.06,43791,1.7138133962434725,0.2836427576442648,-0.8555319735319247,-0.14071611900903042,-0.3195680147314168,-127.33139778634582,0.0,0.0
dist_high_20 & up_from_low_30d,-inf..0.241 & 12.6..17.3,43974,1.7209753211027485,0.2840087324328012,-0.8581954774490438,-0.1367209035592833,-0.32223151864853594,-124.65183158986922,0.0,0.0
ema50_rel & ret_16,-0.299..-0.00928 & 0..0.332,57799,2.26203330569013,0.283863042613194,-0.8585725897363464,-0.13583610836667206,-0.3226086309358386,-141.71062296513156,0.0,0.0
dist_low_20 & up_from_low_30d,-inf..0.288 & 12.6..17.3,41575,1.6270875739038244,0.28,-0.8600430736354314,-0.14695598294278645,-0.3240791148349236,-120.93582673825678,0.0,0.0
dist_low_20 & ema200_rel,0.524..0.777 & -0.0819..0.54,52256,2.0451013412367587,0.27707823025107164,-0.863005451407772,-0.1589716896934896,-0.3270414926072641,-140.6897789298878,0.0,0.0
dist_low_20 & ema50_rel,-inf..0.288 & 0.272..0.654,6806,0.26636098684280046,0.263003232441963,-0.8632957942732262,-0.19983542515431102,-0.3273318354727184,-51.787786886765325,0.0,0.0
ret_96 & ret_16,-0.0473..0.849 & 0.332..0.781,51353,2.0097613513573807,0.276634276478492,-0.8635261133221706,-0.16027265772500832,-0.3275621545216627,-138.76011605244193,0.0,0.0
dist_high_20 & ema50_rel,0.463..0.708 & -0.299..-0.00928,65282,2.5548895008921098,0.28349315278330933,-0.8647129433914874,-0.141704672419876,-0.32874898459097956,-156.77290144489294,0.0,0.0
ret_96 & ret_16,0.849..2.07 & 0..0.332,49006,1.9179086866321302,0.28296535118148797,-0.8660878655838847,-0.13855731064841983,-0.3301239067833769,-134.03709737569991,0.0,0.0
dist_low_20 & up_from_low_30d,0.288..0.524 & 8.62..12.6,48716,1.9065591882212558,0.273585680269316,-0.868386053467478,-0.16962897400390117,-0.33242209466697015,-135.09479166256185,0.0,0.0
dist_low_20 & ema50_rel,0.288..0.524 & -0.299..-0.00928,63317,2.4779868651080803,0.28088822906960215,-0.8740053460897218,-0.14839905934224792,-0.33804138728921396,-157.67521434400737,0.0,0.0
dist_low_20 & dist_high_20,0.288..0.524 & 0.463..0.708,39357,1.5402834791613425,0.2855654648474223,-0.879683410433503,-0.13573158104521552,-0.3437194516329951,-127.26830659515414,0.0,0.0
up_from_low_30d & ret_96,-inf..5.06 & 0.849..2.07,28017,1.0964789550947311,0.283613520362637,-0.889094489542821,-0.13160307868951482,-0.35313053074231315,-103.76298298225505,0.0,0.0
up_from_low_30d & ema200_rel,5.06..8.62 & 0.54..1.36,50350,1.9705077413363212,0.26959285004965244,-0.8901701743643603,-0.1818105246323589,-0.35420621556385246,-144.0481505479638,0.0,0.0
dist_low_20 & dist_high_20,0.524..0.777 & 0.241..0.463,39613,1.5503023467240455,0.282886931057986,-0.8908492980342693,-0.1432420095103881,-0.3548853392337614,-129.79205257086866,0.0,0.0
dist_low_20 & ema50_rel,-inf..0.288 & -0.701..-0.299,75069,2.937915504158417,0.276985173640251,-0.8941018754894596,-0.16263153850178755,-0.3581379166889518,-175.14444501849917,0.0,0.0
ema200_rel & ret_16,0.54..1.36 & 0..0.332,52406,2.05097177144928,0.2762279128344083,-0.8983864136083926,-0.15816027552467585,-0.3624224548078847,-144.01878343088813,0.0,0.0
dist_low_20 & ema200_rel,0.288..0.524 & -0.716..-0.0819,57581,2.2535016137812653,0.28195064344141296,-0.8994449284447721,-0.1432755551705513,-0.36348096964426424,-151.30870846280808,0.0,0.0
up_from_low_30d & ret_96,8.62..12.6 & -0.0473..0.849,48352,1.8923136109055374,0.2743216412971542,-0.9051475864472666,-0.16356586232685508,-0.3691836276467587,-137.39747709112743,0.0,0.0
up_from_low_30d & ema50_rel,-inf..5.06 & 0.272..0.654,32755,1.2819062774075711,0.2675622042436269,-0.9065443253693134,-0.18348220967320716,-0.37058036656880555,-117.80747150794524,0.0,0.0
dist_high_20 & ret_16,0.241..0.463 & 0..0.332,68171,2.66795398678527,0.27940033151926774,-0.9072870645686405,-0.1542023642087034,-0.37132310576813266,-169.15892993477328,0.0,0.0
up_from_low_30d & ema200_rel,5.06..8.62 & -0.716..-0.0819,56222,2.2003155160558223,0.27179751698623317,-0.9097168473494712,-0.17121833580178686,-0.3737528885489634,-150.62964527406933,0.0,0.0
dist_low_20 & ret_16,-inf..0.288 & -0.793..-0.331,83989,3.287010420796351,0.2764766814701925,-0.9104573043231831,-0.16244313619381215,-0.3744933455226752,-187.9021549901105,0.0,0.0
dist_low_20 & up_from_low_30d,0.288..0.524 & -inf..5.06,56727,2.220079297771311,0.2790029439244099,-0.9106210430587434,-0.14401873656049735,-0.3746570842582355,-148.97266235436712,0.0,0.0
dist_low_20 & ema200_rel,0.288..0.524 & 0.54..1.36,44096,1.7257499376755991,0.2702285921625544,-0.9126307689577369,-0.17709539085318327,-0.376666810157229,-135.7552694440744,0.0,0.0
dist_low_20 & ema50_rel,0.524..0.777 & 0.272..0.654,53388,2.089403521240586,0.2749494268374916,-0.914328172042975,-0.16545085570937143,-0.37836421324246716,-150.4699946366124,0.0,0.0
ema200_rel & ret_96,-0.0819..0.54 & -0.984..-0.0473,71624,2.8030912902775107,0.270356305149112,-0.9152592712832044,-0.17398800388009775,-0.37929531248269654,-168.72573172462884,0.0,0.0
up_from_low_30d & ret_16,8.62..12.6 & 0..0.332,44803,1.753419232077283,0.2738655893578555,-0.9224862528316435,-0.16372157265594586,-0.3865222940311357,-134.33664406982493,0.0,0.0
up_from_low_30d & ema200_rel,8.62..12.6 & -0.0819..0.54,50341,1.97015551552357,0.2730776106950597,-0.9229092189140491,-0.166952627379897,-0.38694526011354125,-142.92635910595644,0.0,0.0
ema200_rel & ema50_rel,-0.716..-0.0819 & -0.00928..0.272,62438,2.4435861440627056,0.273711521829655,-0.9240077696399845,-0.16219852282262537,-0.3880438108394767,-157.4656832745059,0.0,0.0
dist_low_20 & up_from_low_30d,0.288..0.524 & 5.06..8.62,54940,2.1501429058394734,0.2711685475063706,-0.9345198775494519,-0.17430604405385028,-0.398555918748944,-155.04244074677146,0.0,0.0
dist_low_20 & ret_96,-inf..0.288 & 0.849..2.07,37959,1.4855710695806439,0.2702389420163861,-0.9351041405972879,-0.17180909026316335,-0.39914018179678,-127.13203191568483,0.0,0.0
ema50_rel & ret_16,-0.00928..0.272 & -0.331..0,72600,2.8412882228603165,0.2733608815426997,-0.9351561781849849,-0.1608504293894258,-0.399192219384477,-172.21446531976812,0.0,0.0
up_from_low_30d & ema50_rel,8.62..12.6 & -0.00928..0.272,47842,1.8723541481829649,0.26974206763931274,-0.9379411362166321,-0.17516506636746532,-0.40197717741612427,-141.70370918183522,0.0,0.0
dist_high_20 & ret_16,-inf..0.241 & 0.332..0.781,85754,3.3560858162970186,0.27865755533269587,-0.9434766144246799,-0.1531321545951659,-0.40751265562417205,-194.73217777581078,0.0,0.0
dist_low_20 & ret_96,0.288..0.524 & -0.984..-0.0473,57060,2.233111652843108,0.27246757798808274,-0.9447806430448105,-0.16963167276163843,-0.4088166842443026,-158.1254842833941,0.0,0.0
dist_high_20 & up_from_low_30d,0.241..0.463 & 5.06..8.62,52988,2.073749040673863,0.27221257643239977,-0.9489190260368705,-0.1726270674330121,-0.41295506723636266,-154.8701283675113,0.0,0.0
dist_low_20 & dist_high_20,-inf..0.288 & 0.708..1,42524,1.6642278290483759,0.2764321324428558,-0.9540887821064727,-0.16390555427425169,-0.4181248233059649,-143.64392426658492,0.0,0.0
up_from_low_30d & ret_96,5.06..8.62 & -0.984..-0.0473,53755,2.103766507160555,0.2601432424890708,-0.9577992308964743,-0.2049861545263945,-0.4218352720959665,-156.82879581861866,0.0,0.0
dist_high_20 & ret_96,-inf..0.241 & 0.849..2.07,58279,2.280818682370198,0.2749704010020762,-0.9591501520929168,-0.1609185276226884,-0.4231861932924089,-160.75679832340992,0.0,0.0
dist_low_20 & dist_high_20,0.777..1.08 & -inf..0.241,42045,1.6454815885697245,0.27610893090736116,-0.9608591381701808,-0.16209148650234706,-0.4248951793696729,-143.4270531200337,0.0,0.0
dist_high_20 & ema50_rel,0.241..0.463 & -0.00928..0.272,67571,2.644472265935185,0.27223217060573324,-0.9703736868603183,-0.17247043318730795,-0.4344097280598105,-179.40011100048446,0.0,0.0
up_from_low_30d & ema50_rel,5.06..8.62 & -0.299..-0.00928,52441,2.0523415384988684,0.267233653057722,-0.9705764438073522,-0.1815812744169031,-0.43461248500684435,-154.134922067881,0.0,0.0
ema200_rel & ret_96,-0.716..-0.0819 & -0.984..-0.0473,106344,4.161900203469111,0.26941811479726174,-0.9766021593184204,-0.17367267544638995,-0.4406382005179126,-216.91411594089058,0.0,0.0
dist_low_20 & up_from_low_30d,-inf..0.288 & 8.62..12.6,48909,1.9141124750946998,0.2660451041730561,-0.9828163486402068,-0.1840365509017184,-0.446852389839699,-149.71975966479124,0.0,0.0
up_from_low_30d & ret_16,5.06..8.62 & -0.331..0,55996,2.1914707345356237,0.2665726123294521,-0.9829644254714246,-0.18298389165787385,-0.44700046667091675,-160.9845558495122,0.0,0.0
dist_low_20 & ema200_rel,-inf..0.288 & 0.54..1.36,32989,1.2910641485391043,0.25654005880748126,-0.9850209895775796,-0.21007624321712637,-0.4490570307770717,-126.54529765193212,0.0,0.0
ema50_rel & ret_96,-0.299..-0.00928 & -0.0473..0.849,61884,2.4219046884777935,0.2745297653674617,-0.9854216293187041,-0.15709671695718516,-0.4494576705181963,-163.39102987370237,0.0,0.0
dist_high_20 & ema50_rel,-inf..0.241 & 0.272..0.654,79362,3.105927216840777,0.27151533479499007,-0.9876500543691272,-0.17315637308291137,-0.4516860955686194,-196.00442392575928,0.0,0.0
ema200_rel & ema50_rel,-0.0819..0.54 & -0.299..-0.00928,65925,2.580054078403118,0.2660902540766022,-0.9882676169478879,-0.1819359685355674,-0.45230365814738005,-173.14092945982668,0.0,0.0
dist_high_20 & up_from_low_30d,-inf..0.241 & 8.62..12.6,50505,1.9765738525559267,0.2703494703494703,-0.9992200238414062,-0.1692675119102182,-0.46325606504089833,-152.70001825464695,0.0,0.0
dist_high_20 & ema200_rel,0.241..0.463 & -0.716..-0.0819,56452,2.2093168423816882,0.2706901438390137,-1.008342636589077,-0.1728566596401125,-0.47237867778856923,-165.65464495783525,0.0,0.0
ema50_rel & ret_96,-0.00928..0.272 & -0.984..-0.0473,59568,2.3312652459964642,0.2581251678753693,-1.008354533323609,-0.2061474423906206,-0.4723905745231012,-169.18240955410198,0.0,0.0
dist_high_20 & ema200_rel,-inf..0.241 & 0.54..1.36,63649,2.490980083978461,0.26639852943486936,-1.0113800489736255,-0.1847745340475035,-0.4754160901731177,-178.3763420973276,0.0,0.0
dist_low_20 & ema50_rel,0.288..0.524 & 0.272..0.654,26430,1.0343698034462556,0.2624668936814226,-1.016134155459516,-0.19453841240834102,-0.4801701966590082,-116.26050614207253,0.0,0.0
atr_pct & ema200_rel,-inf..0.271 & -3.06..-1.57,8695,0.3402892713191522,0.2918918918918919,-1.017201088203055,-0.11583562814445311,-0.48123712940254726,-69.21057401261318,0.07142857142857142,0.0
ema200_rel & ret_16,-0.716..-0.0819 & 0..0.332,52891,2.069952829136432,0.26461968955020704,-1.0181985306672414,-0.1850043304560528,-0.4822345718667336,-158.23239052146005,0.0,0.0
dist_high_20 & ret_96,0.241..0.463 & -0.984..-0.0473,54400,2.1290093570743966,0.2638051470588235,-1.0208057164662352,-0.19270914551817903,-0.48484175766572735,-166.10789819277545,0.0,0.0
up_from_low_30d & ret_96,5.06..8.62 & -0.0473..0.849,57564,2.2528362983571797,0.26342853172121466,-1.0215733185357123,-0.1895645180177658,-0.48560935973520447,-168.11105000165475,0.0,0.0
dist_low_20 & ret_16,0.524..0.777 & 0.332..0.781,46280,1.8112234015699096,0.2679775280898876,-1.0255649404911689,-0.18289414242124113,-0.489600981690661,-157.53714554402345,0.0,0.0
ema200_rel & ema50_rel,-0.716..-0.0819 & -0.299..-0.00928,84690,3.3144448979895342,0.27081119376549767,-1.027081824384343,-0.16646822674326497,-0.4911178655838351,-199.00891761566714,0.0,0.0
dist_high_20 & ema200_rel,0.241..0.463 & -0.0819..0.54,60150,2.3540425152210473,0.26420615128844555,-1.0310265417739086,-0.1900220485304026,-0.4950625829734008,-176.94604311808237,0.0,0.0
atr_pct & ema50_rel,-inf..0.271 & -1.44..-0.701,9165,0.35868328598505234,0.28587015821058376,-1.0329206239123838,-0.13178913440101647,-0.496956665111876,-72.99957621823026,0.0,0.0
dist_low_20 & ret_96,0.288..0.524 & -0.0473..0.849,57227,2.239647398479715,0.26618554178971465,-1.0335761724131507,-0.17977562510101444,-0.49761221361264285,-170.4604501474365,0.0,0.0
dist_high_20 & ret_96,0.241..0.463 & -0.0473..0.849,58665,2.295925256117086,0.2646211540100571,-1.0338393292307884,-0.18963415588799115,-0.4978753704302805,-174.63675565564665,0.0,0.0
up_from_low_30d & ret_16,5.06..8.62 & 0..0.332,50444,1.9741865442695012,0.2620529696296884,-1.036697816933137,-0.19177839634622734,-0.500733858132629,-160.39629670794395,0.0,0.0
dist_high_20 & ret_16,0.463..0.708 & -0.793..-0.331,35661,1.3956360787248174,0.2646588710355851,-1.0373473844801353,-0.19343183573106162,-0.5013834256796275,-139.92289668151238,0.0,0.0
up_from_low_30d & ema200_rel,-inf..5.06 & 0.54..1.36,16810,0.6578795458165553,0.26044021415823915,-1.0391772237043606,-0.190444806458485,-0.5032132649038528,-95.02951736254377,0.07142857142857142,0.0
up_from_low_30d & ema200_rel,5.06..8.62 & -0.0819..0.54,58918,2.305826715075539,0.25745952001086253,-1.040519538440188,-0.20706921407817455,-0.5045555796396801,-175.27052037532917,0.0,0.0
ema50_rel & ret_96,-0.299..-0.00928 & -0.984..-0.0473,75882,2.9697332359102826,0.2641469650246435,-1.0422788496150752,-0.18401020659725575,-0.5063148908145674,-193.5304133435933,0.0,0.0
up_from_low_30d & ema50_rel,5.06..8.62 & -0.00928..0.272,54805,2.1448595186482042,0.2584253261563726,-1.0497988788091543,-0.20204292593514284,-0.5138349200086465,-169.17584779662698,0.0,0.0
dist_high_20 & up_from_low_30d,0.241..0.463 & -inf..5.06,47582,1.8621787358145947,0.26963977974864445,-1.052811126615142,-0.17017776178670832,-0.5168471678146342,-157.88457565001053,0.0,0.0
ema50_rel & ret_16,-0.299..-0.00928 & -0.331..0,98799,3.8666175637792892,0.265154505612405,-1.0531096447909862,-0.18088437369105212,-0.5171456859904784,-219.74929450585162,0.0,0.0
ret_96 & ret_16,-0.984..-0.0473 & -0.331..0,62536,2.4474214918015527,0.26312843801970065,-1.0543897273696197,-0.18651670290961928,-0.5184257685691118,-176.71300883702534,0.0,0.0
atr_pct & dist_high_20,-inf..0.271 & 1..1.39,13640,0.5338177873252715,0.27280058651026395,-1.054983397093547,-0.16925282534823116,-0.5190194382930391,-91.6935083222088,0.0,0.0
atr_pct & ret_16,-inf..0.271 & -1.65..-0.793,11003,0.43061562418914684,0.27592474779605564,-1.05821946944265,-0.1619428072104769,-0.5222555106421423,-82.48763831162701,0.0,0.0
ema200_rel & ret_16,-0.716..-0.0819 & -0.331..0,67172,2.6288569215698785,0.2651848984696004,-1.0606382285590037,-0.1830505246703677,-0.5246742697584958,-182.42743129852545,0.0,0.0
ret_96 & ret_16,-0.984..-0.0473 & 0..0.332,51720,2.024124337277349,0.2568832173240526,-1.062561218644627,-0.2068346931538412,-0.5265972598441191,-164.0719554370911,0.0,0.0
dist_low_20 & ema200_rel,0.288..0.524 & -0.0819..0.54,58599,2.2933422668235766,0.2615232341848837,-1.0671868446356088,-0.19267727222570774,-0.5312228858351009,-178.65706350809631,0.0,0.0
atr_pct & up_from_low_30d,-inf..0.271 & 31.2..48,6528,0.2554811228489276,0.2861519607843137,-1.0756421934761686,-0.12525243981106615,-0.5396782346756608,-63.2289719918894,0.0,0.0
ema200_rel & ret_16,-0.0819..0.54 & -0.331..0,62783,2.4570881335515047,0.26222066482965134,-1.0756522431688091,-0.18440418272213208,-0.5396882843683013,-180.19769953753027,0.0,0.0
ema200_rel & ret_96,-0.0819..0.54 & -0.0473..0.849,106953,4.185734150131948,0.2606752498761138,-1.0827354231805273,-0.18883844242543343,-0.5467714643800194,-234.3042597419465,0.0,0.0
ret_96 & ret_16,-0.0473..0.849 & -0.331..0,60738,2.3770546016541307,0.2651223286904409,-1.0831090499240104,-0.1760512158754988,-0.5471450911235025,-175.44818224514427,0.0,0.0
up_from_low_30d & ret_96,-inf..5.06 & -0.984..-0.0473,57736,2.259567725000871,0.25685880559789387,-1.0831696683083978,-0.20342466520064753,-0.5472057095078899,-174.67408257457595,0.0,0.0
up_from_low_30d & ret_16,-inf..5.06 & -0.331..0,58896,2.304965718644369,0.2660961695191524,-1.0856103532705879,-0.17222313251165494,-0.54964639447008,-169.98716724043464,0.0,0.0
atr_pct & ret_96,-inf..0.271 & -4.32..-2.24,11090,0.4340204737124092,0.2770964833183048,-1.0879184194961706,-0.1579151710981344,-0.5519544606956628,-84.46004921563352,0.07142857142857142,0.0
atr_pct & dist_low_20,-inf..0.271 & 1.08..1.46,14055,0.5500593109132472,0.2605478477410174,-1.0942159956704958,-0.2038477946438807,-0.5582520368699879,-97.59717206376631,0.0,0.0
up_from_low_30d & ema50_rel,-inf..5.06 & -0.299..-0.00928,55915,2.188300702220862,0.26230886166502726,-1.1023112434142206,-0.18573464119629599,-0.5663472846137128,-169.82956154637506,0.0,0.0
atr_pct & ret_96,-inf..0.271 & 2.07..4.36,17213,0.6736514349875292,0.273920873758206,-1.11350914754169,-0.16793299857552085,-0.5775451887411822,-107.18694537261678,0.0,0.0
atr_pct & dist_high_20,-inf..0.271 & 0.708..1,33362,1.305661951667574,0.2619747017564894,-1.133897397792162,-0.2031737808538624,-0.5979334389916542,-155.16446123109577,0.07142857142857142,0.0
atr_pct & ema50_rel,-inf..0.271 & 0.654..1.38,15711,0.6148688604594825,0.26293679587550123,-1.1344438825593208,-0.202577724764788,-0.598479923758813,-105.71249255525603,0.0,0.0
dist_high_20 & ema50_rel,0.241..0.463 & -0.299..-0.00928,59400,2.3246903641584407,0.2626767676767677,-1.1367160313566236,-0.1885230084333177,-0.6007520725561157,-188.53555245588123,0.0,0.0
atr_pct & ret_16,-inf..0.271 & 0.781..1.63,14643,0.5730713973463307,0.2550706822372465,-1.1378209852765433,-0.22308209591065253,-0.6018570264760355,-103.86272170422572,0.0,0.0
dist_low_20 & up_from_low_30d,-inf..0.288 & 5.06..8.62,57075,2.2336986958643603,0.24734121769601403,-1.1383297369770344,-0.23032514180185334,-0.6023657781765266,-185.65126540904683,0.0,0.0
dist_high_20 & up_from_low_30d,-inf..0.241 & 5.06..8.62,54859,2.146972873524712,0.25755117665287375,-1.1385183342055682,-0.19831195644782001,-0.6025543754050604,-179.30994870242324,0.0,0.0
up_from_low_30d & ema200_rel,-inf..5.06 & -0.716..-0.0819,58807,2.301482596718273,0.25376230720832554,-1.151613307503878,-0.211302853405392,-0.6156493487033701,-186.7725130783757,0.0,0.0
dist_low_20 & ema50_rel,0.288..0.524 & -0.00928..0.272,65206,2.551915149584432,0.2544091034567371,-1.1556652858092917,-0.21287539992759796,-0.6197013270087839,-205.48649003310976,0.0,0.0
atr_pct & dist_low_20,-inf..0.271 & 0.777..1.08,33297,1.3031180985754813,0.25653962819473225,-1.1564802798057294,-0.21551964963833348,-0.6205163210052216,-158.25568299654913,0.0,0.0
dist_low_20 & dist_high_20,0.288..0.524 & 0.241..0.463,36874,1.4431082910434063,0.26064435645712425,-1.1580811547324055,-0.20587415777275636,-0.6221171959318976,-164.22202985677092,0.0,0.0
up_from_low_30d & ret_16,-inf..5.06 & 0..0.332,47612,1.863352821857099,0.25558682685037387,-1.1592816452225583,-0.19423804906519035,-0.6233176864220504,-161.22429878190724,0.0,0.0
atr_pct & ema200_rel,-inf..0.271 & 1.36..2.88,17880,0.6997552813325407,0.2610738255033557,-1.1609541163053345,-0.20607148279873358,-0.6249901575048267,-115.68233961801701,0.0,0.0
ema50_rel & ret_16,-0.00928..0.272 & 0..0.332,91753,3.5908638885964543,0.2502370494697721,-1.1611839128209205,-0.21592415829059677,-0.6252199540204126,-231.7849731109591,0.0,0.0
ema50_rel & ret_96,-0.00928..0.272 & -0.0473..0.849,78321,3.065186431165879,0.25240995390763654,-1.1686934960596538,-0.20582023654614368,-0.6327295372591459,-213.78163958910682,0.0,0.0
ema200_rel & ema50_rel,-0.0819..0.54 & -0.00928..0.272,86935,3.40230567017027,0.25006038994651175,-1.1687513250770127,-0.21431637586136731,-0.6327873662765049,-227.7586543982557,0.0,0.0
dist_high_20 & ema200_rel,-inf..0.241 & -0.716..-0.0819,49488,1.9367723357150322,0.2504243452958293,-1.1865570272504025,-0.21255593144162493,-0.6505930684498946,-169.29392052715804,0.0,0.0
up_from_low_30d & ema50_rel,-inf..5.06 & -0.00928..0.272,50097,1.9606062823778687,0.24815857236960298,-1.1990247182375682,-0.21450963236912218,-0.6630607594370603,-172.6440615386157,0.0,0.0
ret_96 & ret_16,-0.0473..0.849 & 0..0.332,59882,2.3435540132413424,0.24818810326976387,-1.200480234943507,-0.21871423969936027,-0.6645162761429992,-191.26578672234814,0.0,0.0
atr_pct & ema200_rel,-inf..0.271 & -1.57..-0.716,41150,1.6104546883016806,0.25878493317132445,-1.2039186685846304,-0.20286805714616993,-0.6679547097841225,-180.31294408837795,0.0,0.0
ema200_rel & ret_16,-0.0819..0.54 & 0..0.332,63086,2.4689464025807975,0.24623529784738293,-1.2046444290397886,-0.22471840951047528,-0.6686804702392808,-198.3717859717904,0.0,0.0
dist_high_20 & ret_16,0.241..0.463 & -0.331..0,65749,2.5731661069537592,0.25755524798856255,-1.2070908880884967,-0.20032536527088482,-0.6711269292879889,-214.26902018091633,0.0,0.0
dist_high_20 & ret_96,-inf..0.241 & -0.984..-0.0473,52747,2.064317216132412,0.24221282726979734,-1.2148831395466642,-0.23782126751219732,-0.6789191807461563,-183.41256412826408,0.0,0.0
atr_pct & ema50_rel,-inf..0.271 & -0.701..-0.299,44811,1.7537323216886176,0.2571466827341501,-1.2168529637799712,-0.21360617407245738,-0.6808890049794634,-190.82483388951712,0.0,0.0
dist_low_20 & ret_96,-inf..0.288 & -0.984..-0.0473,66910,2.6186032367986742,0.2471080555970707,-1.2209178441229394,-0.22668960255719023,-0.6849538853224315,-209.05933193280296,0.0,0.0
up_from_low_30d & ret_96,-inf..5.06 & -0.0473..0.849,49893,1.9526224972888397,0.2501954181949372,-1.2213500500743686,-0.20861645474615598,-0.6853860912738607,-173.28655175508405,0.0,0.0
dist_low_20 & up_from_low_30d,-inf..0.288 & -inf..5.06,70357,2.753505723082414,0.2472248674616598,-1.2312472926198956,-0.2179300219559688,-0.6952833338193878,-204.23256198448908,0.0,0.0
dist_low_20 & ret_16,0.288..0.524 & 0..0.332,64728,2.5332080453071977,0.24743542207390928,-1.2413686737228653,-0.22962448031401403,-0.7054047149223575,-221.8774758615307,0.0,0.0
atr_pct & ret_16,-inf..0.271 & -0.793..-0.331,49183,1.9248357942829055,0.2516113291177846,-1.2476802924862225,-0.22871782970728116,-0.7117163336857146,-205.43262430351768,0.07142857142857142,0.0
dist_low_20 & ema200_rel,-inf..0.288 & -0.716..-0.0819,69290,2.7117473961706793,0.24777024101601963,-1.2495664919748504,-0.22748441290626725,-0.7136025331743425,-214.87793333124247,0.0,0.0
atr_pct & dist_low_20,-inf..0.271 & 0.524..0.777,59992,2.3478589953971913,0.24939991998933192,-1.2497149335416071,-0.23335046901320577,-0.7137509747410993,-228.79157949983798,0.0,0.0
atr_pct & ret_96,-inf..0.271 & -2.24..-0.984,42963,1.681408621470355,0.251006680166655,-1.2515425462690313,-0.2270448758944813,-0.7155785874685234,-191.4301703411429,0.0,0.0
atr_pct & up_from_low_30d,-inf..0.271 & 23..31.2,15978,0.6253182262377704,0.24915508824633872,-1.2536116537858637,-0.23796779371596283,-0.7176476949853559,-116.37153406423137,0.0,0.0
atr_pct & dist_high_20,-inf..0.271 & 0.463..0.708,59961,2.3466457731532704,0.24722736445356147,-1.2559751969186566,-0.24153074523585605,-0.7200112381181487,-230.59633526636253,0.0,0.0
dist_low_20 & dist_high_20,0.524..0.777 & -inf..0.241,38429,1.503965084246544,0.2473912930339067,-1.2771115510387818,-0.23822404904595149,-0.741147592238274,-184.46897019756508,0.0,0.0
dist_low_20 & dist_high_20,-inf..0.288 & 0.463..0.708,38874,1.5213806938770238,0.24517672480321037,-1.2826693406111065,-0.24776684672270413,-0.7467053818105986,-186.91722799317463,0.0,0.0
atr_pct & up_from_low_30d,-inf..0.271 & 17.3..23,26642,1.0426666781466192,0.24945574656557315,-1.2838846316025851,-0.2298267313535451,-0.7479206728020773,-153.89952386525283,0.0,0.0
atr_pct & ret_16,-inf..0.271 & 0.332..0.781,56627,2.21616567762963,0.2452010525014569,-1.292090586435757,-0.24316355388359706,-0.7561266276352492,-228.52242796438662,0.0,0.0
atr_pct & ema50_rel,-inf..0.271 & 0.272..0.654,59462,2.3271168086462826,0.24368504254818205,-1.3043051467381328,-0.24597288442348086,-0.768341187937625,-236.45665456640467,0.0,0.0
atr_pct & ret_96,-inf..0.271 & 0.849..2.07,60330,2.361087031476073,0.24453837228576164,-1.3093346133502992,-0.23956572399866247,-0.7733706545497914,-237.55052178738595,0.07142857142857142,0.0
atr_pct & up_from_low_30d,-inf..0.271 & 12.6..17.3,43449,1.700428815358924,0.24527607079564548,-1.3157752096433752,-0.23925449887574257,-0.7798112508428674,-202.0732280086901,0.0,0.0
up_from_low_30d & ema200_rel,-inf..5.06 & -0.0819..0.54,41568,1.6268136204939068,0.23729792147806006,-1.3210849535611302,-0.23857501789506463,-0.7851209947606224,-172.77061288647855,0.0,0.0
dist_high_20 & ema200_rel,-inf..0.241 & -0.0819..0.54,69012,2.7008675321768063,0.2375818698197415,-1.3327612691354986,-0.23884510767047665,-0.7967973103349908,-225.16880278710013,0.0,0.0
dist_high_20 & ret_96,-inf..0.241 & -0.0473..0.849,67221,2.630774595439302,0.23894318739679565,-1.3344262531973299,-0.23388234797914897,-0.798462294396822,-220.05114898227285,0.0,0.0
dist_low_20 & ret_96,-inf..0.288 & -0.0473..0.849,62182,2.4335672765000025,0.23807532726512495,-1.3350457949240806,-0.23858306113604058,-0.7990818361235728,-210.63638923287579,0.0,0.0
dist_high_20 & ema50_rel,-inf..0.241 & -0.299..-0.00928,28130,1.1009013458548305,0.24603626022040526,-1.3390147153384102,-0.20799738301548049,-0.8030507565379024,-136.4798599120191,0.0,0.0
atr_pct & ema200_rel,-inf..0.271 & 0.54..1.36,63173,2.47235125210406,0.23886787076757476,-1.3412383691324374,-0.2569078159831305,-0.8052744103319296,-250.44453920594881,0.0,0.0
dist_low_20 & ema200_rel,-inf..0.288 & -0.0819..0.54,59850,2.3423016547960045,0.234937343358396,-1.342010929178434,-0.24497060011565405,-0.806046970377926,-209.9931956492712,0.0,0.0
dist_low_20 & ema50_rel,-inf..0.288 & -0.299..-0.00928,75248,2.944920884212026,0.2381857325111631,-1.3443492078238568,-0.24696666515446078,-0.808385249023349,-244.96618301700744,0.0,0.0
atr_pct & up_from_low_30d,-inf..0.271 & 8.62..12.6,59657,2.3347483679225602,0.23796033994334279,-1.365816374328148,-0.25758418795762,-0.8298524155276401,-243.1435947579098,0.0,0.0
atr_pct & dist_low_20,-inf..0.271 & 0.288..0.524,89217,3.4916144818034276,0.2404138224777789,-1.372202778114776,-0.24958873108155974,-0.8362388193142682,-299.8702630976137,0.0,0.0
atr_pct & dist_high_20,-inf..0.271 & 0.241..0.463,90703,3.5497708771088052,0.24125993627553663,-1.3763658994735641,-0.24805216694062343,-0.8404019406730563,-302.500161210785,0.0,0.0
dist_low_20 & ret_16,0.288..0.524 & 0.332..0.781,7124,0.2788062988933456,0.22824256035934867,-1.397287817885566,-0.2758060199843357,-0.8613238590850583,-83.32037000979912,0.0,0.0
dist_low_20 & ret_16,-inf..0.288 & -0.331..0,77977,3.051723577878497,0.2363773933339318,-1.4013707566842022,-0.2455883806642368,-0.8654067978836943,-259.51812788121543,0.0,0.0
atr_pct & up_from_low_30d,-inf..0.271 & 5.06..8.62,79401,3.1074535286960328,0.23456883414566568,-1.409410263520603,-0.26398731466577063,-0.8734463047200951,-287.2759828012794,0.0,0.0
dist_high_20 & ema50_rel,-inf..0.241 & -0.00928..0.272,70386,2.7546406729235016,0.23142386269996876,-1.4244807938374684,-0.24965153613098384,-0.8885168350369606,-243.51830279677154,0.0,0.0
dist_high_20 & up_from_low_30d,-inf..0.241 & -inf..5.06,48605,1.90221506986399,0.22721942187017796,-1.4271586460919028,-0.2611053084775588,-0.891194687291395,-195.28881800220765,0.0,0.0
atr_pct & ema200_rel,-inf..0.271 & -0.716..-0.0819,88216,3.452439144185202,0.2312278951664097,-1.4582723122202836,-0.2726450801972832,-0.9223083534197758,-304.4858648503413,0.0,0.0
atr_pct & ret_96,-inf..0.271 & -0.984..-0.0473,87741,3.4338494485122175,0.22602888045497543,-1.4705785390452173,-0.2850308026015757,-0.9346145802447094,-311.2514850565571,0.07142857142857142,0.0
atr_pct & ema50_rel,-inf..0.271 & -0.299..-0.00928,90335,3.5353687549874198,0.23024298444678143,-1.4745067929905298,-0.2701567796632765,-0.9385428341900219,-311.26559367247404,0.07142857142857142,0.0
dist_high_20 & ret_16,-inf..0.241 & 0..0.332,69502,2.7200442708710426,0.2236050761129176,-1.4774972403800548,-0.27504610134065566,-0.941533281579547,-258.18596320982147,0.0,0.0
atr_pct & ret_16,-inf..0.271 & -0.331..0,94657,3.704515417510867,0.23140391096273916,-1.4834350839335662,-0.26275498170210226,-0.9474711251330583,-318.3431166744905,0.0,0.0
atr_pct & ret_16,-inf..0.271 & 0..0.332,92553,3.6221728497299015,0.2214622972783162,-1.531472864421569,-0.2887810619637887,-0.9955089056210611,-326.568456973735,0.07142857142857142,0.0
atr_pct & up_from_low_30d,-inf..0.271 & -inf..5.06,86598,3.389116770292805,0.2235155546317467,-1.5321420506289785,-0.27841534863400363,-0.9961780918284706,-306.66119160904157,0.07142857142857142,0.0
atr_pct & ema200_rel,-inf..0.271 & -0.0819..0.54,99346,3.8880250659542837,0.22163952247699958,-1.5330349870764017,-0.285342234178576,-0.9970710282758939,-337.9589835056193,0.0,0.0
atr_pct & ret_96,-inf..0.271 & -0.0473..0.849,98472,3.8538200259159927,0.22369810707612317,-1.5346947370373025,-0.28146146047727444,-0.9987307782367947,-333.7322021670963,0.0,0.0
atr_pct & ema50_rel,-inf..0.271 & -0.00928..0.272,99162,3.8808240048935905,0.22018515157015792,-1.5377423552041787,-0.28997965765327854,-1.0017783964036708,-339.18911550984984,0.0,0.0
dist_low_20 & ema50_rel,-inf..0.288 & -0.00928..0.272,40201,1.5733144331571292,0.2120345265043158,-1.5592428239440355,-0.2933896274427115,-1.0232788651435276,-197.37035743702629,0.0,0.0
atr_pct & dist_low_20,-inf..0.271 & -inf..0.288,118940,4.654859796515234,0.2185723894400538,-1.6002426894993005,-0.291795885681911,-1.0642787306987926,-378.21750176744473,0.0,0.0
atr_pct & dist_high_20,-inf..0.271 & -inf..0.241,117757,4.608561670239149,0.2154181916998565,-1.608256929892834,-0.2980418173223765,-1.0722929710923261,-379.5443264002773,0.0,0.0
dist_low_20 & dist_high_20,-inf..0.288 & 0.241..0.463,33167,1.2980303923912964,0.21304308499412067,-1.7093290379331623,-0.30852046238452063,-1.1733650791326544,-227.71629403866606,0.0,0.0
dist_low_20 & dist_high_20,0.288..0.524 & -inf..0.241,32325,1.2650777107983433,0.20646558391337974,-1.7132607514509894,-0.3234008493480421,-1.1772967926504816,-228.05262914746203,0.0,0.0
dist_high_20 & ret_16,-inf..0.241 & -0.331..0,18562,0.7264461706988042,0.1959379377222282,-1.8272988971690658,-0.3117289580735352,-1.291334938368558,-151.27441441000667,0.0,0.0
dist_low_20 & ret_16,-inf..0.288 & 0..0.332,21643,0.8470248072639921,0.1804278519613732,-1.9184619719676341,-0.3596892099544935,-1.3824980131671263,-178.22664318040952,0.0,0.0
dist_low_20 & dist_high_20,-inf..0.288 & -inf..0.241,19817,0.7755621034768992,0.12252106777009639,-2.534696368707309,-0.45182729057467996,-1.9987324099068011,-229.48549946080027,0.0,0.0
