feature,bucket,n,coverage_pct,win_rate,expectancy_r,gross_r,lift_r,t_stat,coins_positive,years_positive
atr_pct & up_from_low_30d,1.08..inf & -inf..5.06,20913,0.8185886518632061,0.3705828910247215,0.029078079132083535,0.09999409805937268,0.2724660273426008,2.9534891970262374,0.6428571428571429,0.3333333333333333
up_from_low_30d & dd_30d,48..inf & -inf..-33.6,47530,1.8604465463136894,0.3745844729644435,-0.002548540135723747,0.09017793280336966,0.2408394080747935,-0.3921097773612097,0.5384615384615384,0.3333333333333333
up_from_low_30d & ema50_rel,48..inf & -0.701..-0.299,27825,1.0891421239465267,0.3804492362982929,-0.0143622806222621,0.12310004529958189,0.22902566758825516,-1.665082285489103,0.42857142857142855,0.3333333333333333
up_from_low_30d & dd_30d,48..inf & -33.6..-25.7,28813,1.1278149871436216,0.3763926005622462,-0.014397941695242372,0.10002789648008266,0.2289900065152749,-1.7161769003886513,0.3076923076923077,0.6666666666666666
atr_pct & up_from_low_30d,0.807..1.08 & 48..inf,75081,2.9388636049606167,0.3683488499087652,-0.019319257366989317,0.08802823087776532,0.22406869084352796,-3.707860123681753,0.42857142857142855,0.5
dist_high_20 & up_from_low_30d,1.96..3.07 & 48..inf,58831,2.302796776061028,0.36880216212541006,-0.020412769003915997,0.08268923174747095,0.22297517920660126,-3.4829686264982893,0.35714285714285715,0.3333333333333333
up_from_low_30d & ema50_rel,48..inf & -0.299..-0.00931,22119,0.8657945962110771,0.38184366381843665,-0.022583763998570535,0.12557643342143693,0.22080418421194672,-2.3322061867268555,0.42857142857142855,0.5
dist_high_20 & up_from_low_30d,3.07..inf & -inf..5.06,38467,1.5056973973711065,0.36267450022096864,-0.026102969934236383,0.07823206657258407,0.21728497827628088,-3.6101799542406177,0.42857142857142855,0.5
up_from_low_30d & dd_30d,48..inf & -20.5..-16.2,29780,1.1656658562849078,0.3686702484889187,-0.026103911855605372,0.0798097131958332,0.2172840363549119,-3.1781475273179485,0.5384615384615384,0.8333333333333334
up_from_low_30d & ema50_rel,48..inf & -1.44..-0.701,36987,1.4477663877236362,0.3682915619001271,-0.03380904961733228,0.08447251378684797,0.209578898593185,-4.561900197749164,0.35714285714285715,0.3333333333333333
atr_pct & up_from_low_30d,0.658..0.807 & 48..inf,44562,1.74427138642606,0.370023787083165,-0.034223920248604545,0.10245545240578564,0.20916402796191272,-5.022061196915493,0.2857142857142857,0.5
up_from_low_30d & ret_16,48..inf & 0.781..1.63,39851,1.5598707199063084,0.3695766731073248,-0.03483170659014895,0.09232314258072365,0.20855624162036832,-4.860977860182941,0.2857142857142857,0.5
up_from_low_30d & ret_4,48..inf & 0.391..0.803,38759,1.517127029004256,0.36799195025671455,-0.04155879760103419,0.08421853297746278,0.2018291506094831,-5.735909941246276,0.2857142857142857,0.3333333333333333
up_from_low_30d & dd_30d,-inf..5.06 & -inf..-33.6,40491,1.5849219673214305,0.36442666271517127,-0.04248410440007446,0.08445878434398042,0.2009038438104428,-5.960709090370587,0.5,0.5
up_from_low_30d & dd_30d,-inf..5.06 & -33.6..-25.7,49586,1.9409236786347697,0.3819626507481951,-0.04523761939746319,0.13269530175069605,0.19815032881305408,-6.989577882363054,0.5,0.5
dist_low_20 & up_from_low_30d,2.04..3.14 & 48..inf,59044,2.3111341443413735,0.3614253776844387,-0.04562698162407437,0.06189857485180366,0.19776096658644288,-7.8266001025242575,0.2857142857142857,0.3333333333333333
dist_low_20 & up_from_low_30d,3.14..inf & 48..inf,102430,4.009373863642146,0.3584496729473787,-0.04678260175533618,0.02811570757101716,0.19660534645518107,-10.803940893600878,0.35714285714285715,0.5
up_from_low_30d & ret_16,-inf..5.06 & -inf..-1.65,47161,1.8460029364759079,0.3625665274273234,-0.04950460022393505,0.07774654101990065,0.19388334798658222,-7.571046932874462,0.35714285714285715,0.3333333333333333
up_from_low_30d & ret_4,48..inf & 0.803..inf,77558,3.035819760971957,0.35780963923773174,-0.04952127431697694,0.03990596241092794,0.19386667389354031,-9.845554777615027,0.21428571428571427,0.3333333333333333
up_from_low_30d & ret_16,48..inf & 1.63..inf,80355,3.1453015406908587,0.3591811337191214,-0.05085984019516865,0.036789182161196574,0.19252810801534861,-10.319832569515704,0.2857142857142857,0.5
dist_high_20 & up_from_low_30d,1.39..1.96 & 48..inf,43502,1.7027802578947637,0.36136269596800147,-0.05102690362932467,0.06756598978173478,0.1923610445811926,-7.484380916846895,0.2857142857142857,0.16666666666666666
up_from_low_30d & ema50_rel,-inf..5.06 & -inf..-1.44,60442,2.365855462913781,0.361453955858509,-0.05102994867618058,0.07456381546384466,0.1923579995343367,-8.826096169661385,0.14285714285714285,0.3333333333333333
dist_low_20 & up_from_low_30d,1.46..2.04 & 48..inf,43232,1.692211762891509,0.36225481125092523,-0.05363872403251381,0.06880577571476293,0.18974922417800344,-7.847584120998215,0.21428571428571427,0.16666666666666666
atr_pct & up_from_low_30d,1.08..inf & 48..inf,136080,5.326521481640372,0.35302028218694886,-0.054953196691883054,0.00979550386542998,0.1884347515186342,-14.707397268197012,0.21428571428571427,0.16666666666666666
up_from_low_30d & ret_4,48..inf & -0.812..-0.391,37703,1.4757924707693042,0.36296846404795374,-0.05511162908355351,0.06784302175129171,0.18827631912696374,-7.535076388959957,0.21428571428571427,0.0
dist_low_20 & ret_16,2.04..3.14 & -inf..-1.65,30377,1.1890339730143267,0.3568818514007308,-0.05625964237869852,0.025988830911625956,0.18712830583181875,-7.116129936167316,0.35714285714285715,0.16666666666666666
dist_high_20 & up_from_low_30d,3.07..inf & 48..inf,89889,3.518486842028008,0.3556608706293317,-0.057347893696662836,0.01319129344252076,0.1860400545138544,-12.512932755943911,0.14285714285714285,0.16666666666666666
dist_high_20 & ema50_rel,3.07..inf & -0.00931..0.272,6872,0.2689877691198753,0.36233993015133875,-0.05819593247154913,0.028639930774662817,0.18519201573896812,-3.512164899113739,0.2857142857142857,0.3333333333333333
atr_pct & ema50_rel,1.08..inf & -0.701..-0.299,15398,0.6027173557782072,0.35576048837511365,-0.05824243315261168,0.015298053894262384,0.18514551505790558,-5.251307313611166,0.2857142857142857,0.16666666666666666
up_from_low_30d & ret_16,48..inf & -1.65..-0.793,37706,1.4759098984915626,0.3609770328329709,-0.058472141316934304,0.06253012203995034,0.18491580689358295,-8.00103596919134,0.35714285714285715,0.0
atr_pct & dd_30d,1.08..inf & -33.6..-25.7,47960,1.8772778531707246,0.35448290241868224,-0.058804778242958315,0.01218030065403042,0.18458316996755894,-9.407576160525808,0.35714285714285715,0.16666666666666666
up_from_low_30d & ema50_rel,48..inf & 0.654..1.38,40518,1.5859788168217561,0.3628510785329977,-0.060210539308901974,0.06737331037855505,0.1831774089016153,-8.534443820048468,0.2857142857142857,0.3333333333333333
dist_high_20 & dist_low_20,3.07..inf & 2.04..3.14,40020,1.5664858149268641,0.35422288855572215,-0.06302053623958975,0.014327930459279556,0.1803674119709275,-9.187378389945895,0.14285714285714285,0.16666666666666666
up_from_low_30d & dd_30d,48..inf & -25.7..-20.5,28332,1.1089874090081937,0.3617464351263589,-0.06353718433204764,0.06050372289923053,0.17985076387846963,-7.546022843157762,0.15384615384615385,0.0
atr_pct & ema50_rel,1.08..inf & -1.44..-0.701,28272,1.106638854563026,0.35147849462365593,-0.06406995732738484,0.009488309675166413,0.17931799088313244,-7.832098385994378,0.14285714285714285,0.3333333333333333
ret_4 & ret_16,0.803..inf & -inf..-1.65,27617,1.081000468536612,0.35546945721837997,-0.0646026461133939,0.014529732690515851,0.17878530209712334,-7.887409781987382,0.14285714285714285,0.16666666666666666
dist_low_20 & ema50_rel,2.04..3.14 & -1.44..-0.701,23221,0.9089297128539907,0.35838249860040483,-0.06508508583980593,0.0466447775300049,0.17830286237071133,-7.083910900566145,0.07142857142857142,0.16666666666666666
dist_low_20 & ema50_rel,2.04..3.14 & -0.701..-0.299,19250,0.7534945511579744,0.3602077922077922,-0.06675433166478163,0.05710019868061018,0.17663361654573562,-6.586608457277291,0.21428571428571427,0.16666666666666666
dist_high_20 & ema50_rel,3.07..inf & -0.299..-0.00931,8534,0.3340427272510209,0.36219826576048747,-0.06682634880713248,0.024271913797887658,0.17656159940338478,-4.503365546355977,0.2857142857142857,0.16666666666666666
up_from_low_30d & ret_16,48..inf & -inf..-1.65,65016,2.544893596783733,0.3509290020917928,-0.06724008728417451,0.01580592662799533,0.17614786092634277,-12.373800936879968,0.14285714285714285,0.16666666666666666
atr_pct & ret_4,1.08..inf & 0.167..0.391,15893,0.6220929299508409,0.3502799974831687,-0.06737810636874217,0.005946702461823929,0.1760098418417751,-6.174991036952281,0.21428571428571427,0.3333333333333333
ema50_rel & ret_16,-1.44..-0.701 & 0.781..1.63,10079,0.3945180042140895,0.35906339914674074,-0.06819623510040489,0.057962889172742005,0.1751917131101124,-4.839721295603974,0.2857142857142857,0.16666666666666666
dist_low_20 & up_from_low_30d,3.14..inf & -inf..5.06,11802,0.461960659364489,0.35324521267581765,-0.06876495205943671,0.03626971220208548,0.17462299615108057,-5.385740337399195,0.42857142857142855,0.16666666666666666
up_from_low_30d & ret_4,48..inf & 0.167..0.391,26774,1.0480032785820055,0.36262792261148874,-0.06878480805646792,0.07014759429061801,0.17460314015404935,-7.896614560649684,0.2857142857142857,0.0
dist_low_20 & ema50_rel,2.04..3.14 & -inf..-1.44,33250,1.301490588363774,0.3496541353383459,-0.0700881593633675,0.015277296099060509,0.17329978884714975,-9.246168482796794,0.21428571428571427,0.3333333333333333
atr_pct & ret_16,1.08..inf & -0.331..0,11808,0.4621955148090058,0.3492547425474255,-0.07071957279519225,0.0031636668521098665,0.172668375415325,-5.577682444359534,0.2857142857142857,0.3333333333333333
up_from_low_30d & ema50_rel,48..inf & 1.38..inf,85970,3.3650870941844704,0.35163429103175525,-0.07133483680971384,0.015853885732823987,0.17205311140080343,-15.026557906725689,0.14285714285714285,0.3333333333333333
atr_pct & ret_4,1.08..inf & -0.391..-0.163,16610,0.650158155570595,0.350632149307646,-0.07133658652819878,0.001733092464088546,0.1720513616823185,-6.711000240746446,0.14285714285714285,0.16666666666666666
dist_low_20 & ema50_rel,1.46..2.04 & -0.701..-0.299,27502,1.076499072516707,0.3659733837539088,-0.07176944481021538,0.08211988663770822,0.17161850340030188,-8.380355685386185,0.21428571428571427,0.0
dist_low_20 & up_from_low_30d,1.08..1.46 & 48..inf,33536,1.3126853645524066,0.3598819179389313,-0.07204346562853342,0.06207564722795672,0.17134448258198384,-9.285515865953691,0.21428571428571427,0.0
atr_pct & dist_low_20,1.08..inf & 2.04..3.14,55932,2.1893224537853415,0.3473503540012873,-0.07263372582061338,0.0003242088889219846,0.1707542223899039,-12.479148497102106,0.14285714285714285,0.16666666666666666
up_from_low_30d & ret_4,48..inf & -0.391..-0.163,26826,1.0500386924344842,0.36080668008648326,-0.07312321523212009,0.06530474573968258,0.17026473297839717,-8.418377289908047,0.14285714285714285,0.3333333333333333
dist_low_20 & ema50_rel,3.14..inf & -inf..-1.44,35138,1.3753917682383845,0.34791393932494735,-0.07341809968139233,-0.015230599549735888,0.16996984852912495,-10.374454653725403,0.14285714285714285,0.3333333333333333
up_from_low_30d & ret_4,48..inf & -inf..-0.812,70008,2.7402933266216865,0.3507313449891441,-0.07433822362129358,0.011635570661694142,0.16904972458922368,-14.213413297291218,0.14285714285714285,0.16666666666666666
up_from_low_30d & ema50_rel,48..inf & -0.00931..0.272,21561,0.8439530398710174,0.3634803580538936,-0.07443478507450535,0.0754748346928235,0.1689531631360119,-7.66060009116478,0.14285714285714285,0.3333333333333333
atr_pct & ret_4,1.08..inf & 0.391..0.803,27543,1.0781039180542382,0.34781977271902115,-0.07491293441344161,-0.002402747536771097,0.16847501379707563,-9.071586332907017,0.14285714285714285,0.16666666666666666
dist_low_20 & ret_16,3.14..inf & -inf..-1.65,28802,1.1273844188286741,0.35126032914380945,-0.075452131990462,-0.018750656970185266,0.16793581622005527,-9.767597234269912,0.07142857142857142,0.5
up_from_low_30d & ema50_rel,48..inf & 0.272..0.654,26984,1.0562232191400924,0.36188111473465756,-0.07546128328707748,0.06714531287968575,0.16792666492343977,-8.717857434437878,0.21428571428571427,0.16666666666666666
dist_high_20 & dd_30d,3.07..inf & -33.6..-25.7,53778,2.1050093492038204,0.3517795381010822,-0.07603744569196987,0.02055917930140958,0.16735050251854738,-12.73541306161724,0.14285714285714285,0.0
dist_low_20 & ret_16,3.14..inf & -0.331..0,6298,0.24651993159443752,0.34995236583042233,-0.07727538339888991,0.006255101697289406,0.16611256481162734,-4.455931919109941,0.21428571428571427,0.3333333333333333
up_from_low_30d & ret_4,-inf..5.06 & -inf..-0.812,37855,1.4817421420303958,0.35680887597411176,-0.07735081097051243,0.06195237751153695,0.16603713724000485,-10.584336251021485,0.14285714285714285,0.16666666666666666
dist_high_20 & ret_4,3.07..inf & 0.803..inf,36975,1.4472966768346027,0.3522650439486139,-0.07737956926233967,-0.010942738726567041,0.1660083789481776,-11.070747364117429,0.07142857142857142,0.16666666666666666
atr_pct & ret_4,1.08..inf & 0..0.167,10629,0.41604641996146025,0.3465048452347352,-0.07761761353789982,-0.004715800119371799,0.16577033467261743,-5.828458979172196,0.07142857142857142,0.16666666666666666
up_from_low_30d & ret_16,48..inf & 0.332..0.781,26431,1.0345773756704633,0.3594264310847111,-0.0779548706869244,0.06366772953606283,0.16543307752359288,-8.896051313347808,0.14285714285714285,0.16666666666666666
up_from_low_30d & dd_30d,31.2..48 & -16.2..-12.2,36869,1.443147563981473,0.3655103203233068,-0.07805581181007924,0.07874577572385424,0.16533213640043803,-10.558534778686898,0.42857142857142855,0.16666666666666666
atr_pct & up_from_low_30d,0.807..1.08 & -inf..5.06,24233,0.9485419978291528,0.3498947715924566,-0.07826947851681357,0.03059640964057419,0.1651184696937037,-8.714641386586953,0.2857142857142857,0.16666666666666666
dist_low_20 & dd_30d,3.14..inf & -16.2..-12.2,29264,1.1454682880564655,0.35900765445598687,-0.07925991767227697,0.026243553924043397,0.1641280305382403,-9.86210732577234,0.14285714285714285,0.16666666666666666
dist_high_20 & up_from_low_30d,-inf..0.241 & 48..inf,19000,0.7437089076364422,0.3616315789473684,-0.07927732483214933,0.07324911949432628,0.16411062337836793,-7.630382337038186,0.07142857142857142,0.16666666666666666
dd_30d & ret_16,-33.6..-25.7 & -inf..-1.65,55415,2.169085742982813,0.35290083912298115,-0.07930283415129159,0.03507654564817076,0.16408511405922566,-13.346151365748087,0.0,0.0
up_from_low_30d & ret_4,48..inf & 0..0.167,19139,0.749149725434414,0.36093839803542505,-0.07944424624103692,0.0661599792825487,0.16394370196948033,-7.701695860369798,0.14285714285714285,0.16666666666666666
atr_pct & up_from_low_30d,0.807..1.08 & 31.2..48,63095,2.46970071196428,0.35063000237736747,-0.0798970946551658,0.028920535356557413,0.16349085355535148,-14.310490645295893,0.14285714285714285,0.0
ret_4 & ema50_rel,0.803..inf & -1.44..-0.701,19295,0.7552559669918502,0.35294117647058826,-0.0800922422874082,0.029146250188848564,0.16329570592310905,-7.988543529275249,0.0,0.16666666666666666
dist_low_20 & ema50_rel,3.14..inf & -0.299..-0.00931,8158,0.3193251193946366,0.3518019122333905,-0.08039662275721451,0.011176931086391145,0.16299132545330275,-5.272139624633144,0.14285714285714285,0.16666666666666666
up_from_low_30d & dd_30d,48..inf & -4.52..inf,56021,2.192806142879007,0.3543314114349976,-0.08067533212212442,0.040252940337462954,0.16271261608839283,-13.52268992634982,0.35714285714285715,0.3333333333333333
atr_pct & ema50_rel,1.08..inf & -0.299..-0.00931,11087,0.4339737188929071,0.34968882474970686,-0.08093774221540266,-0.007293597382625842,0.16245020599511462,-6.2364699781524315,0.07142857142857142,0.0
dist_high_20 & ret_16,3.07..inf & -0.331..0,6585,0.2577538503571564,0.35292331055429005,-0.08187243899529485,0.003608139777332953,0.1615155092152224,-4.854358301744144,0.2857142857142857,0.0
atr_pct & ema50_rel,0.807..1.08 & -1.44..-0.701,43792,1.714131604379741,0.3499040920716113,-0.08247026302583256,0.026920138395117393,0.1609176851846847,-12.337081786923141,0.14285714285714285,0.0
up_from_low_30d & ret_16,48..inf & -0.793..-0.331,26803,1.0491384132305033,0.3573107487967765,-0.0828059848681572,0.05570657334610576,0.16058196334236008,-9.55375821644826,0.07142857142857142,0.0
atr_pct & ret_16,1.08..inf & 0..0.332,10029,0.3925608755097831,0.3433044171901486,-0.08344481862915067,-0.009990785837597906,0.15994312958136658,-6.092003845201517,0.14285714285714285,0.16666666666666666
up_from_low_30d & dd_30d,31.2..48 & -inf..-33.6,35394,1.3854122672044333,0.35022885234785556,-0.08349478272354886,0.03143130434038325,0.1598931654869684,-11.139060211977739,0.42857142857142855,0.3333333333333333
dist_high_20 & ret_16,3.07..inf & -0.793..-0.331,11168,0.4371442673938835,0.3505551575931232,-0.08365737911949288,0.0049323382900540004,0.1597305690910244,-6.437360188372831,0.0,0.0
atr_pct & dd_30d,0.807..1.08 & -20.5..-16.2,32308,1.2646182835746407,0.35204902810449423,-0.08395583852846066,0.025196287671445064,0.15943210968205662,-10.851665955789771,0.21428571428571427,0.0
ret_4 & ema50_rel,0.391..0.803 & -inf..-1.44,20433,0.7998002163018644,0.35109871286644156,-0.08411323313533405,0.023228182816741504,0.1592747150751832,-8.682757901334963,0.07142857142857142,0.16666666666666666
dist_high_20 & dist_low_20,1.96..3.07 & 2.04..3.14,34402,1.346582833710994,0.3505900819719784,-0.0846443295778844,0.018447434881930458,0.15874361863263287,-11.311168188694257,0.07142857142857142,0.16666666666666666
atr_pct & up_from_low_30d,0.551..0.658 & 48..inf,27682,1.0835447358522101,0.3617513185463478,-0.0852842137050544,0.07987365426236695,0.15810373450546286,-9.889055541974134,0.21428571428571427,0.16666666666666666
ret_4 & ema50_rel,0.803..inf & -0.701..-0.299,15970,0.6251069081554728,0.35422667501565436,-0.08555440375042998,0.03880941787255946,0.1578335444600873,-7.71361245607277,0.0,0.0
atr_pct & ret_16,1.08..inf & 0.781..1.63,24800,0.9707358373359877,0.34241935483870967,-0.08570153188167133,-0.012524493399626833,0.15768641632884595,-9.829544203173358,0.07142857142857142,0.16666666666666666
dist_high_20 & dist_low_20,3.07..inf & 3.14..inf,62309,2.438934648732583,0.35285432281050894,-0.08587926696661988,-0.03174815123684582,0.15750868124389739,-16.336233505989423,0.07142857142857142,0.3333333333333333
dist_low_20 & ret_16,2.04..3.14 & -0.793..-0.331,14530,0.5687416014714477,0.3516173434273916,-0.08627637820754702,0.025877888328791728,0.15711157000297024,-7.468129170637465,0.14285714285714285,0.16666666666666666
up_from_low_30d & ret_16,48..inf & 0..0.332,20536,0.8038319014327356,0.3598071679002727,-0.08657481733751843,0.06272418472590595,0.15681313087299883,-8.707402994094343,0.14285714285714285,0.16666666666666666
dd_30d & ema50_rel,-33.6..-25.7 & -inf..-1.44,60471,2.3669905975622787,0.3491756379090804,-0.08669888891453723,0.025967581073708057,0.15668905929598004,-15.267595001429672,0.07142857142857142,0.0
up_from_low_30d & dd_30d,48..inf & -12.2..-8.28,44116,1.7268137983836465,0.35046241726357785,-0.08752330946395481,0.025874517954165142,0.15586463874656245,-13.107783654053248,0.21428571428571427,0.3333333333333333
atr_pct & ret_16,1.08..inf & -1.65..-0.793,28121,1.1007283258760205,0.3431243554638882,-0.08816410548898451,-0.014899562106055156,0.15522384272153275,-10.799078949872275,0.21428571428571427,0.16666666666666666
dist_high_20 & up_from_low_30d,0.241..0.463 & 48..inf,20410,0.7988999370978834,0.35943165115139636,-0.08890918550260571,0.06741253065235567,0.15447876270791155,-8.876572985242698,0.21428571428571427,0.16666666666666666
up_from_low_30d & dd_30d,48..inf & -16.2..-12.2,34310,1.3429817168950702,0.3471874089186826,-0.08897961870163117,0.019826100680394185,0.1544083295088861,-11.760153643673174,0.23076923076923078,0.0
dist_low_20 & ret_16,2.04..3.14 & -1.65..-0.793,17715,0.693410699935767,0.3493084956251764,-0.08898599833834192,0.014986488558704035,0.15440194987217534,-8.54303004537685,0.07142857142857142,0.16666666666666666
dist_high_20 & up_from_low_30d,1..1.39 & 48..inf,34959,1.3683852474769675,0.3526130610143311,-0.08912708495638413,0.04190719423604035,0.15426086325413313,-11.761435375032052,0.21428571428571427,0.16666666666666666
dist_high_20 & ret_4,3.07..inf & 0.167..0.391,15600,0.6106241557436052,0.3508974358974359,-0.0892050944609952,0.011029354454706142,0.15418285374952206,-8.109435091177406,0.0,0.0
dist_low_20 & dd_30d,3.14..inf & -33.6..-25.7,46314,1.812849176224957,0.3503476270674094,-0.08956726832719858,0.006998845501079057,0.15382067988331868,-14.035862918745423,0.07142857142857142,0.16666666666666666
atr_pct & dd_30d,1.08..inf & -25.7..-20.5,30094,1.1779566245479522,0.3459161294610221,-0.08995517039467305,-0.018725680975520215,0.15343277781584422,-11.537558595960487,0.14285714285714285,0.16666666666666666
dist_high_20 & ema50_rel,3.07..inf & 1.38..inf,27589,1.0799044764622001,0.3586936822646707,-0.08997616660923594,-0.03500399232436399,0.15341178160128133,-11.369027831854371,0.14285714285714285,0.3333333333333333
atr_pct & ema50_rel,0.807..1.08 & -0.701..-0.299,25285,0.9897199857677601,0.34656911212181135,-0.09060040510632335,0.018867849921524515,0.1527875431041939,-10.318649741346755,0.21428571428571427,0.16666666666666666
atr_pct & ret_4,1.08..inf & 0.803..inf,99521,3.895508115625598,0.3421689894595111,-0.09085216603856093,-0.024636506100834024,0.15253578217195635,-21.091742339675196,0.0,0.16666666666666666
ema50_rel & ret_16,-0.701..-0.299 & 0.781..1.63,13961,0.5464694768164405,0.35892844352123776,-0.0908579140320655,0.06131705049839605,0.15253003417845176,-7.580073697289672,0.07142857142857142,0.0
dist_low_20 & up_from_low_30d,0.288..0.524 & 48..inf,17583,0.688243880156398,0.3586987431041347,-0.09096005925035257,0.0640852872939288,0.15242788896016468,-8.454358877641948,0.21428571428571427,0.0
dist_low_20 & ema50_rel,3.14..inf & -0.701..-0.299,9321,0.3648479330568041,0.34449093444909346,-0.09099981206531148,-0.0037787154019372315,0.1523881361452058,-6.390102921070231,0.07142857142857142,0.16666666666666666
dist_low_20 & ema50_rel,2.04..3.14 & -0.299..-0.00931,17915,0.7012392147529928,0.3554005023723137,-0.09103901665122412,0.04110281219839567,0.15234893155929313,-8.689043409412658,0.21428571428571427,0.16666666666666666
atr_pct & ret_16,1.08..inf & 0.332..0.781,13946,0.5458823382051485,0.3421769683063244,-0.0910712242114822,-0.017311860403452256,0.15231672399903506,-7.849495465416155,0.14285714285714285,0.16666666666666666
up_from_low_30d & ret_16,48..inf & -0.331..0,22481,0.8799642080302557,0.3575018904852987,-0.09143745888679349,0.05617883965950446,0.1519504893237238,-9.633965134747836,0.21428571428571427,0.0
atr_pct & dist_high_20,1.08..inf & 1.96..3.07,56918,2.2279170318342643,0.34133314592923153,-0.09144143836049672,-0.018121404610195107,0.15194650985002056,-15.908218404695603,0.0,0.16666666666666666
dist_high_20 & ret_4,3.07..inf & 0.391..0.803,21271,0.8326016933860401,0.3493488787551126,-0.091492115718793,0.0006952778014237265,0.15189583249172428,-9.7683133873106,0.07142857142857142,0.0
dist_high_20 & ret_4,3.07..inf & -0.391..-0.163,21601,0.8455187428344625,0.3510485625665479,-0.09223274676609496,0.014682771281629233,0.1511552014444223,-9.82744264197294,0.0,0.0
atr_pct & dd_30d,1.08..inf & -16.2..-12.2,24988,0.9780946412641799,0.3434048343204738,-0.09227454319702197,-0.022976922426983456,0.1511134050134953,-10.79981751031367,0.21428571428571427,0.16666666666666666
dist_high_20 & ema50_rel,3.07..inf & 0.654..1.38,10732,0.42007810509233146,0.3549198658218412,-0.09227880865528926,-0.015720350099869242,0.151109139555228,-7.105553983378299,0.21428571428571427,0.3333333333333333
dist_high_20 & ema50_rel,3.07..inf & 0.272..0.654,7719,0.30214152937082617,0.3534136546184739,-0.09338214535895095,-0.010295854429946483,0.1500058028515663,-6.070856688089503,0.21428571428571427,0.3333333333333333
dist_low_20 & up_from_low_30d,0.777..1.08 & 48..inf,26508,1.0375913538750952,0.354232684472612,-0.09356897013187306,0.04887509284278284,0.1498189780786442,-10.726371122801643,0.14285714285714285,0.0
atr_pct & ret_16,0.807..1.08 & 0.781..1.63,38469,1.5057756825192787,0.34705867061790013,-0.09359508324573323,0.015843373944495497,0.14979286496478403,-13.156208251806328,0.0,0.0
ret_4 & ret_16,0.167..0.391 & -inf..-1.65,17571,0.6877741692673646,0.35365090205452165,-0.09390636352973585,0.030077706950115426,0.14948158468078143,-8.966456939060366,0.0,0.0
up_from_low_30d & ret_4,48..inf & -0.163..0,22412,0.8772633704183128,0.35565768338390147,-0.09402592554686612,0.04996317673388627,0.14936202266365114,-9.916387045940217,0.0,0.16666666666666666
atr_pct & dist_high_20,0.807..1.08 & -inf..0.241,14589,0.5710510133425293,0.34532867228733977,-0.09413185060182218,0.015710263179480696,0.14925609760869507,-8.12384730482463,0.0,0.0
dist_high_20 & ret_16,3.07..inf & -1.65..-0.793,32989,1.2912743765272943,0.3471763315044409,-0.09432536309547099,0.002240023164486016,0.14906258511504628,-12.426993001658277,0.0,0.0
dist_low_20 & dd_30d,3.14..inf & -25.7..-20.5,34580,1.353550211898325,0.35083863504916135,-0.09444451341315982,0.009631592402836472,0.14894343479735744,-12.768574295773355,0.07142857142857142,0.0
atr_pct & dist_high_20,0.807..1.08 & 0.241..0.463,15907,0.6226409259880467,0.34506820896460677,-0.09446267892600495,0.015490278981661632,0.14892526928451233,-8.516447461793474,0.07142857142857142,0.16666666666666666
dist_high_20 & dd_30d,3.07..inf & -20.5..-16.2,33084,1.2949929210654765,0.35149921412162977,-0.09456658060387688,0.006715266268026001,0.1488213676066404,-12.582990532762004,0.0,0.0
dist_high_20 & ema50_rel,3.07..inf & -1.44..-0.701,38161,1.4937197697007512,0.34933570923193835,-0.09484572702854306,0.008913172296874628,0.1485422211819742,-13.440736539863929,0.07142857142857142,0.0
dist_high_20 & ret_4,3.07..inf & 0..0.167,11582,0.4533492930655407,0.34959419789328267,-0.09507730840323429,0.008694700660167677,0.14831063980728298,-7.445122154904286,0.14285714285714285,0.0
atr_pct & dist_low_20,1.08..inf & 1.08..1.46,21004,0.8221506261050437,0.34069701009331554,-0.09520619587098643,-0.020963436533328415,0.14818175233953085,-10.08000471390007,0.07142857142857142,0.16666666666666666
ret_4 & ema50_rel,0.803..inf & -inf..-1.44,26402,1.0334422410219657,0.34232255132186956,-0.09549935812834259,-0.0193264720661468,0.14788859008217467,-11.491089917116573,0.07142857142857142,0.16666666666666666
atr_pct & dist_high_20,1.08..inf & 0.463..0.708,10110,0.3957314240107595,0.33916913946587535,-0.09558878884869268,-0.021108888782741943,0.14779915936182458,-6.996118941136744,0.14285714285714285,0.16666666666666666
dist_high_20 & ema50_rel,3.07..inf & -0.701..-0.299,14562,0.5699941638422038,0.3492652108226892,-0.09562100990302243,-0.0004649286250113183,0.14776693830749482,-8.43053793321873,0.07142857142857142,0.0
atr_pct & dist_high_20,1.08..inf & 1.39..1.96,30581,1.1970190581278968,0.33877244040417254,-0.09567823273915783,-0.021344918487787187,0.14770971547135942,-12.182727765974954,0.07142857142857142,0.16666666666666666
atr_pct & dd_30d,0.807..1.08 & -25.7..-20.5,42126,1.6489200759522507,0.34593837535014005,-0.09617041759768255,0.013298103921870825,0.1472175306128347,-14.194751472418128,0.21428571428571427,0.0
dist_high_20 & ret_16,3.07..inf & 1.63..inf,23327,0.9130788257071204,0.3574827453165859,-0.09632497941150496,-0.04211538958843705,0.14706296879901232,-11.260330238191427,0.07142857142857142,0.16666666666666666
dist_high_20 & up_from_low_30d,0.463..0.708 & 48..inf,24031,0.9406351978637548,0.3557072115184553,-0.0967277104792812,0.05375411884540901,0.14666023773123604,-10.530243586226396,0.14285714285714285,0.16666666666666666
dist_low_20 & ret_16,1.46..2.04 & -inf..-1.65,34543,1.352101936657138,0.3452508467706916,-0.09700411093969409,1.2266513851716034e-06,0.14638383727082316,-13.091190654619059,0.07142857142857142,0.0
atr_pct & dist_low_20,1.08..inf & 3.14..inf,163159,6.386463245318646,0.3419486513155879,-0.09704978082817807,-0.033453045875628015,0.14633816738233918,-29.102564034467246,0.0,0.16666666666666666
atr_pct & dist_high_20,1.08..inf & -inf..0.241,8215,0.3215562461175459,0.3351186853317103,-0.0970626288996553,-0.022948069643933002,0.14632531931086196,-6.38302063889127,0.07142857142857142,0.16666666666666666
dd_30d & ret_16,-16.2..-12.2 & 1.63..inf,32116,1.257102909350104,0.3594158674803836,-0.09731267944598179,0.04085804930377216,0.14607526876453547,-12.472849200078628,0.07142857142857142,0.0
dist_low_20 & ret_4,2.04..3.14 & -inf..-0.812,28732,1.124644438642645,0.3448071836280106,-0.09753854197516292,-0.005862299658765017,0.14584940623535436,-12.041928619822185,0.07142857142857142,0.16666666666666666
dist_low_20 & up_from_low_30d,0.524..0.777 & 48..inf,21703,0.8495112853912477,0.3555268856840068,-0.09763578392388163,0.051117602115771425,0.14575216428663562,-10.126182173349159,0.14285714285714285,0.16666666666666666
atr_pct & dd_30d,0.807..1.08 & -4.52..inf,30354,1.1881336938103457,0.34644527904065364,-0.09766403815335868,0.011174651139377366,0.14572391005715857,-12.209277733265928,0.14285714285714285,0.16666666666666666
dist_high_20 & ret_16,1.96..3.07 & -0.331..0,18473,0.7230807710930525,0.35067395658528666,-0.09777504244237657,0.02671057808071153,0.14561290576814068,-9.50255905357917,0.0,0.0
atr_pct & dd_30d,1.08..inf & -12.2..-8.28,26112,1.0220908945369884,0.3453201593137255,-0.09779781183494254,-0.02906997629939326,0.14559013637557472,-11.759244788012424,0.21428571428571427,0.3333333333333333
up_from_low_30d & dd_30d,31.2..48 & -25.7..-20.5,29438,1.1522790959474518,0.3551871730416469,-0.09792409899075222,0.04454706922376501,0.14546384921976505,-11.919063201226272,0.14285714285714285,0.16666666666666666
dist_low_20 & ret_16,3.14..inf & -1.65..-0.793,9043,0.35396629746086034,0.34159018024991705,-0.09803494228815497,-0.023562501684089507,0.14535300592236228,-6.877946672397152,0.14285714285714285,0.16666666666666666
atr_pct & dist_low_20,1.08..inf & 1.46..2.04,31809,1.2450861391056627,0.3387091703605898,-0.09829366320047188,-0.02428780494344583,0.1450942850100454,-12.79634093173981,0.21428571428571427,0.16666666666666666
atr_pct & ret_4,1.08..inf & -0.812..-0.391,29076,1.1381094841282733,0.3395927913055441,-0.09835218270342594,-0.02576780621381909,0.14503576550709132,-12.298491982260051,0.0,0.16666666666666666
dist_high_20 & dist_low_20,3.07..inf & 1.08..1.46,35830,1.4024784295059856,0.344794864638571,-0.09844407741761967,-0.0014027321609531315,0.1449438707928976,-13.543199768634217,0.07142857142857142,0.0
dd_30d & ema50_rel,-inf..-33.6 & -inf..-1.44,85669,3.3533051793845456,0.3375666810631617,-0.09881889817415693,-0.009162599830458988,0.14456905003636034,-20.806643524006905,0.0,0.0
atr_pct & ema50_rel,1.08..inf & 1.38..inf,99926,3.91136085813048,0.3424634229329704,-0.09893160015946559,-0.03270685347112805,0.14445634805105168,-23.085354524679715,0.07142857142857142,0.0
dist_high_20 & dist_low_20,1.39..1.96 & 2.04..3.14,34655,1.3564859049547844,0.3485788486509883,-0.09895784707128263,0.019912034468047297,0.14443010113923463,-13.20715756943917,0.0,0.0
dist_high_20 & up_from_low_30d,0.708..1 & 48..inf,28557,1.1177944881775725,0.35196274118429804,-0.09902822503439322,0.04319811886954439,0.14435972317612406,-11.783862606621222,0.0,0.16666666666666666
ret_4 & ret_16,0.391..0.803 & -inf..-1.65,21694,0.8491590022244725,0.3487139301189269,-0.09926534092457318,0.011640911365851903,0.1441226072859441,-10.59640078687786,0.07142857142857142,0.0
atr_pct & dist_low_20,0.807..1.08 & 2.04..3.14,72223,2.8269941282224615,0.3446132118577185,-0.09927324483837352,0.009633404893638824,0.14411470337214374,-19.169532479446925,0.0,0.0
dist_high_20 & ema50_rel,1.96..3.07 & 1.38..inf,30186,1.181557741363876,0.3448618564897635,-0.0992898635410574,-0.016450962553454785,0.14409808466945986,-12.61280989562827,0.14285714285714285,0.0
dist_high_20 & ret_4,1.96..3.07 & 0.803..inf,29769,1.1652352879699603,0.34441869058416474,-0.09945258770351076,-0.006726396234561995,0.1439353605070065,-12.484138974130952,0.0,0.0
atr_pct & dist_high_20,1.08..inf & 3.07..inf,171787,6.724185374533763,0.3414344508024472,-0.09953040425566109,-0.03584182622864894,0.14385754395485617,-30.683763036765743,0.0,0.16666666666666666
atr_pct & ret_16,0.807..1.08 & 0.332..0.781,23718,0.9283835721747966,0.3438316890125643,-0.09964319323963058,0.009930819630664752,0.14374475497088668,-11.003938776720982,0.07142857142857142,0.0
atr_pct & ema50_rel,1.08..inf & -0.00931..0.272,10516,0.4116233090897277,0.3391974134651959,-0.09976215961852217,-0.026109181239231404,0.1436257885919951,-7.493104381301735,0.07142857142857142,0.16666666666666666
dist_high_20 & ret_16,1.96..3.07 & 1.63..inf,27493,1.076146789349932,0.34583348488706217,-0.0999061790814116,-0.019652772729794637,0.14348176912910565,-12.179411411485734,0.07142857142857142,0.0
dist_high_20 & ret_16,3.07..inf & 0.781..1.63,7639,0.2990101234439359,0.34624950909804947,-0.10003564174815333,-0.02681420829207119,0.14335230646236394,-6.502605568663846,0.07142857142857142,0.0
dd_30d & ema50_rel,-33.6..-25.7 & -1.44..-0.701,46970,1.8385267048254574,0.35827123695976154,-0.1006564733401157,0.06168487519250717,0.14273147487040155,-15.327540990322056,0.07142857142857142,0.0
atr_pct & ema50_rel,0.807..1.08 & -0.299..-0.00931,18381,0.7194796542771287,0.3455198302595071,-0.1007827000415515,0.008796356658601338,0.14260524816896575,-9.830629284299778,0.07142857142857142,0.16666666666666666
dist_high_20 & dist_low_20,3.07..inf & 1.46..2.04,37553,1.469921084656385,0.34255585439245867,-0.10085142109752622,-0.012276274494123435,0.14253652711299103,-14.265535104455513,0.0,0.0
atr_pct & ret_16,1.08..inf & -0.793..-0.331,15535,0.6080798884280069,0.3380109430318635,-0.10088175494544083,-0.027292400651434706,0.14250619326507644,-9.196285622203984,0.07142857142857142,0.0
atr_pct & ret_4,0.807..1.08 & 0.391..0.803,41098,1.6086815097917107,0.34490729475886905,-0.10102458788674404,0.008362291905520094,0.14236336032377322,-14.731243139933026,0.0,0.0
up_from_low_30d & ema50_rel,48..inf & -inf..-1.44,57215,2.239542376337844,0.3378834221794984,-0.1014012857002783,-0.019426593500987535,0.14198666251023895,-17.615186680508586,0.14285714285714285,0.0
atr_pct & ret_16,0.807..1.08 & 0..0.332,16563,0.648318454588547,0.34389905210408744,-0.10145836666230434,0.008222381009179228,0.14192958154821292,-9.37147805357927,0.0,0.0
dist_high_20 & dist_low_20,1.96..3.07 & 3.14..inf,38682,1.514113050799624,0.3424848766868311,-0.10161592498394174,-0.02503098486982847,0.1417720232265755,-14.70722821979245,0.0,0.0
atr_pct & dd_30d,1.08..inf & -20.5..-16.2,26253,1.0276099974831325,0.3421704186188245,-0.10163880646952338,-0.031715892277608695,0.1417491417409939,-12.224136291513513,0.2857142857142857,0.16666666666666666
dist_low_20 & ema50_rel,3.14..inf & -1.44..-0.701,13189,0.5162514096219493,0.3384638714079915,-0.10230412163694011,-0.0206396189636392,0.14108382657357715,-8.593150468610132,0.14285714285714285,0.16666666666666666
dd_30d & ret_4,-33.6..-25.7 & -inf..-0.812,52130,2.0405023871098806,0.34751582582006524,-0.1025023479660617,0.01794869917233455,0.14088560024445557,-16.759376367231045,0.0,0.0
dist_high_20 & ret_4,1.39..1.96 & 0.803..inf,28227,1.1048774387291502,0.3446699968115634,-0.10282524378415697,0.0006998290839008153,0.1405627044263603,-12.484763956587889,0.0,0.0
atr_pct & ret_16,1.08..inf & 1.63..inf,100404,3.9300710085436497,0.34101231026652323,-0.1028320942366506,-0.036604529810610215,0.14055585397386666,-24.086061193048486,0.0,0.0
dist_high_20 & ret_4,3.07..inf & -0.812..-0.391,40756,1.5952947494542546,0.3454460692904112,-0.10340770439532264,0.0017379128735245742,0.13998024381519464,-15.165584493358438,0.0,0.0
atr_pct & ret_4,0.807..1.08 & 0..0.167,16802,0.6576735297951317,0.34460183311510534,-0.1034352489743621,0.006208783500760811,0.13995269923615516,-9.646852307996097,0.0,0.0
dist_low_20 & ret_16,3.14..inf & 0.781..1.63,32615,1.2766350538190823,0.34398282998620267,-0.10344673437871603,-0.002714584054089294,0.13994121383180125,-13.53496611084231,0.0,0.16666666666666666
atr_pct & dist_low_20,0.807..1.08 & 1.46..2.04,49267,1.9284371975012946,0.34335356323705524,-0.10351036104421985,0.005818078940851809,0.13987758716629742,-16.524829449040272,0.0,0.0
atr_pct & ret_4,0.807..1.08 & 0.803..inf,71744,2.8082448352352056,0.3439451382694023,-0.1035134686261778,0.00460160747793471,0.13987447958433946,-19.967142292125235,0.0,0.16666666666666666
dist_low_20 & ret_4,3.14..inf & -0.812..-0.391,21449,0.839569071573371,0.3432327847452096,-0.10374225148541907,-0.010411664316776188,0.1396456967250982,-11.097223922565767,0.0,0.16666666666666666
dist_low_20 & dd_30d,3.14..inf & -20.5..-16.2,30071,1.1770563453439713,0.3483090020285325,-0.10397156146952813,0.0012192962201041098,0.13941638674098913,-13.15475246386296,0.21428571428571427,0.0
atr_pct & dist_high_20,0.807..1.08 & 0.463..0.708,19922,0.7797983609438527,0.34288726031522937,-0.10443022391202872,0.005480068431221077,0.13895772429848854,-10.576482604973382,0.07142857142857142,0.16666666666666666
up_from_low_30d & ema50_rel,31.2..48 & -1.44..-0.701,39285,1.5377160229735596,0.3545119002163676,-0.10470678919373089,0.04887332199411472,0.13868115901678638,-14.649344776995113,0.14285714285714285,0.0
dist_high_20 & dist_low_20,1.39..1.96 & 3.14..inf,36085,1.4124597858979482,0.34064015518913676,-0.1047920463368649,-0.016020590164212662,0.13859590187365237,-14.500334768595598,0.0,0.0
atr_pct & ret_16,1.08..inf & -inf..-1.65,114579,4.484916996214522,0.33639672191239234,-0.1048086289655203,-0.038866277745099244,0.13857931924499695,-26.299183450001788,0.0,0.16666666666666666
atr_pct & dist_high_20,1.08..inf & 1..1.39,19647,0.7690341530701673,0.3345548938769278,-0.10482512006970093,-0.030012268492682022,0.13856282814081633,-10.703767756376168,0.14285714285714285,0.16666666666666666
dd_30d & ret_4,-33.6..-25.7 & 0.803..inf,46966,1.8383701345291128,0.34914619086147425,-0.10497434817259146,0.016766930313901397,0.1384136000379258,-16.356336933560442,0.07142857142857142,0.16666666666666666
dist_high_20 & ret_16,1.96..3.07 & 0.781..1.63,15785,0.617865531949539,0.34431422236300285,-0.10514970474851443,-0.0013998232691639547,0.13823824346200284,-9.551667171450598,0.07142857142857142,0.0
dist_high_20 & dist_low_20,1.96..3.07 & 1.46..2.04,35540,1.3911270830210083,0.3460045019696117,-0.10530673562256747,0.013670982729131686,0.1380812125879498,-14.253006550554911,0.0,0.0
dist_low_20 & ret_16,3.14..inf & 0.332..0.781,11603,0.4541712871213494,0.3424114453158666,-0.10534422246620843,-0.013096820432946023,0.13804372574430884,-8.26765042489411,0.07142857142857142,0.16666666666666666
dist_low_20 & ema50_rel,1.46..2.04 & -1.44..-0.701,30922,1.2103666758912666,0.35013905956923874,-0.10548462817135631,0.027993642583102368,0.13790332003916095,-13.274112651567947,0.0,0.16666666666666666
dist_high_20 & dd_30d,1.96..3.07 & -33.6..-25.7,51414,2.0124763040642124,0.3500408449060567,-0.10569351938169615,0.029803848875740724,0.1376944288288211,-17.048961756899935,0.0,0.0
atr_pct & dist_high_20,1.08..inf & 0.241..0.463,8286,0.32433536887766107,0.3344195027757664,-0.10580880153693101,-0.031177310830089087,0.13757914667358626,-7.029070697769444,0.07142857142857142,0.0
atr_pct & dist_low_20,0.807..1.08 & 3.14..inf,80442,3.1487069446363516,0.3448820268019194,-0.10614187281705503,0.001117954773793861,0.13724607539346223,-21.784712392562334,0.0,0.16666666666666666
atr_pct & dd_30d,0.807..1.08 & -16.2..-12.2,29590,1.1582287672085434,0.34528556944913824,-0.1066984047933254,0.0025658337158867175,0.13668954341719186,-13.315656435550729,0.0,0.16666666666666666
dist_low_20 & ema50_rel,1.08..1.46 & -1.44..-0.701,37490,1.4674551024889588,0.3538810349426514,-0.10671146410258994,0.04661344997594609,0.13667648410792732,-14.66409449200464,0.0,0.0
dist_high_20 & dd_30d,3.07..inf & -16.2..-12.2,30687,1.2011681709810265,0.34597712386352525,-0.10710741634214932,-0.00693096530925296,0.13628053186836794,-13.846487890235343,0.07142857142857142,0.0
atr_pct & ret_4,1.08..inf & -0.163..0,13905,0.5442774926676173,0.337720244516361,-0.10714992850545847,-0.03384810657005828,0.13623801970505878,-9.30874997016984,0.14285714285714285,0.0
atr_pct & ema50_rel,1.08..inf & -inf..-1.44,115501,4.521006449521932,0.33311399901299554,-0.10727492978940419,-0.041404398458937244,0.13611301842111306,-26.96432892184766,0.0,0.16666666666666666
dist_high_20 & dd_30d,3.07..inf & -inf..-33.6,90782,3.553441160686921,0.3351214998567998,-0.10738482202972806,-0.02863768091875424,0.1360031261807892,-23.56617940177237,0.0,0.0
atr_pct & dd_30d,1.08..inf & -4.52..inf,27938,1.0935652348182592,0.3361729543990264,-0.10742647449002767,-0.03743443415497975,0.1359614737204896,-13.145050931037028,0.14285714285714285,0.16666666666666666
dist_high_20 & up_from_low_30d,1.96..3.07 & 31.2..48,50328,1.969967468606677,0.3481560960101733,-0.10743464904721729,0.02088697394867994,0.13595329916329996,-17.222670907579122,0.07142857142857142,0.0
atr_pct & ret_16,0.807..1.08 & -0.331..0,19692,0.7707955689040431,0.3416108064188503,-0.10781965560126898,0.0018625248651614678,0.1355682926092483,-10.870213247935139,0.14285714285714285,0.0
atr_pct & dist_high_20,0.658..0.807 & 3.07..inf,40511,1.585704818803153,0.34941127101281133,-0.10862048207739526,0.027398685883997805,0.13476746613312202,-15.69092197765026,0.0,0.0
dd_30d & ema50_rel,-16.2..-12.2 & 1.38..inf,31423,1.229977105508417,0.3555039302421793,-0.10879625809752318,0.029902865406840413,0.1345916901129941,-13.813716197099762,0.14285714285714285,0.0
dist_high_20 & up_from_low_30d,1.96..3.07 & -inf..5.06,32190,1.2599994598324775,0.3564461012736875,-0.10883171983323384,0.05637552737889568,0.13455622837728343,-13.804522049779758,0.14285714285714285,0.3333333333333333
atr_pct & ret_4,0.807..1.08 & -0.812..-0.391,41918,1.640778420542336,0.34150007156830003,-0.10890563187584468,0.0003951168149872631,0.13448231633467259,-16.052019004304363,0.0,0.16666666666666666
dist_high_20 & dd_30d,3.07..inf & -4.52..inf,11808,0.4621955148090058,0.34798441734417346,-0.1092000669562995,-0.018565747567857498,0.13418788125421777,-8.749632807301568,0.21428571428571427,0.0
dist_low_20 & ret_16,3.14..inf & -0.793..-0.331,6669,0.2610418265803912,0.3370820212925476,-0.10969197549594192,-0.03065449776835986,0.13369597271457534,-6.588137793921212,0.0,0.3333333333333333
dist_low_20 & ema50_rel,1.46..2.04 & -inf..-1.44,36080,1.4122640730275176,0.3392461197339246,-0.11006693509783155,-0.010844038841019235,0.1333210131126857,-15.164327586080502,0.07142857142857142,0.0
atr_pct & ema50_rel,0.807..1.08 & 0.654..1.38,37393,1.4636582728026044,0.34265771668494105,-0.11017177725326642,-0.0007397173726643916,0.13321617095725086,-15.365707689400086,0.07142857142857142,0.0
atr_pct & dist_high_20,0.807..1.08 & 1.39..1.96,49493,1.9372834192447597,0.34126038025579375,-0.11025817768204278,-0.0008610470791829782,0.13312977052847447,-17.65693577124447,0.0,0.0
dist_low_20 & up_from_low_30d,1.46..2.04 & 31.2..48,47657,1.8654176532226276,0.35314854061313133,-0.11037877924663517,0.04288848783595063,0.1330091689638821,-17.04935153868053,0.07142857142857142,0.0
atr_pct & dist_high_20,1.08..inf & 0.708..1,13661,0.5347267045906019,0.33269892394407435,-0.11045967068692396,-0.03556706218241217,0.13292827752359332,-9.40624337012206,0.07142857142857142,0.0
dist_high_20 & dd_30d,3.07..inf & -25.7..-20.5,39778,1.557013311998021,0.34403439086932475,-0.11048200785475487,-0.00826801179533837,0.1329059403557624,-16.142368341004456,0.14285714285714285,0.0
dist_high_20 & ema50_rel,1.96..3.07 & -0.701..-0.299,37817,1.480254724215123,0.3509532749821509,-0.11057557109360944,0.03525343449439154,0.13281237711690783,-15.291311571791589,0.0,0.0
dist_high_20 & up_from_low_30d,3.07..inf & 31.2..48,48207,1.8869460689699984,0.34362229551724854,-0.11063500229379385,-0.01989379311313361,0.13275294591672343,-17.874272937443703,0.07142857142857142,0.0
atr_pct & ret_16,0.807..1.08 & -0.793..-0.331,25308,0.990620264971741,0.3405642484589853,-0.11063524652059878,-0.0010831860671068564,0.13275270168991848,-12.65672963793586,0.0,0.16666666666666666
atr_pct & dd_30d,1.08..inf & -inf..-33.6,108875,4.261647753627244,0.3304247990815155,-0.1107441855101596,-0.0451222435887175,0.13264376270035766,-26.777351747538624,0.0,0.16666666666666666
dist_low_20 & ema50_rel,3.14..inf & -0.00931..0.272,9138,0.35768484199904255,0.3402276209236157,-0.11098786676854128,-0.014954681086501664,0.132400081441976,-7.73614892110041,0.07142857142857142,0.16666666666666666
atr_pct & dd_30d,0.658..0.807 & -33.6..-25.7,57002,2.2312050080574988,0.3470579979649837,-0.11124219447389341,0.02657458597752231,0.13214575373662385,-18.87476134675098,0.07142857142857142,0.16666666666666666
dist_high_20 & ema50_rel,1.96..3.07 & -1.44..-0.701,96552,3.7792938131638825,0.3540164885243185,-0.11135763006730509,0.047744194437616974,0.13203031814321217,-24.484010619827593,0.0,0.0
dist_high_20 & ret_4,1.96..3.07 & 0.391..0.803,26863,1.0514869676756708,0.3474667758627108,-0.11163360106418144,0.015017256506720311,0.13175434714633583,-13.149835129728341,0.0,0.0
atr_pct & dd_30d,0.807..1.08 & -33.6..-25.7,55941,2.1896747369521163,0.3409484993117749,-0.11164747702411305,-0.002763138107709164,0.1317404711864042,-19.0255833127588,0.21428571428571427,0.16666666666666666
dist_low_20 & dd_30d,2.04..3.14 & -33.6..-25.7,48949,1.9159898589419058,0.3485464463012523,-0.1117191843851402,0.02209637079881776,0.13166876382537707,-17.668152009464126,0.0,0.16666666666666666
up_from_low_30d & dd_30d,48..inf & -8.28..-4.52,50277,1.9679711973282845,0.3464804980408537,-0.11173421262497402,0.008191006004303633,0.13165373558554325,-18.026832242121998,0.21428571428571427,0.16666666666666666
dist_high_20 & dd_30d,1.96..3.07 & -12.2..-8.28,33391,1.307009691309918,0.35419723877691595,-0.11180937922636293,0.038469794000310545,0.13157856898415432,-14.57173461214121,0.07142857142857142,0.16666666666666666
dist_low_20 & ret_4,1.08..1.46 & -inf..-0.812,29224,1.1439025850930205,0.3425951272926362,-0.11228444238228384,-0.0021786002953548362,0.13110350582823344,-13.87490315238658,0.0,0.0
atr_pct & ema50_rel,0.658..0.807 & -0.299..-0.00931,23910,0.9358989463993334,0.3475533249686324,-0.11256664312420879,0.02586806827919759,0.13082130508630846,-12.392271830964743,0.0,0.0
ret_4 & ema50_rel,0.803..inf & -0.00931..0.272,16368,0.6406856526417519,0.3508675464320626,-0.11280238173022003,0.02827543251426838,0.13058556648029723,-10.30133469704761,0.0,0.0
dist_high_20 & ret_4,1.96..3.07 & 0..0.167,18495,0.7239419077229473,0.35371722087050556,-0.11287307749079112,0.036166820190084915,0.13051487071972614,-10.94152635624199,0.07142857142857142,0.0
atr_pct & ret_16,0.807..1.08 & 1.63..inf,73661,2.883281149758314,0.3418634012571103,-0.11306445937185634,-0.004855772382194059,0.1303234888386609,-22.175638046316738,0.0,0.16666666666666666
dist_low_20 & ret_4,3.14..inf & 0.803..inf,151293,5.921997461212645,0.34040570284150623,-0.11346480552890859,-0.019299114047785622,0.12992314268160868,-32.20436722421715,0.0,0.0
dist_high_20 & ret_4,1.96..3.07 & 0.167..0.391,23364,0.9145271009483071,0.3494692689607944,-0.11386061337511372,0.027213778190515403,0.12952733483540355,-12.440227999535155,0.0,0.0
dist_high_20 & ret_16,1.39..1.96 & 1.63..inf,32382,1.2675148340570144,0.3402816379470076,-0.11392042843104215,-0.01665751503088524,0.12946751977947513,-14.917245000001452,0.0,0.0
dd_30d & ret_16,-20.5..-16.2 & -inf..-1.65,37546,1.469647086637782,0.348079688914931,-0.11394406549372757,0.013192435195628677,0.1294438827167897,-15.960784335902144,0.0,0.0
atr_pct & dist_high_20,0.807..1.08 & 0.708..1,26052,1.0197423400918206,0.34016582220175035,-0.11439465640499386,-0.004532267089249806,0.1289932918055234,-13.28506496512065,0.07142857142857142,0.16666666666666666
atr_pct & ret_4,0.807..1.08 & -0.391..-0.163,26190,1.0251440153157063,0.34012982054219165,-0.11448012124627581,-0.005018762466374866,0.12890782696424147,-13.356006271622704,0.0,0.0
dist_low_20 & up_from_low_30d,3.14..inf & 31.2..48,57140,2.2366066832813845,0.34284214210710534,-0.1144919358667947,-0.015402216571473299,0.12889601234372255,-19.99672966060966,0.0,0.16666666666666666
dist_low_20 & up_from_low_30d,2.04..3.14 & -inf..5.06,25269,0.989093704582382,0.35078554750880525,-0.11457608309325708,0.029003690374566047,0.12881186511726017,-13.058877435168784,0.07142857142857142,0.16666666666666666
ema50_rel & ret_16,-1.44..-0.701 & -inf..-1.65,59753,2.3388862293684385,0.35164761601927935,-0.11462771140536712,0.030897518950046204,0.12876023680515014,-20.01796272514299,0.0,0.0
atr_pct & ema50_rel,0.807..1.08 & 1.38..inf,72799,2.849540250896071,0.3412684240168134,-0.1148632480140241,-0.006645928632277089,0.12852470019649315,-22.368731220772045,0.0,0.0
dd_30d & ret_16,-inf..-33.6 & -inf..-1.65,77985,3.052533640106734,0.3332179265243316,-0.11492463632429592,-0.023591260632020078,0.12846331188622134,-23.207344330884563,0.0,0.0
dist_high_20 & ret_16,1.39..1.96 & 0.781..1.63,23644,0.9254870216924231,0.34528844527152763,-0.11502999442343989,0.01104948835828703,0.12835795378707737,-12.703195643104644,0.0,0.0
atr_pct & ret_16,0.658..0.807 & -inf..-1.65,54967,2.1515498697922273,0.347044590390598,-0.11521762239048056,0.021759682491630596,0.1281703258200367,-19.343586372305147,0.0,0.16666666666666666
dist_low_20 & up_from_low_30d,-inf..0.288 & 48..inf,15143,0.5927359993862444,0.35138347751436305,-0.11524572760601633,0.04126785472103007,0.12814222060450092,-9.973067638073815,0.21428571428571427,0.16666666666666666
dd_30d & ret_4,-16.2..-12.2 & 0.803..inf,32983,1.2910395210827776,0.352090470848619,-0.11525454299960138,0.026588961972754642,0.12813340521091587,-14.986442129030054,0.0,0.0
dist_high_20 & ret_16,3.07..inf & -inf..-1.65,227303,8.897224517499275,0.3390144432761556,-0.11542322389323527,-0.01810309917214056,0.127964724317282,-40.2415581799636,0.0,0.0
dist_low_20 & ret_16,1.46..2.04 & -1.65..-0.793,25652,1.0040853104573693,0.3441057227506627,-0.11572678534338801,0.010521534618851141,0.12766116286712925,-13.313556796916128,0.0,0.0
dist_low_20 & dd_30d,2.04..3.14 & -inf..-33.6,54286,2.1248937768395737,0.3381903253140773,-0.11579800832564716,-0.002702669595981254,0.1275899398848701,-19.297558788725805,0.0,0.16666666666666666
atr_pct & ret_16,0.807..1.08 & -1.65..-0.793,42612,1.6679433669581092,0.33840232798272785,-0.11583008972839638,-0.006487959292725826,0.12755785848212087,-17.21009140788231,0.0,0.16666666666666666
ret_4 & ema50_rel,0.167..0.391 & -inf..-1.44,16672,0.652584995163935,0.3435700575815739,-0.1158383144870368,0.0035459713426061836,0.12754963372348047,-10.815081348404586,0.0,0.0
atr_pct & ema50_rel,1.08..inf & 0.654..1.38,24622,0.9637684591486568,0.33624400942246774,-0.11614026833817337,-0.04282790328111309,0.1272476798723439,-13.450689781578248,0.07142857142857142,0.16666666666666666
atr_pct & up_from_low_30d,1.08..inf & 23..31.2,31226,1.2222660184134497,0.3388842631140716,-0.11631898127159378,-0.04391674922225794,0.1270689669389235,-15.325269833152687,0.21428571428571427,0.0
dist_low_20 & ret_16,1.08..1.46 & -inf..-1.65,37582,1.4710562193048826,0.3404289287424831,-0.11641278803519227,-0.00722223420597394,0.126975160175325,-16.380200213175186,0.0,0.0
dist_low_20 & ret_4,1.46..2.04 & -inf..-0.812,27262,1.0671048547360362,0.33852982172988044,-0.11643398608153624,-0.014953287384852798,0.12695396212898102,-13.960317114730957,0.0,0.0
atr_pct & up_from_low_30d,1.08..inf & 31.2..48,51427,2.012985157527332,0.3377408754156377,-0.11646530671025494,-0.045103186279057975,0.12692264150026233,-19.633596147900402,0.21428571428571427,0.16666666666666666
dist_high_20 & ret_4,3.07..inf & -0.163..0,16685,0.6530938486270547,0.34288282888822297,-0.11652982333130231,-0.011188395571178117,0.12685812487921494,-11.018475354027107,0.0,0.0
atr_pct & dist_high_20,0.551..0.658 & 3.07..inf,16826,0.6586129515731988,0.3548674670153334,-0.11659066842346118,0.04733507133730511,0.12679727978705607,-10.75740066473467,0.21428571428571427,0.16666666666666666
atr_pct & dist_low_20,0.807..1.08 & 1.08..1.46,36025,1.4101112314527806,0.3383483691880638,-0.11664696154755219,-0.007184287706506411,0.12674098666296507,-15.949077933323297,0.07142857142857142,0.0
dist_high_20 & up_from_low_30d,1.39..1.96 & 31.2..48,46583,1.8233785286541258,0.3504712019406221,-0.11680944464664976,0.03306936692609595,0.12657850356386752,-17.897627656962545,0.07142857142857142,0.0
ret_4 & ret_16,-inf..-0.812 & 0..0.332,12316,0.48207994244475905,0.3465410847677817,-0.11682634223233455,0.01782347735587155,0.12656160597818272,-9.279582206199235,0.0,0.0
ema50_rel & ret_16,0.654..1.38 & -1.65..-0.793,8974,0.3512654598489175,0.3456652551816358,-0.11683123917771741,0.008631813571992122,0.12655670903279986,-7.933986868102444,0.14285714285714285,0.0
up_from_low_30d & dd_30d,23..31.2 & -25.7..-20.5,37450,1.4658893995255138,0.3563150867823765,-0.1169507534821575,0.04739193990886958,0.12643719472835976,-16.033216430387327,0.14285714285714285,0.0
atr_pct & dist_high_20,0.807..1.08 & 1..1.39,34952,1.3681112494583647,0.3388647287708858,-0.11701121918081361,-0.007362126730381717,0.12637672902970365,-15.757651145650144,0.0,0.16666666666666666
ret_4 & ema50_rel,-inf..-0.812 & 1.38..inf,24032,0.940674340437841,0.34591378162450065,-0.11710573736116991,-0.03973128812409709,0.12628221084934735,-13.561395876923514,0.0,0.0
ema50_rel & ret_16,-0.299..-0.00931 & -inf..-1.65,7129,0.2790474106600103,0.34577079534296534,-0.1177285139299025,-0.003049526590929333,0.12565943428061477,-7.235089159768646,0.07142857142857142,0.0
dist_high_20 & up_from_low_30d,3.07..inf & 23..31.2,36792,1.4401335857768411,0.34559143292020006,-0.11788524038732892,-0.01820379160806788,0.12550270782318834,-16.701553872933154,0.07142857142857142,0.0
dist_low_20 & up_from_low_30d,1.08..1.46 & 31.2..48,42669,1.6701744936810186,0.35433218495863505,-0.11801949143634936,0.05121610406511122,0.1253684567741679,-17.183349878504174,0.14285714285714285,0.0
atr_pct & dist_low_20,1.08..inf & 0.777..1.08,15190,0.5945757003682924,0.3314680710994075,-0.11807952687006304,-0.04386416111164052,0.12530842134045422,-10.687728630593874,0.07142857142857142,0.16666666666666666
atr_pct & ret_4,0.807..1.08 & 0.167..0.391,25235,0.9877628570634537,0.3383792351892213,-0.11810116012246986,-0.008550245721830966,0.12528678808804738,-13.529948381199999,0.0,0.0
atr_pct & ema50_rel,0.807..1.08 & 0.272..0.654,22744,0.8902587050149074,0.33943017938797043,-0.11886634654184361,-0.009190846322474746,0.12452160166867365,-12.952769051479558,0.0,0.16666666666666666
dist_high_20 & ema50_rel,1.96..3.07 & 0.654..1.38,19447,0.7612056382529416,0.3417493700827891,-0.11901449071972175,-0.008643400365655576,0.12437345749079551,-12.020965169515872,0.14285714285714285,0.16666666666666666
dist_high_20 & ema50_rel,3.07..inf & -inf..-1.44,205143,8.029825075750667,0.3361460054693555,-0.1190646030238925,-0.0224967852449558,0.12432334518662476,-39.42411956245037,0.0,0.0
dist_low_20 & ret_16,2.04..3.14 & -0.331..0,14558,0.5698375935458593,0.3420112652836928,-0.11912570939162934,0.0008948350338580044,0.12426223881888793,-10.351434002789915,0.0,0.0
atr_pct & dist_high_20,0.807..1.08 & 1.96..3.07,74872,2.9306828069766158,0.33848434661822846,-0.11913493485212476,-0.010257289330648343,0.1242530133583925,-23.540912551196712,0.0,0.0
up_from_low_30d & ema50_rel,23..31.2 & -1.44..-0.701,38224,1.4961857518681771,0.3549079112599414,-0.11919469709714857,0.04963409811949912,0.1241932511133687,-16.473302580014813,0.07142857142857142,0.0
up_from_low_30d & ema50_rel,31.2..48 & -inf..-1.44,40802,1.5970953078622165,0.3381696975638449,-0.11930185050400717,-0.012980923196912636,0.12408609770651009,-17.487949141571573,0.14285714285714285,0.0
atr_pct & up_from_low_30d,0.658..0.807 & -inf..5.06,25078,0.9816174729319315,0.34404657468697664,-0.11936317083142767,0.018538725040057612,0.1240247773790896,-13.487614120924377,0.14285714285714285,0.16666666666666666
ret_4 & ret_16,0..0.167 & -inf..-1.65,13779,0.5393455283327652,0.34646926482328183,-0.11957013249072052,0.011477090295793416,0.12381781571979675,-10.128551744558111,0.07142857142857142,0.0
ret_4 & ret_16,-0.391..-0.163 & -inf..-1.65,26739,1.046633288488991,0.34746998765847636,-0.11957085744000284,0.0179939322497045,0.12381709077051442,-14.045763639059347,0.0,0.0
atr_pct & dist_high_20,0.807..1.08 & 3.07..inf,83531,3.2696183559884027,0.33867665896493515,-0.11999372080728492,-0.012949650869395132,0.12339422740323235,-25.185481092158355,0.0,0.0
atr_pct & ema50_rel,0.658..0.807 & -0.701..-0.299,32213,1.2608997390364585,0.34439511998261574,-0.12016952259144505,0.018296443045826012,0.12321842561907222,-15.362950542849916,0.0,0.0
atr_pct & up_from_low_30d,0.807..1.08 & 23..31.2,47191,1.8471772136984919,0.33993769998516665,-0.12024178949627772,-0.01096769446092298,0.12314615871423955,-18.947657068630537,0.0,0.16666666666666666
atr_pct & dd_30d,1.08..inf & -8.28..-4.52,26569,1.0399790508943492,0.3399074108923934,-0.12036603643300307,-0.05127069624343699,0.12302191177751419,-14.691450058098871,0.14285714285714285,0.0
up_from_low_30d & ret_4,-inf..5.06 & 0.803..inf,17359,0.6794759435611053,0.34973212742669507,-0.12052465875801663,0.027812064699685717,0.12286328945250063,-11.358510558215924,0.14285714285714285,0.16666666666666666
up_from_low_30d & ret_4,31.2..48 & 0.803..inf,54891,2.1485750341616816,0.34277021733981894,-0.1206654489114317,0.0007487181950122968,0.12272249929908556,-20.339861898060864,0.0,0.0
dd_30d & ret_4,-25.7..-20.5 & 0.803..inf,38126,1.4923497796077365,0.347112206892934,-0.12090359167674024,0.013058579965709267,0.12248435653377703,-16.950091162034287,0.0,0.0
up_from_low_30d & ret_4,31.2..48 & 0.391..0.803,44658,1.7480290735383281,0.35236687715526893,-0.12096890113411632,0.04157161873561476,0.12241904707640094,-18.07240351979668,0.0,0.0
ema50_rel & ret_16,-1.44..-0.701 & 0.332..0.781,13653,0.534413563997913,0.34849483629971434,-0.12133446161128564,0.030657219050889827,0.12205348659923163,-10.087649648677564,0.0,0.0
ret_4 & ret_16,-inf..-0.812 & 0.332..0.781,13658,0.5346092768683436,0.3441206618831454,-0.12142464100980048,0.0034029631717259826,0.12196330720071678,-10.217170052619176,0.0,0.0
dist_low_20 & ret_16,2.04..3.14 & 0..0.332,16529,0.6469876070696186,0.34236795934418296,-0.12142766779501538,0.006141179160221746,0.12196028041550189,-11.198066845610313,0.07142857142857142,0.0
dist_low_20 & ret_16,3.14..inf & 0..0.332,6460,0.25286102859639037,0.3368421052631579,-0.12152355666657316,-0.03433768516708346,0.1218643915439441,-7.191093249966487,0.0,0.0
atr_pct & dist_low_20,0.807..1.08 & 0.524..0.777,21012,0.8224637666977328,0.33728345707214924,-0.12164430849457766,-0.011756002520087027,0.1217436397159396,-12.7122629579215,0.14285714285714285,0.0
ret_4 & ema50_rel,0.803..inf & -0.299..-0.00931,14431,0.564866486636921,0.3447439539879426,-0.12176745047652941,0.012108650543434286,0.12162049773398785,-10.480588545316293,0.0,0.0
dist_high_20 & ret_16,1.39..1.96 & 0.332..0.781,20875,0.8171012340479332,0.34524550898203593,-0.12194913497788577,0.017405290501303704,0.12143881323263149,-12.607464676900813,0.0,0.0
dist_high_20 & dist_low_20,1.39..1.96 & 1.46..2.04,34892,1.365762695013197,0.34517941075318126,-0.12203315440701962,0.015971312220446267,0.12135479380349765,-16.32886279910148,0.0,0.0
up_from_low_30d & ret_16,31.2..48 & -1.65..-0.793,40949,1.6028492662528775,0.35021612249383377,-0.12206033210771874,0.03386248309243559,0.12132761610279852,-17.509402688384792,0.07142857142857142,0.0
dist_low_20 & ret_16,1.46..2.04 & -0.793..-0.331,22426,0.8778113664555186,0.34624988852225097,-0.12208905120052453,0.018633221269217397,0.12129889700999273,-13.063095278606113,0.0,0.0
dd_30d & ema50_rel,-inf..-33.6 & -1.44..-0.701,44621,1.7465807982971415,0.342574124291253,-0.1220938560136119,0.012811998788544726,0.12129409219690536,-18.35595894613407,0.14285714285714285,0.16666666666666666
dist_high_20 & dist_low_20,1..1.39 & 3.14..inf,35177,1.3769183286277435,0.3364698524604145,-0.12213918878778056,-0.023469142608433417,0.1212487594227367,-16.644688987872666,0.0,0.0
atr_pct & ret_4,1.08..inf & -inf..-0.812,106137,4.154475385779425,0.33214618841685745,-0.12215090812252737,-0.05624968778724231,0.1212370400879899,-29.60964056569546,0.0,0.16666666666666666
dist_low_20 & ret_4,3.14..inf & -0.163..0,15829,0.6195878052093287,0.3400088445258702,-0.1221784227835252,-0.014834687375012371,0.12120952542699207,-11.199276689688087,0.07142857142857142,0.0
atr_pct & ema50_rel,0.807..1.08 & -0.00931..0.272,17508,0.6853081870999385,0.3390450079963445,-0.1223018500705042,-0.012580447328397616,0.12108609814001306,-11.721220579150348,0.0,0.16666666666666666
atr_pct & ret_16,0.551..0.658 & -inf..-1.65,35834,1.40263499980233,0.35226321370765196,-0.12250953719904471,0.04269346393761884,0.12087841101147255,-16.44260216136798,0.0,0.0
dist_high_20 & ret_4,1..1.39 & 0.803..inf,29443,1.1524748088178824,0.33946948340862004,-0.12250973223351011,-0.009605622358561536,0.12087821597700715,-15.185571445646849,0.0,0.0
dist_high_20 & ret_16,1.96..3.07 & -0.793..-0.331,34242,1.3403200218572133,0.34305823257987267,-0.12281024048534009,0.010701795573019833,0.12057770772517717,-16.26569545291251,0.0,0.0
up_from_low_30d & ret_16,31.2..48 & -inf..-1.65,45581,1.784157669419825,0.3398126412320923,-0.12284756866500486,-0.013918502488668523,0.1205403795455124,-19.087666309464144,0.0,0.0
atr_pct & dd_30d,0.551..0.658 & -33.6..-25.7,53544,2.0958499868676665,0.350758254893172,-0.12306740518354682,0.043030501066738315,0.12032054302697044,-20.060566635694908,0.0,0.0
atr_pct & ema50_rel,1.08..inf & 0.272..0.654,14024,0.5489354589838666,0.3349971477467199,-0.12335057546962544,-0.049713800441075824,0.12003737274089182,-10.822820944498188,0.0,0.16666666666666666
dist_high_20 & ema50_rel,1.39..1.96 & 1.38..inf,33590,1.3147990635530575,0.3370348317951771,-0.12336704708742359,-0.023494920626703813,0.12002090112309367,-16.426156418934806,0.07142857142857142,0.0
up_from_low_30d & dd_30d,31.2..48 & -20.5..-16.2,32127,1.2575334776650515,0.35060852242661933,-0.12343224290084599,0.028597771646904205,0.11995570530967127,-15.761398604373253,0.14285714285714285,0.0
up_from_low_30d & ret_16,23..31.2 & -inf..-1.65,38094,1.4910972172369805,0.3443849425106316,-0.12347207602895868,-0.0031900339461076953,0.11991587218155858,-17.53023743434391,0.0,0.0
dist_high_20 & ret_4,3.07..inf & -inf..-0.812,154842,6.060914456644315,0.3360005683212565,-0.12367256574621416,-0.03342703042457864,0.1197153824643031,-35.773327518578114,0.0,0.0
dist_low_20 & ema50_rel,3.14..inf & 0.272..0.654,14529,0.5687024588973615,0.33904604583935577,-0.1238105507775446,-0.024214495119265933,0.11957739743297266,-10.927341787585851,0.07142857142857142,0.16666666666666666
dd_30d & ret_16,-25.7..-20.5 & -inf..-1.65,44656,1.747950788390156,0.3429774274453601,-0.12386133482836317,0.0003215759573985419,0.11952661338215409,-18.968780900177304,0.07142857142857142,0.0
atr_pct & ret_4,0.807..1.08 & -0.163..0,22618,0.8853267406800552,0.3361482005482359,-0.12451353953846597,-0.014939249598886815,0.11887440867205129,-13.536503423650183,0.0,0.0
ret_4 & ema50_rel,0.391..0.803 & -1.44..-0.701,27053,1.0589240567520353,0.3469855468894392,-0.12470554964474809,0.027362252842234557,0.11868239856576918,-14.59232729768685,0.0,0.0
dist_high_20 & dd_30d,3.07..inf & -12.2..-8.28,30082,1.1774869136589186,0.3439930855661193,-0.12482298430676173,-0.02871150644302789,0.11856496390375554,-16.140519024744524,0.14285714285714285,0.16666666666666666
dist_low_20 & ret_4,3.14..inf & 0.391..0.803,41583,1.627665658223483,0.3400668542433206,-0.1248886538413238,-0.014630640330669716,0.11849929436919346,-18.521371148010704,0.0,0.0
up_from_low_30d & ret_4,31.2..48 & -inf..-0.812,48645,1.9040905164197226,0.3411244732243807,-0.1249358951286571,-0.009758329088086168,0.11845205308186016,-19.980111095685523,0.0,0.0
ret_4 & ret_16,0.803..inf & -0.331..0,15622,0.6114852923735,0.34496223274868776,-0.12505103780831311,0.010670341594658102,0.11833691040220415,-11.208329095597811,0.0,0.0
dist_high_20 & dd_30d,1.96..3.07 & -inf..-33.6,57706,2.2587613802141333,0.3355283679340103,-0.1250733510903329,-0.008403378453786303,0.11831459712018436,-21.511555678704266,0.07142857142857142,0.0
dist_low_20 & ret_4,3.14..inf & -inf..-0.812,37208,1.4564168965966706,0.33866372823048807,-0.12565101421855315,-0.06020419300964972,0.11773693399196411,-18.366142732872067,0.0,0.16666666666666666
dd_30d & ret_4,-33.6..-25.7 & -0.812..-0.391,45425,1.778051427862389,0.35073197578425974,-0.1259701315601177,0.039237609297346265,0.11741781665039958,-18.972567784164788,0.0,0.0
dd_30d & ema50_rel,-33.6..-25.7 & 1.38..inf,40583,1.5885230841373543,0.342631150974546,-0.1261403243004697,-0.00494303784434477,0.11724762391004756,-18.34298846500464,0.14285714285714285,0.0
dist_low_20 & dd_30d,1.46..2.04 & -33.6..-25.7,46252,1.810422336631617,0.3479200899420566,-0.12616289765399652,0.028175028332758614,0.11722505055652074,-19.26440713941395,0.0,0.16666666666666666
ema50_rel & ret_16,-0.701..-0.299 & -inf..-1.65,15630,0.6117984329661891,0.3433141394753679,-0.1261703448512729,-0.0007312257067755262,0.11721760335924436,-11.411884901571602,0.0,0.0
ret_4 & ret_16,-inf..-0.812 & 0.781..1.63,16673,0.6526241377380211,0.340610567984166,-0.12623399143760225,-0.014328438199028539,0.11715395677291501,-11.831701689913617,0.0,0.0
dist_high_20 & ret_4,1.96..3.07 & -0.163..0,27728,1.085345294260172,0.34769907674552797,-0.1264563061202465,0.025020114455782103,0.11693164209027077,-15.015015465017076,0.0,0.0
dist_high_20 & dist_low_20,3.07..inf & 0.777..1.08,34708,1.3585604613813493,0.3355998617033537,-0.12657345768639583,-0.0222580167676069,0.11681449052412143,-17.175653299399908,0.0,0.0
ret_4 & ret_16,0.803..inf & -1.65..-0.793,19165,0.7501674323606534,0.33717714583876857,-0.1266760103228732,-0.01517835376578974,0.11671193788764406,-12.705510419737227,0.0,0.0
atr_pct & dd_30d,0.658..0.807 & -16.2..-12.2,35687,1.396881041411669,0.3449995796788747,-0.12670376128971678,0.011617831763771526,0.11668418692080049,-17.194681767647726,0.07142857142857142,0.0
ret_4 & ema50_rel,0..0.167 & -inf..-1.44,12905,0.5051349185814887,0.34180550174351026,-0.126905730824618,-0.00044842893500545995,0.11648221738589926,-10.422318801760579,0.07142857142857142,0.0
ret_4 & ret_16,0.803..inf & -0.793..-0.331,16082,0.6294908764531192,0.34056709364506904,-0.1269715866756393,-0.001786515814021565,0.11641636153487797,-11.576759866589926,0.0,0.0
atr_pct & dd_30d,0.807..1.08 & -12.2..-8.28,28902,1.131298676237287,0.33928447858279703,-0.12726588710064798,-0.018044570436914823,0.11612206110986928,-15.739430768216959,0.21428571428571427,0.3333333333333333
atr_pct & dist_low_20,1.08..inf & 0.288..0.524,10274,0.4021508061608846,0.326844461748102,-0.12738020110412024,-0.05349577751343321,0.11600774710639702,-9.492789932359868,0.0,0.16666666666666666
atr_pct & up_from_low_30d,0.551..0.658 & 31.2..48,50688,1.9840587952776834,0.3495107323232323,-0.12750687776717232,0.03843978066900776,0.11588107044334495,-20.24740360341562,0.14285714285714285,0.0
up_from_low_30d & dd_30d,31.2..48 & -12.2..-8.28,45396,1.776916293213891,0.3528064146620848,-0.1275748728584239,0.03981736526472615,0.11581307535209337,-19.27995123146859,0.14285714285714285,0.0
dd_30d & ret_4,-inf..-33.6 & -inf..-0.812,72306,2.83024296187161,0.3303875197079081,-0.1277956935385409,-0.032704160904757924,0.11559225467197637,-24.891359395926035,0.0,0.0
ret_4 & ret_16,-0.812..-0.391 & 1.63..inf,21767,0.8520164101327599,0.3401938714567924,-0.12789324659216383,-0.013184967493404608,0.11549470161835343,-13.682557702219468,0.0,0.0
dd_30d & ret_16,-16.2..-12.2 & -inf..-1.65,34280,1.3418074396724862,0.3423570595099183,-0.12807993832724907,-0.0007560186845338745,0.1153080098832682,-17.294825961484968,0.07142857142857142,0.0
dist_high_20 & dist_low_20,3.07..inf & 0.288..0.524,35136,1.3753134830902123,0.33686247723132967,-0.1280973570863191,-0.012572492848952486,0.11529059112419815,-17.36936633321352,0.0,0.0
dist_low_20 & ret_4,3.14..inf & -0.391..-0.163,16344,0.6397462308636848,0.33859520313264807,-0.1282485104513312,-0.025952513710344228,0.11513943775918606,-12.00677134578939,0.0,0.0
atr_pct & ema50_rel,0.658..0.807 & -inf..-1.44,56206,2.2000475190849405,0.3415827491726862,-0.12834905348221373,0.008595889690319644,0.11503889472830353,-21.816804083688428,0.0,0.0
dist_low_20 & ema50_rel,1.08..1.46 & -inf..-1.44,37586,1.4712127896012273,0.33523120310754007,-0.12844825122686254,-0.01810973145116625,0.11493969698365472,-18.080749490693922,0.0,0.0
dist_low_20 & up_from_low_30d,2.04..3.14 & 31.2..48,53543,2.09581084429358,0.34187475486991764,-0.12849750147152042,0.0052509507237852426,0.11489044673899684,-21.27873617867524,0.0,0.0
dist_high_20 & dd_30d,1.96..3.07 & -16.2..-12.2,35739,1.3989164552641478,0.34833095497915445,-0.12865697685051639,0.022229807792135917,0.11473097136000088,-17.444116961513902,0.07142857142857142,0.0
ret_4 & ret_16,-inf..-0.812 & 1.63..inf,25797,1.0097609836998578,0.3419002209559251,-0.12873666129834335,-0.04896166862661299,0.11465128691217391,-15.491106633725629,0.0,0.0
atr_pct & up_from_low_30d,0.658..0.807 & 23..31.2,52480,2.0542022880400257,0.3422827743902439,-0.1291057521827621,0.008914852793569756,0.11428219602775516,-21.14930293482488,0.0,0.16666666666666666
dd_30d & ema50_rel,-33.6..-25.7 & -0.701..-0.299,38031,1.4886312350695543,0.3573926533617312,-0.12922191379265707,0.06044398586525561,0.11416603441786019,-17.681728584201224,0.0,0.0
dist_high_20 & ema50_rel,0.463..0.708 & -1.44..-0.701,9268,0.3627733766302393,0.3645878290893397,-0.1292524087717581,0.08422157624071347,0.11413553943875918,-8.700262232666331,0.0,0.0
dist_low_20 & ema50_rel,3.14..inf & 1.38..inf,193500,7.574088085665872,0.33834625322997414,-0.12927894700883508,-0.02747411796540427,0.11410900120168219,-41.51154485594571,0.0,0.0
dist_low_20 & ema50_rel,2.04..3.14 & -0.00931..0.272,20925,0.8190583627522396,0.34442054958183993,-0.12969255653281175,0.01011755671214136,0.11369539167770551,-13.453953589450402,0.07142857142857142,0.0
dist_high_20 & ret_16,1.96..3.07 & 0.332..0.781,13090,0.5123762947874225,0.33720397249809014,-0.1299302903808241,-0.017347641715021636,0.11345765782969316,-10.76645730881258,0.07142857142857142,0.0
dist_high_20 & ret_4,1.39..1.96 & 0.391..0.803,29780,1.1656658562849078,0.3447280053727334,-0.13031843549398603,0.0174132158063231,0.11306951271653123,-16.0608677094194,0.0,0.0
up_from_low_30d & dd_30d,31.2..48 & -33.6..-25.7,28021,1.0968140684674077,0.343777880875058,-0.1303390052770831,0.009579389970724361,0.11304894293343418,-15.577545307309133,0.35714285714285715,0.0
dd_30d & ret_16,-33.6..-25.7 & -1.65..-0.793,45286,1.772610610064417,0.348429978359758,-0.13045490163538104,0.033000865601402675,0.11293304657513623,-19.633246192981343,0.0,0.0
up_from_low_30d & ret_16,31.2..48 & 1.63..inf,57754,2.2606402237702676,0.34027080375385255,-0.13088095562035348,-0.01248940729389473,0.11250699259016378,-22.750353943103864,0.0,0.0
ret_4 & ema50_rel,-inf..-0.812 & -1.44..-0.701,61458,2.4056243181852874,0.3479937518305184,-0.1309020848614716,0.027004850696162062,0.11248586334904567,-23.092976381140357,0.0,0.0
dd_30d & ret_16,-33.6..-25.7 & 1.63..inf,44994,1.7611809784312673,0.3415788771836245,-0.13092345223516536,-0.010757333130025219,0.11246449597535191,-20.120774000065985,0.07142857142857142,0.0
dist_low_20 & dd_30d,2.04..3.14 & -20.5..-16.2,37827,1.4806461499559842,0.34700081952044837,-0.13095472486029888,0.01807959087096404,0.11243322335021838,-18.224211759772004,0.0,0.0
ret_4 & ret_16,-0.163..0 & -inf..-1.65,20313,0.795103107411529,0.34273617880175256,-0.13096063888657256,0.003351148743269018,0.11242730932394471,-13.48485741159148,0.0,0.0
dist_low_20 & dd_30d,3.14..inf & -12.2..-8.28,28327,1.108791696137763,0.34232357821160025,-0.13122674740856313,-0.0293013246981498,0.11216120080195413,-16.346819917316925,0.07142857142857142,0.3333333333333333
atr_pct & dd_30d,0.658..0.807 & -25.7..-20.5,46899,1.8357475820653422,0.34117998251561865,-0.13141293541476615,0.006601058929448866,0.11197501279575112,-20.343352255844326,0.0,0.0
dist_low_20 & ret_16,1.08..1.46 & -1.65..-0.793,34131,1.335975196133653,0.34332425068119893,-0.13176486423314285,0.014988052441314419,0.11162308397737442,-17.41163595649004,0.0,0.0
dist_high_20 & dist_low_20,1.96..3.07 & 1.08..1.46,37789,1.4791587321407114,0.3400460451454127,-0.13178501872853474,0.0009322498450585795,0.11160292948198253,-18.41936396436126,0.0,0.0
dist_low_20 & ret_16,3.14..inf & 1.63..inf,217822,8.52611377258869,0.3369540266823369,-0.13201879621198165,-0.0295426543648919,0.11136915199853561,-45.00071356093173,0.0,0.0
ema50_rel & ret_16,-inf..-1.44 & -0.331..0,8765,0.34308466186491665,0.3361095265259555,-0.1320586810819607,-0.013088550612802934,0.11132926712855656,-8.927646458332001,0.0,0.0
atr_pct & dd_30d,0.807..1.08 & -inf..-33.6,71272,2.789769540266553,0.32982096756089346,-0.13221904472274124,-0.024406849706975695,0.11116890348777603,-25.400153064928823,0.07142857142857142,0.0
ret_4 & ret_16,-0.812..-0.391 & -inf..-1.65,49286,1.9291809064089311,0.34165888893397717,-0.13238663388410601,0.0030994726844655873,0.11100131432641125,-21.158450708936137,0.0,0.0
atr_pct & ret_4,0.807..1.08 & -inf..-0.812,73736,2.8862168428147736,0.33339210155148097,-0.13248210091944115,-0.024526140204201307,0.11090584729107611,-26.084308729959297,0.0,0.0
atr_pct & ret_4,0.658..0.807 & -inf..-0.812,53554,2.096241412608528,0.34053478731747394,-0.13248290317124334,0.0046283036391989675,0.11090504503927393,-21.959474313941936,0.0,0.0
atr_pct & ema50_rel,0.658..0.807 & -1.44..-0.701,51338,2.0095014684336667,0.34007947329463556,-0.13260013199146325,0.005613840285756971,0.11078781621905401,-21.479188633551665,0.0,0.0
dist_low_20 & ret_16,2.04..3.14 & 0.332..0.781,33114,1.2961671982880605,0.34218155462946187,-0.1327235182123152,0.004627240926509682,0.11066442999820206,-17.309763283914656,0.0,0.0
atr_pct & dist_high_20,0.551..0.658 & 1.96..3.07,56394,2.207406323013133,0.34856545022520125,-0.13282692386723013,0.03271114798606125,0.11056102434328713,-22.373359945717947,0.0,0.0
dist_high_20 & ret_16,1.96..3.07 & 0..0.332,11937,0.46724490686611636,0.33727067102287006,-0.13320210102339297,-0.014504964240509705,0.11018584718712429,-10.529294021652184,0.0,0.0
dist_high_20 & ema50_rel,1.96..3.07 & -0.299..-0.00931,20646,0.8081375845822097,0.34263295553618134,-0.1332212123624118,0.003035111262324069,0.11016673584810546,-13.780338889500259,0.0,0.0
atr_pct & dd_30d,0.551..0.658 & -12.2..-8.28,34839,1.3636881385866322,0.35044059818020035,-0.1332423514649019,0.03318699074764991,0.11014559674561536,-17.67668351471459,0.14285714285714285,0.16666666666666666
atr_pct & ret_16,0.807..1.08 & -inf..-1.65,79303,3.1041235527522515,0.3333921793626975,-0.133621351899251,-0.025726534928147346,0.10976659631126626,-27.363446015927725,0.0,0.0
ret_4 & ema50_rel,-0.391..-0.163 & -inf..-1.44,26165,1.0241654509635532,0.3398815211159946,-0.1337201889789778,-0.0007400660481056251,0.10966775923153946,-15.588961856374066,0.0,0.0
dist_high_20 & dd_30d,1.96..3.07 & -25.7..-20.5,44202,1.7301800597550536,0.34414732365051354,-0.13393918201332797,0.012292994571298465,0.1094487661971893,-20.133312134009074,0.0,0.0
dist_high_20 & up_from_low_30d,1.96..3.07 & 23..31.2,43616,1.7072425113405822,0.34232850330154074,-0.13411638057250838,0.005282080405002981,0.10927156763800888,-20.123515188012878,0.0,0.0
ema50_rel & ret_16,-inf..-1.44 & -inf..-1.65,219175,8.579073675327223,0.3343082012090795,-0.13440031903175675,-0.024129683922760714,0.10898762917876051,-45.88695110256379,0.0,0.0
up_from_low_30d & ret_16,31.2..48 & 0.332..0.781,36094,1.4128120690647235,0.354629578323267,-0.13454971430447554,0.0533406930424876,0.10883823390604172,-17.98201885234516,0.0,0.0
dist_high_20 & ema50_rel,1.96..3.07 & 0.272..0.654,16328,0.6391199496783068,0.3395394414502695,-0.13465287598330306,-0.012957786998721656,0.10873507222721421,-12.442702530076867,0.0,0.0
atr_pct & dist_low_20,0.807..1.08 & 0.777..1.08,27019,1.0575932092331068,0.3320256116066472,-0.13491526271216023,-0.025341688696441825,0.10847268549835704,-16.040380190843788,0.07142857142857142,0.0
atr_pct & ema50_rel,0.551..0.658 & -0.701..-0.299,40002,1.5657812485933138,0.3470076496175191,-0.1349496867258838,0.03175177657087297,0.10843826148463345,-19.121275188258426,0.0,0.0
atr_pct & dd_30d,0.658..0.807 & -12.2..-8.28,32117,1.2571420519241903,0.34361864433166234,-0.13515742547448342,0.0030274429667628585,0.10823052273603384,-17.464836961252146,0.14285714285714285,0.16666666666666666
dist_low_20 & dd_30d,3.14..inf & -8.28..-4.52,28273,1.1066779971371121,0.3384501114137163,-0.13521675391723448,-0.03520190749722788,0.10817119429328279,-16.744965723638018,0.0,0.0
ret_4 & ema50_rel,-inf..-0.812 & 0.654..1.38,16458,0.6442084843095035,0.340017013002795,-0.13525540665956906,-0.02462554141777195,0.1081325415509482,-12.685920120487785,0.0,0.0
atr_pct & ret_16,0.658..0.807 & 0.781..1.63,47103,1.8437326671789125,0.3401269558202238,-0.1352922447897427,0.0028591539249543142,0.10809570342077457,-21.007506720708246,0.0,0.0
ret_4 & ret_16,-inf..-0.812 & -0.331..0,17800,0.6967378187330879,0.3432584269662921,-0.13548145702911465,0.008379085284215708,0.10790649118140261,-12.920069630689163,0.0,0.0
dist_high_20 & up_from_low_30d,1..1.39 & 31.2..48,42488,1.6630896877714292,0.347862926002636,-0.13575502595263933,0.029807128207491602,0.10763292225787793,-19.80351212830703,0.07142857142857142,0.0
dist_high_20 & dist_low_20,3.07..inf & 0.524..0.777,34083,1.334096352577519,0.33400815655898836,-0.13584505808925076,-0.025504269187682428,0.1075428901212665,-18.258339785775565,0.0,0.0
dd_30d & ret_16,-20.5..-16.2 & 1.63..inf,32723,1.2808624518203842,0.3440699202395868,-0.13620498244428594,0.0001013462704909344,0.10718296576623132,-17.787159077463222,0.0,0.0
dist_low_20 & dd_30d,1.08..1.46 & -33.6..-25.7,43109,1.6873972262789152,0.34851191166577744,-0.13636549289589292,0.03372368304791339,0.10702245531462434,-20.01517351442368,0.0,0.0
up_from_low_30d & ema50_rel,23..31.2 & -inf..-1.44,35106,1.3741392058676285,0.3360109383011451,-0.13655534043262046,-0.02000991681206452,0.1068326077778968,-18.63429849190299,0.07142857142857142,0.0
dist_low_20 & ret_4,2.04..3.14 & -0.812..-0.391,26303,1.0295671261874388,0.3387446298901266,-0.13701815156518934,-0.010585170282231512,0.10636979664532792,-16.04052926213983,0.0,0.0
dist_low_20 & ema50_rel,1.46..2.04 & -0.299..-0.00931,26725,1.0460852924517852,0.34855004677268475,-0.13735438866513625,0.030688959907602613,0.10603355954538102,-15.972491010906726,0.0,0.0
atr_pct & up_from_low_30d,0.551..0.658 & -inf..5.06,27590,1.0799436190362863,0.3484233417905038,-0.13740808581778413,0.029177299546657574,0.10597986239273313,-16.28732054889146,0.0,0.16666666666666666
atr_pct & dist_low_20,0.658..0.807 & 1.46..2.04,55984,2.19135786763782,0.3389004001143184,-0.13741248338246526,0.0006700569788742326,0.10597546482805201,-23.292229375896106,0.0,0.0
dist_high_20 & dist_low_20,1.96..3.07 & 0.524..0.777,41027,1.6059023870315956,0.3450166963219343,-0.1375053099905912,0.020412104257764904,0.10588263821992605,-19.81753167426163,0.07142857142857142,0.0
dist_low_20 & ret_4,1.46..2.04 & -0.812..-0.391,29131,1.1402623257030104,0.34324259380041877,-0.13761540994575464,0.007132839441237668,0.10577253826476263,-16.844558893583947,0.0,0.0
dist_high_20 & dist_low_20,0.708..1 & 3.14..inf,34521,1.3512408000272433,0.3333333333333333,-0.13782232781455486,-0.030175707300589247,0.1055656203959624,-18.588036715346814,0.0,0.0
dist_high_20 & ema50_rel,1.39..1.96 & 0.654..1.38,27470,1.075246510145951,0.3403713141609028,-0.13790990693748167,-0.0032772686896911187,0.10547804127303559,-16.459283322625218,0.0,0.0
atr_pct & dist_high_20,0.658..0.807 & 1.96..3.07,70887,2.7746996492433937,0.33954039527699015,-0.13827119979320973,-0.0005973107957804287,0.10511674841730753,-26.399171199824305,0.0,0.0
dist_high_20 & ema50_rel,1..1.39 & -inf..-1.44,6123,0.23966998112936502,0.34345908868201863,-0.1383201268392182,0.004703147290301382,0.10506782137129905,-7.761748962745711,0.14285714285714285,0.16666666666666666
atr_pct & ret_16,0.658..0.807 & -0.793..-0.331,31929,1.249783247995998,0.33837577124244417,-0.1383416779508124,9.470638227433707e-05,0.10504627025970487,-17.697429604724167,0.0,0.0
dist_high_20 & ret_16,1.96..3.07 & -1.65..-0.793,109939,4.303295452454885,0.3425081181382403,-0.13845861523138014,0.013101032593144657,0.10492933297913712,-32.746424595223225,0.0,0.0
up_from_low_30d & ema50_rel,31.2..48 & 1.38..inf,62733,2.4555311001451017,0.33821114883713516,-0.13845958740080644,-0.019958558321352394,0.10492836080971082,-25.133714031892914,0.0,0.0
dist_high_20 & ret_4,1.96..3.07 & -0.391..-0.163,36055,1.4112855086753644,0.3442795728747747,-0.13858108982853357,0.014625954081558486,0.1048068583819837,-18.806641360415675,0.0,0.0
atr_pct & dist_low_20,0.658..0.807 & 2.04..3.14,69265,2.7112103940756933,0.33972424745542484,-0.13900562659006366,-0.0014134132264332568,0.1043823216204536,-26.27128034816779,0.0,0.0
dist_low_20 & ret_4,0.777..1.08 & -inf..-0.812,33382,1.3066574081431428,0.33437181714696546,-0.13924722314643864,-0.019225967899822293,0.10414072506407862,-18.423888413507346,0.0,0.0
ret_4 & ret_16,0.391..0.803 & -1.65..-0.793,27300,1.068592272551309,0.34384615384615386,-0.1392511823782913,0.018170254231466468,0.10413676583222597,-16.401874422527044,0.0,0.0
dist_low_20 & dd_30d,3.14..inf & -inf..-33.6,75955,2.973074214711893,0.3252583766703969,-0.1393560727122027,-0.06198217330217606,0.10403187549831455,-28.345404609465078,0.0,0.0
dd_30d & ret_4,-inf..-33.6 & 0.803..inf,62913,2.462576763480605,0.32834231398915964,-0.13939871958771655,-0.04323557070357165,0.10398922862280072,-25.48873506455298,0.0,0.0
dist_high_20 & dd_30d,1.96..3.07 & -20.5..-16.2,38253,1.497320886516675,0.3436070373565472,-0.13949947056781986,0.011102177628067533,0.1038884776426974,-19.543519370012984,0.0,0.0
atr_pct & dist_low_20,0.658..0.807 & 0.288..0.524,22731,0.8897498515517878,0.337864590207206,-0.13951866109686234,-0.0009993309660274276,0.10386928711365492,-15.045956520412048,0.0,0.0
up_from_low_30d & dd_30d,23..31.2 & -12.2..-8.28,38149,1.4932500588117175,0.35985215864111775,-0.13953125011781325,0.05611084887756661,0.10385669809270401,-19.309352555926463,0.14285714285714285,0.16666666666666666
atr_pct & ema50_rel,0.807..1.08 & -inf..-1.44,81443,3.1878886612965665,0.32954336161487174,-0.13958333619199226,-0.031675434370716814,0.103804612018525,-28.927455769104302,0.0,0.0
atr_pct & dd_30d,0.658..0.807 & -20.5..-16.2,38348,1.5010394310548572,0.3385834984875352,-0.1396942364768588,-0.0012780693932814575,0.10369371173365846,-19.645333341181004,0.14285714285714285,0.0
dist_low_20 & ret_16,1.46..2.04 & -0.331..0,24631,0.964120742315432,0.34314481750639436,-0.13970388073753204,0.01255672301929276,0.10368406747298523,-15.66609359879838,0.0,0.0
dist_low_20 & ret_16,0.288..0.524 & -inf..-1.65,47241,1.8491343424027982,0.3389852035308313,-0.139710831758467,-0.0012698879515144004,0.10367711645205027,-21.813771221083336,0.0,0.0
ret_4 & ret_16,-inf..-0.812 & -0.793..-0.331,28422,1.1125102406759453,0.3438181690239955,-0.13984124748134782,0.013979407664234974,0.10354670072916944,-16.816402557675275,0.0,0.0
dd_30d & ret_4,-25.7..-20.5 & -inf..-0.812,41967,1.6426964066725562,0.3390044558820025,-0.13991589603543222,-0.0075223597963603025,0.10347205217508504,-20.698150814118883,0.0,0.0
up_from_low_30d & ema50_rel,31.2..48 & 0.272..0.654,35721,1.3982118889305974,0.35441337028638614,-0.13992388909152167,0.047330815762837444,0.10346405911899559,-18.662250655151105,0.07142857142857142,0.0
atr_pct & dist_low_20,0.658..0.807 & 1.08..1.46,43699,1.710491344989731,0.3381084235337193,-0.13998894117592983,-0.001584396970745487,0.10339900703458743,-20.97557406640717,0.0,0.0
dist_high_20 & ret_4,0.463..0.708 & 0.803..inf,38386,1.50252684887013,0.33902985463450214,-0.14006118528427355,-0.005457961674690429,0.10332676292624371,-19.708537194852415,0.0,0.0
dist_high_20 & ret_16,1.39..1.96 & 0..0.332,19955,0.781090065888695,0.3424204460035079,-0.1405161937216834,0.009684561118988405,0.10287175448883387,-14.195911986712233,0.0,0.0
atr_pct & up_from_low_30d,0.461..0.551 & 48..inf,18075,0.7075020266067733,0.353582295988935,-0.1408073690110213,0.056350258580693494,0.10258057919949595,-13.260190559439632,0.14285714285714285,0.16666666666666666
dist_low_20 & dd_30d,1.46..2.04 & -inf..-33.6,44303,1.7341334597377527,0.33392772498476403,-0.14114942864045826,-0.011688944370237387,0.102238519570059,-21.26747760131547,0.07142857142857142,0.16666666666666666
atr_pct & dd_30d,0.807..1.08 & -8.28..-4.52,28457,1.1138802307689597,0.33179885441191975,-0.1412132857701171,-0.03240202804062798,0.10217466244040016,-17.333479861754494,0.14285714285714285,0.0
dd_30d & ret_4,-20.5..-16.2 & 0.803..inf,34291,1.3422380079874336,0.3418389664926657,-0.1414488084632467,-0.0012622167941244377,0.10193913974727056,-18.87395193641292,0.0,0.0
dist_low_20 & ema50_rel,1.08..1.46 & -0.701..-0.299,35479,1.3887393860017543,0.3499816793032498,-0.1416310050754616,0.038320418747439786,0.10175694313505565,-18.895123744988386,0.0,0.0
atr_pct & dist_low_20,0.658..0.807 & -inf..0.288,20149,0.7886837252614038,0.3371879497741823,-0.1416707959578088,-0.0032406292847284423,0.10171715225270847,-14.389027546884057,0.0,0.0
dist_low_20 & ema50_rel,3.14..inf & 0.654..1.38,36339,1.4224019997158248,0.33426896722529514,-0.14183431269279087,-0.034656803047906394,0.10155363551772639,-19.822936732502967,0.07142857142857142,0.16666666666666666
dd_30d & ema50_rel,-25.7..-20.5 & -1.44..-0.701,47257,1.8497606235881763,0.3491546225955943,-0.14185581894501323,0.03821100864690961,0.10153212926550403,-21.756119117865488,0.14285714285714285,0.16666666666666666
ret_4 & ema50_rel,-inf..-0.812 & -0.299..-0.00931,16160,0.6325439972318372,0.3426361386138614,-0.1418818333511107,-0.0005931808015573746,0.10150611485940655,-12.994494220670857,0.0,0.0
dist_low_20 & ret_16,0.777..1.08 & -inf..-1.65,40348,1.5793245792271142,0.33357291563398433,-0.14194205895372267,-0.02188443407803864,0.1014458892567946,-20.69302982224701,0.0,0.0
dist_low_20 & ret_4,3.14..inf & 0.167..0.391,22120,0.8658337387851632,0.3350813743218807,-0.1420186155050956,-0.029961421604576686,0.10136933270542167,-15.419012286834198,0.0,0.0
atr_pct & ema50_rel,0.551..0.658 & -1.44..-0.701,54969,2.1516281549403997,0.3447761465553312,-0.1421166170132144,0.02425353275781009,0.10127133119730286,-23.644198285798733,0.0,0.0
dist_high_20 & dist_low_20,0.241..0.463 & 3.14..inf,35302,1.3818111503885095,0.33434366324854115,-0.1421637926351,-0.019152536683861708,0.10122415557541725,-19.292853488454153,0.0,0.0
dist_high_20 & dist_low_20,1.96..3.07 & 0.777..1.08,39567,1.5487542288658478,0.33972755073672506,-0.14245392499027318,0.00329748818747814,0.10093402322024408,-20.297281166823694,0.0,0.0
dd_30d & ret_4,-20.5..-16.2 & -inf..-0.812,36405,1.4249854096055095,0.34094217827221535,-0.1429724080606598,-0.006585910763807238,0.10041554014985746,-19.727170866543073,0.0,0.0
ema50_rel & ret_16,-0.701..-0.299 & 0.332..0.781,22330,0.8740536793432503,0.3534706672637707,-0.14301476486989656,0.05078150945902748,0.1003731833406207,-15.0673021122273,0.0,0.0
ret_4 & ema50_rel,-0.163..0 & -inf..-1.44,19632,0.7684470144588754,0.3356255093724531,-0.14317881772461372,-0.0136514595988195,0.10020913048590355,-14.529240624075014,0.0,0.0
atr_pct & up_from_low_30d,0.461..0.551 & -inf..5.06,32141,1.2580814737022572,0.35661616004480257,-0.1431794752984773,0.05571819128898984,0.10020847291203996,-18.16583472803889,0.07142857142857142,0.0
atr_pct & up_from_low_30d,1.08..inf & 5.06..8.62,15262,0.5973939657024937,0.3232210719433888,-0.1432108865860317,-0.07284287806435186,0.10017706162448556,-13.234467466516655,0.14285714285714285,0.0
up_from_low_30d & ret_4,31.2..48 & -0.812..-0.391,42061,1.6463758086366524,0.3437626304652766,-0.14335708553473175,0.015190618804219791,0.10003086267578551,-20.940795681667527,0.0,0.0
dist_high_20 & dist_low_20,1.96..3.07 & 0.288..0.524,43173,1.6899023510204274,0.34598012646793136,-0.14343132957636398,0.02672010390668096,0.09995661863415328,-21.119960408986024,0.0,0.0
dist_high_20 & dd_30d,1.39..1.96 & -33.6..-25.7,46792,1.8315593266381265,0.34390494101555824,-0.14345457413610385,0.014336366284764585,0.09993337407441341,-22.11486732665388,0.0,0.0
ret_4 & ema50_rel,-inf..-0.812 & 0.272..0.654,13413,0.5250193462172421,0.3383284872884515,-0.1434748869876864,-0.01983308951399466,0.09991306122283086,-12.081683566389971,0.0,0.0
dist_high_20 & dist_low_20,1..1.39 & 2.04..3.14,36037,1.410580942341814,0.33629325415545136,-0.1435965742033881,-0.010736894320594596,0.09979137400712917,-19.63268957507704,0.0,0.0
dd_30d & ret_16,-inf..-33.6 & -1.65..-0.793,42114,1.6484503650632172,0.3345680771239968,-0.1436429513774068,-0.007412628043894203,0.09974499683311047,-21.031176256587845,0.0,0.0
dist_high_20 & ret_16,1..1.39 & 1.63..inf,36634,1.433949059071233,0.3326964022492766,-0.14365041886386154,-0.03198560904172661,0.09973752934665572,-19.982602254858595,0.0,0.0
dd_30d & ema50_rel,-25.7..-20.5 & 1.38..inf,32526,1.273151364725417,0.3394822603455697,-0.1437124040685439,-0.012402424153620738,0.09967554414197335,-18.73422388329463,0.0,0.0
dist_high_20 & dist_low_20,0.463..0.708 & 3.14..inf,34622,1.3551942000099422,0.3331407775402923,-0.14379035675265003,-0.02784645461872206,0.09959759145786723,-19.39115949877042,0.0,0.0
atr_pct & ret_4,0.658..0.807 & 0.391..0.803,47337,1.8528920295150666,0.33705135517671164,-0.14397482125486324,-0.00578436602751801,0.09941312695565402,-22.48932371173354,0.0,0.0
dist_high_20 & ret_4,0.708..1 & 0.803..inf,32553,1.2742082142257423,0.3350843240254354,-0.14402646903808336,-0.021389626344967338,0.0993614791724339,-18.778635166408108,0.0,0.0
atr_pct & ret_4,0.658..0.807 & -0.812..-0.391,47807,1.871289039335547,0.3368753529817809,-0.14410740434419936,-0.006005462626239722,0.0992805438663179,-22.613287062524154,0.0,0.0
ret_4 & ret_16,0.803..inf & 1.63..inf,137578,5.385157057621392,0.334653796391865,-0.14412350522075315,-0.02792889205235046,0.09926444298976411,-38.793294989403265,0.0,0.0
ret_4 & ret_16,-inf..-0.812 & -inf..-1.65,142324,5.570927714234158,0.3308647873865265,-0.1442423645272319,-0.03524646008645262,0.09914558368328535,-39.733629302032384,0.0,0.0
dist_low_20 & dd_30d,2.04..3.14 & -16.2..-12.2,35765,1.3999341621903871,0.34366000279602965,-0.14431014014692078,0.007502965581578934,0.09907780806359648,-19.615728042131234,0.0,0.0
dist_high_20 & ret_4,1.96..3.07 & -0.812..-0.391,63659,2.4917771237488564,0.34120862721689,-0.1443929620010976,0.007029017844121367,0.09899498620941966,-26.0306745134138,0.0,0.0
up_from_low_30d & dd_30d,5.06..8.62 & -33.6..-25.7,40053,1.5677775198717063,0.35061044116545576,-0.14442399675026418,0.03649590632967713,0.09896395146025308,-20.475649456946197,0.07142857142857142,0.16666666666666666
ret_4 & ema50_rel,-inf..-0.812 & -0.701..-0.299,27916,1.0927040981883642,0.34345894827339163,-0.14475717026761417,0.008302044762063372,0.09863077794290309,-17.318318420012208,0.0,0.0
atr_pct & ret_4,0.658..0.807 & 0.803..inf,55640,2.1778928221521916,0.33684399712437096,-0.14487048862271898,-0.007652548223651684,0.09851745958779828,-24.532935843980724,0.0,0.0
dist_low_20 & ret_4,2.04..3.14 & 0.803..inf,91819,3.594032010014236,0.3385791611757915,-0.14493996718952853,-0.0047254514570078615,0.09844798102098873,-31.522260659047625,0.0,0.0
dd_30d & ema50_rel,-16.2..-12.2 & -1.44..-0.701,43274,1.6938557510031262,0.3536996811018163,-0.14524972670862552,0.05126263606021424,0.09813822150189175,-21.36348039853058,0.0,0.0
atr_pct & ret_4,0.658..0.807 & -0.163..0,28775,1.1263275693283488,0.3364031277150304,-0.14535318366466157,-0.006910974306550742,0.09803476454585569,-17.687851697890707,0.0,0.0
ema50_rel & ret_16,-inf..-1.44 & -0.793..-0.331,16532,0.647105034791877,0.33202274376965885,-0.14551294759074487,-0.020184884929000408,0.09787500061977239,-13.463617606791052,0.0,0.0
atr_pct & dd_30d,0.551..0.658 & -16.2..-12.2,41115,1.6093469335511748,0.3452024808464064,-0.14553615254982408,0.02103895830412408,0.09785179566069319,-21.03217429093898,0.0,0.0
atr_pct & up_from_low_30d,0.658..0.807 & 31.2..48,59312,2.3216243541964556,0.3352272727272727,-0.14564709533848463,-0.008013271426150548,0.09774085287203263,-25.397179338768826,0.07142857142857142,0.0
dd_30d & ret_4,-12.2..-8.28 & 0.803..inf,31234,1.2225791590061388,0.34292757892040726,-0.14569254358286152,-0.004977539102802136,0.09769540462765575,-18.607504033856276,0.07142857142857142,0.0
dist_high_20 & dd_30d,1.96..3.07 & -4.52..inf,27271,1.0674571379028113,0.3390048036375637,-0.1458640650561545,-0.015984584397596625,0.09752388315436275,-17.484647939099393,0.07142857142857142,0.0
up_from_low_30d & ret_16,31.2..48 & 0.781..1.63,45110,1.7657215170252583,0.3440478829527821,-0.1459307785989271,0.017834521714166846,0.09745716961159015,-22.022142181666755,0.0,0.0
atr_pct & dist_high_20,0.658..0.807 & 1.39..1.96,56371,2.206506043809152,0.33625445707899454,-0.14631806262259453,-0.008161872506637738,0.09706988558792273,-24.933850064057392,0.0,0.0
up_from_low_30d & dd_30d,23..31.2 & -inf..-33.6,43688,1.7100607766747835,0.33324940487090277,-0.14643330935965407,-0.01398538367155886,0.0969546388508632,-21.914025166600954,0.07142857142857142,0.0
atr_pct & ret_16,0.658..0.807 & -0.331..0,25897,1.0136752411084706,0.33625516469089084,-0.14670684473417692,-0.008200024879508327,0.09668110347634035,-16.932012282667845,0.0,0.0
dist_low_20 & ret_4,3.14..inf & 0..0.167,13486,0.5278767541255295,0.3328637105146077,-0.1471310402466247,-0.037238279341463565,0.09625690796389255,-12.511975254757127,0.0,0.0
atr_pct & dd_30d,0.551..0.658 & -20.5..-16.2,44038,1.7237606776049286,0.34499750215722785,-0.14714341987130752,0.0194040749232308,0.09624452833920974,-22.000837333838316,0.07142857142857142,0.0
atr_pct & ret_16,0.658..0.807 & -1.65..-0.793,49299,1.9296897598720508,0.33519949694719975,-0.1472777835411392,-0.009052447548147732,0.09611016466937805,-23.442138617239014,0.0,0.0
dist_low_20 & ret_16,1.08..1.46 & -0.793..-0.331,31404,1.2292333966007807,0.3443191950070055,-0.1473507564813277,0.01996996931411208,0.09603719172918956,-18.571906625282935,0.0,0.0
atr_pct & dist_low_20,0.551..0.658 & 1.46..2.04,58041,2.2718741425329863,0.3447907513654141,-0.14744447380726303,0.018820319083740267,0.09594347440325424,-25.291624127261894,0.0,0.0
up_from_low_30d & ret_4,23..31.2 & 0.803..inf,44856,1.7557793032073816,0.3378143392188336,-0.14750109761585367,-0.013282573572021193,0.09588685059466359,-22.54904236523596,0.0,0.0
dist_low_20 & ret_16,0.524..0.777 & -inf..-1.65,42682,1.6706833471441382,0.3348484138512722,-0.14750957433486833,-0.017828024248508195,0.09587837387564893,-22.052146454834933,0.0,0.0
dist_low_20 & up_from_low_30d,3.14..inf & 23..31.2,41971,1.6428529769689009,0.33396869266874746,-0.1475655721795774,-0.04010878106055843,0.09582237603093988,-22.204245156109646,0.0,0.0
atr_pct & dist_low_20,0.658..0.807 & 0.777..1.08,35030,1.3711643702370826,0.3352840422495004,-0.14758659417097725,-0.00907241024822706,0.09580135403954002,-19.823249271178263,0.0,0.0
ret_4 & ema50_rel,0.803..inf & 1.38..inf,142324,5.570927714234158,0.33387903656445855,-0.14772244913326665,-0.029599291274980392,0.09566549907725061,-40.42499947439961,0.0,0.0
atr_pct & ret_4,0.658..0.807 & 0..0.167,21336,0.8351459607016385,0.3369891263592051,-0.147820738785295,-0.009326123939627281,0.09556720942522226,-15.52876662582669,0.0,0.0
dist_high_20 & dist_low_20,-inf..0.241 & 3.14..inf,42614,1.6680216521062814,0.33359928661942084,-0.1478709552783829,-0.018385809364482777,0.09551699293213436,-21.98845559204554,0.0,0.0
atr_pct & ret_4,0.658..0.807 & 0.167..0.391,32213,1.2608997390364585,0.33613758420513457,-0.14787226923131122,-0.009471906188120011,0.09551567897920604,-19.075394925005202,0.0,0.0
up_from_low_30d & ret_4,23..31.2 & -inf..-0.812,40136,1.571026353520855,0.3367550328881802,-0.14793886283078797,-0.01960679379713853,0.09544908537972929,-21.545561282477045,0.0,0.0
dd_30d & ret_16,-33.6..-25.7 & -0.331..0,32784,1.283250148839638,0.35428867740361153,-0.1479649691878642,0.05200464663108585,0.09542297902265306,-18.829318882464182,0.0,0.0
up_from_low_30d & ema50_rel,31.2..48 & -0.701..-0.299,33992,1.3305343783356813,0.348170157684161,-0.14800773623387503,0.035013655206037914,0.09538021197664223,-19.238920057772997,0.14285714285714285,0.0
ret_4 & ema50_rel,-inf..-0.812 & -0.00931..0.272,12418,0.48607248500154415,0.3377355451763569,-0.148059761096852,-0.01403179733104414,0.09532818711366525,-11.932046954114824,0.0,0.0
dist_high_20 & ret_4,1.96..3.07 & -inf..-0.812,93379,3.655094425588597,0.33627475128240825,-0.14819521116124784,-0.009280144756880078,0.09519273704926942,-32.53278445107097,0.0,0.0
dd_30d & ema50_rel,-25.7..-20.5 & -inf..-1.44,48221,1.8874940650072043,0.333506148773356,-0.14827319745281498,-0.025362297937732203,0.09511475075770229,-23.720041586700443,0.0,0.0
dist_high_20 & dist_low_20,3.07..inf & -inf..0.288,39673,1.5529033417189775,0.3312328283719406,-0.1484442688562754,-0.027526259523238075,0.09494367935424186,-21.384073105572213,0.0,0.0
atr_pct & dist_low_20,0.658..0.807 & 0.524..0.777,28003,1.0961095021338574,0.3347855586901403,-0.14865267764782136,-0.010234727963254957,0.0947352705626959,-17.8518671468113,0.0,0.0
atr_pct & dist_high_20,0.658..0.807 & 1..1.39,44598,1.7456805190931606,0.33479079779362303,-0.1487622679126186,-0.010510483457051304,0.09462568029789867,-22.528262039928325,0.0,0.0
dd_30d & ret_16,-33.6..-25.7 & -0.793..-0.331,37310,1.4604094391534557,0.35006700616456715,-0.14907103372098782,0.04049878657865817,0.09431691448952945,-20.301340573150313,0.0,0.0
dist_low_20 & ret_4,0.524..0.777 & -inf..-0.812,39514,1.546679672439283,0.3341853520271296,-0.14908233956556838,-0.018296070723901076,0.09430560864494889,-21.397548160351597,0.0,0.0
dd_30d & ret_16,-12.2..-8.28 & -inf..-1.65,31886,1.2481001173102946,0.33949068556733364,-0.14909239841744476,-0.0221290609439544,0.0942955497930725,-19.579099601040102,0.07142857142857142,0.16666666666666666
dd_30d & ema50_rel,-20.5..-16.2 & -inf..-1.44,39349,1.5402211477150718,0.33487509212432337,-0.14938085225941042,-0.0233073630516815,0.09400709595110684,-21.568649726299622,0.0,0.0
ret_4 & ema50_rel,0.391..0.803 & -0.701..-0.299,28336,1.1091439793045381,0.3478613777526821,-0.14948202659627124,0.03266100917650982,0.09390592161424602,-17.84022055249953,0.0,0.0
atr_pct & up_from_low_30d,1.08..inf & 17.3..23,24686,0.966273583890169,0.32346269140403466,-0.14950608323255327,-0.07773860061281632,0.093881864977964,-17.692692992096983,0.07142857142857142,0.0
ret_4 & ema50_rel,-inf..-0.812 & -inf..-1.44,147486,5.772981681666754,0.32809893820430414,-0.14966343737674923,-0.039667798551178864,0.09372451083376804,-41.90645718773896,0.0,0.0
atr_pct & up_from_low_30d,0.461..0.551 & 31.2..48,41674,1.6312276324653208,0.35129817152181214,-0.1498117634649662,0.047639673628734065,0.09357618474555107,-21.465770204718055,0.0,0.0
dd_30d & ema50_rel,-16.2..-12.2 & -inf..-1.44,35222,1.3786797444616192,0.3340525807733803,-0.14982072592925585,-0.0220148795021928,0.09356722228126141,-20.61027309159658,0.0,0.0
ret_4 & ema50_rel,0.803..inf & 0.272..0.654,26837,1.0504692607494315,0.3422513693780974,-0.14991200601649213,0.0031981104820182414,0.09347594219402514,-17.614422942504444,0.0,0.0
atr_pct & ret_16,0.658..0.807 & 0.332..0.781,30607,1.1980367650541361,0.33505407259777176,-0.15047211106524122,-0.011947152345633007,0.09291583714527604,-18.905904767373933,0.0,0.0
dist_high_20 & up_from_low_30d,3.07..inf & 5.06..8.62,20695,0.8100555707124301,0.326359023918821,-0.1505750352163575,-0.04472129372726097,0.09281291299415975,-15.941055154713363,0.0,0.16666666666666666
dist_high_20 & ret_16,1.96..3.07 & -inf..-1.65,88353,3.4583638482317145,0.3418899188482564,-0.15064118165929555,0.011005071778178931,0.09274676655122172,-31.975895460237542,0.0,0.0
dd_30d & ret_16,-25.7..-20.5 & 1.63..inf,36170,1.4157869046952691,0.33762786839922587,-0.15081759484502236,-0.018757172523865596,0.0925703533654949,-20.793167710707472,0.0,0.0
atr_pct & dist_high_20,0.658..0.807 & -inf..0.241,21084,0.8252820320319341,0.3338076266363119,-0.1511271796021023,-0.012631342108954263,0.09226076860841495,-15.746418297759321,0.0,0.0
ema50_rel & ret_16,1.38..inf & 1.63..inf,215667,8.441761525433083,0.33460844728215255,-0.15116995575657696,-0.031846289875274415,0.0922179924539403,-51.09169375466352,0.0,0.0
atr_pct & dist_low_20,1.08..inf & 0.524..0.777,11875,0.46481806727277636,0.32042105263157894,-0.15126879295374415,-0.07737424817576298,0.09211915525677311,-12.228916303263237,0.14285714285714285,0.0
dd_30d & ret_4,-33.6..-25.7 & 0.391..0.803,42838,1.6767895887015742,0.3430832438489192,-0.15160949735288157,0.012994688797553614,0.0917784508576357,-22.35752339435865,0.0,0.0
ema50_rel & ret_16,0.272..0.654 & -1.65..-0.793,11967,0.4684191840887002,0.34177320965989805,-0.1518553691742169,-0.003286539976942208,0.09153257903630035,-11.938522822988283,0.0,0.0
atr_pct & ema50_rel,0.658..0.807 & 0.272..0.654,29104,1.1392054762026849,0.3354178119846069,-0.15196508280320029,-0.013475853732537953,0.09142286540731698,-18.65346836058986,0.0,0.0
atr_pct & dist_low_20,1.08..inf & -inf..0.288,9962,0.3899383230460125,0.3177072876932343,-0.1521325062385734,-0.07925014069872559,0.09125544197194385,-11.203288517428536,0.07142857142857142,0.0
dist_high_20 & ret_4,1.39..1.96 & 0.167..0.391,28705,1.1235875891423197,0.34429541891656507,-0.15215430862657484,0.017575008864141924,0.09123363958394243,-18.402899633230568,0.0,0.0
ret_4 & ret_16,0.803..inf & 0.332..0.781,28178,1.10295945259893,0.3404428987153098,-0.15228217989671253,0.0024078571658613973,0.09110576831380474,-18.297975146982,0.0,0.0
up_from_low_30d & ema50_rel,5.06..8.62 & -inf..-1.44,28621,1.1202996129190848,0.331924111666259,-0.15232266043411383,-0.02321022272554344,0.09106528777640344,-18.729631790617194,0.0,0.16666666666666666
dist_high_20 & dist_low_20,1..1.39 & 1.46..2.04,36933,1.4456526887229852,0.3397503587577505,-0.15235308916515633,0.003469750397795477,0.09103485904536093,-20.953899972475384,0.0,0.0
dd_30d & ret_4,-4.52..inf & -inf..-0.812,19516,0.7639064758648846,0.3400799344127895,-0.15240756670682162,-0.014861371669496297,0.09098038150369564,-15.465981279561868,0.07142857142857142,0.0
dist_high_20 & dist_low_20,1.39..1.96 & 1.08..1.46,36683,1.435867045201453,0.3382765858844696,-0.15306909377133868,0.0026887173075792726,0.09031885443917859,-20.98029490698339,0.0,0.0
dist_high_20 & dd_30d,1..1.39 & -33.6..-25.7,43049,1.6850486718337474,0.344398243861646,-0.15314917179761672,0.022098486823526914,0.09023877641290054,-22.518977281105958,0.0,0.16666666666666666
ret_4 & ema50_rel,-0.812..-0.391 & 1.38..inf,20176,0.7897405747617293,0.33068992862807295,-0.1533481173654844,-0.04111720627255114,0.09003983084503286,-15.885808297450403,0.07142857142857142,0.0
dist_high_20 & ret_4,1..1.39 & 0.391..0.803,32861,1.2862641270442698,0.34131645415538175,-0.1533634950309713,0.0098828517871674,0.09002445317954597,-19.829856119825138,0.0,0.0
dist_low_20 & ret_4,2.04..3.14 & 0.391..0.803,63748,2.4952608128425218,0.33986948610152473,-0.15355554821121858,0.0004886204785263407,0.08983239999929868,-27.76309188787545,0.0,0.0
dist_high_20 & dd_30d,0.708..1 & -33.6..-25.7,38905,1.5228418448208307,0.34864413314484,-0.1537063630824856,0.0353724926476776,0.08968158512803168,-21.402976395742243,0.0,0.0
dd_30d & ema50_rel,-20.5..-16.2 & 1.38..inf,30593,1.1974887690169302,0.33880299414898835,-0.15371261241540965,-0.017711441534171066,0.08967533579510761,-19.48759039033057,0.0,0.0
ret_4 & ema50_rel,-0.812..-0.391 & -inf..-1.44,49642,1.9431156627835928,0.3319366665323718,-0.15401120198876672,-0.020892953706650275,0.08937674622175054,-24.7818228744527,0.0,0.0
atr_pct & ret_4,0.551..0.658 & 0..0.167,26306,1.0296845539096973,0.3421272713449403,-0.1541579834046702,0.012576423072428275,0.08922996480584705,-17.824650900779147,0.0,0.0
dist_low_20 & dd_30d,1.08..1.46 & -inf..-33.6,37516,1.4684728094151982,0.3329512741230408,-0.1547079673385579,-0.013854018550819587,0.08867998087195936,-21.423947544669627,0.0,0.16666666666666666
ret_4 & ema50_rel,0.167..0.391 & -1.44..-0.701,27851,1.0901598308727658,0.3453376898495566,-0.1547990937218446,0.022703224501350653,0.08858885448867265,-18.388411961691492,0.0,0.0
dd_30d & ret_4,-inf..-33.6 & 0.391..0.803,38517,1.5076545260754128,0.3318275047381676,-0.15502488840858783,-0.018971173561925517,0.08836305980192943,-21.805985207010284,0.0,0.16666666666666666
atr_pct & ret_16,0.551..0.658 & -1.65..-0.793,53217,2.0830503651415024,0.34032358081064323,-0.15530615368097545,0.011060890050760941,0.08808179452954182,-25.505219427413696,0.0,0.0
atr_pct & ema50_rel,0.658..0.807 & 0.654..1.38,46257,1.8106180495020476,0.33469528936161014,-0.1553656541115563,-0.017040816269649078,0.08802229409896095,-24.085856028103038,0.0,0.16666666666666666
ema50_rel & ret_16,-0.299..-0.00931 & 0.781..1.63,18033,0.7058580384951559,0.3434813952198747,-0.1556216674124698,0.018631588796767413,0.08776628079804746,-14.868263016340448,0.0,0.0
atr_pct & ret_4,0.551..0.658 & -inf..-0.812,38110,1.4917234984223586,0.3405930202046707,-0.1556298265075351,0.009750611523842538,0.08775812170298217,-21.651179362921372,0.0,0.0
dist_low_20 & dd_30d,2.04..3.14 & -25.7..-20.5,41720,1.6330281908732827,0.3365052732502397,-0.15568493069094305,-0.011120625239827247,0.08770301751957421,-22.906252691734114,0.0,0.0
ret_4 & ret_16,0.167..0.391 & -1.65..-0.793,28432,1.1129016664168065,0.34707371975239165,-0.15575467532796558,0.029853314658020037,0.08763327288255168,-18.64302561962243,0.0,0.0
atr_pct & dist_low_20,0.807..1.08 & -inf..0.288,15644,0.6123464290033949,0.3238302224495014,-0.15576484369200838,-0.04626345385626703,0.08762310451850888,-14.132222682091344,0.0,0.0
dist_low_20 & ret_16,2.04..3.14 & 0.781..1.63,98959,3.873509988989194,0.3385947715720652,-0.1557797910759745,-0.0018656115321825193,0.08760815713454276,-35.09025034104449,0.0,0.0
atr_pct & ret_16,0.551..0.658 & 0.332..0.781,37767,1.4782975955108164,0.34188577329414566,-0.1558067472539798,0.010934115352565823,0.08758120095653746,-21.564759935256628,0.0,0.0
ret_4 & ret_16,0.803..inf & 0..0.332,15939,0.6238934883588028,0.336783988957902,-0.15596733957298306,-0.011425633395690386,0.0874206086375342,-14.178556094342081,0.0,0.0
dist_high_20 & ema50_rel,1..1.39 & 1.38..inf,36966,1.4469443936678275,0.3282746307417627,-0.15647343096801666,-0.04225152154277594,0.0869145172425006,-21.87110891409506,0.0,0.0
up_from_low_30d & ret_4,31.2..48 & 0.167..0.391,35752,1.3994253087272674,0.34702953680912957,-0.15652313190971387,0.027478958314671686,0.0868648163008034,-20.962009237877563,0.0,0.0
dd_30d & ret_4,-16.2..-12.2 & -inf..-0.812,34184,1.338049752560218,0.33632693657851626,-0.15664991330278508,-0.019668252970021147,0.08673803490773219,-21.10308461827051,0.0,0.0
dist_low_20 & ret_4,2.04..3.14 & -0.391..-0.163,23669,0.9264655860445763,0.3355866323038574,-0.15676998830450475,-0.01491124836023883,0.08661795990601251,-17.391339206497026,0.0,0.0
atr_pct & ret_4,0.551..0.658 & 0.391..0.803,50728,1.9856244982411284,0.340758555432897,-0.15698620392024018,0.009480256748216993,0.08640174429027708,-25.19133681964039,0.0,0.0
atr_pct & dist_low_20,0.807..1.08 & 0.288..0.524,17686,0.6922755652872693,0.32375890534886353,-0.15709870049291988,-0.04754932024606185,0.08628924771759738,-15.17817080758957,0.07142857142857142,0.0
atr_pct & dist_high_20,0.658..0.807 & 0.241..0.463,22690,0.8881450060142565,0.33221683561040105,-0.15716680534606506,-0.01854465866875249,0.0862211428644522,-17.01254224106096,0.0,0.0
ret_4 & ret_16,-inf..-0.812 & -1.65..-0.793,62312,2.4390520764548413,0.3386185646424445,-0.15719695833536837,-0.0006850405637921488,0.0861909898751489,-28.078815134708343,0.0,0.0
dd_30d & ret_4,-12.2..-8.28 & -inf..-0.812,32260,1.2627394400185066,0.33815871047737134,-0.1574105632100806,-0.021593850271897145,0.08597738500043667,-20.64157807428617,0.07142857142857142,0.0
atr_pct & dist_high_20,0.551..0.658 & 0.241..0.463,29710,1.1629258760988788,0.3409289801413665,-0.15746132905693005,0.009490976280573184,0.08592661915358721,-19.331634491254356,0.0,0.0
dd_30d & ret_4,-33.6..-25.7 & 0.167..0.391,34988,1.3695203821254653,0.3471475934606151,-0.15756382413131131,0.028989798239182324,0.08582412407920595,-20.858036056639758,0.0,0.0
dist_low_20 & dd_30d,3.14..inf & -4.52..inf,46098,1.8043943802223532,0.32528526183348516,-0.15765523168050513,-0.05644965860306673,0.08573271653001213,-24.762463692420997,0.07142857142857142,0.0
atr_pct & up_from_low_30d,0.551..0.658 & 23..31.2,52768,2.0654753493768307,0.3397513644633111,-0.15766011380888084,0.008430758448555497,0.08572783440163642,-25.77403349778585,0.0,0.16666666666666666
dist_low_20 & ema50_rel,0.777..1.08 & -inf..-1.44,38942,1.5242901200620176,0.3273329567048431,-0.157742236869089,-0.03730075686080602,0.08564571134142826,-22.62440804211727,0.0,0.0
dd_30d & ema50_rel,-33.6..-25.7 & -0.299..-0.00931,30735,1.2030470145371606,0.3520091101350252,-0.15778588526731901,0.04519882346810898,0.08560206294319825,-19.48417556263665,0.0,0.0
dist_low_20 & dd_30d,1.46..2.04 & -20.5..-16.2,40392,1.581046852486904,0.3463557140027728,-0.15794125526534653,0.021310685520843246,0.08544669294517074,-22.621407347188182,0.0,0.0
dist_high_20 & ema50_rel,1.39..1.96 & 0.272..0.654,24609,0.9632596056855371,0.33906294445121704,-0.15806770319865826,-0.006220669632731908,0.085320245011859,-17.85490221794179,0.0,0.0
dist_low_20 & ret_4,0.288..0.524 & -inf..-0.812,50453,1.974860290367443,0.33437060234277444,-0.1580738704036239,-0.01435075185237315,0.08531407780689337,-25.52909071787025,0.0,0.0
ret_4 & ema50_rel,0..0.167 & -1.44..-0.701,24604,0.9630638928151065,0.3505933994472443,-0.15808385284855048,0.039475269779913794,0.08530409536196679,-17.55058828558343,0.0,0.0
atr_pct & dist_high_20,0.551..0.658 & -inf..0.241,26290,1.0290582727243192,0.34058577405857743,-0.15845398381320866,0.008393953968275527,0.0849339643973086,-18.301327519175196,0.0,0.0
atr_pct & dist_high_20,0.658..0.807 & 0.463..0.708,28276,1.1067954248593705,0.3320130145706606,-0.15847607098128408,-0.01991350529589888,0.08491187722923318,-19.151724633390387,0.0,0.0
dist_high_20 & up_from_low_30d,1.39..1.96 & 23..31.2,44848,1.7554661626146926,0.3399482697110239,-0.15867972278902148,0.0052135970013469915,0.08470822542149578,-24.00273714519073,0.0,0.0
dist_low_20 & ret_16,1.46..2.04 & 0..0.332,28446,1.1134496624540124,0.3398720382479083,-0.15871420953874765,0.005676086259125604,0.08467373867176961,-19.13016292736253,0.0,0.0
dist_high_20 & up_from_low_30d,3.07..inf & 17.3..23,31548,1.234869927269183,0.32718397362748824,-0.15901158407711063,-0.05552578585175697,0.08437636413340663,-21.014746849870846,0.0,0.0
dd_30d & ret_16,-33.6..-25.7 & 0.332..0.781,34621,1.3551550574358562,0.34773692267698797,-0.1590292359865731,0.030182286867816377,0.08435871222394417,-20.920182873185258,0.0,0.0
atr_pct & ret_4,0.551..0.658 & 0.803..inf,40597,1.5890710801745602,0.3401729191812203,-0.15916905246466406,0.00636184510577717,0.0842188957458532,-22.87070082537837,0.0,0.0
dist_low_20 & up_from_low_30d,2.04..3.14 & 23..31.2,47211,1.8479600651802144,0.3367859185359344,-0.15945245088358176,-0.01355252218672266,0.0839354973269355,-24.97270452156042,0.0,0.0
dist_low_20 & ret_16,1.46..2.04 & 0.332..0.781,57965,2.2688993069024406,0.34429397049943933,-0.1594583868744604,0.020398451270998798,0.08392956133605686,-27.290120650053908,0.0,0.0
atr_pct & dd_30d,0.461..0.551 & -33.6..-25.7,45412,1.7775425743992692,0.3478595965824011,-0.15954464872016888,0.038095515772133194,0.08384329949034838,-23.9189957154974,0.0,0.0
atr_pct & ema50_rel,0.461..0.551 & -0.299..-0.00931,37543,1.4695296589155236,0.34917294835255575,-0.15963495467527183,0.039428159011143965,0.08375299353524543,-21.841365216227814,0.0,0.0
dd_30d & ret_16,-33.6..-25.7 & 0.781..1.63,41435,1.621872557258736,0.3405092313261735,-0.1597408179041242,0.006021658680363068,0.08364713030639306,-23.197414489947473,0.0,0.0
dist_low_20 & ret_4,2.04..3.14 & 0.167..0.391,37258,1.458374025300977,0.3387728809920017,-0.15987267564318428,-0.0028487334538321017,0.08351527256733299,-22.139680211328223,0.0,0.0
dd_30d & ret_4,-inf..-33.6 & -0.812..-0.391,42157,1.6501334957489207,0.3296012524610385,-0.1599330938035172,-0.023888314537717906,0.08345485440700007,-23.558857226103616,0.0,0.0
dd_30d & ret_4,-33.6..-25.7 & -0.163..0,34755,1.3604001623633972,0.3483815278377212,-0.1602308390892996,0.0342639724027378,0.08315710912121765,-21.088678075824475,0.0,0.0
ema50_rel & ret_16,-1.44..-0.701 & 0..0.332,15992,0.6259680447853676,0.34085792896448225,-0.16114735937646096,0.008888671855279398,0.0822405888340563,-14.541978592919943,0.0,0.0
up_from_low_30d & dd_30d,23..31.2 & -20.5..-16.2,32099,1.25643748559064,0.3414436586809558,-0.1612197501042655,0.010889770531993692,0.08216819810625176,-20.546377791509727,0.07142857142857142,0.0
atr_pct & ema50_rel,0.658..0.807 & -0.00931..0.272,22614,0.8851701703837107,0.3321393826832935,-0.16128792462828992,-0.022919327092437592,0.08210002358222734,-17.476706226569302,0.07142857142857142,0.0
atr_pct & dist_low_20,0.551..0.658 & 0.524..0.777,35514,1.390109376094769,0.3384862307822267,-0.16148904903803882,0.005384005028644202,0.08189889917247845,-21.676769835132614,0.0,0.0
up_from_low_30d & ema50_rel,31.2..48 & 0.654..1.38,46735,1.8293281999152171,0.3396383866481224,-0.16150206669390582,0.0020424296692736813,0.08188588151661144,-24.929966469006885,0.0,0.0
ret_4 & ema50_rel,0.391..0.803 & -0.299..-0.00931,29229,1.144098297963451,0.3519449861438982,-0.1617390247239171,0.044359018648261486,0.08164892348660016,-19.51301278314863,0.0,0.0
atr_pct & ema50_rel,0.461..0.551 & -0.701..-0.299,47511,1.859702837406053,0.3480667634863505,-0.16195569567958146,0.036831729096144766,0.0814322525309358,-24.92651468723807,0.0,0.0
up_from_low_30d & ret_4,31.2..48 & -0.391..-0.163,34714,1.358795316825866,0.34487526646309846,-0.16217764010574245,0.020263662867352192,0.08121030810477481,-21.430526207511246,0.0,0.0
dd_30d & ret_4,-33.6..-25.7 & -0.391..-0.163,36563,1.4311699363111177,0.3453491234307907,-0.16223264885248348,0.024449954869508482,0.08115529935803378,-21.98295607895989,0.0,0.0
dist_high_20 & ret_16,0.708..1 & 1.63..inf,40406,1.5815948485241096,0.3294560213829629,-0.16237719646395696,-0.03796129763210266,0.0810107517465603,-23.682343807829934,0.0,0.0
dist_high_20 & ret_16,1..1.39 & 0.781..1.63,32240,1.261956588536784,0.3340880893300248,-0.16239091038401143,-0.014993208136441805,0.08099703782650583,-20.974035316103596,0.0,0.0
atr_pct & ema50_rel,0.551..0.658 & -0.299..-0.00931,30131,1.1794048997891389,0.33855497660217054,-0.16247943322914593,0.004415787926072472,0.08090851498137133,-20.105004750837313,0.0,0.0
up_from_low_30d & ret_4,31.2..48 & 0..0.167,26401,1.0334030984478795,0.3505170258702322,-0.16263876613366968,0.0385267630528083,0.08074918207684759,-18.65698084065547,0.07142857142857142,0.0
up_from_low_30d & dd_30d,8.62..12.6 & -16.2..-12.2,39921,1.5626107000923373,0.37008090979684877,-0.16277709862993095,0.09165771355980012,0.08061084958058631,-22.743742719104834,0.07142857142857142,0.0
dist_low_20 & up_from_low_30d,1.46..2.04 & -inf..5.06,29842,1.1680926958782478,0.34548622746464713,-0.16279442080947665,0.021104169340832653,0.08059352740104062,-20.083913865732278,0.07142857142857142,0.0
dist_high_20 & dd_30d,1.39..1.96 & -12.2..-8.28,35823,1.4022044314873825,0.3470396114228289,-0.1628342723359932,0.025305099564275915,0.08055367587452406,-21.929157180743992,0.07142857142857142,0.0
dist_high_20 & ema50_rel,1.96..3.07 & -0.00931..0.272,15913,0.6228757814325634,0.33148997674857034,-0.16284792043771495,-0.03308622097136156,0.08054002777280231,-14.938920846296607,0.0,0.0
dist_low_20 & up_from_low_30d,0.777..1.08 & 31.2..48,36844,1.4421689996293199,0.3440723048528933,-0.1630502641091678,0.019467834001010494,0.08033768410134948,-22.217025003372896,0.07142857142857142,0.0
dist_high_20 & dd_30d,1.39..1.96 & -16.2..-12.2,39361,1.5406908586041053,0.3444526307766571,-0.1631361251675552,0.021095915218328758,0.08025182304296205,-23.056831247865567,0.0,0.0
up_from_low_30d & ema50_rel,31.2..48 & -0.00931..0.272,29671,1.16139931570952,0.3518587172660173,-0.16325721451832456,0.043475560711059166,0.0801307336921927,-19.856212795967686,0.0,0.0
atr_pct & ema50_rel,0.461..0.551 & -0.00931..0.272,35744,1.3991121681345784,0.3482262757385855,-0.16327440357757078,0.03581085830518092,0.08011354463294648,-21.818837326891135,0.0,0.0
dist_low_20 & dd_30d,0.288..0.524 & -33.6..-25.7,32057,1.2547934974790225,0.34887856006488444,-0.16330739984670772,0.03822530450052196,0.08008054836380954,-20.589141756113133,0.0,0.0
up_from_low_30d & ret_16,31.2..48 & 0..0.332,27985,1.095404935800307,0.3505092013578703,-0.1638971538094247,0.04038592616694144,0.07949079440109255,-19.313961050234347,0.0,0.0
dist_high_20 & dist_low_20,1..1.39 & 1.08..1.46,37714,1.4762230390842517,0.3414647080659702,-0.16389887957960653,0.013221107650205045,0.07948906863091074,-22.632014831773713,0.0,0.0
dist_low_20 & dd_30d,2.04..3.14 & -12.2..-8.28,33782,1.3223144377775942,0.33884909123201706,-0.16396758789079274,-0.013357412476224385,0.07942036031972452,-21.792882267517797,0.14285714285714285,0.0
dd_30d & ema50_rel,-inf..-33.6 & 1.38..inf,49763,1.9478519142480144,0.3218053573940478,-0.16401105191205229,-0.06623183390756121,0.07937689629846498,-26.87040529559159,0.0,0.0
atr_pct & ret_4,0.551..0.658 & 0.167..0.391,38261,1.497634027109364,0.33862157288100153,-0.16420833368669943,0.002446327807654891,0.07917961452381783,-22.955301096050345,0.0,0.0
dist_high_20 & ret_16,1..1.39 & 0.332..0.781,30618,1.1984673333690836,0.3393755307335554,-0.16428439079322757,0.002857510949605159,0.0791035574172897,-20.536723543370787,0.0,0.0
dist_high_20 & dd_30d,1.39..1.96 & -inf..-33.6,44851,1.755583590336951,0.32717219237029277,-0.16435869826196317,-0.029858905049022753,0.07902924994855409,-25.01735566999908,0.0,0.0
dist_low_20 & ema50_rel,0.288..0.524 & -inf..-1.44,44270,1.7328417547929102,0.32972667720804155,-0.1643936596642952,-0.026439886147131348,0.07899428854622206,-24.951718325362616,0.0,0.0
ret_4 & ret_16,0.803..inf & 0.781..1.63,59122,2.314187265120091,0.33831737762592606,-0.1646087137256208,-0.004886159979731673,0.07877923448489646,-28.678168787753624,0.0,0.0
dist_high_20 & ret_4,1.39..1.96 & 0..0.167,24291,0.9508122671261483,0.34337820591988805,-0.16478932787543976,0.019457082136220844,0.0785986203350775,-18.274418767048665,0.0,0.0
dist_low_20 & dd_30d,-inf..0.288 & -33.6..-25.7,28549,1.1174813475848837,0.3485586185155347,-0.1648109666987175,0.03961876739156781,0.07857698151179976,-19.567067524588992,0.0,0.0
atr_pct & ret_16,0.658..0.807 & 0..0.332,21525,0.8425439072039168,0.33054587688734033,-0.1650146933963481,-0.02642892525137526,0.07837325481416915,-17.458035788197105,0.0,0.0
dist_low_20 & ema50_rel,0.777..1.08 & -1.44..-0.701,43764,1.7130356123053292,0.3386801937665661,-0.16509158078068256,0.006106159513781431,0.0782963674298347,-24.638120430456446,0.0,0.0
dist_low_20 & up_from_low_30d,1.46..2.04 & 23..31.2,47006,1.839935837492558,0.33978641024550055,-0.16510250026460016,0.003275725673922136,0.0782854479459171,-25.594004095530643,0.0,0.0
atr_pct & dist_low_20,0.551..0.658 & 1.08..1.46,50856,1.9906347477241528,0.3374823029731005,-0.16524898967655344,0.0013627449639136942,0.07813895853396383,-26.614762973262135,0.0,0.0
atr_pct & ret_4,0.658..0.807 & -0.391..-0.163,32683,1.279296748856939,0.32965150078022215,-0.16571625193820597,-0.027253944353091746,0.0776716962723113,-21.607863865465443,0.0,0.0
dist_low_20 & ema50_rel,2.04..3.14 & 0.272..0.654,35114,1.3744523464603176,0.3340547929600729,-0.16577809538512298,-0.017639848751587195,0.07760985282539429,-22.420830823524827,0.0,0.0
dist_high_20 & ret_4,1.39..1.96 & -inf..-0.812,50750,1.9864856348710234,0.3388768472906404,-0.16586178846201,0.0022794481245954302,0.07752615974850727,-26.6843660533081,0.0,0.0
atr_pct & dist_low_20,0.551..0.658 & 0.288..0.524,29386,1.1502436820949733,0.33754168651738925,-0.16586993661957336,0.0011091001300120537,0.0775180115909439,-20.274924666151406,0.0,0.0
dist_high_20 & dd_30d,0.463..0.708 & -33.6..-25.7,33233,1.3008251646043096,0.34835855926338277,-0.16590440966644335,0.033005075945765135,0.07748353854407392,-21.38180299618113,0.0,0.0
dist_low_20 & up_from_low_30d,3.14..inf & 5.06..8.62,19907,0.7792112223325608,0.32591550710805245,-0.16601949921147838,-0.060030184726420695,0.07736844899903889,-17.427386858610248,0.0,0.0
dist_high_20 & dd_30d,3.07..inf & -8.28..-4.52,28914,1.1317683871263204,0.3298056304904199,-0.16612947580052714,-0.07287586774223043,0.07725847240999012,-21.299415016894002,0.0,0.0
dist_low_20 & ema50_rel,0.524..0.777 & -inf..-1.44,40746,1.5949033237133934,0.32702596573896825,-0.166244575367275,-0.03634713889888602,0.07714337284324227,-24.33035945238671,0.0,0.0
dist_high_20 & dd_30d,1.39..1.96 & -25.7..-20.5,44754,1.7517867606505966,0.3400143003977298,-0.16629867546019642,0.008224219759567336,0.07708927275032085,-25.051346938246976,0.0,0.0
atr_pct & ret_16,0.551..0.658 & -0.793..-0.331,39110,1.530866072508487,0.3366658143697264,-0.16638859001358544,0.0003652828894590431,0.07699935819693182,-23.46600449285413,0.0,0.0
atr_pct & ema50_rel,0.551..0.658 & -inf..-1.44,35285,1.3811457266290454,0.3373671531812385,-0.16649341812687043,-0.0013788378600463837,0.07689453008364683,-22.39452372124057,0.0,0.0
dist_low_20 & dd_30d,1.46..2.04 & -16.2..-12.2,39516,1.5467579575874553,0.3440378580828019,-0.16674298365980014,0.01484741783451137,0.07664496455071712,-23.72026259271759,0.0,0.0
ema50_rel & ret_16,-inf..-1.44 & -1.65..-0.793,53844,2.107592759093505,0.3290245895550108,-0.16684626381890358,-0.028774868183943574,0.07654168439161368,-27.923286887369784,0.0,0.0
dd_30d & ema50_rel,-inf..-33.6 & -0.701..-0.299,30670,1.2005027472215621,0.3313335507010108,-0.1670628813589579,-0.015624570772049958,0.07632506685155938,-20.910133678232462,0.0,0.0
dist_low_20 & dd_30d,1.46..2.04 & -25.7..-20.5,43387,1.6982788618748588,0.3394104224767788,-0.16726332552014567,0.0019151319653419828,0.0761246226903716,-24.929474026508906,0.0,0.0
up_from_low_30d & ema50_rel,-inf..5.06 & -1.44..-0.701,49427,1.9347000093550752,0.35373378922451293,-0.1673076774522807,0.0544313578571491,0.07608027075823656,-26.168475865857324,0.07142857142857142,0.0
dist_high_20 & ret_16,1.39..1.96 & -0.793..-0.331,63960,2.503559038548781,0.3409631019387117,-0.16760840841661792,0.011671995896001562,0.07577953979389934,-30.167070924575146,0.0,0.0
dist_low_20 & dd_30d,0.777..1.08 & -33.6..-25.7,39077,1.5295743675636448,0.3416843667630576,-0.16764333949194193,0.015217266263797678,0.07574460871857533,-23.483823236255674,0.0,0.0
ret_4 & ema50_rel,-0.391..-0.163 & 1.38..inf,17733,0.6941152662693173,0.33068290757345065,-0.16771316070956863,-0.039966487666736064,0.07567478750094864,-16.26805637810115,0.0,0.0
dist_high_20 & ema50_rel,1.39..1.96 & -0.00931..0.272,24484,0.9583667839247711,0.3371589609540925,-0.16815634987058967,-0.0035636409263689124,0.0752315983399276,-18.90186543404646,0.0,0.0
dist_high_20 & ema50_rel,1.39..1.96 & -0.701..-0.299,60948,2.385661605401362,0.34424427380717987,-0.1682890242891731,0.025064793867869115,0.07509892392134415,-29.426561760106406,0.0,0.0
dd_30d & ema50_rel,-33.6..-25.7 & 0.654..1.38,39373,1.541160569493139,0.33845528661773294,-0.16832485038968034,-0.0024034801672858795,0.07506309782083692,-23.911015252069166,0.0,0.0
atr_pct & dd_30d,0.461..0.551 & -16.2..-12.2,46668,1.8267056474514465,0.3470257992628782,-0.16851525204512485,0.030309258678696056,0.07487269616539241,-25.832130555877566,0.0,0.0
atr_pct & ret_16,0.461..0.551 & 0..0.332,33866,1.3256024140008291,0.346187917084982,-0.16854435602320683,0.030505594324598137,0.07484359218731043,-21.926034321676735,0.0,0.0
dd_30d & ret_16,-8.28..-4.52 & 1.63..inf,30255,1.1842585789758189,0.33214344736407203,-0.16856221770634455,-0.03673607288961913,0.07482573050417271,-21.34669924901825,0.07142857142857142,0.0
dist_high_20 & ret_4,0.241..0.463 & 0.803..inf,48894,1.9138370173671686,0.332699308708635,-0.1687514371598975,-0.01942397691768259,0.07463651105061977,-26.817097108047466,0.0,0.0
dist_high_20 & up_from_low_30d,0.463..0.708 & 31.2..48,34491,1.3500665228046593,0.3446696239598736,-0.16877886481024784,0.025330772871924496,0.07460908340026942,-22.13941441341119,0.0,0.0
dist_high_20 & ret_16,1.39..1.96 & -0.331..0,32815,1.284463568636308,0.3355477677891208,-0.16881478634412583,-0.007270059566976689,0.07457316186639143,-21.887684629176782,0.0,0.0
atr_pct & up_from_low_30d,0.807..1.08 & 8.62..12.6,22777,0.8915504099597497,0.3291917284980463,-0.1688571483115381,-0.05899562385782496,0.07453079989897915,-18.903352535332367,0.0,0.0
up_from_low_30d & ret_16,31.2..48 & -0.331..0,31242,1.2228922995988278,0.348089110812368,-0.169041309058108,0.03195306037191722,0.07434663915240927,-21.080645745004418,0.14285714285714285,0.0
dist_high_20 & ema50_rel,1.39..1.96 & -0.299..-0.00931,33492,1.310963091292617,0.3403797921891795,-0.16911346309793848,0.008789789450324131,0.07427448511257878,-22.08750552006028,0.0,0.0
atr_pct & ret_16,0.551..0.658 & 0.781..1.63,52079,2.038506115831488,0.33725685977073294,-0.1692351935092946,-0.0027688738541058835,0.07415275470122265,-27.623521179063363,0.0,0.0
up_from_low_30d & dd_30d,23..31.2 & -33.6..-25.7,38914,1.523194127987606,0.3349694197461068,-0.16930860854870522,-0.013554001717530186,0.07407933966181204,-24.01100228202865,0.14285714285714285,0.0
atr_pct & ema50_rel,0.461..0.551 & -1.44..-0.701,54135,2.1189832481525683,0.3453034081463009,-0.16966390893285108,0.0284863077930912,0.07372403927766619,-27.948225708426154,0.0,0.0
dd_30d & ret_4,-8.28..-4.52 & 0.803..inf,29980,1.1734943711021335,0.333155436957972,-0.16974368575661258,-0.03037341071345111,0.07364426245390468,-21.335384129134223,0.0,0.0
dd_30d & ret_16,-25.7..-20.5 & -1.65..-0.793,45588,1.7844316674384277,0.3415591822409406,-0.16978701214002337,0.013867516193045623,0.0736009360704939,-25.745161020448844,0.0,0.0
up_from_low_30d & ret_16,31.2..48 & -0.793..-0.331,34464,1.349009673304334,0.3414867688022284,-0.16995239350903385,0.013129643347060734,0.07343555470148341,-22.390794857832713,0.0,0.0
up_from_low_30d & dd_30d,12.6..17.3 & -33.6..-25.7,45567,1.783609673382619,0.33759080035990957,-0.1700601662610589,-0.0026346890580935768,0.07332778194945835,-26.004092285755952,0.14285714285714285,0.0
dist_low_20 & ret_16,1.08..1.46 & -0.331..0,35033,1.371281797959341,0.34222019239003226,-0.17006546949129567,0.013815488306258934,0.0733224787192216,-22.650201014122725,0.0,0.0
atr_pct & ema50_rel,0.551..0.658 & -0.00931..0.272,28699,1.1233527336978029,0.3362486497787379,-0.17025200377064248,-0.0033749163827105546,0.07313594443987478,-20.599690345514535,0.0,0.0
atr_pct & dist_low_20,0.551..0.658 & 2.04..3.14,56260,2.2021612180855916,0.33722004976892994,-0.170308434021249,-0.004684908323623822,0.07307951418926825,-28.944215025736593,0.0,0.0
atr_pct & dist_low_20,0.658..0.807 & 3.14..inf,44471,1.7407094121842221,0.32897843538485755,-0.17063752624493617,-0.034213328452678736,0.0727504219655811,-26.07946649642582,0.0,0.0
dist_low_20 & ret_4,1.46..2.04 & 0.803..inf,51661,2.0221445198634864,0.33781769613441476,-0.1707252063453635,-0.0035861554765261694,0.07266274186515376,-27.767680034376035,0.0,0.0
dist_low_20 & ret_4,1.08..1.46 & -0.812..-0.391,32573,1.2749910657074648,0.3354004850643171,-0.1707964395832634,-0.011043634985800842,0.07259150862725386,-22.135835212596724,0.0,0.0
ret_4 & ret_16,0.391..0.803 & -0.793..-0.331,28362,1.1101616862307775,0.3423242366546788,-0.1708870812239647,0.01478480380201129,0.07250086698655256,-20.471724401227515,0.0,0.0
up_from_low_30d & ret_16,17.3..23 & -inf..-1.65,35309,1.3820851484071126,0.32714038913591437,-0.17111429662670047,-0.04438970143899958,0.0722736515838168,-23.616024397280373,0.0,0.0
atr_pct & dist_high_20,0.551..0.658 & 1.39..1.96,58709,2.29802138202252,0.3351274932293175,-0.1711267607006904,-0.004898333259904134,0.07226118750982685,-29.64909519394342,0.0,0.0
dd_30d & ret_4,-16.2..-12.2 & 0.391..0.803,40336,1.5788548683380808,0.34916699722332406,-0.1715472601764229,0.031828671217731426,0.07184068803409435,-24.48722119163941,0.0,0.0
dist_low_20 & ret_16,-inf..0.288 & -inf..-1.65,57740,2.260092227733062,0.3309490820921372,-0.17161720092213392,-0.021513521458042445,0.07177074728838334,-29.655551318074536,0.0,0.0
dist_high_20 & dd_30d,0.241..0.463 & -33.6..-25.7,28487,1.1150545079915437,0.3482290167444799,-0.17163273474144583,0.03359292554682171,0.07175521346907143,-20.43018745009043,0.0,0.0
dist_high_20 & dist_low_20,0.708..1 & 2.04..3.14,38565,1.509533369631547,0.3314663555036951,-0.17170520933055472,-0.024755033809561504,0.07168273887996254,-24.324365543837406,0.0,0.0
atr_pct & dd_30d,0.658..0.807 & -inf..-33.6,50583,1.97994882499864,0.32471383666449205,-0.17184001679935054,-0.03472536645993502,0.07154793141116672,-27.765583762221233,0.0,0.0
dist_low_20 & ret_16,0.777..1.08 & -1.65..-0.793,42262,1.6542434660279643,0.3356206521224741,-0.17191853975291307,-0.004712866669706376,0.07146940845760419,-25.295199880979887,0.0,0.0
atr_pct & ret_16,0.461..0.551 & 0.332..0.781,44517,1.742509970592184,0.3452164341712155,-0.1720069051231257,0.026932958870575677,0.07138104308739157,-25.680036160492204,0.0,0.0
atr_pct & dd_30d,0.658..0.807 & -8.28..-4.52,28994,1.1348997930532108,0.32834379526798646,-0.1721352640684793,-0.034177977597834426,0.07125268414203798,-21.232997249253046,0.07142857142857142,0.0
up_from_low_30d & ret_16,23..31.2 & -1.65..-0.793,41023,1.605745816735251,0.337908002827682,-0.17215989227428016,0.0008882623754350532,0.0712280559362371,-24.905385206038947,0.0,0.0
dd_30d & ret_4,-33.6..-25.7 & 0..0.167,25513,0.9986444926593974,0.3458628934268804,-0.1724191297236438,0.0251217876836032,0.07096881848687348,-19.487748225216915,0.0,0.0
dist_low_20 & ret_16,0.524..0.777 & -1.65..-0.793,51174,2.0030820862835417,0.3414820025794349,-0.172561445968871,0.014957077902758645,0.07082650224164627,-27.73098259383835,0.0,0.0
atr_pct & dd_30d,0.461..0.551 & -25.7..-20.5,48700,1.9062433579944598,0.34406570841889117,-0.17264980692525972,0.025579241967390438,0.07073814128525754,-26.939816475326694,0.0,0.0
ret_4 & ret_16,-0.163..0 & 1.63..inf,19087,0.7471143115819354,0.33101063551108084,-0.1726949976765805,-0.03432636458231812,0.07069295053393676,-17.327652034101938,0.0,0.0
dist_low_20 & dd_30d,2.04..3.14 & -8.28..-4.52,31183,1.2205828877277463,0.3331622999711381,-0.17278418602684048,-0.02426882640747641,0.07060376218367678,-22.06514420508969,0.0,0.0
ema50_rel & ret_16,0.272..0.654 & 1.63..inf,16426,0.6429559219387474,0.32807743820771945,-0.17286818631953926,-0.040475306360854835,0.070519761890978,-16.14240683069127,0.0,0.0
up_from_low_30d & ema50_rel,31.2..48 & -0.299..-0.00931,30240,1.183671440364527,0.34738756613756616,-0.17304487698006848,0.03098839701178209,0.07034307123044878,-21.23224566639444,0.0,0.0
atr_pct & ret_16,0.658..0.807 & 1.63..inf,58013,2.270778150458575,0.3275817489183459,-0.17305159572691994,-0.03580451365951232,0.07033635248359732,-30.170658900717065,0.0,0.0
dist_high_20 & dd_30d,1.39..1.96 & -20.5..-16.2,42176,1.6508772046565572,0.3408810698027314,-0.173176337165564,0.008904702813336492,0.07021161104495327,-25.35792119344433,0.0,0.0
atr_pct & dist_low_20,0.461..0.551 & 1.46..2.04,54714,2.141646798548437,0.34471981576927296,-0.17322168522540973,0.024886816912169783,0.07016626298510753,-28.727271635437667,0.0,0.0
dist_low_20 & ret_4,0.777..1.08 & -0.812..-0.391,37561,1.4702342252490739,0.3375309496552275,-0.17338470624670882,0.00028817034798787823,0.07000324196380844,-24.007083228642646,0.0,0.0
dd_30d & ema50_rel,-12.2..-8.28 & 1.38..inf,31026,1.214437503596224,0.33313994714110745,-0.17365856519447195,-0.03833968620554606,0.06972938301604531,-22.31023826897318,0.0,0.16666666666666666
atr_pct & dist_high_20,0.658..0.807 & 0.708..1,34915,1.3666629742171779,0.3273378204210225,-0.17377707495101136,-0.03528974019978086,0.0696108732595059,-23.449007569422136,0.0,0.0
dist_low_20 & ret_4,-inf..0.288 & -inf..-0.812,73525,2.8779577596826007,0.333940836450187,-0.17387530565973394,-0.010588431398891525,0.06951264255078332,-33.743402184951265,0.0,0.0
dd_30d & ret_16,-inf..-33.6 & 0.781..1.63,37607,1.472034783657036,0.32571063897678626,-0.17388296700833303,-0.035901135130866124,0.06950498120218424,-24.2728300418951,0.0,0.0
dist_low_20 & ret_4,1.46..2.04 & -0.391..-0.163,29475,1.1537273711886387,0.3373706530958439,-0.17389690907441266,-0.00597979140363322,0.0694910391361046,-21.405300755572426,0.0,0.0
atr_pct & dist_high_20,0.461..0.551 & 1.96..3.07,37273,1.458961163912269,0.3439487028143697,-0.17393959796788888,0.022826655804068882,0.06944835024262838,-23.839260454621357,0.07142857142857142,0.16666666666666666
dd_30d & ret_4,-inf..-33.6 & 0.167..0.391,27354,1.07070597155196,0.3293485413467866,-0.1740588353175039,-0.02348973737791566,0.06932911289301336,-20.619737865303406,0.0,0.0
dist_low_20 & ret_4,2.04..3.14 & 0..0.167,22431,0.8780070793259492,0.33386830725335476,-0.17438035968178717,-0.01864760579246458,0.0690075885287301,-18.79051777260807,0.0,0.0
dist_low_20 & dd_30d,0.524..0.777 & -33.6..-25.7,34871,1.3649407009573882,0.3429210518769178,-0.17438161846644515,0.019741796064931896,0.06900632974407211,-23.032563760540338,0.0,0.0
dist_low_20 & ret_4,1.46..2.04 & 0.391..0.803,71451,2.79677606102797,0.3416187317182405,-0.17439108879328666,0.010551678631210868,0.0689968594172306,-33.218889598915325,0.0,0.0
atr_pct & dd_30d,0.551..0.658 & -25.7..-20.5,48734,1.9075742055133882,0.3342840727213034,-0.17497467187842655,-0.008604574736119424,0.06841327633209071,-27.632728834173147,0.0,0.0
dd_30d & ema50_rel,-25.7..-20.5 & -0.701..-0.299,43112,1.6875146540011734,0.3524540731118946,-0.17505161099099617,0.04793928017311954,0.06833633721952109,-25.56816949623654,0.0,0.16666666666666666
ret_4 & ema50_rel,-0.163..0 & -1.44..-0.701,37186,1.4555557599667759,0.3467165062120153,-0.17523669844282413,0.030213298530504355,0.06815124976769313,-23.930631602936717,0.0,0.0
dist_high_20 & up_from_low_30d,0.708..1 & 31.2..48,37719,1.4764187519546823,0.338503141652748,-0.17527536836445226,0.004715982746537216,0.068112579846065,-24.20378351326441,0.0,0.0
dist_high_20 & ema50_rel,1.96..3.07 & -inf..-1.44,82423,3.2262483839009723,0.32840347961127353,-0.17537368367018816,-0.027819930297809336,0.0680142645403291,-36.29134809701568,0.0,0.0
dist_high_20 & up_from_low_30d,1.96..3.07 & 17.3..23,40227,1.5745883277626926,0.3303254033360678,-0.17569724483539514,-0.029368637537398955,0.06769070337512212,-25.518459484763614,0.0,0.0
dist_high_20 & dd_30d,1.39..1.96 & -4.52..inf,31466,1.2316602361941205,0.33807919659314817,-0.17569733370635818,-0.006146216476370668,0.06769061450415909,-22.425240285611718,0.07142857142857142,0.0
up_from_low_30d & ret_16,5.06..8.62 & -inf..-1.65,26048,1.0195857697954762,0.3264742014742015,-0.17588235372412064,-0.04007244090240803,0.06750559448639662,-20.756463508656683,0.0,0.16666666666666666
dd_30d & ret_16,-inf..-33.6 & 0.332..0.781,27649,1.082253030907368,0.329596007088864,-0.17591310170531224,-0.023011007923575997,0.06747484650520502,-20.96093406935446,0.0,0.0
ema50_rel & ret_16,-0.00931..0.272 & 1.63..inf,8009,0.31349287585580343,0.3233861905356474,-0.17623826177233612,-0.05488440580145173,0.06714968643818114,-11.529861110087511,0.07142857142857142,0.0
dist_low_20 & up_from_low_30d,1.08..1.46 & 23..31.2,44185,1.7295146359955895,0.3412696616498812,-0.176340096613084,0.01279190306326619,0.06704785159743326,-26.359353050610466,0.07142857142857142,0.16666666666666666
dd_30d & ret_16,-12.2..-8.28 & 1.63..inf,30589,1.1973321987205858,0.3321782340056883,-0.17648288493402206,-0.04052160226162399,0.0669050632764952,-22.535261857924205,0.07142857142857142,0.0
ema50_rel & ret_16,-1.44..-0.701 & -0.331..0,29289,1.1464468524086187,0.3395814128170986,-0.17666780103257576,0.008984263135826948,0.0667201471779415,-21.503895973248234,0.0,0.0
up_from_low_30d & ret_4,23..31.2 & -0.812..-0.391,42312,1.6562005947322707,0.3387455095481187,-0.17672271544433132,0.0002195797079652915,0.06666523276618594,-25.98830931915984,0.0,0.0
atr_pct & ret_4,0.461..0.551 & -inf..-0.812,25701,1.0060032965875896,0.34271040037352635,-0.1767626590816522,0.020338334759594533,0.06662528912886506,-20.086775296751103,0.07142857142857142,0.0
atr_pct & dist_high_20,0.461..0.551 & 1.39..1.96,55136,2.158164964812783,0.3429882472431805,-0.17679176783661602,0.021233589961289476,0.06659618037390125,-29.462413118319734,0.0,0.0
up_from_low_30d & ret_4,31.2..48 & -0.163..0,32057,1.2547934974790225,0.3437002838693577,-0.1768264589209475,0.017993784260165308,0.06656148928956976,-22.455887323737223,0.0,0.0
ret_4 & ret_16,0.391..0.803 & 1.63..inf,51203,2.0042172209320395,0.3306056285764506,-0.17683414457732918,-0.03231293173140293,0.06655380363318808,-28.983989044898756,0.0,0.0
atr_pct & ret_4,0.461..0.551 & -0.163..0,41497,1.6242993968520758,0.3431091404197894,-0.1769974101898716,0.021918741421163856,0.06639053802064565,-25.565819890016392,0.0,0.0
up_from_low_30d & ret_16,-inf..5.06 & -1.65..-0.793,42893,1.6789424302763114,0.3510129858018791,-0.17730406993977135,0.047066355701659936,0.06608387827074591,-25.846384185870935,0.21428571428571427,0.0
ret_4 & ema50_rel,0.391..0.803 & 1.38..inf,51721,2.024493074308654,0.33063939212312216,-0.17748961166125524,-0.03242395262232459,0.06589833654926203,-29.19186057889196,0.0,0.0
dist_high_20 & dist_low_20,1.39..1.96 & 0.777..1.08,39553,1.5482062328286421,0.33501883548656236,-0.17757344080036622,-0.004229441831626143,0.06581450741015105,-25.225294184176644,0.0,0.0
dist_low_20 & up_from_low_30d,0.524..0.777 & 31.2..48,31333,1.2264542738406654,0.34315258672964605,-0.17760661996821214,0.017069974850485337,0.06578132824230512,-22.286612046683576,0.0,0.0
up_from_low_30d & ema50_rel,23..31.2 & -0.701..-0.299,36646,1.4344187699602664,0.34636795284614963,-0.17767684659284602,0.02916480848734703,0.06571110161767124,-24.049681128495532,0.0,0.0
up_from_low_30d & ret_16,23..31.2 & 1.63..inf,47454,1.8574717106831435,0.3273064441353732,-0.1777512102009126,-0.04632730573849221,0.06563673800960465,-28.211633532146607,0.0,0.0
dd_30d & ret_16,-inf..-33.6 & 1.63..inf,58191,2.2777455286459056,0.3170937086491038,-0.1778036312255091,-0.08180549120496251,0.06558431698500816,-31.684208277446757,0.0,0.0
ret_4 & ret_16,-0.812..-0.391 & 0.332..0.781,27083,1.0600983339746193,0.3411365062954621,-0.17793234110640416,0.008480065778792638,0.0654556071041131,-20.854495370806738,0.0,0.0
up_from_low_30d & ret_4,17.3..23 & -inf..-0.812,36266,1.4195445918075376,0.3268902001875034,-0.17795326842473136,-0.042675452497365964,0.0654346797857859,-24.732809044607368,0.0,0.0
atr_pct & dist_low_20,0.461..0.551 & 1.08..1.46,54493,2.1329962896754022,0.3426678655974162,-0.17798443726298527,0.02053313084528514,0.065403510947532,-29.454306400406704,0.0,0.0
ema50_rel & ret_16,-0.00931..0.272 & -1.65..-0.793,16039,0.6278077457674156,0.3361182118585947,-0.1781933511703403,-0.010053748229634578,0.06519459704017697,-16.220594726785563,0.0,0.0
atr_pct & dist_low_20,0.461..0.551 & 0.288..0.524,37539,1.4693730886191791,0.34302991555449,-0.17862775382564147,0.020372035171629922,0.06476019438487579,-24.520024954450772,0.0,0.0
dist_high_20 & up_from_low_30d,1.96..3.07 & 12.6..17.3,36048,1.4110115106567616,0.33069795827785176,-0.1787602524411916,-0.02879956576175791,0.06462769576932567,-24.6310206755659,0.0,0.0
dist_low_20 & ema50_rel,0.524..0.777 & -1.44..-0.701,48569,1.901115680789177,0.34058761761617495,-0.1787609998721957,0.011500311584358523,0.06462694833832155,-28.009033952425124,0.0,0.0
atr_pct & up_from_low_30d,0.807..1.08 & 5.06..8.62,18979,0.7428869135806335,0.3177195848042573,-0.17882867919613193,-0.069534806487596,0.06455926901438533,-18.148810891087503,0.07142857142857142,0.0
atr_pct & ema50_rel,0.551..0.658 & 0.272..0.654,36698,1.4364541838127451,0.3342688974876015,-0.17893521730746234,-0.012140872954867571,0.06445273090305492,-24.569659077803497,0.0,0.0
dist_low_20 & ret_4,2.04..3.14 & -0.163..0,25350,0.9922642530833584,0.3305719921104536,-0.1790056579508184,-0.029537451521985107,0.06438229025969885,-20.607533035608217,0.0,0.0
ret_4 & ema50_rel,-0.163..0 & 1.38..inf,18502,0.7242159057415501,0.3275862068965517,-0.17939172976136922,-0.04220409683880049,0.06399621844914805,-17.73735306744628,0.0,0.0
ret_4 & ret_16,-0.391..-0.163 & 1.63..inf,18499,0.7240984780192918,0.3270987620952484,-0.17947830457656805,-0.05018365351598741,0.06390964363394921,-17.847081463458114,0.0,0.0
up_from_low_30d & dd_30d,31.2..48 & -8.28..-4.52,51766,2.02625449014253,0.33780860023953946,-0.179516056532415,-0.00637135125493791,0.06387189167810225,-29.27103029557191,0.14285714285714285,0.0
dist_low_20 & ema50_rel,2.04..3.14 & 0.654..1.38,83024,3.249773070926736,0.33363846598573904,-0.18011646122837827,-0.0200518370555889,0.063271486982139,-37.36626011771618,0.0,0.0
dd_30d & ret_4,-20.5..-16.2 & 0.391..0.803,41409,1.6208548503324967,0.34453862686855513,-0.1802063654111879,0.018452069711576476,0.06318158279932937,-26.09655605477446,0.07142857142857142,0.0
up_from_low_30d & dd_30d,23..31.2 & -16.2..-12.2,35822,1.4021652889132965,0.3377533359388086,-0.18026474965815242,-0.0018678395285579084,0.06312319855236484,-24.424691851931346,0.07142857142857142,0.0
dist_low_20 & ema50_rel,0.777..1.08 & -0.701..-0.299,42444,1.6613674145116397,0.34511356139854865,-0.18045044833200305,0.026540752745330787,0.06293749987851421,-26.35888179410343,0.0,0.0
atr_pct & ret_4,0.551..0.658 & -0.812..-0.391,51037,1.9977195536337422,0.3324842761134079,-0.18051299303664992,-0.014100945647100653,0.06287495517386735,-29.229811651361334,0.0,0.0
dd_30d & ret_4,-25.7..-20.5 & 0.391..0.803,42029,1.6451232462658962,0.33957505531894644,-0.1805747282742909,0.00579675115648132,0.06281321993622635,-26.416123116309574,0.0,0.0
dist_low_20 & up_from_low_30d,3.14..inf & 17.3..23,33996,1.3306909486320257,0.3211848452759148,-0.18072750878967495,-0.07197919507327548,0.06266043942084232,-24.765563397063485,0.0,0.0
atr_pct & ema50_rel,0.551..0.658 & 0.654..1.38,51827,2.028642187161784,0.333494124684045,-0.18090478185380088,-0.014391471329694682,0.062483166356716385,-29.545877872726383,0.0,0.0
dist_high_20 & up_from_low_30d,1..1.39 & 23..31.2,43630,1.7077905073777881,0.33768049507219805,-0.1809737978966882,0.0030512217397322817,0.062414150313829075,-26.93838084644478,0.0,0.0
dist_low_20 & ema50_rel,1.46..2.04 & -0.00931..0.272,30960,1.2118540937065394,0.33695090439276487,-0.18097756280030797,-0.002466316563179558,0.062410385410209296,-22.78974618933506,0.0,0.0
dd_30d & ret_16,-inf..-33.6 & 0..0.332,20144,0.7884880123909732,0.329676330420969,-0.181013299347913,-0.020893564180811744,0.06237464886260427,-18.363890089732017,0.0,0.0
dist_high_20 & ema50_rel,1..1.39 & 0.272..0.654,33303,1.3035651447903387,0.33795754136264,-0.18103311392934654,-0.00031414230386923414,0.06235483428117072,-23.632207053180203,0.0,0.0
dist_high_20 & dist_low_20,1.39..1.96 & 0.524..0.777,42336,1.6571400165103378,0.3396636432350718,-0.18107612106713797,0.011253862754203812,0.062311827143379295,-26.491270963913536,0.0,0.0
ema50_rel & ret_16,-1.44..-0.701 & -0.793..-0.331,60862,2.3822953440299552,0.34481285531201733,-0.181077480408643,0.02552276529860002,0.06231046780187427,-31.610965940915595,0.0,0.0
atr_pct & ret_16,0.461..0.551 & -1.65..-0.793,53514,2.0946757096450823,0.3413499271218747,-0.18114636671550755,0.01708631493531681,0.06224158149500972,-29.749675753077653,0.0,0.0
dd_30d & ret_16,-inf..-33.6 & -0.793..-0.331,30020,1.1750600740655788,0.32684876748834113,-0.18131974745802973,-0.02999183121996382,0.062068200752487535,-22.523577704526232,0.0,0.0
atr_pct & ret_16,0.551..0.658 & 0..0.332,27388,1.0720368190708884,0.33251789104717394,-0.1813891800317073,-0.014491555797714247,0.061998768178809976,-21.504874741456188,0.0,0.0
ret_4 & ema50_rel,0.803..inf & 0.654..1.38,57712,2.25899623565865,0.33325824785140007,-0.18146011895569567,-0.02061525315977657,0.0619278292548216,-31.373042915759115,0.0,0.0
dist_high_20 & ema50_rel,0.463..0.708 & 1.38..inf,43424,1.6997271371160456,0.32631724392041267,-0.18163630672742914,-0.041746028152150394,0.06175164148308812,-27.402210328769748,0.0,0.0
dd_30d & ema50_rel,-20.5..-16.2 & -1.44..-0.701,45273,1.7721017566012973,0.33984935833719876,-0.18174102976418208,0.008877591122592867,0.061646918446335186,-27.539124934952834,0.0,0.0
dd_30d & ema50_rel,-8.28..-4.52 & 1.38..inf,32909,1.288142970600404,0.32720532377161266,-0.1817531103636148,-0.05423514014291941,0.06163483784690246,-24.108514121255922,0.0,0.0
atr_pct & dist_low_20,0.551..0.658 & 0.777..1.08,43146,1.6888455015201018,0.33187317480183565,-0.18178483795139458,-0.01503005301467127,0.061603110259122684,-27.052215036988112,0.0,0.0
dist_low_20 & ret_4,1.46..2.04 & 0.167..0.391,47987,1.8783347026710502,0.34098818429991457,-0.18188001936316991,0.011378597882000456,0.06150792884734735,-28.356384625804925,0.0,0.0
dist_high_20 & ret_16,0.241..0.463 & 1.63..inf,50111,1.961473530029987,0.3283311049470176,-0.18201208508775502,-0.03333853069004388,0.06137586312276225,-29.428843428928083,0.0,0.0
atr_pct & ret_16,0.461..0.551 & -0.331..0,39695,1.5537644783488722,0.3420833858168535,-0.18222878603244125,0.016714035013338166,0.061159162178076015,-25.77653548145775,0.0,0.0
dd_30d & ret_4,-inf..-33.6 & -0.391..-0.163,29482,1.1540013692072415,0.3264703887117563,-0.1823974654705217,-0.03227134080665967,0.06099048273999555,-22.491383268367887,0.0,0.0
atr_pct & ema50_rel,0.658..0.807 & 1.38..inf,57703,2.258643952491875,0.3239692910247301,-0.18257992281025093,-0.0452840013984412,0.060808025400266336,-31.77097027614347,0.0,0.0
dist_low_20 & ret_4,1.46..2.04 & 0..0.167,29822,1.1673098443965253,0.3410904701227282,-0.18271256860954768,0.009858050295217724,0.06067537960096958,-22.477473362510793,0.0,0.0
atr_pct & dd_30d,0.461..0.551 & -20.5..-16.2,49252,1.9278500588900027,0.34211808657516446,-0.18293194224655154,0.015803109896745025,0.06045600596396572,-28.85014330144978,0.0,0.0
up_from_low_30d & ret_4,23..31.2 & 0.391..0.803,44836,1.754996451725659,0.3376750825229726,-0.18293661806708866,-0.0011323885370580122,0.0604513301434286,-27.670161744872253,0.0,0.0
ema50_rel & ret_16,0.654..1.38 & -0.793..-0.331,13700,0.536253264979961,0.3297080291970803,-0.18299501984534905,-0.029411269292922246,0.060392928365168214,-15.446730789913191,0.0,0.0
dist_low_20 & dd_30d,1.46..2.04 & -12.2..-8.28,37593,1.47148678761983,0.3411007368393052,-0.18303452169279938,0.0027524081432880867,0.060353426517717884,-25.46145868678705,0.14285714285714285,0.0
atr_pct & up_from_low_30d,0.658..0.807 & 12.6..17.3,38221,1.4960683241459187,0.3261557782370948,-0.18307623747862364,-0.04465623841165334,0.06031171073189362,-26.066078147395896,0.07142857142857142,0.0
dist_high_20 & up_from_low_30d,0.241..0.463 & 31.2..48,30790,1.2051998561118977,0.343910360506658,-0.18321142665095372,0.02421853510501749,0.060176521559563545,-22.69187230414933,0.0,0.0
dist_high_20 & ret_4,1.39..1.96 & -0.163..0,36565,1.4312482214592899,0.3387392315055381,-0.1833037077480619,0.004528676828831827,0.06008424046245536,-25.009300049391673,0.0,0.0
up_from_low_30d & ema50_rel,17.3..23 & -inf..-1.44,33601,1.315229631868005,0.32135948334870984,-0.18343504982412195,-0.05994176906511816,0.05995289838639531,-24.76470211863525,0.0,0.0
dd_30d & ret_4,-25.7..-20.5 & -0.812..-0.391,44281,1.7332723231078577,0.33870057135114384,-0.18376990229392962,0.0034442654101560824,0.05961804591658765,-27.57099340068582,0.0,0.0
dist_low_20 & dd_30d,1.08..1.46 & -25.7..-20.5,42419,1.6603888501594863,0.3399891558028242,-0.1840337333931776,0.007240018008784944,0.05935421481733966,-27.011927186082396,0.0,0.0
ema50_rel & ret_16,1.38..inf & 0..0.332,8287,0.32437451145174717,0.32231205502594423,-0.18427056192488292,-0.05677138105556248,0.059117386285634344,-12.222126904825743,0.07142857142857142,0.0
ret_4 & ret_16,-0.812..-0.391 & 0.781..1.63,25755,1.0081169955882405,0.3310425160163075,-0.18430340475660603,-0.025751941583286326,0.05908454345391123,-21.323532130413852,0.0,0.0
atr_pct & ret_4,0.461..0.551 & 0..0.167,32058,1.2548326400531087,0.3411628922577828,-0.18435126614872588,0.014725487370207114,0.059036682061791385,-23.45054828684666,0.0,0.0
dd_30d & ret_4,-4.52..inf & 0.803..inf,42516,1.664185679845841,0.32333709662244803,-0.18438106170216698,-0.05281459144014619,0.05900688650835029,-27.608431444138876,0.07142857142857142,0.0
dist_low_20 & ema50_rel,1.46..2.04 & 0.272..0.654,51475,2.0148640010834664,0.3409227780475959,-0.1845307482304066,0.007257290265511496,0.05885719998011066,-29.847916860368226,0.0,0.0
ret_4 & ema50_rel,-0.812..-0.391 & 0.654..1.38,25480,0.9973527877145552,0.3315934065934066,-0.1851822744950515,-0.027928481831427456,0.058205673715465756,-21.357491718321192,0.0,0.0
dist_high_20 & ret_4,-inf..0.241 & 0.803..inf,75043,2.9373761871453437,0.3325293498394254,-0.1852180192514185,-0.017009541807091275,0.058169928959098754,-36.35719809308152,0.0,0.0
dist_low_20 & dd_30d,1.08..1.46 & -16.2..-12.2,41928,1.6411698462831974,0.34528238885708834,-0.18535455840121573,0.02359803708169181,0.05803338980930153,-26.996765183059455,0.07142857142857142,0.0
dist_high_20 & up_from_low_30d,-inf..0.241 & 31.2..48,28573,1.1184207693629507,0.3435761033143177,-0.1854140992432544,0.022585118940689503,0.057973848967262875,-22.14904307438328,0.0,0.0
atr_pct & ret_4,0.551..0.658 & -0.391..-0.163,38846,1.5205324329497492,0.3309221026617927,-0.18545848678352583,-0.018763769732251336,0.05792946142699143,-26.231782387500264,0.0,0.0
dist_low_20 & ema50_rel,1.08..1.46 & -0.299..-0.00931,33961,1.3293209585390113,0.34177438826889667,-0.18546229195218017,0.0158373992455645,0.057925656258337094,-24.29463250724241,0.0,0.0
ema50_rel & ret_16,-1.44..-0.701 & -1.65..-0.793,124548,4.8751293172791375,0.34229373414265984,-0.18551250581677156,0.018263048968751375,0.0578754423937457,-46.449499148232206,0.0,0.0
ret_4 & ema50_rel,-0.812..-0.391 & -1.44..-0.701,72751,2.8476614073399373,0.34220835452433646,-0.18552591977035646,0.0175792101601439,0.057862028440160806,-35.45992113176073,0.0,0.0
atr_pct & up_from_low_30d,0.551..0.658 & 17.3..23,51006,1.9965061338370722,0.3303925028428028,-0.18556169285378765,-0.019205351186648272,0.05782625535672961,-30.01377957966693,0.0,0.0
up_from_low_30d & ret_4,17.3..23 & 0.803..inf,38803,1.5188493022640457,0.3269850269309074,-0.1856206086044458,-0.04506496941557555,0.05776733960607147,-26.64172598081774,0.0,0.0
up_from_low_30d & ema50_rel,23..31.2 & 1.38..inf,51653,2.021831379270797,0.3251505236869107,-0.18589597000140187,-0.052565165243799075,0.05749197820911539,-30.793861576482637,0.0,0.0
dist_high_20 & up_from_low_30d,3.07..inf & 8.62..12.6,24227,0.9483071423846361,0.32393610434639036,-0.185905690811998,-0.0794563148018734,0.057482257398519254,-21.77137969768513,0.0,0.0
atr_pct & ret_4,0.551..0.658 & -0.163..0,35452,1.387682536501429,0.3316879160555117,-0.18603891241324189,-0.019235275521753484,0.05734903579727538,-25.15173170286951,0.0,0.0
dist_high_20 & ema50_rel,0.241..0.463 & 1.38..inf,47410,1.8557494374233539,0.32756802362370807,-0.18604040724897705,-0.034608157376365786,0.05734754096154021,-29.225768585578994,0.0,0.0
dist_low_20 & ema50_rel,-inf..0.288 & -inf..-1.44,53281,2.0855554898830144,0.32533173176179125,-0.1860677792136337,-0.03631545650749375,0.05732016899688355,-30.982439962675098,0.0,0.0
dist_high_20 & ret_16,0.463..0.708 & 1.63..inf,44967,1.760124128930942,0.3247047835079058,-0.18608547015794602,-0.0490291773031066,0.05730247805257124,-28.68412887538087,0.0,0.0
atr_pct & dist_low_20,0.461..0.551 & 0.524..0.777,43521,1.7035239668024,0.340456331426208,-0.1864823760418707,0.012528405107508751,0.05690557216864656,-27.644589749302913,0.0,0.0
dist_high_20 & ema50_rel,0.708..1 & 1.38..inf,39765,1.5565044585349013,0.32171507607192257,-0.1870265601170396,-0.0598738692057374,0.056361388093477655,-27.19794410731154,0.0,0.0
dist_high_20 & dist_low_20,0.708..1 & 1.46..2.04,39382,1.541512852659914,0.3330201614950993,-0.18702811025315322,-0.01346240543463871,0.056359837957364045,-26.579452106631788,0.0,0.0
atr_pct & ema50_rel,0.373..0.461 & -0.701..-0.299,53959,2.1120941551134096,0.35284197260883265,-0.18716067765635014,0.05409697039804458,0.056227270554167125,-30.54991439841707,0.0,0.0
atr_pct & ret_4,0.461..0.551 & 0.167..0.391,44706,1.7499079170944625,0.3402675256117747,-0.18734319602764146,0.011436512679850361,0.0560447521828758,-28.184245118242593,0.0,0.0
dist_high_20 & dist_low_20,1.96..3.07 & -inf..0.288,49132,1.9231529499996673,0.3354229422779451,-0.18734970692715366,1.8376347325120218e-05,0.0560382412833636,-29.54775406876863,0.0,0.0
atr_pct & dist_low_20,0.551..0.658 & 3.14..inf,21138,0.827395731032585,0.33129908222159143,-0.18747524070478017,-0.023205380994109202,0.0559127075057371,-19.677722418947216,0.0,0.0
atr_pct & up_from_low_30d,0.658..0.807 & 8.62..12.6,30131,1.1794048997891389,0.32571106169725533,-0.18768120980838676,-0.04936037115652298,0.0557067384021305,-23.82399401300616,0.0,0.0
ema50_rel & ret_16,1.38..inf & 0.781..1.63,55958,2.190340160711581,0.3275849744451196,-0.1878913046365129,-0.03708660373219166,0.055496643574004356,-32.114647751416996,0.0,0.0
dd_30d & ema50_rel,-16.2..-12.2 & 0.654..1.38,39131,1.5316880665642958,0.3445605785694207,-0.1880131731903814,0.015112466731813443,0.05537477502013585,-26.495338741917653,0.0,0.0
atr_pct & up_from_low_30d,0.373..0.461 & 31.2..48,28943,1.1329035217748182,0.3520022112427875,-0.18818717019574074,0.05044581067958105,0.05520077801477652,-22.45722160005952,0.07142857142857142,0.0
dist_low_20 & ret_16,0.777..1.08 & -0.793..-0.331,41523,1.6253171037783152,0.33872793391614286,-0.18835225208035314,0.0065022516417832694,0.055035696130164125,-27.337182599009264,0.0,0.0
ret_4 & ret_16,0.167..0.391 & 1.63..inf,28312,1.1082045575264712,0.3276349251200904,-0.1883541137459826,-0.04193675301982674,0.055033834464534664,-23.024555062790533,0.0,0.0
up_from_low_30d & dd_30d,12.6..17.3 & -25.7..-20.5,39592,1.549732793218001,0.33976560921398263,-0.18839345667869073,0.005476852380052958,0.054994491531826534,-26.756370344005532,0.07142857142857142,0.0
atr_pct & dist_high_20,0.461..0.551 & 0.241..0.463,37570,1.4705865084158491,0.33984562150652114,-0.1884740329715651,0.010608965863312555,0.05491391523895217,-25.94606388366955,0.0,0.0
atr_pct & ret_4,0.461..0.551 & -0.391..-0.163,44937,1.7589498517083582,0.33980906602576944,-0.18871905889389315,0.010130189633118356,0.054668889316624114,-28.45262447548053,0.0,0.0
ema50_rel & ret_16,-0.00931..0.272 & 0.781..1.63,28442,1.1132930921576678,0.3397440405034808,-0.1889545474664067,0.0062647751283769135,0.05443340074411057,-22.720985387002017,0.0,0.0
atr_pct & ret_4,0.461..0.551 & -0.812..-0.391,51138,2.001672953616441,0.3392780319918651,-0.18908185413258852,0.009211675888206353,0.054306094077928746,-30.396208819252617,0.0,0.0
dist_high_20 & dist_low_20,0.708..1 & 1.08..1.46,39924,1.5627281278145957,0.3395200881675183,-0.1891278960355604,0.009855933898758678,0.05426005217495686,-26.857387505404937,0.0,0.0
dd_30d & ret_16,-20.5..-16.2 & -1.65..-0.793,43758,1.7128007568608126,0.3389094565565154,-0.18914950648870424,0.005940453990356811,0.054238441721813024,-28.178286807942236,0.0,0.0
atr_pct & dist_high_20,0.373..0.461 & 1.96..3.07,17659,0.6912187157869438,0.35018970496630614,-0.18919386295591753,0.04715054477799155,0.05419408525459973,-17.745787767451553,0.14285714285714285,0.16666666666666666
dd_30d & ret_16,-25.7..-20.5 & 0.781..1.63,40347,1.579285436653028,0.33764592162986096,-0.18923526988273745,-0.0018910955781152614,0.05415267832777981,-27.13489812238356,0.0,0.0
dd_30d & ret_16,-33.6..-25.7 & 0..0.332,27333,1.0698839774961513,0.34097976804595176,-0.18923528959855004,0.012351536069674008,0.05415265861196722,-22.190306028621098,0.0,0.0
atr_pct & ret_4,0.373..0.461 & -inf..-0.812,14990,0.5867471855510668,0.3512341561040694,-0.18939652733913837,0.04828976942280425,0.0539914208713789,-16.31971843860387,0.0,0.16666666666666666
dist_high_20 & dist_low_20,1..1.39 & 0.777..1.08,39908,1.5621018466292176,0.33930540242557883,-0.1894292423982914,0.00962748983786607,0.053958705812225866,-26.93254304052328,0.0,0.0
dist_high_20 & ret_4,1..1.39 & 0.167..0.391,33893,1.3266592635011545,0.33886053167320684,-0.18945203218217488,0.005136247336622088,0.053935916028342384,-24.85276553134849,0.0,0.0
up_from_low_30d & dd_30d,17.3..23 & -33.6..-25.7,43431,1.7000011351346485,0.32734682599986187,-0.18945866900450467,-0.029971859392378564,0.05392927920601259,-28.45416730367004,0.14285714285714285,0.0
atr_pct & ret_16,0.461..0.551 & -0.793..-0.331,46226,1.8094046297053779,0.3392463115995327,-0.1894750760933376,0.009360900703308766,0.053912872117179655,-28.958326748876193,0.0,0.0
atr_pct & dist_low_20,0.551..0.658 & -inf..0.288,24985,0.9779772135419215,0.3284370622373424,-0.18953258879934604,-0.022699957441637504,0.05385535941117123,-21.43689704765791,0.0,0.0
dist_high_20 & ema50_rel,1.39..1.96 & -1.44..-0.701,93846,3.6733740076868187,0.3398439997442619,-0.1896242119757684,0.012436645077832756,0.053763736234748866,-41.22739043102575,0.0,0.0
up_from_low_30d & dd_30d,17.3..23 & -20.5..-16.2,36983,1.4476098174272918,0.3406159586837195,-0.1900576186830027,0.006047348433159552,0.05333032952751457,-26.0396258046396,0.07142857142857142,0.0
dist_high_20 & ret_4,1..1.39 & -inf..-0.812,18704,0.7321227057069482,0.3385906757912746,-0.19055348135654063,0.004485139590386975,0.052834466853976636,-18.5438208693029,0.0,0.0
dist_high_20 & up_from_low_30d,1.39..1.96 & -inf..5.06,33198,1.2994551745112952,0.34252063377311887,-0.1905679197377114,0.019246488585857525,0.05282002847280587,-24.663574359996232,0.07142857142857142,0.0
dist_high_20 & ema50_rel,1..1.39 & 0.654..1.38,35355,1.3838857068150745,0.32807240842879365,-0.19062475943642795,-0.03495675510180157,0.05276318877408931,-25.93077830213163,0.0,0.0
dist_high_20 & dd_30d,1..1.39 & -25.7..-20.5,43474,1.701684265820352,0.3392142429958136,-0.1907418185524114,0.0074803710551613126,0.05264612965810586,-28.260882454976194,0.0,0.0
atr_pct & dist_high_20,0.461..0.551 & 1..1.39,55338,2.166071764778181,0.33917019046586433,-0.19093827071998215,0.0076707354844020165,0.05244967749053511,-31.972975660381536,0.0,0.0
dist_high_20 & dd_30d,1.96..3.07 & -8.28..-4.52,31181,1.2205046025795738,0.3270902151951509,-0.19101054465095338,-0.04162664400142375,0.052377403559563884,-24.57736788260784,0.0,0.0
dd_30d & ema50_rel,-12.2..-8.28 & -1.44..-0.701,39797,1.5577570209056575,0.3420860868909717,-0.19118724954546434,0.010158183768597619,0.05220069866505292,-27.199976061420287,0.07142857142857142,0.0
dist_high_20 & ema50_rel,1.39..1.96 & -inf..-1.44,20869,0.8168663786034165,0.32435670132732763,-0.19120632372019067,-0.03852773693386123,0.052181624490326595,-19.90826880907429,0.0,0.0
dist_low_20 & ret_4,0.524..0.777 & -0.812..-0.391,43835,1.7158147350654445,0.3368312991901449,-0.19122181256299306,-0.0007554360125631457,0.0521661356475242,-28.558041614476284,0.0,0.0
dist_high_20 & dist_low_20,0.241..0.463 & 2.04..3.14,43706,1.7107653430083338,0.33233423328604766,-0.1914671223885123,-0.016989674399308596,0.05192082582200497,-28.686514790504145,0.0,0.0
dist_high_20 & ret_4,1.39..1.96 & -0.812..-0.391,73415,2.8736520765331264,0.33444119049240617,-0.1916091054260437,-0.007145168215023562,0.05177884278447356,-37.09527164510337,0.0,0.0
ret_4 & ret_16,0..0.167 & -1.65..-0.793,24903,0.9747675224668589,0.34212745452355137,-0.19201653408617242,0.015234124290693849,0.051371414124344844,-21.52013296449498,0.0,0.0
dd_30d & ret_16,-16.2..-12.2 & -1.65..-0.793,41417,1.6211679909251857,0.3395707076804211,-0.19215198848936763,0.007418172814281684,0.05123595972114964,-27.929906787711797,0.0,0.0
dist_low_20 & ema50_rel,0.288..0.524 & -1.44..-0.701,55044,2.1545638479968594,0.3424169755105007,-0.19231746117889345,0.019614653294568053,0.05107048703162381,-31.94635140077681,0.0,0.0
atr_pct & dist_high_20,0.551..0.658 & 0.463..0.708,36170,1.4157869046952691,0.3293060547414985,-0.19235964401060737,-0.025553503904476978,0.05102830419990989,-26.292944250443725,0.0,0.0
atr_pct & ret_16,0.551..0.658 & -0.331..0,32770,1.2827021528024323,0.32831858407079645,-0.19249375852647735,-0.025619130479811184,0.050894189684039914,-25.013000899150992,0.0,0.0
dist_high_20 & ret_4,0.708..1 & 0.391..0.803,37024,1.449214662964823,0.3325680639585134,-0.19265579564530771,-0.015146647929445445,0.05073215256520955,-26.57636079408068,0.0,0.0
ema50_rel & ret_16,-0.299..-0.00931 & -1.65..-0.793,28662,1.1219044584566162,0.3369269415951434,-0.19275940853378848,-0.0011318489796170788,0.050628539676728784,-23.298561532382138,0.0,0.0
dist_high_20 & dist_low_20,0.463..0.708 & 2.04..3.14,41445,1.6222639829995973,0.3279285800458439,-0.19285801355150636,-0.03191978700311267,0.0505299346590109,-28.297261353683485,0.0,0.0
atr_pct & dist_high_20,0.551..0.658 & 1..1.39,51192,2.003786652617092,0.32880137521487734,-0.19290844927753897,-0.026290714230071437,0.05047949893297829,-31.389769261678047,0.0,0.0
dd_30d & ema50_rel,-12.2..-8.28 & -inf..-1.44,29664,1.1611253176909169,0.32379314994606256,-0.19309280388937117,-0.06415682839329262,0.050295144321146096,-24.708385844031405,0.0,0.0
dist_low_20 & up_from_low_30d,1.08..1.46 & -inf..5.06,34866,1.3647449880869575,0.346612745941605,-0.19316844256450283,0.028911881041952178,0.050219505646014434,-25.552931051313358,0.07142857142857142,0.0
atr_pct & dist_high_20,0.551..0.658 & 0.708..1,44035,1.7236432498826701,0.3289655955489951,-0.1934425286314257,-0.0265785293398813,0.04994541957909157,-29.165687322984322,0.0,0.0
up_from_low_30d & dd_30d,17.3..23 & -25.7..-20.5,38557,1.509220229038858,0.33278003994086675,-0.1935530846617748,-0.015755135471407396,0.049834863548742475,-27.283400483453644,0.07142857142857142,0.0
dist_high_20 & ret_16,-inf..0.241 & 1.63..inf,63990,2.504733315771365,0.3270979840600094,-0.19358582092307203,-0.03374752493959442,0.049802127287445236,-35.27174380513976,0.0,0.0
dist_high_20 & ret_16,1..1.39 & 0..0.332,30285,1.1854328561984027,0.33462109955423475,-0.19359322425948203,-0.009123618305313632,0.049794723951035236,-24.10220390516618,0.0,0.0
atr_pct & ret_16,0.373..0.461 & -0.793..-0.331,53359,2.0886086106617325,0.3508873854457542,-0.19361654104667858,0.04758701125949544,0.04977140716383868,-31.48202545393736,0.0,0.0
ema50_rel & ret_16,0.654..1.38 & 1.63..inf,57888,2.265885328697809,0.32735627418463237,-0.19365402866803805,-0.042710638251323756,0.049733919542479216,-33.8722877778387,0.0,0.0
atr_pct & dist_high_20,0.461..0.551 & 0.708..1,50631,1.981827668554774,0.3379550078015445,-0.19392919555185878,0.0048033761983414525,0.049458752658658484,-31.04845225939836,0.0,0.0
ret_4 & ret_16,-0.812..-0.391 & 0..0.332,26789,1.0485904171932974,0.34286460860801077,-0.19412413270926754,0.015921273687662624,0.049263815501249725,-22.56198866048692,0.0,0.0
dist_low_20 & ret_4,1.46..2.04 & -0.163..0,32525,1.2731122221513307,0.3338662567255957,-0.1941494930214832,-0.012617099190888124,0.04923845518903405,-25.120586874590014,0.0,0.0
ema50_rel & ret_16,1.38..inf & -0.331..0,6622,0.25920212559834316,0.3153125943823618,-0.1942524534953023,-0.07639474180490252,0.04913549471521497,-11.57345998297147,0.07142857142857142,0.0
atr_pct & up_from_low_30d,0.658..0.807 & 17.3..23,46243,1.810070053464842,0.3205890621283221,-0.1948329325294302,-0.05637514339659903,0.048555015681087055,-30.522654077962883,0.0,0.0
dist_low_20 & dd_30d,0.777..1.08 & -inf..-33.6,31972,1.2514663786817015,0.3215000625547354,-0.194867901289464,-0.04545877357182727,0.04852004692105327,-25.077703797247533,0.0,0.0
ret_4 & ema50_rel,0.167..0.391 & 1.38..inf,27901,1.0921169595770723,0.32482706713021037,-0.19488806494675787,-0.04857622515870681,0.0484998832637594,-23.648992040059852,0.0,0.0
up_from_low_30d & ret_16,23..31.2 & -0.793..-0.331,37964,1.486008682605784,0.3421662627752608,-0.19498792373443372,0.015477842571117858,0.04840002447608355,-26.930734911696405,0.0,0.0
up_from_low_30d & ret_4,5.06..8.62 & 0.803..inf,23616,0.9243910296180116,0.329564701897019,-0.19504697757524955,-0.03999338523126149,0.04834097063526771,-21.90768930991209,0.0,0.0
dd_30d & ret_16,-4.52..inf & 1.63..inf,54001,2.113738143225027,0.3188089109460936,-0.19529945455691727,-0.07031128851073211,0.04808849365359999,-33.19216730686638,0.0,0.0
dist_high_20 & ret_16,0.708..1 & 0.781..1.63,41997,1.6438706838951402,0.3298568945400862,-0.1953785970644445,-0.025687751144207772,0.04800935114607277,-28.796364102196687,0.0,0.0
dist_high_20 & dist_low_20,0.463..0.708 & 1.46..2.04,41920,1.6408567056905083,0.3358540076335878,-0.19541282310555616,-0.001753504784362976,0.0479751251049611,-28.52319445665944,0.0,0.0
dd_30d & ret_4,-16.2..-12.2 & -0.812..-0.391,40706,1.5933376207499483,0.3407851422394733,-0.19550073619739994,0.009584769516778408,0.047887212013117325,-28.134485621322554,0.0,0.0
dist_high_20 & ret_4,1.39..1.96 & -0.391..-0.163,47575,1.8622079621475651,0.33540725170782976,-0.19558827299572143,-0.004342189202363218,0.047799675214795834,-30.465825401124068,0.0,0.0
atr_pct & ema50_rel,0.461..0.551 & 0.272..0.654,43481,1.701958263838955,0.33773372277546515,-0.19566883915818695,0.00330590923307269,0.047719109052330316,-29.060872900538886,0.0,0.0
atr_pct & ret_16,0.461..0.551 & -inf..-1.65,21064,0.8244991805502115,0.33616597037599694,-0.19574481842743335,0.0009023210945049933,0.04764312978308391,-20.295782363048133,0.07142857142857142,0.16666666666666666
dist_high_20 & ema50_rel,-inf..0.241 & 1.38..inf,60376,2.3632720530240965,0.3272989267258513,-0.1958818664957351,-0.032814602836204604,0.047506081714782156,-34.624543610835026,0.0,0.0
dist_low_20 & up_from_low_30d,3.14..inf & 12.6..17.3,28854,1.1294198326811529,0.31836140569765026,-0.19610531505514087,-0.08598397204524867,0.0472826331553764,-24.92181090813894,0.0,0.0
dd_30d & ret_4,-20.5..-16.2 & -0.812..-0.391,42907,1.679490426313517,0.3390822010394574,-0.1963065420236878,0.003836055861143088,0.04708140618682946,-29.005853591719536,0.0,0.0
atr_pct & dist_low_20,0.461..0.551 & 0.777..1.08,49836,1.9507093221563019,0.3369853118227787,-0.19638588938935056,0.0023948350010305464,0.0470020588211667,-31.253686107857146,0.0,0.0
atr_pct & dd_30d,0.373..0.461 & -16.2..-12.2,51486,2.0152945693984137,0.35019228528143576,-0.19650940250303947,0.04444684606053805,0.04687854570747779,-31.491445522031484,0.0,0.0
dd_30d & ema50_rel,-20.5..-16.2 & -0.701..-0.299,44081,1.725443808290632,0.35042308477575373,-0.1965810493780511,0.04250782902680065,0.046806898832466165,-29.013351921025322,0.0,0.0
dd_30d & ret_16,-16.2..-12.2 & 0.781..1.63,40152,1.571652634706233,0.3412781430563857,-0.19660237607094377,0.006979644886306054,0.04678557213957349,-28.121155500305736,0.0,0.0
atr_pct & ema50_rel,0.373..0.461 & -inf..-1.44,8648,0.3385049806968396,0.3470166512488437,-0.19668459774606917,0.03998207061035524,0.046703350464448096,-12.9310466250708,0.07142857142857142,0.16666666666666666
up_from_low_30d & ema50_rel,12.6..17.3 & -1.44..-0.701,39191,1.5340366210094636,0.33574034854941187,-0.19692190190356565,-0.005547752390121279,0.046466046306951614,-27.96004681237527,0.07142857142857142,0.0
dd_30d & ema50_rel,-33.6..-25.7 & 0.272..0.654,33921,1.327755255575566,0.33625187936676393,-0.196972123183306,-0.006510360426493045,0.046415825027211255,-25.92057352146701,0.0,0.0
ret_4 & ret_16,0.391..0.803 & -0.331..0,31874,1.2476304064212609,0.3411558009663048,-0.19720457576634676,0.012123436725609725,0.046183372444170506,-24.999924290927538,0.0,0.0
ret_4 & ema50_rel,0.167..0.391 & -0.701..-0.299,35242,1.379462595943342,0.34660348447874695,-0.19727606918336849,0.03358631350120081,0.04611187902714878,-26.136628643195955,0.0,0.0
dd_30d & ema50_rel,-33.6..-25.7 & -0.00931..0.272,29094,1.1388140504618236,0.3387983776723723,-0.19729606241485673,0.005593240035397433,0.04609188579566054,-23.93619768149972,0.0,0.0
dd_30d & ema50_rel,-4.52..inf & 1.38..inf,70192,2.7474955602535345,0.3179564622749031,-0.19732087765640113,-0.07245043271992588,0.04606707055411613,-38.245781098721295,0.07142857142857142,0.0
dist_low_20 & up_from_low_30d,2.04..3.14 & 17.3..23,41913,1.6405827076719053,0.3242669338868609,-0.19734765356004602,-0.04596203398482223,0.04604029465047124,-29.332356280043207,0.0,0.0
dd_30d & ret_16,-inf..-33.6 & -0.331..0,25471,0.99700050454778,0.3237799850810726,-0.19740085893137924,-0.03893253279674736,0.04598708927913803,-22.611956881189553,0.0,0.0
atr_pct & dd_30d,0.551..0.658 & -inf..-33.6,37824,1.4805287222337258,0.3251639170896785,-0.19763380106759806,-0.03208893213595336,0.0457541471429192,-27.535639147510537,0.0,0.0
up_from_low_30d & ret_16,23..31.2 & 0.781..1.63,45313,1.7736674595647424,0.33330390837066626,-0.19822027822532046,-0.014693932366486414,0.04516766998519681,-30.200097013715016,0.0,0.0
up_from_low_30d & ret_16,12.6..17.3 & -inf..-1.65,33070,1.2944449250282708,0.3204112488660417,-0.1985063116573206,-0.06854483046226013,0.04488163655319666,-26.768038850885834,0.07142857142857142,0.0
up_from_low_30d & ema50_rel,17.3..23 & -1.44..-0.701,39992,1.5653898228524525,0.3308161632326465,-0.19856373829849208,-0.01803670386709946,0.04482420991202518,-28.50294342304446,0.0,0.0
dd_30d & ret_16,-4.52..inf & -inf..-1.65,9228,0.3612076736667941,0.32802340702210664,-0.19868559275120057,-0.0534803686866977,0.044702355459316695,-14.081273014714005,0.07142857142857142,0.0
dist_low_20 & up_from_low_30d,-inf..0.288 & 31.2..48,23189,0.9076771504832346,0.34111000905601796,-0.19897500732490336,0.013420825282037075,0.0444129408856139,-21.47878102311868,0.0,0.0
atr_pct & ret_4,0.461..0.551 & 0.391..0.803,51606,2.0199916782887493,0.3360849513622447,-0.1990792497308653,-0.0007389251746764958,0.044308698479651965,-32.23650663050318,0.0,0.0
dist_high_20 & ret_16,0.708..1 & 0.332..0.781,41675,1.6312667750394068,0.33684463107378526,-0.19926599878149184,-0.002362594237259634,0.04412194942902542,-29.040984508889252,0.0,0.0
dist_high_20 & ret_4,0.463..0.708 & 0.391..0.803,43638,1.7081036479704772,0.3351895137265686,-0.19929228684516237,-0.005667179119605933,0.04409566136535489,-29.72012443122452,0.0,0.0
atr_pct & up_from_low_30d,0.461..0.551 & 12.6..17.3,47792,1.8707019007242551,0.3352025443588885,-0.1994604942751184,-0.0007810477712880273,0.043927453935398875,-31.04767037072044,0.0,0.0
dist_high_20 & dd_30d,-inf..0.241 & -33.6..-25.7,23520,0.9206333425057432,0.33818027210884355,-0.19946252087582406,0.004766738192442446,0.04392542733469321,-21.723890154604014,0.0,0.0
dist_high_20 & ret_16,1..1.39 & -0.331..0,49863,1.9517661716566272,0.33746465314963,-0.19954837184206237,0.003266200419213828,0.0438395763684549,-31.727672723716655,0.0,0.0
dd_30d & ret_16,-12.2..-8.28 & -1.65..-0.793,38891,1.5222938487836248,0.3400786814430074,-0.19954909418112515,0.006787593969884989,0.04383885402939211,-28.082339435442616,0.07142857142857142,0.0
dist_low_20 & ret_4,1.08..1.46 & -0.391..-0.163,34501,1.3504579485455206,0.3348598591345178,-0.19957027515159032,-0.007295839618945322,0.04381767305892695,-26.50194160816512,0.0,0.0
atr_pct & up_from_low_30d,0.551..0.658 & 12.6..17.3,43916,1.7189852835664208,0.3278076327534384,-0.20027525649700725,-0.03358100877697074,0.04311269171351001,-30.302395571647033,0.0,0.0
dist_low_20 & ema50_rel,2.04..3.14 & 1.38..inf,86611,3.390177484173679,0.3246585306716237,-0.200590193323748,-0.044219451937498315,0.04279775488676926,-42.69654089904857,0.0,0.0
atr_pct & dist_high_20,0.461..0.551 & 0.463..0.708,44920,1.7582844279488938,0.33564113980409616,-0.20064356464881136,-0.0015960895421053094,0.0427443835617059,-30.281358435101104,0.0,0.0
dd_30d & ret_4,-8.28..-4.52 & -inf..-0.812,30294,1.185785139365178,0.3230672740476662,-0.20072412180441337,-0.06716733634998255,0.04266382640610389,-25.8416297537519,0.0,0.0
dist_low_20 & dd_30d,-inf..0.288 & -inf..-33.6,22374,0.8757759526030399,0.3213104496290337,-0.2012115814863437,-0.04313251855747976,0.042176366724173575,-21.603243208512637,0.0,0.0
dist_low_20 & dd_30d,0.777..1.08 & -25.7..-20.5,41852,1.6381950106526515,0.3396253464589506,-0.2012225117020377,0.010174798317371067,0.042165436508479565,-29.239374109517883,0.0,0.0
dist_high_20 & dist_low_20,0.241..0.463 & 1.46..2.04,44786,1.7530393230213526,0.34146831599160454,-0.20122561923824525,0.01540478741402016,0.04216232897227201,-30.190568323624156,0.0,0.0
dist_high_20 & up_from_low_30d,1.96..3.07 & 5.06..8.62,26816,1.049647266693623,0.32648418854415273,-0.20139118116158072,-0.03884169478738014,0.04199676704893654,-23.962432035941127,0.0,0.0
ret_4 & ret_16,0..0.167 & 1.63..inf,17075,0.6683594525206448,0.323103953147877,-0.2014075784622031,-0.05724647181956372,0.04198036974831415,-19.203396436011445,0.0,0.0
atr_pct & dd_30d,0.658..0.807 & -4.52..inf,29600,1.1586201929494047,0.3178378378378378,-0.20152349350389934,-0.06362468247285805,0.041864454706617926,-25.27478314534882,0.14285714285714285,0.0
dist_low_20 & dd_30d,1.08..1.46 & -20.5..-16.2,42354,1.6578445828438881,0.3382915427114322,-0.20163698228518925,0.0025989338015373143,0.04175096592532801,-29.62806403503925,0.0,0.0
dist_high_20 & dd_30d,1..1.39 & -16.2..-12.2,41818,1.636864163133723,0.3408101774355541,-0.2016625728264811,0.010817163387371294,0.04172537538403617,-29.36586999155918,0.0,0.0
dist_high_20 & up_from_low_30d,1.39..1.96 & 12.6..17.3,39472,1.5450356843276656,0.330867450344548,-0.20175040367303293,-0.01992412384054391,0.04163754453748433,-28.840367958573307,0.0,0.0
dist_high_20 & up_from_low_30d,0.708..1 & 23..31.2,40837,1.5984652979552312,0.3371207483409653,-0.20182914553997486,0.0011506289377568343,0.041558802670542405,-29.023158410016585,0.0,0.0
atr_pct & up_from_low_30d,0.461..0.551 & 8.62..12.6,43427,1.699844564838304,0.3361042669307113,-0.2019020655748401,-0.0030115009710411675,0.04148588263567715,-30.102294543762383,0.0,0.0
dist_high_20 & dd_30d,1..1.39 & -inf..-33.6,36207,1.417235179936456,0.3185019471372939,-0.20193601198963815,-0.05507431248831994,0.041451936220879115,-27.771971977023497,0.0,0.0
atr_pct & up_from_low_30d,0.807..1.08 & 17.3..23,37379,1.4631102767653985,0.3117525883517483,-0.2019834086472222,-0.09236202674808372,0.04140453956329507,-29.00855981075062,0.07142857142857142,0.0
dist_high_20 & dd_30d,1..1.39 & -20.5..-16.2,43867,1.7170672974362005,0.3394807030341715,-0.20200621201897334,0.00633692256507808,0.04138173619154392,-30.12403286259638,0.0,0.0
atr_pct & dd_30d,0.373..0.461 & -33.6..-25.7,33570,1.314016212071335,0.34658921656240693,-0.20205530158364549,0.03736290658155396,0.04133264662687178,-25.998423670574784,0.07142857142857142,0.16666666666666666
dist_low_20 & up_from_low_30d,0.288..0.524 & 31.2..48,26804,1.0491775558045893,0.3384569467243695,-0.20207495548101767,0.005521069189305081,0.04131299272949959,-23.459352399768115,0.0,0.0
atr_pct & ema50_rel,0.373..0.461 & -1.44..-0.701,46840,1.8334381701942606,0.34681895815542274,-0.2021914403613633,0.03729579722326563,0.04119650784915396,-30.844934302885374,0.07142857142857142,0.0
dist_low_20 & up_from_low_30d,2.04..3.14 & 8.62..12.6,30893,1.209231541242769,0.329136050237918,-0.20233529251786717,-0.03965731431180967,0.0410526556926501,-25.879905633565834,0.0,0.0
atr_pct & dd_30d,0.461..0.551 & -12.2..-8.28,39408,1.5425305595861534,0.3358455136012992,-0.20277276234786556,-0.0039046366984550563,0.0406151858626517,-28.780373328841783,0.07142857142857142,0.0
ema50_rel & ret_16,-0.701..-0.299 & 0..0.332,31332,1.2264151312665794,0.347567981616239,-0.20342218921996072,0.03476721351620606,0.039965758990556544,-25.36754873335774,0.0,0.0
up_from_low_30d & ret_16,8.62..12.6 & -inf..-1.65,28815,1.1278932722917938,0.3235467638382787,-0.20344557718968598,-0.06804528470769144,0.039942371020831285,-25.665019930346567,0.07142857142857142,0.0
atr_pct & up_from_low_30d,0.373..0.461 & 48..inf,10988,0.43009860405838035,0.34628685839097195,-0.20350821526479368,0.034962527717283455,0.039879732945723584,-14.993953996884592,0.0,0.16666666666666666
dist_low_20 & ret_16,1.08..1.46 & 0..0.332,41126,1.6097775018661222,0.33674561104897144,-0.2035245765652665,0.0007728509501030035,0.03986337164525075,-29.38676556895181,0.0,0.0
dist_high_20 & ema50_rel,1..1.39 & -0.00931..0.272,34649,1.3562510495102678,0.3363156223844844,-0.20353382127556824,-0.0024606340573857903,0.039854126934949025,-27.050051680515878,0.07142857142857142,0.0
ret_4 & ret_16,-0.163..0 & -1.65..-0.793,37999,1.4873786726987983,0.33974578278375744,-0.20374794282754585,0.00951749864358352,0.03964000538297141,-28.209946568745973,0.0,0.0
atr_pct & dist_low_20,0.461..0.551 & -inf..0.288,31609,1.237257624288437,0.33382897276092255,-0.20392026829928744,-0.004644900827754489,0.03946767991122982,-25.811488452741226,0.0,0.0
atr_pct & dist_high_20,0.373..0.461 & 1.39..1.96,43318,1.695578024262916,0.34629945980885546,-0.20429961991706969,0.034595488343054384,0.03908832829344758,-30.033279849104513,0.0,0.0
ret_4 & ema50_rel,-0.812..-0.391 & 0.272..0.654,26498,1.037199928134234,0.3330817420182655,-0.20498043506639066,-0.018826962166890573,0.038407513144126604,-23.98218138974959,0.0,0.0
ema50_rel & ret_16,1.38..inf & 0.332..0.781,17800,0.6967378187330879,0.31803370786516855,-0.20515199260603637,-0.06687273479056628,0.0382359556044809,-19.95926320707078,0.0,0.0
dist_high_20 & ret_16,1.39..1.96 & -1.65..-0.793,122018,4.7760986048412315,0.3358930649576292,-0.20515723327102525,0.0008579722350899829,0.03823071493949201,-51.038650743304906,0.0,0.0
dist_high_20 & dd_30d,1.39..1.96 & -8.28..-4.52,33955,1.3290861030944945,0.3326461493152702,-0.20548100953139128,-0.01512015049934742,0.03790693867912598,-27.190859689758934,0.0,0.0
atr_pct & dd_30d,0.373..0.461 & -20.5..-16.2,53422,2.0910745928291585,0.346767249447793,-0.2057538049772328,0.03509274443759279,0.037634143233284456,-33.54396285796261,0.0,0.0
atr_pct & up_from_low_30d,0.658..0.807 & 5.06..8.62,23203,0.9082251465204404,0.31896737490841703,-0.20588929728738964,-0.06747442522804944,0.037498650923127624,-23.064779670291585,0.0,0.0
atr_pct & ret_16,0.373..0.461 & -1.65..-0.793,47919,1.8756730076331933,0.3454788288570296,-0.206176282786388,0.033661239594703005,0.037211665424129264,-31.850376683642114,0.07142857142857142,0.0
up_from_low_30d & dd_30d,8.62..12.6 & -33.6..-25.7,44793,1.7533133210399556,0.3293371732190298,-0.20632667283999026,-0.03216379798926236,0.037061275370527,-31.475123798179073,0.0,0.0
up_from_low_30d & dd_30d,23..31.2 & -8.28..-4.52,40958,1.6032015494196525,0.3399580057620001,-0.2067659658564782,0.005298237765205837,0.03662198235403907,-29.806755023620767,0.14285714285714285,0.0
dist_low_20 & up_from_low_30d,2.04..3.14 & 12.6..17.3,35997,1.409015239378369,0.32411034252854404,-0.20680401800056974,-0.051560456299546496,0.03658393020994752,-28.62750192959352,0.0,0.0
dd_30d & ema50_rel,-inf..-33.6 & -0.299..-0.00931,23209,0.9084600019649572,0.3209099918135206,-0.20684098290544345,-0.04765312367210188,0.036546965305073814,-22.708365440281266,0.0,0.0
dist_high_20 & dd_30d,-inf..0.241 & -inf..-33.6,16206,0.6343445556397991,0.3227816857953844,-0.20688271772914493,-0.03990515129139108,0.03650523048137233,-18.91356198484914,0.0,0.0
ret_4 & ret_16,-0.812..-0.391 & -1.65..-0.793,70383,2.754971791903985,0.3351235383544322,-0.20719648059195625,-0.003569046601074381,0.03619146761856101,-39.16051194826604,0.0,0.0
dist_high_20 & up_from_low_30d,3.07..inf & 12.6..17.3,29088,1.138579195017307,0.3142189218921892,-0.2072857887018014,-0.1020258201435182,0.03610215950871587,-26.7553287835651,0.07142857142857142,0.0
dist_low_20 & dd_30d,0.524..0.777 & -inf..-33.6,27905,1.0922735298734167,0.3192259451711163,-0.20732085847427398,-0.05158104426219524,0.036067089736243285,-24.96307055037459,0.0,0.0
dd_30d & ret_16,-20.5..-16.2 & 0.781..1.63,40719,1.5938464742130678,0.3354453694835335,-0.20734719701545126,-0.008304031339586432,0.036040751195066,-29.95458832711922,0.0,0.0
up_from_low_30d & ret_4,12.6..17.3 & -inf..-0.812,33106,1.2958540576953714,0.3200326224853501,-0.207457313867281,-0.06768615192745127,0.03593063434323626,-27.825802081654093,0.07142857142857142,0.0
dist_low_20 & ret_4,1.08..1.46 & 0.803..inf,21224,0.8307619924039921,0.33174707877874104,-0.207590456183173,-0.015755370033903537,0.03579749202734425,-21.62005279176772,0.0,0.0
atr_pct & ema50_rel,0.373..0.461 & -0.299..-0.00931,46332,1.8135537425585073,0.3460890960890961,-0.20769613717167568,0.03391822851749473,0.03569181103884159,-31.5971895888882,0.0,0.0
ema50_rel & ret_16,-0.299..-0.00931 & 0.332..0.781,34803,1.3622790059195315,0.3473263799097779,-0.207777051818976,0.03297616705383203,0.035610896391541275,-27.294298863241796,0.0,0.0
atr_pct & ret_16,0.551..0.658 & 1.63..inf,41161,1.6111474919591366,0.3248706299652584,-0.20791563290343912,-0.04250105741840072,0.035472315307078145,-30.554646141253848,0.0,0.0
dd_30d & ret_4,-12.2..-8.28 & 0.391..0.803,38985,1.525973250747721,0.34131076054892906,-0.20797309746971862,0.006322321872364613,0.03541485074079864,-29.315327874896955,0.07142857142857142,0.0
dist_low_20 & ema50_rel,1.08..1.46 & -0.00931..0.272,40704,1.593259335601776,0.3402368317610063,-0.20809417201564293,0.0111826420021418,0.03529377619487434,-29.825126304956008,0.0,0.0
dist_high_20 & ret_16,0.463..0.708 & 0.781..1.63,52342,2.04880061281614,0.33200871193305564,-0.20811593564998787,-0.0151271074235765,0.03527201256052939,-34.06183907854798,0.0,0.0
dist_high_20 & up_from_low_30d,1.39..1.96 & 17.3..23,42626,1.668491362995315,0.3258809177497302,-0.20841035850290626,-0.03467597292455161,0.034977589707611,-31.024621287508115,0.0,0.0
atr_pct & dist_high_20,0.373..0.461 & 1..1.39,55811,2.18458620232092,0.34566662485889876,-0.20841848414440853,0.0319580336534173,0.034969464066108735,-34.78046329571954,0.0,0.0
dist_low_20 & ret_16,2.04..3.14 & 1.63..inf,93528,3.66092666912743,0.32494012488238816,-0.208802724583311,-0.04265912142776702,0.03458522362720626,-46.19272765626411,0.0,0.0
atr_pct & ret_16,0.461..0.551 & 0.781..1.63,53373,2.089156606698938,0.3330148202274558,-0.20895622495579486,-0.010491347884941507,0.03443172325472241,-34.50558343305217,0.0,0.0
dd_30d & ret_16,-25.7..-20.5 & 0.332..0.781,38509,1.5073413854827238,0.34194603858838196,-0.2090419067313348,0.015160594109798031,0.034346041479182465,-29.060414965469224,0.0,0.0
up_from_low_30d & ema50_rel,8.62..12.6 & -inf..-1.44,30140,1.1797571829559141,0.3192435301924353,-0.2090837750791462,-0.07905047047298097,0.034304173131371074,-27.054360565416616,0.07142857142857142,0.0
ret_4 & ema50_rel,0..0.167 & 1.38..inf,16954,0.6636232010562232,0.3205143329007904,-0.2091711817851613,-0.06598219765042164,0.034216766425355954,-19.906399338773507,0.0,0.0
dist_high_20 & ema50_rel,0.708..1 & -1.44..-0.701,22523,0.881608196141873,0.34209474759135106,-0.2093242640483399,0.0177585167803292,0.034063684162177366,-22.23770802972704,0.0,0.0
dd_30d & ema50_rel,-25.7..-20.5 & -0.299..-0.00931,37465,1.4664765381368057,0.35118110236220473,-0.20934615003199403,0.04411204779015159,0.034041798178523236,-28.436835106833307,0.0,0.0
atr_pct & dd_30d,0.461..0.551 & -8.28..-4.52,34097,1.3346443486147248,0.332521922749802,-0.2094088141582006,-0.010443368456180838,0.03397913405231667,-27.688993617136965,0.07142857142857142,0.0
atr_pct & dist_high_20,0.461..0.551 & -inf..0.241,33133,1.2969109071956968,0.33268946367669694,-0.2094088960162344,-0.010283975694050979,0.03397905219428285,-27.22427365411357,0.0,0.0
dd_30d & ema50_rel,-inf..-33.6 & 0.654..1.38,36150,1.4150040532135466,0.3149100968188105,-0.20957070462745972,-0.07051544268471233,0.033817243583057544,-29.005600799937497,0.0,0.0
dist_low_20 & dd_30d,1.46..2.04 & -4.52..inf,32498,1.272055372651005,0.33497445996676717,-0.20973130304405654,-0.011030482873127486,0.03365664516646072,-27.032876673554046,0.14285714285714285,0.0
atr_pct & up_from_low_30d,0.373..0.461 & -inf..5.06,42847,1.6771418718683495,0.34695544612224893,-0.20974871481894952,0.03242494592768923,0.03363923339156774,-30.873244124224428,0.0,0.0
dist_high_20 & dist_low_20,-inf..0.241 & 2.04..3.14,50480,1.9759171398677686,0.330229793977813,-0.20995935421761566,-0.019150963391661453,0.0334285939929016,-33.74717940575596,0.0,0.0
dd_30d & ret_4,-25.7..-20.5 & 0.167..0.391,39134,1.5318054942865542,0.340675627331732,-0.210126479238866,0.011328006038611895,0.033261468971651276,-29.524357879378936,0.0,0.0
ret_4 & ema50_rel,-0.391..-0.163 & -1.44..-0.701,49146,1.923700946036873,0.3369958897977455,-0.21041117357349887,0.0024891644318975094,0.0329767746370184,-33.19130844331037,0.0,0.0
dd_30d & ret_16,-8.28..-4.52 & -inf..-1.65,28098,1.0998280466720396,0.3196668802049968,-0.21052400238986188,-0.08146517132453356,0.03286394582065538,-26.391098464047506,0.0,0.0
dist_low_20 & ret_4,1.08..1.46 & 0.391..0.803,68161,2.6679969922846074,0.3379058405833248,-0.2105345446592324,0.003974123807816675,0.032853403551284854,-39.07241233236024,0.0,0.0
ret_4 & ema50_rel,-0.812..-0.391 & -0.00931..0.272,28955,1.1333732326638517,0.33766188913831807,-0.21056652994588432,-0.0014570031237058018,0.032821418264632946,-25.587937725139238,0.07142857142857142,0.0
atr_pct & up_from_low_30d,0.461..0.551 & 17.3..23,49053,1.920060686646863,0.3318859193117648,-0.21064196054873324,-0.012546040159667886,0.03274598766178402,-33.313000569412985,0.0,0.0
dist_low_20 & up_from_low_30d,0.777..1.08 & 23..31.2,40344,1.5791680089307698,0.33544021415823916,-0.21082561033873082,-0.0036269509090315123,0.032562337871786445,-30.16761576757442,0.0,0.16666666666666666
dist_low_20 & up_from_low_30d,3.14..inf & 8.62..12.6,22782,0.8917461228301803,0.3168729698885085,-0.21096876909192708,-0.10073497976550046,0.032419179118590186,-24.107740330041867,0.0,0.0
up_from_low_30d & dd_30d,8.62..12.6 & -inf..-33.6,34444,1.3482268218226114,0.31323307397514805,-0.21098742623645797,-0.07883151693329565,0.03240052197405929,-28.75930145806673,0.0,0.0
dist_high_20 & ret_4,0.241..0.463 & 0.391..0.803,53537,2.0955759888490637,0.3390178754879803,-0.21101423201654765,0.007171465836865559,0.032373716193969615,-34.684638260119485,0.0,0.0
dist_low_20 & ret_16,0.288..0.524 & -1.65..-0.793,61313,2.399948644942799,0.33558951608957316,-0.21120576129428184,-0.0006642969012351681,0.03218218691623542,-37.20406906780881,0.0,0.0
up_from_low_30d & ret_4,23..31.2 & 0.167..0.391,39602,1.5501242189588624,0.3382909954042725,-0.21132162568573418,0.00413586431584399,0.032066322524783086,-29.883228509889804,0.0,0.0
dist_low_20 & ret_4,0.288..0.524 & -0.812..-0.391,53972,2.1126030085765293,0.3366004594975172,-0.21154446109867417,0.0026104724244854845,0.031843487111843094,-34.95474095323739,0.0,0.0
up_from_low_30d & ret_16,12.6..17.3 & 1.63..inf,34606,1.354567918824564,0.3209270068774201,-0.21165938267615841,-0.06927940071430214,0.03172856553435885,-29.007447796803024,0.0,0.0
atr_pct & up_from_low_30d,0.461..0.551 & 23..31.2,49027,1.9190429797206239,0.33053215575091277,-0.21190670572494827,-0.013561048236417609,0.031481242485568994,-33.49466714901762,0.0,0.0
dd_30d & ema50_rel,-20.5..-16.2 & 0.654..1.38,39092,1.5301615061749367,0.3344418295303387,-0.21197750065598908,-0.013303034423845277,0.03141044755452818,-30.056952919450143,0.07142857142857142,0.0
atr_pct & dist_low_20,0.373..0.461 & -inf..0.288,40889,1.6005007118077097,0.3439800435324904,-0.21251760481719564,0.029339523269226935,0.03087034339332162,-30.315631112518062,0.0,0.0
up_from_low_30d & ret_4,12.6..17.3 & 0.803..inf,33899,1.3268941189456713,0.3196849464585976,-0.2125457826387199,-0.06711228623822754,0.030842165571797364,-28.776637712918284,0.0,0.0
dist_high_20 & dd_30d,0.241..0.463 & -inf..-33.6,19433,0.7606576422157358,0.3213605722225081,-0.2125539496556295,-0.04722325661682566,0.030833998554887776,-21.351092244428884,0.0,0.0
atr_pct & ret_16,0.373..0.461 & -inf..-1.65,10064,0.3939308656027976,0.342110492845787,-0.21268380764650155,0.02400499905649234,0.030704140564015714,-15.155350769636364,0.07142857142857142,0.16666666666666666
dd_30d & ret_4,-inf..-33.6 & 0..0.167,18523,0.7250378997973589,0.319062786805593,-0.213032864705351,-0.05568198475435315,0.030355083505166275,-20.938163201247523,0.0,0.0
atr_pct & ema50_rel,0.551..0.658 & 1.38..inf,41734,1.6335761869104883,0.32299803517515696,-0.2132922445908831,-0.047847490718502216,0.03009570361963415,-31.566772661833127,0.0,0.0
ret_4 & ret_16,0.391..0.803 & 0.781..1.63,69947,2.737905629602433,0.3365405235392511,-0.21353152871554762,-0.0025794390659275327,0.029856419494969644,-40.22551447065326,0.0,0.0
up_from_low_30d & ema50_rel,23..31.2 & 0.654..1.38,47274,1.8504260473476404,0.3294411304311038,-0.21363123874493795,-0.028280236499921504,0.029756709465579317,-33.41186371500704,0.0,0.16666666666666666
dist_high_20 & dist_low_20,1.39..1.96 & 0.288..0.524,45421,1.7778948575660443,0.3356156843750688,-0.21379381604349448,0.00022083906600891447,0.02959413216702278,-32.42241751890863,0.0,0.0
dd_30d & ret_16,-25.7..-20.5 & -0.793..-0.331,41602,1.6284093671311195,0.3392144608432287,-0.21417644116708642,0.010228511503418414,0.02921150704343084,-30.941119428864916,0.0,0.0
dist_high_20 & dd_30d,0.708..1 & -16.2..-12.2,43629,1.707751364803702,0.34612299158816384,-0.21419079324919998,0.027028934424099732,0.02919715496131728,-31.618883663918528,0.0,0.0
ema50_rel & ret_16,-0.701..-0.299 & -1.65..-0.793,70150,2.745851572141917,0.3373913043478261,-0.21442252513055235,0.00449107215268351,0.028965423079964914,-40.334724881582666,0.0,0.0
up_from_low_30d & ret_16,12.6..17.3 & -1.65..-0.793,39892,1.5614755654438397,0.33139476586784317,-0.2144582227085553,-0.017174184335011704,0.02892972550196196,-30.735320045983393,0.0,0.0
up_from_low_30d & ret_4,5.06..8.62 & -inf..-0.812,24960,0.9769986491897683,0.3188301282051282,-0.2145487146205396,-0.06347101604923068,0.02883923358997767,-24.81744951130374,0.0,0.0
dd_30d & ema50_rel,-25.7..-20.5 & 0.654..1.38,38127,1.4923889221818227,0.32976630734125423,-0.21456468527882447,-0.02719341077645397,0.028823262931692795,-30.151872962872805,0.0,0.0
atr_pct & up_from_low_30d,0.551..0.658 & 5.06..8.62,29124,1.1399883276844076,0.32406262875978575,-0.21468464013769556,-0.04773436258495916,0.028703308072821704,-26.709908787707633,0.0,0.0
atr_pct & up_from_low_30d,0.461..0.551 & 5.06..8.62,38062,1.4898446548662243,0.3331406652304135,-0.21476420186981152,-0.015458928204721797,0.028623746340705747,-30.139246007721642,0.0,0.0
atr_pct & up_from_low_30d,0.373..0.461 & 12.6..17.3,49088,1.9214306767398777,0.34377037157757495,-0.21510229272450979,0.025135535847440545,0.028285655486007477,-33.69224349818063,0.07142857142857142,0.0
dist_low_20 & dd_30d,0.288..0.524 & -25.7..-20.5,38516,1.5076153835013268,0.3472323190362447,-0.2155289309259378,0.03345733490278688,0.027859017284579457,-29.81305527727356,0.0,0.0
ema50_rel & ret_16,0.272..0.654 & -0.793..-0.331,21687,0.8488850042058695,0.33185779499239176,-0.21607502587101313,-0.01946477796655846,0.027312922339504137,-22.848171215561553,0.0,0.0
dist_low_20 & ret_4,1.08..1.46 & -0.163..0,39898,1.5617104208883563,0.3352298360820091,-0.21609429709575384,-0.0028578443860334006,0.027293651114763423,-30.799230120053135,0.0,0.0
up_from_low_30d & ret_4,-inf..5.06 & -0.812..-0.391,38805,1.518927587412218,0.34047158871279476,-0.2162702056459787,0.01535300687748022,0.027117742564538555,-30.17609290811388,0.07142857142857142,0.0
atr_pct & ret_16,0.373..0.461 & -0.331..0,49403,1.933760587577008,0.34358237354006843,-0.21630395239192116,0.025163742301726695,0.027083995818596107,-34.02259640980168,0.0,0.0
dist_high_20 & dd_30d,0.708..1 & -inf..-33.6,29453,1.1528662345587437,0.31653821342477845,-0.2163190784258814,-0.06185100937960441,0.02706886978463585,-26.877281628422736,0.0,0.0
atr_pct & dd_30d,0.551..0.658 & -8.28..-4.52,31070,1.2161597768560137,0.321853878339234,-0.21638625660756083,-0.049632176406152556,0.02700169160295643,-27.716339069799822,0.0,0.0
atr_pct & dist_low_20,0.373..0.461 & 0.777..1.08,56420,2.2084240299393723,0.3436724565756824,-0.21644602758502926,0.02453025303635519,0.026941920625488003,-36.41812848040787,0.0,0.0
atr_pct & ret_4,0.373..0.461 & 0.167..0.391,51125,2.0011641001533214,0.34390220048899756,-0.21689648886141263,0.02432342834808722,0.02649145934910463,-34.78116455978942,0.0,0.0
atr_pct & dist_low_20,0.373..0.461 & 0.524..0.777,53821,2.106692479889524,0.3433789784656547,-0.21717402509098957,0.02429043136250264,0.026213923119527693,-35.67857920257289,0.0,0.0
dist_high_20 & ema50_rel,0.708..1 & 0.654..1.38,43356,1.6970654420781888,0.325260632899714,-0.2172564958291426,-0.040023529416586844,0.026131452381374654,-32.66322365300727,0.0,0.0
up_from_low_30d & ret_16,17.3..23 & 1.63..inf,40322,1.5783068723008749,0.3148157333465602,-0.21732445372773854,-0.0803745964358894,0.026063494482778726,-32.133144803900805,0.0,0.0
dd_30d & ret_4,-25.7..-20.5 & -0.163..0,41448,1.6223814107218557,0.34488998262883613,-0.2173253017853138,0.024350790455970692,0.02606264642520345,-31.28324568486301,0.0,0.0
dd_30d & ret_4,-inf..-33.6 & -0.163..0,27929,1.093212951651484,0.31594400085932184,-0.21735468060753038,-0.06314639266793567,0.02603326760298688,-26.33831915648139,0.0,0.0
dist_low_20 & up_from_low_30d,1.46..2.04 & 5.06..8.62,30767,1.2042995769079168,0.3355543276887574,-0.21736341545544494,-0.014504247865220268,0.026024532755072327,-27.508872060855147,0.0,0.0
ret_4 & ret_16,-0.391..-0.163 & 0.781..1.63,28972,1.134038656423316,0.32883473698743615,-0.21759276751663859,-0.028402285429093403,0.025795180693878678,-26.62412988913498,0.0,0.0
atr_pct & ema50_rel,0.373..0.461 & -0.00931..0.272,44670,1.7484987844273618,0.3437430042534139,-0.21763039210216958,0.02413668276172934,0.02575755610834768,-32.63319222890868,0.0,0.0
atr_pct & dist_low_20,0.373..0.461 & 0.288..0.524,48149,1.884675799673003,0.3429147022783443,-0.21777598768600281,0.024031163958211102,0.02561196052451445,-33.79154801891792,0.0,0.0
atr_pct & dist_low_20,0.461..0.551 & 2.04..3.14,39516,1.5467579575874553,0.33044842595404395,-0.2177900983720301,-0.020716761305754887,0.025597849838487174,-31.084133397916457,0.0,0.0
up_from_low_30d & ret_16,23..31.2 & 0.332..0.781,40048,1.5675818070012757,0.3374950059928086,-0.21786717667870978,0.0021909694636715405,0.025520771531807485,-30.94500373814026,0.0,0.0
dist_low_20 & dd_30d,0.524..0.777 & -25.7..-20.5,40434,1.5826908405985212,0.33991195528515605,-0.21810766477990226,0.011573340411063929,0.025280283430615003,-31.075681715098927,0.0,0.0
dist_low_20 & ret_4,0.777..1.08 & -0.391..-0.163,40156,1.5718092050025776,0.3353172626755653,-0.21845525847706201,-0.0033396793231443575,0.02493268973345525,-31.20580708945633,0.0,0.0
dist_low_20 & dd_30d,0.288..0.524 & -inf..-33.6,24870,0.9734758175220167,0.3162444712505026,-0.21845809280861464,-0.05876695457209999,0.024929855401902623,-24.843840265132243,0.0,0.0
dist_high_20 & dd_30d,0.708..1 & -25.7..-20.5,41849,1.638077582930393,0.33632822767569115,-0.21846561697973957,-0.0013474058982274812,0.024922331230777695,-31.844808351067165,0.0,0.0
dist_low_20 & ret_16,1.46..2.04 & 0.781..1.63,117691,4.606728686770554,0.3336533804623973,-0.21860147187951745,-0.0113945878193366,0.024786476330999813,-53.60800115010497,0.0,0.0
up_from_low_30d & ema50_rel,12.6..17.3 & -0.701..-0.299,40185,1.5729443396510752,0.34642279457509023,-0.2186303387599764,0.032417076912657834,0.02475760945054087,-30.88146089096207,0.07142857142857142,0.0
dist_low_20 & dd_30d,0.777..1.08 & -16.2..-12.2,43334,1.696204305448294,0.3426408824479623,-0.21865714633811975,0.018395752708926245,0.024730801872397512,-32.34047961307724,0.0,0.0
dist_high_20 & ema50_rel,1..1.39 & -0.299..-0.00931,46312,1.8127708910767848,0.33697529797892556,-0.21878526730240738,0.002994253007853698,0.02460268090810988,-33.456913159093226,0.07142857142857142,0.0
dist_high_20 & dd_30d,0.463..0.708 & -inf..-33.6,24543,0.9606761957958527,0.31780955873365113,-0.219009301764191,-0.05734649149126792,0.024378646446326258,-24.808503791555346,0.0,0.0
up_from_low_30d & dd_30d,12.6..17.3 & -16.2..-12.2,38416,1.5037011260927138,0.33868700541441066,-0.21903873653809414,0.0038110090573064137,0.024349211672423127,-30.602995575639323,0.07142857142857142,0.0
dist_low_20 & ema50_rel,0.777..1.08 & -0.299..-0.00931,42073,1.646845519525686,0.3416205167209374,-0.21927597722962724,0.01740125578159298,0.02411197098089002,-31.82755145385848,0.0,0.0
dist_high_20 & dist_low_20,0.463..0.708 & 1.08..1.46,42150,1.6498594977303178,0.33755634638196913,-0.21928185514555756,0.006042508361053075,0.0241060930649597,-31.967413339619096,0.0,0.0
dist_low_20 & ret_16,0.777..1.08 & -0.331..0,46811,1.832303035545763,0.3360748542009357,-0.21940272442560615,-0.00019027391773703033,0.02398522378491111,-33.789365257304965,0.0,0.0
up_from_low_30d & dd_30d,12.6..17.3 & -20.5..-16.2,41295,1.616392596886678,0.33367235742826007,-0.21946925150603294,-0.012324236376387531,0.02391869670448432,-31.94489514817102,0.0,0.0
atr_pct & ret_4,0.461..0.551 & 0.803..inf,27699,1.0842101596116744,0.32925376367377884,-0.2197680506955653,-0.022541337854171707,0.02361989751495197,-26.2216858437045,0.0,0.0
up_from_low_30d & ret_4,-inf..5.06 & 0.391..0.803,30369,1.1887208324216376,0.3414336988376305,-0.21983909559285655,0.009736877047034654,0.02354885261766071,-27.333661791747907,0.0,0.0
ret_4 & ema50_rel,0.391..0.803 & -0.00931..0.272,35420,1.3864299741306727,0.3385375494071146,-0.22004217515694355,0.006836764783816773,0.023345773053573715,-29.43086551107099,0.0,0.0
atr_pct & ema50_rel,0.461..0.551 & 0.654..1.38,53714,2.1025042244623084,0.3297464348214618,-0.22008196564718827,-0.021593305766022884,0.023305982563328997,-36.5582135492334,0.0,0.0
dist_low_20 & up_from_low_30d,1.46..2.04 & 8.62..12.6,36250,1.4189183106221595,0.3310344827586207,-0.2201640375938075,-0.024605878076753785,0.023223910616709753,-30.221657867255747,0.0,0.0
up_from_low_30d & dd_30d,8.62..12.6 & -20.5..-16.2,42029,1.6451232462658962,0.346665397701587,-0.22034181301884234,0.02424114640408991,0.02304613519167492,-32.07386283410753,0.0,0.0
up_from_low_30d & ema50_rel,12.6..17.3 & 1.38..inf,34916,1.366702116791264,0.3198247221903998,-0.22070028022360727,-0.07267556910559198,0.022687667986909993,-30.354353813328153,0.0,0.0
atr_pct & dist_high_20,0.373..0.461 & 0.708..1,57525,2.251676574304544,0.34245980008691873,-0.22071591141934335,0.020348316700367585,0.02267203679117391,-37.52553170474293,0.0,0.0
dist_high_20 & up_from_low_30d,1.39..1.96 & 8.62..12.6,35722,1.3982510315046837,0.33027266110520126,-0.2208221769002508,-0.0261603848217974,0.022565771310266464,-30.16823490206539,0.0,0.0
up_from_low_30d & ret_16,-inf..5.06 & 1.63..inf,9346,0.3658264974089573,0.3227049004921892,-0.22103580718776358,-0.057734282496047874,0.02235214102275368,-15.706554531517163,0.0,0.16666666666666666
dist_low_20 & ema50_rel,1.46..2.04 & 0.654..1.38,89408,3.49965926389258,0.33267716535433073,-0.22118008678578885,-0.015428387660642461,0.022207861424728415,-47.31822139235812,0.0,0.0
dd_30d & ret_4,-20.5..-16.2 & 0.167..0.391,41768,1.6349070344294168,0.34313349932963033,-0.2214658900394514,0.01845656965925597,0.02192205817106585,-32.088943513981505,0.0,0.0
dd_30d & ret_16,-12.2..-8.28 & 0.781..1.63,38568,1.5096507973538054,0.33724849616262187,-0.2217275957595705,-0.006713441091377888,0.021660352450946774,-31.147679134000903,0.07142857142857142,0.0
dist_low_20 & ema50_rel,-inf..0.288 & -1.44..-0.701,67134,2.627797568698153,0.3438943009503381,-0.22180450204784816,0.026395577788361886,0.021583446162669107,-40.505312135007735,0.0,0.0
dist_low_20 & up_from_low_30d,2.04..3.14 & 5.06..8.62,25270,0.9891328471564681,0.3214087851206965,-0.22207380706211804,-0.05817604709098021,0.021314141148399218,-25.860502500375205,0.0,0.0
atr_pct & dist_low_20,0.373..0.461 & 1.08..1.46,54639,2.138711105491977,0.3416424165888834,-0.22218121105734284,0.018259450661384256,0.02120673715317442,-36.84368223138864,0.0,0.0
atr_pct & up_from_low_30d,1.08..inf & 8.62..12.6,17452,0.6831162029511152,0.3030598212239285,-0.22240851816038262,-0.15191419603071918,0.02097943005013464,-22.722214090131285,0.0,0.0
atr_pct & ret_4,0.373..0.461 & -0.391..-0.163,51665,2.022301090159831,0.34139165779541275,-0.222476771016912,0.01870474003818764,0.020911177193605274,-35.83687999453997,0.0,0.0
up_from_low_30d & ret_16,17.3..23 & -1.65..-0.793,41059,1.6071549494023516,0.3248496066635817,-0.2225536850755679,-0.03742577741049205,0.020834263134949377,-32.497743979731325,0.0,0.0
atr_pct & dd_30d,0.461..0.551 & -inf..-33.6,26203,1.025652868778826,0.32584055260847994,-0.22273743598045706,-0.02561777308219183,0.020650512230060203,-25.731319512443047,0.0,0.0
up_from_low_30d & ret_4,8.62..12.6 & 0.803..inf,28027,1.0970489239119245,0.3201198843971884,-0.22312771277111534,-0.07019986664125955,0.02026023543940192,-27.50546661591443,0.0,0.0
atr_pct & ret_16,0.373..0.461 & 0.332..0.781,51721,2.024493074308654,0.3415633881788829,-0.2237299140953879,0.01762719451514111,0.01965803411512937,-36.10476372650961,0.0,0.0
up_from_low_30d & ema50_rel,8.62..12.6 & -1.44..-0.701,38553,1.5090636587425135,0.3328923819158042,-0.22393514339814558,-0.017339773718596463,0.019452804812371688,-31.632011683910584,0.0,0.0
dist_low_20 & dd_30d,1.08..1.46 & -12.2..-8.28,40023,1.5666032426491225,0.3358318966594208,-0.22438887933017065,-0.006190589412537584,0.01899906888034661,-32.067460139394434,0.07142857142857142,0.0
dist_low_20 & up_from_low_30d,0.524..0.777 & 23..31.2,36653,1.4346927679788692,0.33727116470684526,-0.22440190425854914,0.0022044414785285906,0.018986043951968123,-30.457616640532542,0.0,0.0
dist_low_20 & up_from_low_30d,1.46..2.04 & 17.3..23,43859,1.7167541568435114,0.32278437720878267,-0.22471206063993077,-0.046555108936936415,0.018675887570586497,-34.06618863028662,0.0,0.0
dd_30d & ret_4,-12.2..-8.28 & -0.812..-0.391,37939,1.4850301182536305,0.3346688104588945,-0.22508949040476947,-0.011438939019350208,0.018298457805747792,-31.397226600211656,0.07142857142857142,0.0
up_from_low_30d & ret_4,8.62..12.6 & -inf..-0.812,28086,1.0993583357830061,0.31670583208716085,-0.22517534201880637,-0.0784621210683431,0.01821260619171089,-27.89731247844996,0.0,0.0
atr_pct & dist_low_20,0.461..0.551 & 3.14..inf,8089,0.31662428178269375,0.32686364198293977,-0.2254177855447855,-0.03047693136575334,0.01797016266573176,-14.593595720687011,0.0,0.0
atr_pct & up_from_low_30d,0.373..0.461 & 23..31.2,41182,1.6119694860149454,0.33915302802195135,-0.22545712111543717,0.014367299935316475,0.017930827095080093,-32.382007830010465,0.0,0.0
atr_pct & up_from_low_30d,0.551..0.658 & 8.62..12.6,36543,1.4303870848293951,0.3189119667241332,-0.22572973042016364,-0.05889244662742781,0.01765821779035362,-31.463109736841268,0.0,0.0
up_from_low_30d & ema50_rel,5.06..8.62 & 1.38..inf,14666,0.5740649915471612,0.32469657711714167,-0.2262608961915676,-0.055767918747606095,0.01712705201894965,-20.166305622983057,0.0,0.0
dist_high_20 & ret_16,0.241..0.463 & 0.781..1.63,63972,2.504028749437815,0.33506846745451135,-0.22628934989479346,-0.006639241966962908,0.0170985983157238,-40.81211428895055,0.0,0.0
dist_high_20 & dd_30d,0.708..1 & -20.5..-16.2,43928,1.7194549944554545,0.33941904935348755,-0.22631894679931094,0.006780390280450262,0.01706900141120632,-33.687696344198315,0.0,0.0
dd_30d & ret_4,-25.7..-20.5 & -0.391..-0.163,41147,1.610599495921931,0.3357717452062119,-0.22652342412221105,-0.0036428562325736846,0.016864524088306215,-32.738820411440365,0.0,0.0
ema50_rel & ret_16,0.654..1.38 & -0.331..0,19782,0.7743184005717947,0.3221615610150642,-0.22691391923172957,-0.04839817910069821,0.01647402897878769,-23.072906334258867,0.0,0.0
atr_pct & ret_4,0.373..0.461 & -0.812..-0.391,47402,1.855436296830665,0.3392050968313573,-0.2270708751738788,0.013029220205372562,0.016317073036638458,-35.0520036731444,0.0,0.0
dist_high_20 & ret_16,0.708..1 & 0..0.332,42233,1.6531083313794666,0.33492766320176165,-0.2270733665550207,-0.003366534864729175,0.01631458165549657,-33.25522713296898,0.0,0.0
dist_low_20 & ema50_rel,0.524..0.777 & -0.701..-0.299,50320,1.969654328013988,0.3384141494435612,-0.22709754421423878,0.00959968581794166,0.016290403996278485,-36.088767410487904,0.0,0.0
dist_high_20 & ret_4,1..1.39 & -0.812..-0.391,71462,2.7972066293429174,0.3320925806722454,-0.22717990579936165,-0.013210419106188323,0.016208042411155615,-43.37822492047449,0.0,0.0
up_from_low_30d & ret_4,12.6..17.3 & -0.812..-0.391,40708,1.5934159058981205,0.3295175395499656,-0.2272259668809151,-0.024083754030612494,0.01616198132960217,-32.966632979521016,0.0,0.0
atr_pct & up_from_low_30d,0.373..0.461 & 8.62..12.6,51348,2.009892894174528,0.3403248422528628,-0.2273413406415963,0.013971121604518673,0.016046607568920956,-36.583506260509715,0.07142857142857142,0.0
up_from_low_30d & dd_30d,-inf..5.06 & -25.7..-20.5,53891,2.109432460075553,0.34100313595962223,-0.2273553859173384,0.013475294161751904,0.01603256229317887,-37.48051719767757,0.0,0.0
up_from_low_30d & ret_4,23..31.2 & -0.391..-0.163,38239,1.496772890479469,0.33188629409764897,-0.22743923523952367,-0.01659180521025538,0.015948712970993595,-31.76298206352322,0.0,0.0
dist_high_20 & dd_30d,0.463..0.708 & -25.7..-20.5,39193,1.5341149061576358,0.33983109228688796,-0.22751150322608465,0.010131949323389284,0.01587644498443261,-31.935561489074495,0.0,0.0
dist_low_20 & ret_4,1.08..1.46 & 0.167..0.391,56478,2.2106942992363674,0.3370515953114487,-0.22767803445546475,0.0024660683047328566,0.015709913755052513,-38.46482422270714,0.0,0.0
dist_low_20 & dd_30d,0.777..1.08 & -20.5..-16.2,43973,1.7212164102893301,0.3364792031473859,-0.2278048555804496,-0.0019518398243704759,0.015583092630067658,-34.04764707671962,0.0,0.0
dist_low_20 & dd_30d,1.46..2.04 & -8.28..-4.52,35251,1.379814879110117,0.3257779921136989,-0.22815206441377528,-0.04051858015201274,0.015235883796741984,-30.998674397339542,0.0,0.0
dd_30d & ema50_rel,-inf..-33.6 & 0.272..0.654,27011,1.057280068640418,0.31261337973418235,-0.22851013140061616,-0.07412563785648162,0.014877816809901107,-27.31425362170932,0.0,0.0
ret_4 & ema50_rel,-0.812..-0.391 & -0.701..-0.299,58089,2.2737529860891206,0.3386011120866257,-0.22854536871794995,0.00848350186027765,0.014842579492567315,-38.99995857909684,0.0,0.0
atr_pct & dd_30d,0.373..0.461 & -8.28..-4.52,41022,1.6057066741611647,0.34032957925015844,-0.22859625430168395,0.012879905366785585,0.014791693908833309,-32.92830420008233,0.07142857142857142,0.0
dist_high_20 & dd_30d,0.241..0.463 & -25.7..-20.5,35713,1.3978987483379084,0.3445804048945762,-0.228710575917621,0.02577542751716355,0.014677372292896257,-30.494955430409,0.0,0.0
dd_30d & ret_16,-25.7..-20.5 & 0..0.332,32684,1.279335891431025,0.3430730632725493,-0.2289711288018939,0.02064587799047856,0.014416819408623355,-29.293996176069385,0.0,0.0
dd_30d & ret_16,-25.7..-20.5 & -0.331..0,39623,1.550946213014671,0.3427554703076496,-0.22899724119562315,0.020425155335312254,0.014390707014894116,-32.228893236067535,0.0,0.0
dd_30d & ema50_rel,-8.28..-4.52 & -1.44..-0.701,38165,1.4938763399970956,0.33266081488274596,-0.22906709449283086,-0.019911068683590362,0.014320853717686405,-32.30116604611921,0.0,0.0
dd_30d & ret_4,-25.7..-20.5 & 0..0.167,31047,1.2152594976520328,0.34212645344155634,-0.22930086474864791,0.016240231197892453,0.014087083461869349,-28.602368220939567,0.0,0.0
atr_pct & ret_4,0.373..0.461 & -0.163..0,50587,1.9801053952949843,0.3390594421491688,-0.2295490542909092,0.011955811964458886,0.013838893919608075,-36.67106699547579,0.0,0.0
up_from_low_30d & ret_4,17.3..23 & -0.812..-0.391,41948,1.64195269776492,0.3237818251168113,-0.22985407621376525,-0.040754589493098695,0.013533871996752017,-33.99245187736698,0.0,0.0
dist_low_20 & up_from_low_30d,1.46..2.04 & 12.6..17.3,40579,1.58836651384101,0.3237142364277089,-0.22995028277632448,-0.044103591919450735,0.01343766543419278,-33.5910975927584,0.0,0.0
ret_4 & ret_16,-0.812..-0.391 & -0.331..0,40678,1.5922416286755365,0.335218053984955,-0.2304471215221509,-0.0029881003032338053,0.012940826688366353,-33.068379951493775,0.0,0.0
atr_pct & ret_4,0.373..0.461 & 0.391..0.803,47781,1.8702713324093077,0.33879575563508507,-0.23063194395150918,0.009504502737042973,0.01275600425900808,-35.84424351245896,0.0,0.0
up_from_low_30d & dd_30d,31.2..48 & -4.52..inf,60168,2.355130397614182,0.32454128440366975,-0.23107680276109904,-0.04404956775294334,0.01231114544941822,-41.07675150280239,0.14285714285714285,0.0
dist_low_20 & ret_16,1.08..1.46 & 0.332..0.781,81111,3.174893326699972,0.33693333826484695,-0.23114422667229262,0.002644565374866785,0.012243721538224644,-46.769250846546555,0.0,0.0
ret_4 & ret_16,-0.391..-0.163 & -1.65..-0.793,48818,1.910862181736623,0.33178335859723873,-0.23144711710381813,-0.013226853895719865,0.011940831106699135,-36.51140089948988,0.0,0.0
up_from_low_30d & ema50_rel,8.62..12.6 & 1.38..inf,25229,0.9875280016189368,0.31757104918942486,-0.2321153722959776,-0.07368621998533247,0.011272575914539673,-27.19647719946363,0.0,0.0
dd_30d & ema50_rel,-inf..-33.6 & -0.00931..0.272,22088,0.8645811764144071,0.3138808402752626,-0.23229477645730648,-0.07089119561197603,0.011093171753210784,-25.099889826421386,0.0,0.0
dist_high_20 & ema50_rel,0.708..1 & 0.272..0.654,42700,1.6713879134776886,0.330327868852459,-0.2323325864092666,-0.021329801530639205,0.011055361801250663,-34.43900162171431,0.0,0.0
up_from_low_30d & ema50_rel,17.3..23 & 1.38..inf,41901,1.6401129967828718,0.310732440753204,-0.23236703915203819,-0.09222032925566528,0.011020909058479078,-35.097326502842705,0.0,0.0
dist_low_20 & dd_30d,2.04..3.14 & -4.52..inf,35628,1.3945716295405874,0.31562254406646456,-0.23250512099992524,-0.07476884290099468,0.010882827210592028,-32.0823111828287,0.07142857142857142,0.0
atr_pct & up_from_low_30d,1.08..inf & 12.6..17.3,21743,0.8510769883546928,0.29632525410476934,-0.23282433451582477,-0.16176493773197828,0.010563613694692497,-26.61080517499874,0.07142857142857142,0.0
ret_4 & ret_16,-0.163..0 & 0.781..1.63,34255,1.340828875320333,0.32929499343161583,-0.23317974281079412,-0.023168472183422825,0.010208205399723141,-30.928582023983616,0.0,0.0
dist_high_20 & up_from_low_30d,1.39..1.96 & 5.06..8.62,33227,1.300590309159793,0.32717368405212627,-0.23327887744633824,-0.03154451825642143,0.010109070764179023,-30.78322163225084,0.0,0.0
ret_4 & ema50_rel,-0.391..-0.163 & 0.654..1.38,28367,1.1103573991012081,0.32319244192195157,-0.23329579961226776,-0.045513130286351254,0.0100921485982495,-28.40851537019005,0.0,0.0
ret_4 & ema50_rel,-0.812..-0.391 & -0.299..-0.00931,37745,1.4774364588809217,0.33524970194727777,-0.2337582212256158,-0.004212210443399449,0.009629726984901471,-32.351572074874085,0.0,0.0
dist_high_20 & ema50_rel,0.708..1 & -0.00931..0.272,44407,1.73820428744271,0.3387078613732069,-0.23386778232980013,0.00850741895554746,0.009520165880717135,-34.99637420374942,0.0,0.0
atr_pct & ret_16,0.461..0.551 & 1.63..inf,27062,1.0592763399188105,0.3252161702756633,-0.23402955061575068,-0.037090599570494355,0.009358397594766588,-27.75079373556856,0.0,0.0
dist_high_20 & ret_4,1..1.39 & -0.163..0,45363,1.775624588269049,0.33269404580825784,-0.23411437415551123,-0.009515007736967724,0.009273574055006034,-35.55352564333793,0.0,0.0
ret_4 & ema50_rel,0.391..0.803 & 0.654..1.38,72375,2.832943799483553,0.33134369602763386,-0.23413374529522812,-0.019022430987949906,0.00925420291528914,-45.047130174889794,0.0,0.0
dd_30d & ema50_rel,-25.7..-20.5 & -0.00931..0.272,35452,1.387682536501429,0.342350220015796,-0.2347040738072417,0.017654098397267774,0.00868387440327556,-31.29338545235473,0.0,0.0
dist_high_20 & up_from_low_30d,1.96..3.07 & 8.62..12.6,31101,1.2173731966526837,0.3166136137101701,-0.23473532856778068,-0.07521388915334871,0.008652619642736586,-30.50461534703887,0.0,0.0
dist_high_20 & up_from_low_30d,1..1.39 & 17.3..23,42557,1.6657905253833722,0.32354254294240664,-0.23489125864240967,-0.0392925967961262,0.00849668956810759,-34.91593456351189,0.0,0.0
atr_pct & ret_4,0.373..0.461 & 0..0.167,39567,1.5487542288658478,0.33768039022417673,-0.23493354079106202,0.006732232484829951,0.008454407419455245,-33.25252332933885,0.0,0.0
dist_high_20 & ret_4,1..1.39 & 0..0.167,30030,1.17545149980644,0.3309357309357309,-0.23503083847886527,-0.018298932627528543,0.00835710973165199,-29.148467432313094,0.0,0.0
atr_pct & ema50_rel,0.461..0.551 & -inf..-1.44,19268,0.7541991174915247,0.32338592484949136,-0.23521992683380127,-0.03885235985309151,0.00816802137671599,-23.572783837056264,0.07142857142857142,0.16666666666666666
dist_low_20 & up_from_low_30d,0.777..1.08 & -inf..5.06,41694,1.6320104839470433,0.34494171823283926,-0.23532627979309034,0.028997656121792725,0.00806166841742692,-33.85618694881431,0.0,0.0
ret_4 & ret_16,0.391..0.803 & 0.332..0.781,54403,2.129473458007651,0.33841883719647814,-0.23544544601278072,0.004795443169191189,0.00794250219773654,-38.92198649792072,0.0,0.0
dist_high_20 & ema50_rel,1..1.39 & -0.701..-0.299,73272,2.8680546884388103,0.3384785456927612,-0.23557424951278186,0.010003082799103967,0.007813698697735405,-45.078614846672025,0.0,0.0
dd_30d & ema50_rel,-16.2..-12.2 & -0.701..-0.299,44018,1.722977826123206,0.34129219864600846,-0.23585872329439725,0.01570906554007875,0.007529224916120014,-35.026387996037144,0.0,0.0
dd_30d & ret_16,-20.5..-16.2 & -0.793..-0.331,43725,1.7115090519159704,0.3388679245283019,-0.2359057399640703,0.005805665383033972,0.007482208246446964,-34.98424391947503,0.0,0.0
dd_30d & ret_16,-4.52..inf & -1.65..-0.793,25063,0.9810303343206396,0.33264174280812353,-0.23633074638114013,-0.01849366144701391,0.0070572018293771355,-26.88087715755038,0.0,0.0
dist_low_20 & ema50_rel,1.08..1.46 & 1.38..inf,7879,0.30840434122460675,0.3120954435842112,-0.23658242746480387,-0.07630370635527377,0.006805520745713389,-15.303642620151058,0.0,0.0
dist_high_20 & ema50_rel,0.463..0.708 & 0.654..1.38,50699,1.9844893635926306,0.3246809601767293,-0.2370541385038936,-0.03738222692831982,0.006333809706623672,-38.42456935276594,0.0,0.0
dist_high_20 & ret_4,0.708..1 & 0.167..0.391,39731,1.5551736110159728,0.33049759633535525,-0.23734334703640714,-0.01854048238516643,0.006044601174110126,-33.846913795472844,0.0,0.0
up_from_low_30d & ret_4,17.3..23 & 0.391..0.803,43939,1.7198855627704017,0.32338014064953685,-0.23737633141040668,-0.042842272871681686,0.006011616800110586,-35.91509989331374,0.0,0.0
dist_low_20 & ret_4,1.08..1.46 & 0..0.167,37253,1.4581783124305463,0.3350065766515448,-0.23782139219638032,-0.0050094228632852214,0.005566556014136942,-32.693474456809234,0.0,0.0
dist_high_20 & dist_low_20,0.708..1 & 0.777..1.08,40982,1.6041409711977197,0.332560636376946,-0.237825331156138,-0.011135930428524005,0.005562617054379271,-34.39669286803045,0.0,0.0
dist_high_20 & ret_16,0.463..0.708 & 0.332..0.781,53620,2.0988248224982122,0.3343155538977993,-0.23807744917844273,-0.005279984658183826,0.005310499032074534,-39.25931673356603,0.0,0.0
dist_high_20 & ret_16,1..1.39 & -0.793..-0.331,89982,3.522127101418018,0.3339890200262275,-0.23901430662907627,-0.004018951888133485,0.00437364158144099,-50.98190370569577,0.0,0.0
dist_low_20 & dd_30d,0.524..0.777 & -20.5..-16.2,43306,1.6951083133738825,0.33967579550177807,-0.23902010087359907,0.010227840845461645,0.004367847336918196,-35.25872041956869,0.0,0.0
dist_high_20 & dd_30d,1..1.39 & -8.28..-4.52,36748,1.4384113125170515,0.33313377598780886,-0.23953129518507185,-0.011016457402783736,0.0038566530254454112,-32.77277708058235,0.0,0.0
dist_low_20 & ret_16,0.524..0.777 & -0.793..-0.331,52279,2.046334630648714,0.3318923468314237,-0.23955294492963208,-0.011502730945856838,0.0038350032808851797,-39.04481801797501,0.0,0.0
up_from_low_30d & ema50_rel,5.06..8.62 & -1.44..-0.701,37568,1.470508223267677,0.32807176320272574,-0.23976155300357505,-0.024400645407899872,0.003626395206942218,-33.413450516272796,0.0,0.0
atr_pct & dd_30d,0.373..0.461 & -12.2..-8.28,45395,1.776877150639805,0.33589602379116645,-0.23995980546653914,0.0012106076918244834,0.0034281427439781242,-36.517776992875056,0.0,0.0
atr_pct & ret_16,0.373..0.461 & 0..0.332,42491,1.6632071154936876,0.3361182368030877,-0.2399861743401707,0.0017182856210622764,0.0034017738703465694,-35.2291510168024,0.0,0.0
atr_pct & dd_30d,0.461..0.551 & -4.52..inf,29511,1.1551365038557393,0.3241164311612619,-0.24032499448602757,-0.041657866470968447,0.0030629537244896976,-29.880693847567937,0.0,0.0
dd_30d & ret_16,-20.5..-16.2 & 0.332..0.781,40753,1.5951773217319962,0.33788923514833263,-0.24096102949634246,0.0033054588449703184,0.0024269187141748028,-34.54556308420974,0.07142857142857142,0.0
dist_low_20 & ema50_rel,1.46..2.04 & 1.38..inf,26242,1.027179429168185,0.31457206005639815,-0.2410540341481485,-0.0704443546804974,0.0023339140623687693,-28.422351356164416,0.0,0.0
dist_high_20 & ema50_rel,1..1.39 & -1.44..-0.701,53336,2.0877083314577516,0.3302647367631618,-0.24118251231580456,-0.013597193756020252,0.0022054358947126984,-39.726245046984324,0.0,0.0
atr_pct & dist_high_20,0.373..0.461 & 0.241..0.463,48683,1.9055779342349957,0.33588727071051494,-0.2415908939736165,0.0003449526211834121,0.0017970542369007692,-37.95436103504613,0.0,0.0
dd_30d & ret_4,-16.2..-12.2 & -0.391..-0.163,43745,1.7122919033976929,0.34095325180020575,-0.24181228861765539,0.014428515210656401,0.0015756595928618777,-35.795932924109664,0.0,0.0
ret_4 & ret_16,0.167..0.391 & -0.793..-0.331,35415,1.386234261260242,0.3354510800508259,-0.2420282104635044,-0.002860821508534265,0.001359737747012868,-32.395533752602965,0.0,0.0
atr_pct & ema50_rel,0.373..0.461 & 0.272..0.654,52604,2.0590559672267057,0.3356208653334347,-0.24227408938195288,-0.0010009701363717525,0.0011138588285643791,-39.624289203341526,0.0,0.0
dist_high_20 & ema50_rel,0.241..0.463 & 0.654..1.38,58966,2.3080810235626554,0.3309873486415901,-0.2424028969636455,-0.017600426953527062,0.0009850512468717598,-42.05694899026811,0.0,0.0
dist_high_20 & up_from_low_30d,1..1.39 & 12.6..17.3,41494,1.6241819691298176,0.32698703427001496,-0.2425834636901038,-0.0320527463736289,0.0008044845204134565,-35.56397915125109,0.0,0.0
dd_30d & ret_4,-20.5..-16.2 & -0.391..-0.163,43279,1.6940514638735569,0.3365835624667853,-0.24260420871578411,-0.002177950777136804,0.0007837394947331489,-35.87432027778645,0.0,0.0
up_from_low_30d & ret_16,8.62..12.6 & 1.63..inf,27792,1.0878504190016842,0.3130757052389177,-0.24293384585360223,-0.0924017555684888,0.0004541023569150371,-30.080732283193154,0.0,0.0
ema50_rel & ret_16,0.272..0.654 & 0.781..1.63,65394,2.5596894897882896,0.33163592990182583,-0.243176816632088,-0.017821417858974,0.00021113157842925223,-44.44644967039903,0.0,0.0
dist_high_20 & up_from_low_30d,0.463..0.708 & 23..31.2,38609,1.5112556428913366,0.32994897562744435,-0.24328798974861787,-0.02002083886772608,9.995846189939095e-05,-34.06548053501488,0.0,0.0
ret_4 & ret_16,0.167..0.391 & 0.781..1.63,51691,2.02331879708607,0.33305604457255616,-0.24371263875647692,-0.01217970092399527,-0.00032469054595965496,-39.489030775186215,0.0,0.0
dist_high_20 & dd_30d,1..1.39 & -12.2..-8.28,38727,1.5158744666334998,0.33018307640664135,-0.24377887355624525,-0.02162762748818505,-0.0003909253457279882,-34.39524658498187,0.0,0.0
dd_30d & ema50_rel,-8.28..-4.52 & 0.654..1.38,37719,1.4764187519546823,0.3311858744929611,-0.2439036808507447,-0.024432977842110546,-0.0005157326402274454,-33.94361195740045,0.07142857142857142,0.0
dd_30d & ret_4,-8.28..-4.52 & 0.391..0.803,36926,1.4453786907043824,0.33087797216053727,-0.24403964783344229,-0.02257086548016727,-0.0006516996229250227,-33.60801835420994,0.0,0.0
dd_30d & ret_16,-16.2..-12.2 & -0.793..-0.331,43748,1.7124093311199513,0.33978696168967726,-0.24411215136600967,0.011661250402367753,-0.0007242031554924033,-36.14090218815734,0.0,0.0
dd_30d & ema50_rel,-20.5..-16.2 & -0.299..-0.00931,41256,1.6148660364973189,0.34717374442505333,-0.2443742128710928,0.03248450517821699,-0.0009862646605755254,-34.93764449558374,0.0,0.0
up_from_low_30d & dd_30d,5.06..8.62 & -25.7..-20.5,48178,1.8858109343215006,0.33490389804475074,-0.24466735580761206,-0.005906518766047936,-0.0012794075970948005,-38.45017433834324,0.0,0.0
dist_high_20 & dist_low_20,1.39..1.96 & -inf..0.288,49683,1.944720508321124,0.3343799690034821,-0.24478693118455325,-0.0004320152723544796,-0.0013989829740359838,-38.73123604191317,0.0,0.0
atr_pct & up_from_low_30d,0.807..1.08 & 12.6..17.3,30215,1.1826928760123738,0.2987588945887804,-0.2448689443201092,-0.1353745130330957,-0.001480996109591931,-32.15065323340583,0.14285714285714285,0.0
dist_low_20 & dd_30d,0.524..0.777 & -16.2..-12.2,43858,1.7167150142694254,0.34358611883806833,-0.2449820112686571,0.023206688798090715,-0.001594063058139833,-36.228625963448124,0.0,0.0
ret_4 & ret_16,0.391..0.803 & 0..0.332,34543,1.352101936657138,0.3314130214515242,-0.2450239553728233,-0.013921369752587252,-0.0016360071623060246,-32.48117368003259,0.0,0.0
up_from_low_30d & ret_16,23..31.2 & -0.331..0,36135,1.4144169146022547,0.33493842534938423,-0.24579099380173514,-0.004222655914481553,-0.0024030455912178728,-33.06610224891391,0.0,0.0
dist_high_20 & dist_low_20,1..1.39 & 0.524..0.777,42514,1.6641073946976686,0.3278449451945242,-0.24599342305814567,-0.021829988458633164,-0.0026054748476284084,-36.26888799353284,0.0,0.0
up_from_low_30d & dd_30d,17.3..23 & -inf..-33.6,44332,1.7352685943862503,0.3010917621582604,-0.2460378180501175,-0.11177071988286384,-0.0026498698396002496,-38.28402701951245,0.0,0.0
dist_high_20 & ret_4,1..1.39 & -0.391..-0.163,57560,2.253046564397559,0.32967338429464904,-0.24607661479758153,-0.01898920712546932,-0.0026886665870642645,-42.173239973736216,0.0,0.0
atr_pct & dist_low_20,0.373..0.461 & 1.46..2.04,43112,1.6875146540011734,0.3337121915012062,-0.24637939200310105,-0.0071782507713065635,-0.0029914437925837867,-36.59287615986328,0.0,0.0
atr_pct & dist_high_20,0.373..0.461 & 0.463..0.708,53680,2.10117337694338,0.3337183308494784,-0.24653010185902688,-0.005052552900045319,-0.0031421536485096158,-40.75087345423123,0.0,0.0
up_from_low_30d & ret_16,8.62..12.6 & -1.65..-0.793,38713,1.515326470596294,0.326634463875184,-0.2469334424787826,-0.032731993728300705,-0.0035454942682653368,-35.0593646212944,0.0,0.0
up_from_low_30d & ema50_rel,23..31.2 & 0.272..0.654,40316,1.578072016856358,0.32959619009822405,-0.24721947782771703,-0.024291785817050198,-0.0038315296171997637,-35.505280355736694,0.0,0.16666666666666666
up_from_low_30d & ema50_rel,23..31.2 & -0.299..-0.00931,35002,1.370068378162671,0.33546654476887033,-0.24778495035991807,-0.0027956768055275496,-0.004397002149400808,-32.77688080335685,0.0,0.0
dd_30d & ret_16,-8.28..-4.52 & -1.65..-0.793,37076,1.4512500768173016,0.32654547416118246,-0.24787789720612935,-0.0347263504395681,-0.004489948995612086,-34.45655883628738,0.0,0.0
dist_high_20 & up_from_low_30d,1..1.39 & -inf..5.06,35572,1.3923796453917643,0.3365006184639604,-0.24800483507104928,0.0030556492690235705,-0.004616886860532021,-33.325566770397025,0.0,0.0
ema50_rel & ret_16,0.654..1.38 & 0.781..1.63,122017,4.7760594622671455,0.3282493423047608,-0.24818957342912915,-0.029916197489689128,-0.004801625218611882,-62.21350560467804,0.0,0.0
atr_pct & dd_30d,0.373..0.461 & -25.7..-20.5,45191,1.7688920655262348,0.33223429443915825,-0.248391151497381,-0.00814908436053261,-0.005003203286863739,-37.62201706735856,0.0,0.0
dd_30d & ret_16,-8.28..-4.52 & 0.781..1.63,37331,1.4612314332092644,0.32953845329618814,-0.24850668644760865,-0.025524124786330447,-0.005118738237091386,-34.403927439810836,0.0,0.0
dist_high_20 & up_from_low_30d,1..1.39 & 8.62..12.6,40317,1.5781111594304442,0.3304313316963068,-0.24892454917545867,-0.021290922972541006,-0.005536600964941407,-35.8349880677317,0.0,0.0
up_from_low_30d & ret_16,5.06..8.62 & 1.63..inf,21410,0.838042511184012,0.3128444652031761,-0.24911664018930457,-0.09554606453274089,-0.005728691978787309,-27.22350862602976,0.0,0.0
dd_30d & ret_16,-16.2..-12.2 & 0.332..0.781,42005,1.6441838244878293,0.34095940959409593,-0.24915269473924131,0.013003426230668176,-0.005764746528724052,-36.16511523912898,0.0,0.0
ema50_rel & ret_16,0.654..1.38 & 0..0.332,28260,1.1061691436739924,0.32151450813871196,-0.24963445670984383,-0.04700032472821284,-0.006246508499326564,-30.25225879979118,0.0,0.0
atr_pct & up_from_low_30d,0.373..0.461 & 5.06..8.62,48918,1.9147764391452358,0.33353775706283983,-0.2498325729630348,-0.007897269586741605,-0.00644462475251753,-39.60038332774789,0.0,0.0
dist_high_20 & ret_4,0.463..0.708 & 0.167..0.391,47771,1.8698799066684464,0.3345335035900442,-0.2500861367822335,-0.004276957188379321,-0.0066981885717162515,-38.87941064968891,0.0,0.0
dd_30d & ret_4,-16.2..-12.2 & 0.167..0.391,42948,1.6810952718510483,0.33957343764552483,-0.25028572300987134,0.007862937372616065,-0.006897774799354078,-36.81277609735323,0.0,0.0
dist_high_20 & dist_low_20,-inf..0.241 & 1.46..2.04,48308,1.8908994689526974,0.3350790759294527,-0.2504006653105375,-0.003608732689109538,-0.007012717100020244,-39.17071798191845,0.0,0.0
ema50_rel & ret_16,0.654..1.38 & 0.332..0.781,64486,2.524148032518085,0.3303507738113699,-0.2504795992543759,-0.02110104763074471,-0.007091651043858643,-45.37655993691036,0.0,0.0
up_from_low_30d & ret_16,17.3..23 & 0.781..1.63,45068,1.764077528913641,0.32002751397887635,-0.2505627698528339,-0.05320121675121403,-0.0071748216423166145,-38.452448519222855,0.0,0.0
up_from_low_30d & ret_4,8.62..12.6 & 0.391..0.803,39184,1.5337626229908605,0.32959881584320133,-0.2507774017497457,-0.026436295866029306,-0.007389453539228458,-35.67295397899585,0.0,0.0
up_from_low_30d & ema50_rel,12.6..17.3 & -inf..-1.44,33196,1.299376889363123,0.3006988793830582,-0.2508059194412881,-0.12442853981372058,-0.007417971230770842,-34.43924843448037,0.0,0.0
atr_pct & dd_30d,0.373..0.461 & -inf..-33.6,16285,0.6374368189926032,0.32956708627571385,-0.25087166295825186,-0.013014128060801076,-0.007483714747734599,-22.750949572545956,0.0,0.0
up_from_low_30d & ret_4,12.6..17.3 & 0.391..0.803,41557,1.6266479512972436,0.32422937170633104,-0.2510387491833905,-0.04038700324100621,-0.007650800972873212,-36.93129621466601,0.07142857142857142,0.0
dist_high_20 & dd_30d,-inf..0.241 & -25.7..-20.5,30216,1.1827320185864598,0.33872782631718296,-0.25157607058113673,0.0071570433671088556,-0.008188122370619472,-30.96348854366734,0.0,0.0
up_from_low_30d & ret_4,23..31.2 & -0.163..0,37901,1.4835427004383577,0.33149521120814757,-0.25188566940845375,-0.015934847588740093,-0.008497721197936486,-34.810845073811706,0.0,0.0
dist_high_20 & dd_30d,1..1.39 & -4.52..inf,35317,1.3823982889998014,0.32485771724665174,-0.2519304904958596,-0.040424295164026056,-0.00854254228534232,-34.15235269154243,0.0,0.0
dd_30d & ema50_rel,-16.2..-12.2 & 0.272..0.654,41085,1.608172656328591,0.3426311305829378,-0.25195994843308117,0.01314225807186623,-0.008572000222563908,-36.13315280106622,0.07142857142857142,0.0
dist_high_20 & ret_4,0.708..1 & -0.812..-0.391,51795,2.0273896247910277,0.3346848151365962,-0.2520877096859037,-0.004071350626907188,-0.008699761475386453,-40.76853295952761,0.0,0.0
ret_4 & ret_16,-0.812..-0.391 & -0.793..-0.331,57578,2.253751130731109,0.33000451561360244,-0.252476855399163,-0.017036073786653182,-0.009088907188645717,-43.20370073670614,0.0,0.0
up_from_low_30d & ema50_rel,17.3..23 & -0.701..-0.299,38941,1.5242509774879314,0.32721296320073956,-0.25264778054819964,-0.026096798786437676,-0.009259832337682378,-35.608090385810236,0.0,0.0
dd_30d & ret_4,-8.28..-4.52 & -0.812..-0.391,36090,1.4126554987683788,0.32743142144638404,-0.2530486091756465,-0.03261791104657918,-0.009660660965129214,-34.63525110772801,0.0,0.0
dd_30d & ema50_rel,-20.5..-16.2 & 0.272..0.654,40010,1.5660943891860029,0.33396650837290676,-0.25346695045267176,-0.007960019168526986,-0.010079002242154494,-36.052499741674886,0.07142857142857142,0.0
ret_4 & ema50_rel,-0.163..0 & 0.654..1.38,33494,1.3110413764407893,0.3227742282199797,-0.2539560651528267,-0.045170765383168436,-0.010568116942309441,-33.52215076613335,0.0,0.0
up_from_low_30d & ret_4,8.62..12.6 & -0.812..-0.391,38791,1.518379591375012,0.32698306308164266,-0.2539686426809533,-0.03483987440461518,-0.010580694470436053,-36.10572969766079,0.0,0.0
atr_pct & ema50_rel,0.461..0.551 & 1.38..inf,27950,1.0940349457072926,0.31717352415026834,-0.2546847379943761,-0.057680068070198924,-0.011296789783858813,-30.818607337581437,0.0,0.0
dist_low_20 & ret_16,-inf..0.288 & -1.65..-0.793,78020,3.0539036301997484,0.3329146372724942,-0.25483095331346184,-0.006434168295221845,-0.011443005102944576,-50.53436591527447,0.0,0.0
dist_low_20 & ret_4,0.777..1.08 & 0.391..0.803,51172,2.0030038011353697,0.3329359806143985,-0.2552600561410267,-0.008007986715791721,-0.01187210793050944,-41.074014124698216,0.0,0.0
dd_30d & ema50_rel,-25.7..-20.5 & 0.272..0.654,37019,1.4490189500943924,0.3271293119749318,-0.25553353632514975,-0.029784157833101014,-0.012145588114632483,-35.27414161631915,0.0,0.0
up_from_low_30d & dd_30d,17.3..23 & -16.2..-12.2,37232,1.4573563183747378,0.31999355393210144,-0.2566819402933239,-0.05812549103968971,-0.013293992082806655,-35.94351194525186,0.0,0.0
dist_low_20 & up_from_low_30d,1.08..1.46 & 5.06..8.62,36861,1.442834423388784,0.332410949241746,-0.25687341898423965,-0.01528968908762547,-0.013485470773722391,-35.379435080407,0.0,0.0
dist_low_20 & up_from_low_30d,1.08..1.46 & 8.62..12.6,40277,1.5765454564669992,0.32792909104451673,-0.25722331253598363,-0.0295424080125728,-0.013835364325466365,-37.16299522290245,0.0,0.0
ret_4 & ret_16,-0.391..-0.163 & 0.332..0.781,35981,1.408388958192991,0.33156388093716127,-0.25787952732810315,-0.01585419220412483,-0.01449157911758589,-34.88609910442635,0.0,0.0
atr_pct & ret_16,0.373..0.461 & 0.781..1.63,50174,1.9639395121974133,0.3304898951648264,-0.25801901892281176,-0.01775805204605491,-0.014631070712294497,-41.420057382056804,0.0,0.0
atr_pct & dd_30d,0.551..0.658 & -4.52..inf,28153,1.1019808882467768,0.30707207047206336,-0.25840795863493743,-0.092064832438373,-0.015020010424420166,-31.848961894963992,0.0,0.0
dist_low_20 & up_from_low_30d,1.08..1.46 & 17.3..23,43868,1.7171064400102867,0.31763472234886475,-0.2587833330315523,-0.0586565170149322,-0.015395384821035057,-39.25577225149353,0.0,0.0
up_from_low_30d & ema50_rel,23..31.2 & -0.00931..0.272,34958,1.3683461049028813,0.33365753189541736,-0.26053252118146575,-0.008551473378041517,-0.017144572970948485,-34.45873309829024,0.07142857142857142,0.0
dist_high_20 & ret_16,0.708..1 & -0.331..0,67163,2.628932703346651,0.3335616336375683,-0.26096278206064694,-0.005033278458711368,-0.017574833850129673,-48.081065783253855,0.0,0.0
up_from_low_30d & ema50_rel,17.3..23 & 0.654..1.38,46642,1.8256879405252073,0.3181252947986793,-0.2612771268079681,-0.06075088734189087,-0.017889178597450844,-40.891124483445054,0.0,0.0
dd_30d & ret_4,-20.5..-16.2 & -0.163..0,44515,1.7424316854440118,0.3390767157138043,-0.2619611750231504,0.008761149868126428,-0.018573226812633153,-39.03556588944174,0.0,0.0
up_from_low_30d & ret_16,5.06..8.62 & -1.65..-0.793,36958,1.4466312530751384,0.32282591049299203,-0.26201537202795266,-0.038316204449504176,-0.0186274238174354,-36.314399727672885,0.0,0.0
dist_low_20 & dd_30d,-inf..0.288 & -25.7..-20.5,36271,1.4197403046779682,0.3348405061895178,-0.2622611305460221,-0.0015577632361865798,-0.018873182335504862,-35.38553406868788,0.0,0.0
dist_high_20 & dd_30d,0.463..0.708 & -16.2..-12.2,44418,1.7386348557576574,0.33961457066954837,-0.2624412653831366,0.010655969938770625,-0.01905331717261935,-39.0900238953163,0.0,0.0
ema50_rel & ret_16,-0.701..-0.299 & -0.331..0,62661,2.4527128348109004,0.3430044206125022,-0.26263665677019365,0.022714031470658647,-0.019248708559676392,-46.16293335672577,0.0,0.0
ret_4 & ema50_rel,0.391..0.803 & 0.272..0.654,54771,2.143877925271346,0.33019298533895675,-0.2626921936488126,-0.02074700318154744,-0.019304245438295314,-43.90835240163391,0.0,0.0
dist_high_20 & up_from_low_30d,0.708..1 & 17.3..23,42509,1.663911681827238,0.32186125291114825,-0.2628946330383314,-0.04467642479606881,-0.01950668482781412,-39.04634242201268,0.0,0.0
dist_low_20 & ret_4,0.524..0.777 & -0.391..-0.163,47741,1.8687056294458626,0.32954902494711047,-0.2629893424097446,-0.01906008954053043,-0.019601394199227323,-40.997376971067304,0.0,0.0
dd_30d & ema50_rel,-12.2..-8.28 & 0.654..1.38,38053,1.4894923716994493,0.32346989724857433,-0.2633392528231099,-0.04770103549068977,-0.01995130461259262,-37.10235631518879,0.0,0.0
dist_low_20 & ret_16,1.46..2.04 & 1.63..inf,7960,0.31157488972558317,0.3221105527638191,-0.2634092078681943,-0.04745375618011883,-0.02002125965767701,-16.97055440877333,0.07142857142857142,0.0
dist_high_20 & dd_30d,0.463..0.708 & -20.5..-16.2,42544,1.6652816719202526,0.3332079729221512,-0.26377189887163444,-0.008601544507577512,-0.020383950661117173,-38.68987888948564,0.07142857142857142,0.0
dist_low_20 & ema50_rel,1.08..1.46 & 0.272..0.654,64843,2.538121931466833,0.329195132859368,-0.26410532170796736,-0.022319232337775444,-0.020717373497450092,-48.07445395763699,0.0,0.0
dd_30d & ret_4,-4.52..inf & -0.812..-0.391,29678,1.1616733137281228,0.32451647685153984,-0.26424363527834055,-0.04419568972157304,-0.020855687067823286,-32.909236687477474,0.0,0.0
dist_low_20 & dd_30d,0.777..1.08 & -12.2..-8.28,42204,1.6519731967309688,0.3333333333333333,-0.2647864502927098,-0.01036027814402505,-0.021398502082192544,-38.81161938125334,0.07142857142857142,0.0
up_from_low_30d & ret_16,17.3..23 & -0.793..-0.331,39364,1.5408082863263637,0.32471293567726855,-0.2650341177227164,-0.03402740990243582,-0.021646169512199137,-37.66817937683332,0.0,0.0
dist_high_20 & dist_low_20,0.708..1 & 0.524..0.777,40874,1.5999135731964178,0.3329255761608847,-0.2650650723880027,-0.00544661594623434,-0.021677124177485435,-38.130823182150166,0.0,0.0
atr_pct & up_from_low_30d,0.373..0.461 & 17.3..23,45905,1.7968398634237306,0.3263261082670733,-0.26511970001589974,-0.024910407895388023,-0.021731751805382477,-40.632261732251614,0.0,0.0
up_from_low_30d & ret_4,5.06..8.62 & -0.812..-0.391,36855,1.4425995679442671,0.32619725953059286,-0.26526654461300175,-0.03257794830659741,-0.02187859640248449,-36.648372456414585,0.0,0.0
atr_pct & dist_high_20,0.373..0.461 & -inf..0.241,41474,1.6233991176480949,0.3281091768336789,-0.2653917046028744,-0.023538204536117345,-0.02200375639235716,-38.74503057259805,0.0,0.0
dist_low_20 & dd_30d,1.08..1.46 & -8.28..-4.52,37982,1.4867132489393342,0.3245747985888052,-0.2656233539211544,-0.039018959645831935,-0.02223540571063712,-37.38893194566119,0.0,0.0
up_from_low_30d & ret_16,-inf..5.06 & 0.781..1.63,25442,0.9958653698992822,0.3292587060765663,-0.2660481197522571,-0.030444000319083564,-0.022660171541739854,-30.70518817167293,0.0,0.0
dist_low_20 & dd_30d,0.288..0.524 & -20.5..-16.2,41603,1.6284485097052055,0.33807658101579213,-0.2667771353447725,0.007019293945852508,-0.023389187134255224,-38.44569010418094,0.0,0.0
dist_low_20 & ret_4,0.777..1.08 & -0.163..0,48177,1.8857717917474146,0.32984619216638644,-0.26686449434834403,-0.018371116422231236,-0.023476546137826765,-41.773253564295835,0.0,0.0
ret_4 & ret_16,0..0.167 & 0.781..1.63,32724,1.2809015943944702,0.32520474269649186,-0.26688921242973196,-0.034916948010471335,-0.023501264219214696,-34.578369259007644,0.0,0.0
up_from_low_30d & ema50_rel,8.62..12.6 & -0.701..-0.299,43463,1.7012536975054047,0.33881692474058395,-0.2668933511456393,0.007508226700005725,-0.023505402935122016,-39.37281701405136,0.0,0.0
dd_30d & ret_16,-20.5..-16.2 & 0..0.332,36840,1.4420124293329752,0.34134093376764385,-0.2670303125090057,0.014785499670774463,-0.023642364298488455,-36.08487742145417,0.0,0.0
ema50_rel & ret_16,-0.00931..0.272 & -0.793..-0.331,34943,1.3677589662915894,0.32882122313481954,-0.26704294780617804,-0.022285170583003527,-0.02365499959566078,-35.66354154605553,0.0,0.0
dist_high_20 & dd_30d,0.241..0.463 & -20.5..-16.2,39548,1.5480105199582115,0.33961262263578434,-0.2674386302475573,0.01127603095516783,-0.024050682037040055,-37.55977518275487,0.07142857142857142,0.0
dd_30d & ema50_rel,-12.2..-8.28 & -0.701..-0.299,45146,1.767130649692359,0.3390998095069331,-0.2676626584915986,0.008163571043380233,-0.02427471028108133,-40.245091177234436,0.07142857142857142,0.0
up_from_low_30d & ret_16,12.6..17.3 & 0.781..1.63,42494,1.663324543215946,0.3196686591048148,-0.26788614066495664,-0.054064608845768185,-0.024498192454439377,-39.94207967308552,0.0,0.0
dd_30d & ret_16,-20.5..-16.2 & -0.331..0,43115,1.6876320817234318,0.33809579032819204,-0.2678919144146797,0.007163186151117731,-0.024503966204162425,-39.30097132088077,0.0,0.0
up_from_low_30d & ret_16,8.62..12.6 & 0.781..1.63,39827,1.5589312981282413,0.32477967208175357,-0.26803100868758073,-0.04086758017803183,-0.024643060477063466,-38.55971428864013,0.0,0.0
dist_high_20 & dist_low_20,1..1.39 & 0.288..0.524,44512,1.7423142577217534,0.3304502156721783,-0.2682619384425777,-0.013072689974563012,-0.02487399023206041,-40.322104020863215,0.0,0.0
dist_high_20 & dist_low_20,0.241..0.463 & 1.08..1.46,43870,1.7171847251584589,0.3320948256211534,-0.26874544289243485,-0.009409832872906046,-0.025357494681917586,-40.09068397792282,0.0,0.0
atr_pct & ret_4,0.271..0.373 & -inf..-0.812,6183,0.24201853557453273,0.3438460294355491,-0.26930032075565996,0.03221944898691881,-0.025912372545142698,-14.911105278155768,0.0,0.0
dist_high_20 & up_from_low_30d,0.708..1 & 12.6..17.3,42712,1.671857624366722,0.3263719797714928,-0.26969225160628546,-0.02986918833321434,-0.026304303395768197,-39.95897715986353,0.0,0.0
dist_high_20 & ret_4,0.708..1 & 0..0.167,37316,1.4606442945979725,0.33076964304855827,-0.26973887342521896,-0.015344629863498603,-0.026350925214701698,-37.13496849729983,0.0,0.0
dist_low_20 & ret_16,0.777..1.08 & 0..0.332,55134,2.1580866796646108,0.33102985453622086,-0.2698893898133029,-0.013438275932823582,-0.02650144160278564,-45.15328789246481,0.0,0.0
ret_4 & ema50_rel,0.167..0.391 & 0.654..1.38,52871,2.069507034507702,0.3255281723440071,-0.2699421897385277,-0.03545920116446816,-0.02655424152801042,-44.47156754395037,0.0,0.0
dd_30d & ema50_rel,-4.52..inf & -1.44..-0.701,13870,0.5429075025746029,0.32660418168709443,-0.269992012236086,-0.031098628319290816,-0.026604064025568724,-23.037744908704706,0.07142857142857142,0.0
up_from_low_30d & dd_30d,5.06..8.62 & -inf..-33.6,34623,1.3552333425840284,0.2963636888773359,-0.27016727190686685,-0.12857629194314515,-0.026779323696349583,-37.38201229257346,0.07142857142857142,0.0
dist_low_20 & up_from_low_30d,1.08..1.46 & 12.6..17.3,42949,1.6811344144251346,0.318680295233882,-0.27028092915470525,-0.05520246073554831,-0.02689298094418799,-40.56163625198783,0.07142857142857142,0.0
up_from_low_30d & ret_4,23..31.2 & 0..0.167,31297,1.2250451411735648,0.329871872703454,-0.2704368031610897,-0.021275489462152665,-0.027048854950572437,-33.96253751985221,0.0,0.0
dist_low_20 & up_from_low_30d,0.777..1.08 & 17.3..23,42234,1.6531474739535525,0.3208078799071838,-0.27095938391556307,-0.04737193288921143,-0.027571435705045805,-40.13387966319576,0.0,0.0
up_from_low_30d & dd_30d,8.62..12.6 & -25.7..-20.5,43741,1.7121353331013482,0.31896847351455154,-0.2710189348038244,-0.05638075323569771,-0.027630986593307122,-41.09682931365091,0.0,0.0
up_from_low_30d & ret_4,5.06..8.62 & 0.391..0.803,35908,1.4055315502847034,0.326473209312688,-0.27113449003854423,-0.03479670723584064,-0.027746541828026966,-37.1219655228667,0.0,0.0
dist_low_20 & up_from_low_30d,0.288..0.524 & 23..31.2,33253,1.3016080160860322,0.32772982888761915,-0.2711383601926237,-0.02395964575228738,-0.027750411982106454,-35.18606881327564,0.0,0.0
up_from_low_30d & ret_16,12.6..17.3 & -0.793..-0.331,41689,1.6318147710766127,0.3311185204730265,-0.27122142552936634,-0.012988629312320515,-0.02783347731884908,-39.42082245926007,0.0,0.0
dist_high_20 & ema50_rel,0.463..0.708 & 0.272..0.654,52150,2.041285238591603,0.32782358581016297,-0.2717209648613007,-0.024609226852831165,-0.028333016650783444,-44.39234859787738,0.0,0.0
atr_pct & dd_30d,0.271..0.373 & -25.7..-20.5,40578,1.5883273712669237,0.34703533934644387,-0.27246428734136874,0.03689074248486226,-0.029076339130851475,-38.671977563725854,0.0,0.0
atr_pct & up_from_low_30d,0.271..0.373 & 31.2..48,17582,0.6882047375823119,0.34484131498123083,-0.27250197384252384,0.031975556123665906,-0.029114025632006574,-25.44737721628728,0.07142857142857142,0.16666666666666666
dist_low_20 & ema50_rel,0.288..0.524 & -0.701..-0.299,59966,2.347223597648784,0.33672414368141945,-0.27389429543593075,0.004850332020505462,-0.030506347225413483,-47.437593347931426,0.0,0.0
ret_4 & ema50_rel,0.167..0.391 & -0.299..-0.00931,41987,1.643479258154279,0.33989091861766735,-0.27414280765195276,0.013318570376489203,-0.030754859441435495,-39.597205060914234,0.0,0.0
dist_high_20 & up_from_low_30d,0.241..0.463 & 23..31.2,36280,1.4200925878447432,0.3260198456449835,-0.2742780949607394,-0.028239984129078397,-0.03089014675022214,-37.159259194040715,0.0,0.0
up_from_low_30d & ret_16,23..31.2 & 0..0.332,33148,1.2974980458069887,0.32861711113792685,-0.27505921285933027,-0.022267663334682497,-0.03167126464881301,-35.501028018856275,0.0,0.0
up_from_low_30d & dd_30d,17.3..23 & -12.2..-8.28,42059,1.6462975234884802,0.3257328990228013,-0.275301603877634,-0.037259029352118375,-0.031913655667116764,-40.6253194660585,0.14285714285714285,0.0
ret_4 & ema50_rel,0..0.167 & -0.701..-0.299,35478,1.3887002434276683,0.3366593381814082,-0.2765622309924809,0.004366685870932224,-0.03317428278196363,-36.762671525532284,0.0,0.0
ret_4 & ema50_rel,0..0.167 & 0.654..1.38,32582,1.27534334887424,0.3233687312012768,-0.2770713438259606,-0.0435087580555565,-0.03368339561544334,-35.911743242621,0.0,0.0
atr_pct & dd_30d,0.373..0.461 & -4.52..inf,32848,1.2857552735811502,0.3254992693619094,-0.2772047676342754,-0.035736841389974565,-0.03381681942375811,-36.2933764302614,0.07142857142857142,0.0
up_from_low_30d & ema50_rel,12.6..17.3 & 0.654..1.38,44201,1.7301409171809674,0.31816022261939775,-0.27798693355389964,-0.060316680554989226,-0.03459898534338238,-42.33569250908677,0.0,0.0
dd_30d & ema50_rel,-20.5..-16.2 & -0.00931..0.272,39525,1.5471102407542305,0.33958254269449717,-0.27814462762246345,0.008707282220517133,-0.034756679411946184,-38.94324923957902,0.07142857142857142,0.0
dd_30d & ret_4,-20.5..-16.2 & 0..0.167,34605,1.354528776250478,0.3355873428695275,-0.2781648814001823,-0.0014368149366851568,-0.034776933189665044,-36.588711338149686,0.0,0.0
ema50_rel & ret_16,0.272..0.654 & -0.331..0,38754,1.5169313161338254,0.3271146204262786,-0.2783719442640335,-0.028842520405542065,-0.034983996053516236,-39.20160294144283,0.0,0.0
atr_pct & dd_30d,0.271..0.373 & -16.2..-12.2,52674,2.0617959474127345,0.34466719823822,-0.2787709665582527,0.031290250863158724,-0.03538301834773541,-45.15469848085566,0.0,0.0
dist_high_20 & ret_16,1..1.39 & -1.65..-0.793,49694,1.9451510766360716,0.33008009015172857,-0.2789246233956563,-0.013594456480899197,-0.03553667518513906,-44.24069523687506,0.0,0.0
up_from_low_30d & ret_16,5.06..8.62 & 0.781..1.63,35948,1.4070972532481487,0.32613775453432736,-0.2789408444481648,-0.0402807647379181,-0.03555289623764754,-38.22901801853084,0.0,0.0
dist_high_20 & ret_4,0.708..1 & -0.163..0,55409,2.168850887538296,0.33142630258622247,-0.27909702356330546,-0.012753471325057452,-0.035709075352788194,-46.766658567037275,0.0,0.0
dist_high_20 & ret_16,0.463..0.708 & 0..0.332,54701,2.141137945085317,0.33471051717518874,-0.27920465113332776,-0.0009070104945090431,-0.0358167029228105,-46.28771515349701,0.0,0.0
dist_high_20 & dist_low_20,0.463..0.708 & 0.777..1.08,40525,1.586252814840359,0.3283158544108575,-0.2795596127022446,-0.01944032329223793,-0.036171664491727346,-40.19923884571423,0.0,0.0
up_from_low_30d & ret_4,17.3..23 & -0.391..-0.163,40508,1.5855873910808949,0.32067739705737136,-0.27984853792657977,-0.04799342934624511,-0.0364605897160625,-40.56185374022552,0.0,0.0
dist_low_20 & ret_4,-inf..0.288 & -0.812..-0.391,74491,2.915769486249801,0.33038890604234067,-0.2799776921045339,-0.012894121676882317,-0.03658974389401662,-54.305223579139906,0.0,0.0
dist_low_20 & ema50_rel,1.08..1.46 & 0.654..1.38,61370,2.4021797716657085,0.32440932051490956,-0.28050844073920667,-0.0370050875244369,-0.0371204925286894,-49.785428231265016,0.0,0.0
atr_pct & ret_4,0.373..0.461 & 0.803..inf,16222,0.6349708368251771,0.3222783873751695,-0.2805660814306233,-0.04235540445945796,-0.03717813322010602,-25.739618670345827,0.0,0.0
atr_pct & ema50_rel,0.373..0.461 & 0.654..1.38,52000,2.035413852478684,0.3228653846153846,-0.28064106571992437,-0.04035579116604996,-0.0372531175094071,-46.052133783793835,0.0,0.0
dd_30d & ret_4,-4.52..inf & 0.391..0.803,38170,1.4940720528675262,0.3197275347131255,-0.28190332164747606,-0.05268647638593613,-0.038515373436958794,-39.61312442674914,0.07142857142857142,0.0
up_from_low_30d & dd_30d,5.06..8.62 & -16.2..-12.2,48234,1.8880029184703238,0.3432848198366298,-0.2825093152286634,0.015013940419139898,-0.03912136701814614,-44.095071578088245,0.0,0.0
dd_30d & ret_16,-4.52..inf & 0.781..1.63,42894,1.6789815728503974,0.32037114747983403,-0.28305183512490156,-0.05317435332510144,-0.0396638869143843,-42.16581375615311,0.07142857142857142,0.0
ret_4 & ema50_rel,-0.391..-0.163 & 0.272..0.654,35690,1.3969984691339274,0.3236760997478285,-0.28311522005517675,-0.04067647057475803,-0.03972727184465949,-38.425538116018984,0.0,0.0
dist_low_20 & ret_16,0.524..0.777 & -0.331..0,59543,2.3306662888103515,0.33004719278504613,-0.2842735823482572,-0.014558031260743754,-0.04088563413773996,-49.37352742623402,0.0,0.0
dist_high_20 & up_from_low_30d,0.708..1 & 8.62..12.6,43678,1.7096693509339222,0.32881542195155455,-0.28428370675646936,-0.02534404455590515,-0.04089575854595209,-42.563762966182864,0.0,0.0
dist_low_20 & ema50_rel,0.524..0.777 & -0.299..-0.00931,51973,2.0343570029783584,0.3357512554595655,-0.2843445390859328,0.002646412236183862,-0.04095659087541556,-45.84741140217614,0.0,0.0
dist_high_20 & ret_16,-inf..0.241 & 0.781..1.63,81510,3.190511213760337,0.32791068580542265,-0.2844818471162106,-0.02473809206439034,-0.041093898905693343,-57.878072825206836,0.0,0.0
up_from_low_30d & dd_30d,5.06..8.62 & -20.5..-16.2,49306,1.9299637578906537,0.32815478846387863,-0.28501231069733857,-0.026215366474797868,-0.041624362486821304,-45.365589155508815,0.0,0.0
up_from_low_30d & ret_16,17.3..23 & 0.332..0.781,41958,1.6423441235057812,0.32298965632298965,-0.2856213120656203,-0.04043755385348218,-0.04223336385510304,-41.899491248459114,0.0,0.0
dist_high_20 & up_from_low_30d,1..1.39 & 5.06..8.62,38190,1.4948549043492487,0.3216025137470542,-0.28625877438143627,-0.04634811273232023,-0.042870826170919,-40.44028409534585,0.0,0.0
dist_high_20 & ema50_rel,0.708..1 & -0.299..-0.00931,57572,2.253516275286592,0.33260960188980754,-0.2866139900853262,-0.0071970429494219185,-0.04322604187480891,-48.75534010945026,0.0,0.0
dist_low_20 & ret_16,0.288..0.524 & -0.793..-0.331,66518,2.603685743061098,0.3308427793980577,-0.2868770080109259,-0.012213869012018758,-0.04348905980040865,-52.57326976888803,0.0,0.0
dist_high_20 & ret_4,-inf..0.241 & 0.391..0.803,74346,2.9100938130073124,0.32984962203750035,-0.28727422226762145,-0.01799661360657813,-0.043886274057104185,-55.74609015878974,0.0,0.0
dist_low_20 & ema50_rel,0.777..1.08 & -0.00931..0.272,51401,2.0119674506010927,0.3296823019007412,-0.2875011139776509,-0.0168602964259331,-0.044113165767133616,-46.43346664494752,0.0,0.0
up_from_low_30d & ret_4,12.6..17.3 & 0.167..0.391,43355,1.6970262995041028,0.32988121323953407,-0.2884220991133057,-0.021102178835021648,-0.04503415090278842,-42.830857478748314,0.0,0.0
dd_30d & ema50_rel,-8.28..-4.52 & -inf..-1.44,18886,0.7392466541906235,0.29222704648946307,-0.2895979911423178,-0.14830448252133283,-0.04621004293180056,-30.27117560598741,0.0,0.0
dist_high_20 & ema50_rel,0.241..0.463 & -0.701..-0.299,18213,0.7129037018306591,0.3503541426453632,-0.28969866666542143,0.04637590381163988,-0.04631071845490417,-27.198107626056423,0.0,0.16666666666666666
dist_low_20 & up_from_low_30d,-inf..0.288 & 23..31.2,28556,1.1177553456034865,0.32767194284913853,-0.2902897325116398,-0.024456937724325545,-0.046901784301122545,-34.66046600609893,0.0,0.0
atr_pct & dd_30d,0.271..0.373 & -33.6..-25.7,21084,0.8252820320319341,0.33821855435401255,-0.29059160800500017,0.014052072716414558,-0.047203659794482905,-29.802844232944608,0.07142857142857142,0.0
dist_high_20 & dd_30d,0.241..0.463 & -16.2..-12.2,43073,1.6859880936118146,0.341141782555197,-0.290778335309599,0.015115871127765596,-0.04739038709908175,-42.491087986598224,0.0,0.0
dist_high_20 & ret_16,0.241..0.463 & 0.332..0.781,68152,2.667644709117832,0.3334311538913018,-0.2917240631097059,-0.004764464416508607,-0.048336114899188626,-53.893050883380326,0.0,0.0
dd_30d & ret_4,-12.2..-8.28 & 0.167..0.391,43260,1.6933077549659206,0.33400369856680534,-0.29174540042805547,-0.008543318678983057,-0.048357452217538205,-43.11461398355822,0.0,0.0
dist_low_20 & dd_30d,1.08..1.46 & -4.52..inf,33880,1.3261504100380348,0.3224025974025974,-0.2921306574810281,-0.043329914776076235,-0.04874270927051086,-38.625136871854316,0.0,0.0
dist_low_20 & ret_4,0.777..1.08 & 0.167..0.391,60831,2.381081924233285,0.32951948841873385,-0.292541788424872,-0.018695052109363973,-0.04915384021435473,-51.35426605622328,0.0,0.0
dist_low_20 & ret_4,0.288..0.524 & -0.391..-0.163,57111,2.235471548632887,0.3324228257253419,-0.29265645639968496,-0.008495043692711642,-0.0492685081891677,-49.613310167889416,0.0,0.0
dist_high_20 & ret_4,0.708..1 & -0.391..-0.163,63854,2.4994099256956517,0.327544084943778,-0.2935311570449006,-0.025095652076794844,-0.05014320883438336,-52.93563128761491,0.0,0.0
up_from_low_30d & ret_4,12.6..17.3 & -0.391..-0.163,42567,1.6661819511242335,0.3247821082058872,-0.29382034192647666,-0.034213581271114894,-0.050432393715959395,-43.409227625875545,0.0,0.0
dd_30d & ret_4,-16.2..-12.2 & -0.163..0,46760,1.8303067642673705,0.33937125748502994,-0.2940382501797296,0.010097693125647143,-0.05065030196921236,-44.738759706979444,0.0,0.0
ret_4 & ema50_rel,-0.391..-0.163 & -0.701..-0.299,62519,2.44715458929067,0.3353540523680801,-0.29409282689630334,0.00028130772465532756,-0.050704878685786076,-51.85159439911674,0.0,0.0
dist_low_20 & up_from_low_30d,0.777..1.08 & 12.6..17.3,43409,1.6991399985047537,0.3190352231104149,-0.2950554179512006,-0.051626847683000666,-0.05166746974068334,-44.27566539739175,0.0,0.0
up_from_low_30d & ret_4,17.3..23 & 0.167..0.391,41069,1.6075463751432129,0.3176848718011152,-0.29517016826752535,-0.055384062254448745,-0.05178222005700808,-43.08841941216652,0.0,0.0
dist_high_20 & ret_4,0.241..0.463 & 0.167..0.391,57846,2.2642413405861914,0.3327282785326557,-0.2957307567108575,-0.008106190694711825,-0.05234280850034026,-50.487144752423625,0.0,0.0
dist_high_20 & dd_30d,-inf..0.241 & -20.5..-16.2,35779,1.400482158227593,0.3353084211408927,-0.29645476544019944,-0.0004389900093028556,-0.05306681722968218,-39.51530098627264,0.07142857142857142,0.0
up_from_low_30d & ema50_rel,5.06..8.62 & 0.654..1.38,37289,1.459587445097647,0.3217302689801282,-0.2965993602309846,-0.05483293926909148,-0.053211412020467336,-41.568723490266606,0.0,0.0
up_from_low_30d & ema50_rel,8.62..12.6 & 0.654..1.38,41132,1.610012357310639,0.3151803948264125,-0.2974037624771011,-0.06726008408663905,-0.054015814266583834,-43.756595251781015,0.0,0.0
atr_pct & ema50_rel,0.271..0.373 & -1.44..-0.701,30829,1.2067264165012568,0.3360796652502514,-0.29751925473952695,0.008204111505198536,-0.05413130652900969,-37.03515018535016,0.07142857142857142,0.0
dist_low_20 & up_from_low_30d,0.524..0.777 & 12.6..17.3,42738,1.6728753312929614,0.32769432355281014,-0.298411428198413,-0.023348031800970667,-0.055023479987895724,-43.95609165505564,0.07142857142857142,0.0
dist_low_20 & up_from_low_30d,0.524..0.777 & 17.3..23,40702,1.5931810504536037,0.31912436735295563,-0.2990184935392955,-0.05049094451240008,-0.05563054532877823,-43.341135069499146,0.0,0.0
dist_low_20 & dd_30d,0.777..1.08 & -8.28..-4.52,41121,1.6095817889956916,0.3263782495561878,-0.2993534210083039,-0.029853951061573913,-0.05596547279778666,-43.44936492925926,0.0,0.0
dist_low_20 & up_from_low_30d,0.777..1.08 & 8.62..12.6,44223,1.7310020538108624,0.3242882662867739,-0.29976920954173997,-0.03733690985193901,-0.056381261331222704,-45.22866003314773,0.0,0.0
dist_high_20 & up_from_low_30d,0.708..1 & -inf..5.06,39786,1.55732645259071,0.33443924998743274,-0.3001705510638613,-0.004310185492485759,-0.05678260285334405,-42.627097633875216,0.0,0.0
dd_30d & ema50_rel,-4.52..inf & 0.654..1.38,51571,2.0186216881957346,0.316243625293285,-0.30056479558479815,-0.06611986100809013,-0.05717684737428089,-49.279728078355305,0.0,0.0
ret_4 & ret_16,0.167..0.391 & -0.331..0,44717,1.7503384854094097,0.33264753896728316,-0.30201097807889565,-0.008915769996478142,-0.05862302986837839,-45.24458894767905,0.0,0.0
dd_30d & ret_16,-12.2..-8.28 & -0.793..-0.331,43358,1.6971437272263612,0.3294432400018451,-0.3022990542500887,-0.021418008770440675,-0.05891110603957142,-44.82655639330779,0.07142857142857142,0.0
dd_30d & ret_16,-16.2..-12.2 & -0.331..0,45717,1.7894810594955384,0.337751820985629,-0.3025439414656416,0.005703218933546203,-0.059155993255124356,-45.53634843811474,0.07142857142857142,0.0
atr_pct & up_from_low_30d,0.271..0.373 & -inf..5.06,59754,2.3389253719425245,0.33795227097767516,-0.30294419376935017,0.010676080600298194,-0.059556245558832904,-52.724788183441724,0.07142857142857142,0.0
dist_high_20 & dd_30d,0.708..1 & -12.2..-8.28,41442,1.6221465552773389,0.3217267506394479,-0.3032397535528893,-0.044789638038596535,-0.05985180534237203,-44.3933814871531,0.07142857142857142,0.0
up_from_low_30d & ema50_rel,17.3..23 & -0.299..-0.00931,36834,1.4417775738884586,0.32687191182060055,-0.30340593339819605,-0.028289090008961702,-0.060017985187678785,-41.449691305006276,0.0,0.0
ret_4 & ema50_rel,-0.163..0 & -0.701..-0.299,55794,2.1839207785614554,0.3350539484532387,-0.3036102277682274,0.0005464248097827816,-0.06022227955771012,-50.54723733312171,0.0,0.0
atr_pct & dist_low_20,0.373..0.461 & 2.04..3.14,20437,0.7999567865982089,0.3144297108186133,-0.3040836446756624,-0.06704535660340301,-0.06069569646514514,-31.62345216681932,0.0,0.0
dist_high_20 & up_from_low_30d,-inf..0.241 & 23..31.2,34567,1.3530413584352052,0.32282234501113777,-0.3044750071233012,-0.038815172493854085,-0.06108705891278396,-40.16885402753834,0.0,0.0
atr_pct & ret_16,0.271..0.373 & 0..0.332,57009,2.2314790060761016,0.33712220877405324,-0.3051478833927405,0.008323504301641967,-0.06175993518222325,-51.74637786904804,0.0,0.0
dd_30d & ret_16,-12.2..-8.28 & 0.332..0.781,43497,1.7025845450243329,0.33160907648803367,-0.3053927406452021,-0.016029092134112757,-0.06200479243468485,-45.17105682824773,0.07142857142857142,0.0
dist_high_20 & up_from_low_30d,0.463..0.708 & 17.3..23,40653,1.5912630643233834,0.31564706171746243,-0.30555402185755276,-0.06002756246900038,-0.0621660736470355,-44.367742921882005,0.0,0.0
dist_high_20 & dd_30d,0.708..1 & -8.28..-4.52,40147,1.5714569218358023,0.3247067028669639,-0.30580161917281873,-0.03400462641140598,-0.062413670962301465,-43.86450530612241,0.0,0.0
ema50_rel & ret_16,-0.701..-0.299 & -0.793..-0.331,97973,3.834915410940271,0.3316628050585365,-0.3063398232133165,-0.010228574057208232,-0.06295187500279922,-67.7822081852491,0.0,0.0
dist_high_20 & ema50_rel,0.708..1 & -0.701..-0.299,66362,2.597579501503662,0.33186160754648747,-0.3066580253184098,-0.008642745507133719,-0.06327007710789254,-55.95406782918583,0.0,0.0
atr_pct & ret_16,0.271..0.373 & -0.331..0,63334,2.4790557871708647,0.3359333059652004,-0.3067782278842142,0.006427039620335212,-0.06339027967369695,-54.80161203880745,0.0,0.0
up_from_low_30d & ema50_rel,17.3..23 & 0.272..0.654,43057,1.6853618124264365,0.31706807255498526,-0.30730370192042394,-0.05902122935536319,-0.06391575370990668,-45.91889494907892,0.0,0.0
dist_low_20 & up_from_low_30d,0.288..0.524 & 12.6..17.3,43085,1.686457804500848,0.33640478124637346,-0.3078330118739448,0.0017818078926374594,-0.06444506366342753,-45.077499460139904,0.0,0.0
up_from_low_30d & ret_16,8.62..12.6 & -0.793..-0.331,44248,1.7319806181630155,0.32844422346772734,-0.308099609801755,-0.02447922119399442,-0.06471166159123773,-46.164828062373054,0.0,0.0
atr_pct & dist_high_20,0.271..0.373 & 1.39..1.96,22099,0.8650117447293545,0.3317344676229694,-0.3081755252454514,-0.005575087070073689,-0.06478757703493412,-32.65510700973952,0.0,0.0
atr_pct & dd_30d,0.271..0.373 & -20.5..-16.2,49477,1.9366571380593816,0.33488287487115226,-0.30826109251549544,0.0008873521673990273,-0.06487314430497818,-48.71740161276464,0.0,0.0
atr_pct & dist_low_20,0.271..0.373 & 0.777..1.08,59354,2.323268342308073,0.33510799609124914,-0.308298285162695,0.0019050150333560735,-0.06491033695217771,-53.43711617062413,0.0,0.0
dist_low_20 & dd_30d,0.288..0.524 & -16.2..-12.2,43338,1.6963608757446385,0.334117864230006,-0.3085617826946902,-0.0034231476174206997,-0.06517383448417294,-45.32489049123886,0.0,0.0
dist_high_20 & dist_low_20,0.463..0.708 & 0.524..0.777,40450,1.5833171217838993,0.3333992583436341,-0.30871854537266535,-0.004058037446167328,-0.06533059716214809,-44.08381967052271,0.0,0.0
dist_low_20 & ret_16,1.08..1.46 & 0.781..1.63,58925,2.306476178025124,0.3217988969028426,-0.30972036924100743,-0.042384907268413465,-0.06633242103049017,-53.943566409395935,0.0,0.0
dd_30d & ret_4,-12.2..-8.28 & -0.391..-0.163,42803,1.6754195986085598,0.3275471345466439,-0.3102995763602088,-0.0280377403685284,-0.06691162814969151,-45.85133963840562,0.07142857142857142,0.0
atr_pct & ret_4,0.271..0.373 & 0.391..0.803,38269,1.497947167702053,0.3338733700906739,-0.31044550109426433,-0.0027893572469938344,-0.06705755288374707,-43.25605131868608,0.0,0.0
atr_pct & ret_4,0.271..0.373 & 0.167..0.391,58245,2.279859227646557,0.33439780238647093,-0.31167658821117766,5.7514081747053996e-05,-0.0682886400006604,-53.56508825314916,0.0,0.0
dist_low_20 & dd_30d,0.524..0.777 & -12.2..-8.28,44356,1.7362080161643174,0.33028226170078456,-0.3121278573566225,-0.015945197112622763,-0.06873990914610525,-46.67054186405535,0.0,0.0
atr_pct & up_from_low_30d,0.271..0.373 & 12.6..17.3,44747,1.7515127626319937,0.3327150423492078,-0.31328210284114294,-0.003003389252018774,-0.06989415463062568,-47.12789384479705,0.07142857142857142,0.0
atr_pct & ret_16,0.271..0.373 & 0.332..0.781,60573,2.3709831401190637,0.33424132864477574,-0.3134056569189909,-0.0016571677991815234,-0.07001770870847365,-54.935153514978005,0.0,0.0
atr_pct & ema50_rel,0.271..0.373 & -0.299..-0.00931,61660,2.4135311181506856,0.3340739539409666,-0.31362495609832214,-7.726032969710733e-05,-0.07023700788780488,-55.384528276050155,0.0,0.0
up_from_low_30d & dd_30d,12.6..17.3 & -inf..-33.6,38679,1.5139956230773657,0.2760412627006903,-0.31428900833465245,-0.188655562046104,-0.07090106012413519,-47.037576259515085,0.0,0.0
dist_low_20 & ret_4,0.524..0.777 & -0.163..0,56412,2.208110889346683,0.3293093668013898,-0.31472006598587693,-0.017331118741184818,-0.07133211777535967,-52.999854960182866,0.0,0.0
dd_30d & ema50_rel,-8.28..-4.52 & -0.701..-0.299,44858,1.7558575883555538,0.3272994783539168,-0.3148735287211513,-0.02384499680509502,-0.07148558051063406,-47.41446356959678,0.0,0.0
dist_low_20 & up_from_low_30d,0.288..0.524 & 17.3..23,38132,1.4925846350522534,0.32311444456099864,-0.3151860902663577,-0.03688203548646535,-0.07179814205584042,-43.80087122096414,0.0,0.0
dist_high_20 & dist_low_20,0.241..0.463 & 0.777..1.08,42023,1.6448883908213796,0.33193727244604143,-0.3153730362203956,-0.008119227180757181,-0.07198508800987832,-45.914743837005,0.0,0.0
atr_pct & ema50_rel,0.271..0.373 & -0.701..-0.299,60181,2.3556392510773017,0.3318156893371662,-0.3153856437283875,-0.0045280356469368675,-0.07199769551787025,-55.00434449799808,0.0,0.0
atr_pct & ret_4,0.271..0.373 & -0.812..-0.391,36756,1.4387244531097405,0.3314016759168571,-0.3154824558136364,-0.008011655931747956,-0.07209450760311911,-43.06283708579283,0.0,0.0
dist_low_20 & dd_30d,-inf..0.288 & -20.5..-16.2,39653,1.552120490237255,0.32953370488992006,-0.31550017310986805,-0.01709813078374823,-0.07211222489935079,-44.43338959073955,0.0,0.0
ret_4 & ret_16,-0.391..-0.163 & -0.793..-0.331,61335,2.400809781572694,0.3294040922801011,-0.3155174906478756,-0.018017711192379392,-0.07212954243735833,-55.36880475944068,0.0,0.0
dist_low_20 & ema50_rel,0.777..1.08 & 0.654..1.38,30832,1.206843844223515,0.3189867669953295,-0.3155340313719199,-0.05283930084222791,-0.07214608316140261,-39.75363329731971,0.0,0.0
dist_high_20 & ret_4,0.463..0.708 & -0.812..-0.391,17553,0.6870696029338142,0.32957329231470406,-0.315635322758015,-0.016512393426792758,-0.07224737454749772,-29.75113139970017,0.0,0.0
atr_pct & dist_low_20,0.271..0.373 & 0.524..0.777,65575,2.5667742956978787,0.3330232558139535,-0.3157137769730851,-0.0034247175450939004,-0.07232582876256785,-57.54426895028875,0.0,0.0
dist_high_20 & dist_low_20,0.708..1 & 0.288..0.524,42568,1.6662210936983195,0.3308118774666416,-0.3157445929084589,-0.010270112540012515,-0.07235664469794165,-46.31471241280093,0.0,0.0
atr_pct & up_from_low_30d,0.271..0.373 & 8.62..12.6,57822,2.2633019188081245,0.33302203313617657,-0.3161830233040438,-0.004087544633382856,-0.07279507509352653,-54.083486637449276,0.0,0.0
dd_30d & ret_4,-16.2..-12.2 & 0..0.167,37518,1.4685510945633704,0.3362386054693747,-0.31620647684354386,-0.0002012330284513877,-0.0728185286330266,-42.995044267558534,0.0,0.0
up_from_low_30d & dd_30d,17.3..23 & -8.28..-4.52,36881,1.4436172748705065,0.3201106260676229,-0.3164867617350607,-0.048879475636201195,-0.07309881352454342,-43.83140126198325,0.07142857142857142,0.0
dist_high_20 & ema50_rel,-inf..0.241 & 0.654..1.38,73280,2.868367829031499,0.32059224890829696,-0.3166701426889774,-0.04689321193131985,-0.07328219447846016,-61.36305760087133,0.0,0.0
dist_low_20 & ret_4,0.524..0.777 & 0.391..0.803,21373,0.8365942359428252,0.3274224488841061,-0.3168742786281455,-0.020414602047459283,-0.07348633041762823,-32.940360454525006,0.0,0.0
up_from_low_30d & ema50_rel,-inf..5.06 & 0.654..1.38,15425,0.6037742052785326,0.320194489465154,-0.31739924779956247,-0.06051373664280681,-0.0740112995890452,-28.791674760885726,0.0,0.0
up_from_low_30d & dd_30d,-inf..5.06 & -20.5..-16.2,55560,2.1747614162253015,0.3280597552195824,-0.31774752406284373,-0.025620444930047278,-0.07435957585232647,-53.68222500779707,0.07142857142857142,0.0
dd_30d & ret_16,-16.2..-12.2 & 0..0.332,39745,1.5557216070531787,0.33652031702100893,-0.3177573766153393,0.0030511729300927654,-0.07436942840482205,-44.39670074359739,0.0,0.0
atr_pct & dist_low_20,0.271..0.373 & 1.08..1.46,44540,1.743410249796165,0.33129770992366414,-0.3182075156798857,-0.010835598182785124,-0.07481956746936844,-48.03410162612182,0.0,0.0
atr_pct & ema50_rel,0.271..0.373 & -0.00931..0.272,60456,2.366403458950987,0.3326220722508932,-0.3185149057555452,-0.004777494196915134,-0.07512695754502793,-55.85861592535257,0.0,0.0
dist_low_20 & ret_4,0.777..1.08 & 0..0.167,44740,1.7512387646133907,0.3231560125167635,-0.3186593400057097,-0.03813110106675012,-0.07527139179519246,-48.13181303810559,0.0,0.0
atr_pct & dist_high_20,0.271..0.373 & 0.241..0.463,65761,2.5740548144778987,0.3329633065190615,-0.31929031151944176,-0.005442783071897539,-0.0759023633089245,-58.36910617925499,0.0,0.0
atr_pct & ret_4,0.271..0.373 & -0.163..0,63218,2.474515248576874,0.3321838716821158,-0.319514943849502,-0.006437147006619042,-0.07612699563898476,-57.26828485793021,0.0,0.0
atr_pct & dist_high_20,0.271..0.373 & -inf..0.241,56818,2.224002774425651,0.33309866591573095,-0.3197238695637118,-0.005503916146636172,-0.07633592135319453,-54.31081095009377,0.0,0.0
dd_30d & ema50_rel,-12.2..-8.28 & 0.272..0.654,42491,1.6632071154936876,0.3290108493563343,-0.31978673465382973,-0.02562807585889865,-0.07639878644331247,-46.93710476814414,0.07142857142857142,0.0
atr_pct & up_from_low_30d,0.271..0.373 & 23..31.2,29347,1.1487171217056142,0.3303233720652878,-0.31979130508934633,-0.012160511881729815,-0.07640335687882907,-38.97277427691302,0.0,0.0
atr_pct & dist_high_20,0.271..0.373 & 0.463..0.708,66280,2.5943698104285993,0.3316837658418829,-0.3201603193865831,-0.007862106908441507,-0.07677237117606586,-58.75959829077121,0.0,0.0
dd_30d & ema50_rel,-16.2..-12.2 & -0.00931..0.272,41857,1.6383907235230821,0.3363117280263755,-0.32022382949436384,0.002802113000791065,-0.07683588128384658,-46.07611644870326,0.07142857142857142,0.0
dist_high_20 & up_from_low_30d,0.463..0.708 & 12.6..17.3,43049,1.6850486718337474,0.3205881669725197,-0.32024140970575454,-0.04531846719575039,-0.07685346149523728,-47.62752247987801,0.07142857142857142,0.0
atr_pct & dist_low_20,0.271..0.373 & 0.288..0.524,64369,2.519568351350008,0.3316192577172241,-0.3203999035572142,-0.006618207670912912,-0.07701195534669694,-57.87527421060713,0.0,0.0
up_from_low_30d & ret_16,17.3..23 & -0.331..0,39518,1.5468362427356275,0.31995546333316466,-0.3208597153851254,-0.047754560169888396,-0.07747176717460816,-45.641425199800125,0.0,0.0
ret_4 & ret_16,-0.391..-0.163 & 0..0.332,40998,1.6047672523830978,0.32823552368408215,-0.3216811628466874,-0.02169416180311128,-0.07829321463617014,-46.2505386893415,0.0,0.0
dist_high_20 & up_from_low_30d,0.708..1 & 5.06..8.62,43432,1.7000402777087347,0.32243507091545404,-0.3233564645185019,-0.0447539174533612,-0.07996851630798466,-48.50945050185633,0.0,0.0
dist_low_20 & up_from_low_30d,0.524..0.777 & -inf..5.06,48617,1.902994524345311,0.33325791389843057,-0.3233991132106815,-0.005226735354349968,-0.08001116500016422,-50.21579993175856,0.0,0.0
dist_high_20 & dd_30d,0.463..0.708 & -12.2..-8.28,44429,1.7390654240726047,0.32859168561074975,-0.32354457406923626,-0.022971965887057435,-0.080156625858719,-48.574566401870776,0.07142857142857142,0.0
ret_4 & ret_16,0..0.167 & -0.793..-0.331,36209,1.4173134650846282,0.326189621364854,-0.32371116328313754,-0.02795351323995508,-0.08032321507262027,-43.766149430056565,0.0,0.0
up_from_low_30d & ret_4,-inf..5.06 & -0.391..-0.163,45821,1.7935518872004956,0.3353702450841317,-0.32456907000951973,0.0003073740194891966,-0.08118112179900247,-48.9748946319883,0.0,0.0
up_from_low_30d & dd_30d,8.62..12.6 & -12.2..-8.28,35271,1.3805977305918395,0.32769130447109523,-0.32564080776827975,-0.035510223969487706,-0.08225285955776249,-44.19371724354794,0.07142857142857142,0.16666666666666666
up_from_low_30d & ret_16,12.6..17.3 & 0.332..0.781,43277,1.6939731787253847,0.31915336090764146,-0.32603627687215175,-0.052428912861222164,-0.08264832866163449,-48.68930257104217,0.07142857142857142,0.0
up_from_low_30d & ret_4,8.62..12.6 & -0.391..-0.163,44568,1.7445062418705766,0.32348321665769164,-0.32634588325433384,-0.039715252992553955,-0.08295793504381657,-49.3511764024567,0.0,0.0
dist_high_20 & up_from_low_30d,0.241..0.463 & 17.3..23,39838,1.5593618664431887,0.3200963903810432,-0.32650123008983223,-0.048615714048718735,-0.08311328187931497,-46.69367878248729,0.0,0.0
dist_low_20 & up_from_low_30d,0.777..1.08 & 5.06..8.62,43988,1.721803548900622,0.31970082749840867,-0.3274474432688535,-0.04977051181438836,-0.08405949505833624,-49.46194978537984,0.0,0.0
dist_high_20 & ema50_rel,0.463..0.708 & -0.00931..0.272,55045,2.1546029905709454,0.3263693341811245,-0.32859876410170863,-0.02636989439536751,-0.08521081589119137,-54.90001911302732,0.0,0.0
atr_pct & up_from_low_30d,0.271..0.373 & 5.06..8.62,66222,2.592099541131604,0.3293467427743046,-0.3287865425737452,-0.015828778284692924,-0.08539859436322791,-60.572377819675026,0.0,0.0
up_from_low_30d & ema50_rel,12.6..17.3 & 0.272..0.654,44639,1.7472853646306918,0.3205044915880732,-0.3288528137028603,-0.047784938285696674,-0.08546486549234303,-49.81192834159973,0.07142857142857142,0.0
up_from_low_30d & ret_4,17.3..23 & -0.163..0,41931,1.6412872740054556,0.3161622665808113,-0.32944943621506223,-0.058891953851222596,-0.08606148800454497,-48.41001489458185,0.0,0.0
dist_high_20 & dd_30d,0.708..1 & -4.52..inf,39877,1.5608884268325476,0.3144168317576548,-0.32988891734265974,-0.06751957551596444,-0.08650096913214247,-47.70636618941785,0.0,0.0
atr_pct & ema50_rel,0.373..0.461 & 1.38..inf,14292,0.5594256688389491,0.3060453400503778,-0.3301998359771077,-0.0928231694886942,-0.08681188776659046,-28.889976583169343,0.0,0.0
atr_pct & ret_16,0.271..0.373 & -1.65..-0.793,33627,1.3162473387942444,0.3255717132066494,-0.33035295738364956,-0.024151317468988385,-0.0869650091731323,-43.30837383220179,0.0,0.0
ret_4 & ret_16,-0.163..0 & 0.332..0.781,48564,1.9009199679187463,0.32468495181616014,-0.33048606696038907,-0.032379291476878944,-0.0870981187498718,-51.79366213387548,0.0,0.0
up_from_low_30d & ret_16,-inf..5.06 & -0.793..-0.331,48729,1.9073784926429576,0.3321020336965667,-0.3309080742220028,-0.009040518395248012,-0.08752012601148554,-51.55339245986604,0.0,0.0
up_from_low_30d & ema50_rel,-inf..5.06 & -0.701..-0.299,53173,2.0813280918817125,0.3314652173095368,-0.33103863683368523,-0.012024980980096314,-0.08765068862316797,-54.160681071620836,0.07142857142857142,0.0
up_from_low_30d & ret_4,8.62..12.6 & 0.167..0.391,45416,1.7776991446956136,0.32455522282895893,-0.3322204925321434,-0.0369884386045449,-0.08883254432162616,-50.52193875626809,0.0,0.0
up_from_low_30d & dd_30d,12.6..17.3 & -12.2..-8.28,33913,1.327442114982877,0.31571963553799426,-0.3325224931447345,-0.07050979001770386,-0.08913454493421721,-44.43391929119166,0.07142857142857142,0.0
dist_high_20 & dist_low_20,1..1.39 & -inf..0.288,46521,1.8209516890607857,0.3266911717288966,-0.33255406668146525,-0.02164194350715689,-0.08916611847094799,-51.025507574235476,0.0,0.0
dist_high_20 & ret_16,0.708..1 & -0.793..-0.331,81163,3.1769287405524507,0.3277725071769156,-0.33299352637410246,-0.021108456007046656,-0.08960557816358519,-67.44212596711216,0.0,0.0
atr_pct & ret_4,0.271..0.373 & 0..0.167,52317,2.0478220484639866,0.32761817382495173,-0.33372683679797066,-0.020139957550063987,-0.0903388885874534,-54.633906971389415,0.0,0.0
atr_pct & dist_high_20,0.271..0.373 & 0.708..1,59136,2.3147352611572973,0.3262817911255411,-0.3337670163203512,-0.023657511798292143,-0.09037906810983395,-58.0981402187964,0.0,0.0
dist_high_20 & up_from_low_30d,0.463..0.708 & 8.62..12.6,45617,1.7855668020869255,0.32341013218756165,-0.33412132330576527,-0.03788466201535703,-0.09073337509524801,-50.920536854345215,0.0,0.0
ema50_rel & ret_16,-0.00931..0.272 & 0.332..0.781,62820,2.4589365040905946,0.32800063673989177,-0.3342048055976436,-0.021919201766534658,-0.09081685738712633,-59.22563140541688,0.0,0.0
dist_low_20 & ema50_rel,0.524..0.777 & 0.654..1.38,12291,0.48110137809260584,0.3077861850134245,-0.33571876196760736,-0.08585767812852697,-0.0923308137570901,-26.967951516516973,0.0,0.0
dd_30d & ema50_rel,-16.2..-12.2 & -0.299..-0.00931,43170,1.689784923298169,0.32768126013435256,-0.3358391077410526,-0.02340792403830151,-0.09245115953053532,-49.404614891154985,0.0,0.0
atr_pct & dist_low_20,0.271..0.373 & -inf..0.288,57170,2.2377809605039687,0.32655238761588246,-0.33602138358531086,-0.021540087060406794,-0.0926334353747936,-57.32302454568384,0.0,0.0
ret_4 & ret_16,-0.163..0 & -0.793..-0.331,55914,2.188617887451791,0.32766391243695675,-0.33687979983345123,-0.021878740705503694,-0.09349185162293397,-56.38656906430888,0.0,0.0
up_from_low_30d & ema50_rel,5.06..8.62 & -0.701..-0.299,44983,1.76075041011632,0.32098792877309207,-0.33694262717390056,-0.04304280768381868,-0.09355467896338329,-51.223792420970916,0.0,0.0
atr_pct & dist_low_20,0.271..0.373 & 1.46..2.04,22825,0.8934292535158839,0.3244249726177437,-0.33770415796492814,-0.03537580498715324,-0.09431620975441088,-36.766329545940245,0.0,0.0
ema50_rel & ret_16,-0.299..-0.00931 & -0.793..-0.331,68160,2.667957849710521,0.3261150234741784,-0.3379836205801132,-0.028422701692994125,-0.09459567236959596,-62.62438950303949,0.0,0.0
atr_pct & ema50_rel,0.271..0.373 & 0.272..0.654,61232,2.3967780964418224,0.32680624510060097,-0.33837986324050984,-0.026298684387382525,-0.09499191502999257,-60.038815568588014,0.0,0.0
up_from_low_30d & dd_30d,12.6..17.3 & -8.28..-4.52,38928,1.5237421240248117,0.3301479654747226,-0.3394039262388983,-0.020864780282619396,-0.09601597802838105,-47.90789062656404,0.07142857142857142,0.0
dist_high_20 & ema50_rel,0.241..0.463 & 0.272..0.654,63152,2.4719318386871896,0.3224917658981505,-0.3394982074235507,-0.03872326952365763,-0.09611025921303343,-60.96250100189682,0.0,0.0
ret_4 & ema50_rel,-0.391..-0.163 & -0.00931..0.272,43529,1.703837107395089,0.3230030554343082,-0.34046725717185644,-0.03859569937975518,-0.09707930896133918,-50.68288460689872,0.0,0.0
ret_4 & ret_16,0.167..0.391 & 0.332..0.781,62050,2.4287967220442757,0.3259307010475423,-0.3405279612178884,-0.027404343422698072,-0.09714001300737116,-60.08370018883382,0.0,0.0
up_from_low_30d & ret_16,12.6..17.3 & -0.331..0,43945,1.7201204182149186,0.3269541472294914,-0.34076014685583933,-0.024408635573761456,-0.09737219864532207,-50.45573050506869,0.07142857142857142,0.0
atr_pct & ret_4,0.271..0.373 & -0.391..-0.163,57475,2.249719445600238,0.3243497172683776,-0.3413192599735147,-0.029632987951524727,-0.09793131176299744,-58.61182295881274,0.0,0.0
up_from_low_30d & ret_4,-inf..5.06 & 0.167..0.391,41285,1.6160011711458167,0.33087077631100886,-0.342757874866892,-0.014079754821723918,-0.09936992665637476,-49.26438101765908,0.07142857142857142,0.0
dist_high_20 & ret_4,0.463..0.708 & 0..0.167,46064,1.803063532703425,0.32198680097255994,-0.34305060024491746,-0.039357508366666655,-0.0996626520344002,-52.48423977052571,0.0,0.0
atr_pct & dd_30d,0.271..0.373 & -12.2..-8.28,53616,2.098668252201868,0.32408236347359,-0.34336343299658034,-0.03066240690775671,-0.09997548478606308,-57.074051056569225,0.07142857142857142,0.0
up_from_low_30d & ema50_rel,17.3..23 & -0.00931..0.272,38211,1.4956768984050575,0.31815445814032606,-0.34346602029850415,-0.052536701484589624,-0.10007807208798689,-47.97893627051722,0.0,0.0
atr_pct & dist_high_20,0.271..0.373 & 1..1.39,44131,1.7274009369949386,0.3219505562982937,-0.34351869425144727,-0.036584346396171474,-0.10013074604093,-51.77351390439059,0.0,0.0
dist_low_20 & ret_16,0.777..1.08 & 0.332..0.781,82295,3.221238134417948,0.3238957409320129,-0.34524105174820313,-0.03425040837617382,-0.10185310353768587,-70.57505788133284,0.0,0.0
atr_pct & ret_4,0.271..0.373 & 0.803..inf,6880,0.2693009097125643,0.3226744186046512,-0.34528675075247933,-0.0432163895972992,-0.10189880254196207,-20.62879889992041,0.0,0.0
atr_pct & ret_16,0.373..0.461 & 1.63..inf,14194,0.5555896965785084,0.3005495279695646,-0.3453085598242649,-0.10800730301195172,-0.10192061161374763,-30.2260905986595,0.0,0.0
dist_low_20 & up_from_low_30d,0.524..0.777 & 8.62..12.6,47115,1.844202378067946,0.3207471081396583,-0.34541402915567443,-0.04446230569901345,-0.10202608094515717,-53.61544988444481,0.0,0.0
atr_pct & ret_16,0.271..0.373 & -0.793..-0.331,58688,2.2971993879667116,0.3222975736095965,-0.34620274938499124,-0.034659674359390165,-0.10281480117447397,-60.12071277215642,0.0,0.0
up_from_low_30d & ret_4,12.6..17.3 & -0.163..0,45981,1.7998146990542763,0.32337269741849894,-0.34711395982915605,-0.03648276715345295,-0.10372601161863879,-52.924637531882716,0.0,0.0
ret_4 & ema50_rel,-0.163..0 & 0.272..0.654,48559,1.9007242550483157,0.3211351139850491,-0.34769818542420217,-0.04494719679817968,-0.1043102372136849,-54.68954595015265,0.0,0.0
dist_low_20 & ema50_rel,0.777..1.08 & 0.272..0.654,66753,2.6128842479713383,0.3213188920348149,-0.3484830727820117,-0.04445180337856783,-0.10509512457149442,-64.40300452000244,0.0,0.0
atr_pct & ema50_rel,0.271..0.373 & 0.654..1.38,37805,1.4797850133260892,0.32159767226557334,-0.34879296302345425,-0.042005376962134036,-0.10540501481293699,-48.85510477526902,0.0,0.0
dd_30d & ret_4,-8.28..-4.52 & 0.167..0.391,44358,1.7362863013124896,0.32332386491726406,-0.349093470838524,-0.03939320485070395,-0.10570552262800673,-52.463040183271175,0.07142857142857142,0.0
dd_30d & ema50_rel,-12.2..-8.28 & -0.299..-0.00931,47224,1.848468918643334,0.33692613925122816,-0.34922479626945485,0.006195962890273285,-0.10583684805893759,-53.144589991625914,0.07142857142857142,0.0
dist_low_20 & ret_4,0.524..0.777 & 0.167..0.391,57717,2.2591919485290806,0.3281009061455031,-0.35009624442813,-0.02074739969335649,-0.10670829621761271,-59.53872325539553,0.0,0.0
atr_pct & dd_30d,0.271..0.373 & -8.28..-4.52,52122,2.040189246517192,0.32232070910556004,-0.3503903469396253,-0.036799512777286277,-0.10700239872910802,-57.583742596178716,0.07142857142857142,0.0
dd_30d & ret_4,-8.28..-4.52 & -0.391..-0.163,43058,1.6854009550005224,0.32247201449208046,-0.3504370684965323,-0.041139460760257825,-0.10704912028601501,-52.03848597236459,0.0,0.0
atr_pct & ret_16,0.271..0.373 & 0.781..1.63,38503,1.5071065300382072,0.32158533101316783,-0.3508812477628661,-0.04339812475533722,-0.10749329955234885,-49.68637678336349,0.0,0.0
dist_high_20 & up_from_low_30d,0.241..0.463 & 12.6..17.3,43334,1.696204305448294,0.3235565606682974,-0.3511051815567737,-0.035075426901707285,-0.10771723334625646,-51.966735478932534,0.0,0.0
dist_high_20 & dist_low_20,-inf..0.241 & 1.08..1.46,45352,1.7751940199541014,0.322168812841771,-0.35146049611899616,-0.037871925198825714,-0.1080725479084789,-53.51296816193783,0.0,0.0
dist_low_20 & up_from_low_30d,-inf..0.288 & 17.3..23,34475,1.3494402416192812,0.31956490210297317,-0.35216257298671333,-0.04610577029490491,-0.10877462477619607,-46.459673330047245,0.0,0.0
ret_4 & ema50_rel,-0.391..-0.163 & -0.299..-0.00931,56201,2.19985180621451,0.32947812316506825,-0.3533060185136959,-0.016299360255745163,-0.10991807030317866,-59.078491268174666,0.0,0.0
up_from_low_30d & ret_16,8.62..12.6 & 0.332..0.781,46089,1.8040420970555782,0.31985940246045697,-0.35372688933196056,-0.050029449118953774,-0.1103389411214433,-54.20859779287289,0.0,0.0
dd_30d & ret_16,-8.28..-4.52 & -0.793..-0.331,42987,1.6826218322404074,0.3187475283225161,-0.3545090587117405,-0.05008964431487914,-0.11112111050122322,-52.56825847566636,0.0,0.0
up_from_low_30d & ema50_rel,12.6..17.3 & -0.299..-0.00931,40792,1.5967038821213553,0.3227103353598745,-0.3550153149474319,-0.03624893815313913,-0.11162736673691462,-50.76963599449554,0.0,0.0
ret_4 & ret_16,-0.391..-0.163 & -0.331..0,57991,2.26991701382868,0.3263437429946026,-0.3559245432013517,-0.024659229197619672,-0.11253659499083443,-60.61388883965485,0.0,0.0
up_from_low_30d & ret_4,17.3..23 & 0..0.167,34715,1.3588344593999522,0.312516203370301,-0.3570891115518272,-0.07096812273593059,-0.11370116334130995,-47.795648174963105,0.0,0.0
up_from_low_30d & ret_16,17.3..23 & 0..0.332,36581,1.431874502644668,0.3141794920860556,-0.35716809030009716,-0.06490337795714335,-0.1137801420895799,-48.9375020101981,0.0,0.0
dd_30d & ret_16,-8.28..-4.52 & 0.332..0.781,44784,1.7529610378731804,0.32268220793140406,-0.3577157281755519,-0.0407392906738522,-0.11432777996503465,-53.91504246134541,0.0,0.0
ret_4 & ema50_rel,0.167..0.391 & -0.00931..0.272,53610,2.098433396757351,0.32906174221227386,-0.35857800526293315,-0.01850640934694633,-0.11519005705241589,-58.58471799681705,0.0,0.0
up_from_low_30d & ret_16,5.06..8.62 & 0.332..0.781,46416,1.8168417187817423,0.32594364012409516,-0.3615847183197513,-0.031261820018327925,-0.11819677010923405,-55.39803656314097,0.0,0.0
up_from_low_30d & ema50_rel,12.6..17.3 & -0.00931..0.272,42057,1.6462192383403078,0.3247497443945122,-0.3622606123263093,-0.03192701888963836,-0.11887266411579203,-52.67283715974602,0.0,0.0
dist_high_20 & ema50_rel,0.463..0.708 & -0.701..-0.299,42252,1.6538520402871029,0.3276531288459718,-0.3628073482204079,-0.0208674953379268,-0.11941940000989062,-52.600460526072006,0.0,0.0
dd_30d & ema50_rel,-8.28..-4.52 & 0.272..0.654,45277,1.7722583268976417,0.3212006095810235,-0.3628911779995999,-0.04746252521198652,-0.11950322978908265,-55.235049831875635,0.0,0.0
ret_4 & ema50_rel,0.167..0.391 & 0.272..0.654,63200,2.4738106822433235,0.32169303797468357,-0.36321654263037395,-0.04188133285854674,-0.11982859441985669,-64.93693235103683,0.0,0.0
dist_high_20 & dd_30d,-inf..0.241 & -16.2..-12.2,40455,1.58351283465433,0.328587319243604,-0.3635647633389051,-0.02115938722342798,-0.12017681512838782,-51.34231210080592,0.0,0.0
dist_high_20 & ret_4,0.463..0.708 & -0.391..-0.163,60172,2.3552869679105264,0.3220933324469853,-0.3647213986235627,-0.03883842469244828,-0.12133345041304541,-63.75234664418354,0.0,0.0
dist_high_20 & up_from_low_30d,0.463..0.708 & -inf..5.06,43785,1.713857606361138,0.3324654562064634,-0.36586292688938743,-0.008538768689452017,-0.12247497867887017,-54.16178390749368,0.0,0.0
up_from_low_30d & ret_16,5.06..8.62 & -0.793..-0.331,45953,1.7987187069798647,0.3160403020477444,-0.36617257085761146,-0.05877053634611042,-0.1227846226470942,-56.380078470313144,0.0,0.0
dist_low_20 & ret_16,0.524..0.777 & 0..0.332,67357,2.63652636271936,0.3264397167332274,-0.3661781995698664,-0.024734356574521263,-0.12279025135934915,-67.43411511164257,0.0,0.0
up_from_low_30d & ret_4,5.06..8.62 & 0.167..0.391,45989,1.8001278396469653,0.3217725977951249,-0.3667634465048167,-0.04278815562418335,-0.12337549829429942,-56.27305047027413,0.0,0.0
ema50_rel & ret_16,0.272..0.654 & 0.332..0.781,98215,3.8443879138691144,0.32189584075752176,-0.36679007890168974,-0.04233681278775783,-0.12340213069117248,-81.72008438346052,0.0,0.0
dist_low_20 & dd_30d,-inf..0.288 & -16.2..-12.2,42177,1.6509163472306434,0.3267894824193281,-0.3684596113552658,-0.02292571629911886,-0.12507166314474852,-53.18398784127745,0.0,0.0
up_from_low_30d & ret_4,5.06..8.62 & -0.391..-0.163,45987,1.8000495544987931,0.31785069693609064,-0.3692681399268181,-0.05523794814305436,-0.12588019171630085,-56.892142309286534,0.0,0.0
up_from_low_30d & ret_16,-inf..5.06 & 0.332..0.781,39096,1.5303180764712814,0.32494372825864537,-0.37280002091663905,-0.033184777858595166,-0.1294120727061218,-52.30862107374496,0.0,0.0
up_from_low_30d & ret_16,12.6..17.3 & 0..0.332,40204,1.5736880485587117,0.3216097900706397,-0.37309111495620056,-0.04162474949726489,-0.1297031667456833,-53.29245570181383,0.0,0.0
dist_low_20 & dd_30d,0.524..0.777 & -8.28..-4.52,44833,1.7548790240034007,0.3193183592443066,-0.3733108926496968,-0.04991065297239894,-0.12992294443917954,-56.59401422258272,0.0,0.0
dist_low_20 & ret_16,0.288..0.524 & -0.331..0,72401,2.8339615064097923,0.3281032029944338,-0.3733995628063417,-0.018893397855723186,-0.13001161459582442,-71.1657609388808,0.0,0.0
dist_low_20 & up_from_low_30d,0.524..0.777 & 5.06..8.62,50357,1.9711026032551748,0.31920090553448377,-0.37386654831285626,-0.04758731577847782,-0.130478600102339,-60.07304257136955,0.0,0.0
dist_high_20 & ret_16,0.463..0.708 & -0.331..0,78059,3.0554301905891075,0.324370027799485,-0.3747453621846904,-0.030139973788625766,-0.13135741397417314,-74.29792705124625,0.0,0.0
dist_low_20 & ema50_rel,0.524..0.777 & -0.00931..0.272,60791,2.37951622126984,0.3252455133161159,-0.37518887614362895,-0.02962474825704326,-0.13180092793311168,-65.7333852210841,0.07142857142857142,0.0
dist_high_20 & ret_4,0.463..0.708 & -0.163..0,65733,2.572958822403487,0.31939817139032145,-0.3764134228250357,-0.04636407605737489,-0.13302547461451844,-68.80430089241568,0.0,0.0
dist_low_20 & dd_30d,0.288..0.524 & -12.2..-8.28,45551,1.782983392197241,0.32381286909178725,-0.3782735172635876,-0.033374339706187695,-0.13488556905307034,-57.2952820358049,0.07142857142857142,0.0
ret_4 & ret_16,0.167..0.391 & 0..0.332,51129,2.0013206704496658,0.32318253828551313,-0.3786676835936252,-0.034804960537655506,-0.13527973538310792,-60.60047540873594,0.0,0.0
atr_pct & dd_30d,0.271..0.373 & -inf..-33.6,7078,0.2770511393816178,0.30813789205990394,-0.379090324183025,-0.07630660245919842,-0.13570237597250775,-23.007145022704208,0.21428571428571427,0.0
ema50_rel & ret_16,-0.299..-0.00931 & 0..0.332,57789,2.262010213863282,0.32796899063835677,-0.3810513928945461,-0.019880140925228877,-0.13766344468402883,-64.10394969438372,0.0,0.0
up_from_low_30d & ret_4,12.6..17.3 & 0..0.167,38004,1.487574385569229,0.31849279023260707,-0.3813164493359949,-0.05209905797170011,-0.13792850112547764,-52.946818153240706,0.0,0.0
dist_low_20 & ret_4,0.524..0.777 & 0..0.167,52714,2.0633616503761796,0.32260879462761316,-0.3826492969079918,-0.03522178775622378,-0.13926134869747456,-62.20510142564995,0.0,0.0
atr_pct & up_from_low_30d,0.271..0.373 & 17.3..23,38291,1.4988083043319478,0.30978558930296934,-0.38324014082023805,-0.07451305793532538,-0.1398521926097208,-54.358816101039636,0.0,0.0
dd_30d & ret_16,-12.2..-8.28 & -0.331..0,48827,1.9112144649033982,0.32778995228050056,-0.38344332407069626,-0.02128203542658956,-0.140055375860179,-59.76331255821619,0.07142857142857142,0.0
atr_pct & dd_30d,0.271..0.373 & -4.52..inf,42702,1.6714661986258608,0.31073486019390195,-0.38537957965679903,-0.07097805113566917,-0.14199163144628177,-57.94415204990368,0.0,0.0
dist_high_20 & dd_30d,0.463..0.708 & -8.28..-4.52,44360,1.7363645864606618,0.31456266907123537,-0.38600921202991273,-0.061686414728081326,-0.14262126381939547,-58.24752925542155,0.0,0.0
up_from_low_30d & ema50_rel,8.62..12.6 & -0.299..-0.00931,45845,1.7944913089785628,0.3239611735194678,-0.3860222180562253,-0.03605145705466353,-0.142634269845708,-58.447976991263054,0.0,0.0
dist_high_20 & ema50_rel,0.463..0.708 & -0.299..-0.00931,65279,2.555188093768385,0.3258015594601633,-0.38688840534847185,-0.02551455492554089,-0.1435004571379546,-69.86918749162855,0.0,0.0
dist_high_20 & up_from_low_30d,0.463..0.708 & 5.06..8.62,48993,1.9177121322016955,0.3159430939113751,-0.38765583711729384,-0.06147720951207564,-0.14426788890677658,-61.8584637417942,0.0,0.0
dist_high_20 & dd_30d,0.241..0.463 & -12.2..-8.28,47535,1.86064225918412,0.32275165667402966,-0.3885086789293775,-0.03715460287238952,-0.14512073071886025,-60.19790918509606,0.0,0.0
ema50_rel & ret_16,0.272..0.654 & 0..0.332,62549,2.4483288665132537,0.3155126380917361,-0.39062526545288634,-0.060136640396382834,-0.14723731724236908,-69.70213592045573,0.0,0.0
ret_4 & ret_16,0..0.167 & 0.332..0.781,49576,1.9405322528939084,0.32098192673874454,-0.3911293414814517,-0.0423975676941517,-0.1477413932709344,-61.55977373338965,0.0,0.0
up_from_low_30d & ema50_rel,8.62..12.6 & 0.272..0.654,46974,1.8386832751218019,0.3091284540384042,-0.3916424607715688,-0.08141286400270714,-0.14825451256105152,-61.0384841178954,0.0,0.0
dist_low_20 & up_from_low_30d,-inf..0.288 & 12.6..17.3,41566,1.6270002344640189,0.3222826348457874,-0.3934115018785568,-0.037137089065535714,-0.15002355366803952,-56.57064403534489,0.0,0.0
up_from_low_30d & dd_30d,23..31.2 & -4.52..inf,52099,2.039288967313211,0.29691548782126337,-0.39386964158355947,-0.12363590054760282,-0.1504816933730422,-66.1599907603987,0.07142857142857142,0.0
up_from_low_30d & ret_16,8.62..12.6 & -0.331..0,48905,1.914267585682116,0.32051937429710664,-0.39602038563817643,-0.04490318707724598,-0.15263243742765917,-61.93950369345908,0.0,0.0
dist_high_20 & dist_low_20,0.241..0.463 & 0.524..0.777,39602,1.5501242189588624,0.32604413918488967,-0.39797748239644537,-0.02425117413522605,-0.1545895341859281,-56.27164868741694,0.07142857142857142,0.0
atr_pct & ema50_rel,-inf..0.271 & -1.44..-0.701,9170,0.3589374043697987,0.3499454743729553,-0.3980824538514985,0.05224388867585465,-0.15469450564098122,-26.74272482207894,0.14285714285714285,0.0
dist_high_20 & dist_low_20,0.463..0.708 & 0.288..0.524,39350,1.540260290289158,0.3250571791613723,-0.39828783849782906,-0.0264275191457211,-0.1548998902873118,-56.27281822209519,0.0,0.0
dist_low_20 & ema50_rel,0.288..0.524 & -0.299..-0.00931,63290,2.4773335139110753,0.32226260072681306,-0.3987136703421179,-0.036102996096999795,-0.15532572213160065,-71.25372219218367,0.0,0.0
dd_30d & ret_16,-4.52..inf & -0.793..-0.331,36464,1.427294821476591,0.31559894690653795,-0.39895004164748465,-0.06281409843527706,-0.1555620934369674,-54.560593814268046,0.0,0.0
up_from_low_30d & ret_4,8.62..12.6 & -0.163..0,51981,2.0346701435710477,0.31825089936707646,-0.39936204671555214,-0.05276699774795534,-0.15597409850503488,-64.55203500297164,0.0,0.0
dist_low_20 & ret_16,0.777..1.08 & 0.781..1.63,10939,0.4281806179281601,0.31565956668799705,-0.39990887823102106,-0.05933353885139357,-0.1565209300205038,-29.903515475748435,0.0,0.0
dd_30d & ret_4,-12.2..-8.28 & -0.163..0,50466,1.9753691438305627,0.32086949629453493,-0.40080982644450636,-0.0432937161846537,-0.1574218782339891,-63.92142256310438,0.0,0.0
up_from_low_30d & ema50_rel,5.06..8.62 & 0.272..0.654,48809,1.9105098985698479,0.31555655719232106,-0.40127185672108784,-0.06520695081878097,-0.15788390851057058,-63.888144632678106,0.0,0.0
dd_30d & ret_4,-12.2..-8.28 & 0..0.167,42232,1.6530691888053803,0.32328566016290966,-0.4014935636408551,-0.03679488800188069,-0.15810561543033783,-58.261258409795204,0.07142857142857142,0.0
dist_high_20 & up_from_low_30d,0.241..0.463 & 8.62..12.6,48018,1.8795481224677202,0.317276854512891,-0.40165935718296647,-0.054174212305531357,-0.1582714089724492,-62.617659225591645,0.0,0.0
dist_low_20 & ret_4,0.288..0.524 & -0.163..0,66055,2.5855627312592206,0.3240481417000984,-0.4026158180943912,-0.029951233065871084,-0.1592278698838739,-73.0295432465514,0.0,0.0
dd_30d & ema50_rel,-12.2..-8.28 & -0.00931..0.272,45778,1.7918687565147922,0.3249158984665123,-0.4030936102415487,-0.030946494959596487,-0.15970566203103145,-60.643422806530786,0.07142857142857142,0.0
dist_high_20 & up_from_low_30d,-inf..0.241 & 17.3..23,39221,1.5352108982320474,0.30445424644960606,-0.40357866415498206,-0.09383928787339438,-0.1601907159444648,-57.54004404884171,0.0,0.0
dist_low_20 & up_from_low_30d,0.288..0.524 & -inf..5.06,56732,2.2206365130542443,0.32697595713177746,-0.40376672717625295,-0.02051657404796903,-0.16037877896573569,-67.38728709753964,0.0,0.0
dist_low_20 & ema50_rel,-inf..0.288 & -0.701..-0.299,75045,2.937454472293516,0.32106069691518424,-0.40437319493742063,-0.03876240071172558,-0.16098524672690337,-78.64861023179907,0.0,0.0
dist_low_20 & dd_30d,0.777..1.08 & -4.52..inf,35711,1.3978204631897362,0.30259583881717117,-0.4070738071211326,-0.10137525519136673,-0.16368585891061535,-55.88814580977847,0.0,0.0
dd_30d & ret_16,-12.2..-8.28 & 0..0.332,43563,1.7051679549140175,0.32151137433142807,-0.4082396572913319,-0.04001079854731847,-0.16485170908081462,-60.208086346741865,0.07142857142857142,0.0
dist_low_20 & up_from_low_30d,0.288..0.524 & 8.62..12.6,48722,1.9071044946243545,0.31579163416936906,-0.4082806310704653,-0.05899495226930184,-0.16489268285994804,-64.04757855337759,0.07142857142857142,0.0
dd_30d & ema50_rel,-4.52..inf & -0.701..-0.299,29292,1.146564280130877,0.31261095179571213,-0.41252799434540194,-0.0692710787242451,-0.16914004613488468,-50.666879487452036,0.07142857142857142,0.0
dist_high_20 & ret_16,0.241..0.463 & 0..0.332,68160,2.667957849710521,0.3220070422535211,-0.4126676955253876,-0.03624918406360191,-0.16927974731487036,-76.41565972724601,0.0,0.0
dist_high_20 & up_from_low_30d,-inf..0.241 & 12.6..17.3,43980,1.721490408307933,0.31762164620281946,-0.4137472168022914,-0.053078239875656276,-0.1703592685917741,-61.6086629928619,0.0,0.0
ret_4 & ema50_rel,0..0.167 & 0.272..0.654,50371,1.9716505992923805,0.31545929205296697,-0.41587436204773526,-0.05905299365940596,-0.172486413837218,-66.33441242169643,0.0,0.0
dist_low_20 & ret_16,-inf..0.288 & -0.793..-0.331,83966,3.2866453757158687,0.31937927256270393,-0.41804377714498203,-0.04413321398365684,-0.17465582893446477,-86.01361629112715,0.0,0.0
up_from_low_30d & ema50_rel,-inf..5.06 & 0.272..0.654,32750,1.2819193013207095,0.3171297709923664,-0.4190470687488577,-0.05757995138217055,-0.17565912053834046,-54.2739398400655,0.0,0.0
atr_pct & up_from_low_30d,-inf..0.271 & 31.2..48,6458,0.2527827434482181,0.3519665531124187,-0.41929122779453726,0.05508193131922979,-0.17590327958402,-23.592070924213417,0.1,0.0
dd_30d & ret_4,-4.52..inf & -0.391..-0.163,39153,1.5325492031941905,0.30912062932597756,-0.4201799775821663,-0.08259640915580747,-0.17679202937164903,-59.74992283309903,0.0,0.0
up_from_low_30d & dd_30d,-inf..5.06 & -16.2..-12.2,48376,1.893561163990554,0.3163758888705143,-0.4235494911056505,-0.053125372360194635,-0.18016154289513323,-66.73137131895038,0.0,0.0
dist_high_20 & dd_30d,0.463..0.708 & -4.52..inf,46508,1.820442835597666,0.30289412574180785,-0.42610650668580624,-0.09782412818218607,-0.18271855847528898,-66.38097209332948,0.0,0.0
up_from_low_30d & dd_30d,17.3..23 & -4.52..inf,39704,1.5541167615156475,0.30384847874269594,-0.427204627673777,-0.09736067180717901,-0.18381667946325972,-61.565213023809555,0.07142857142857142,0.0
dist_low_20 & ema50_rel,0.524..0.777 & 0.272..0.654,53359,2.0886086106617325,0.316666354316985,-0.4301298097023485,-0.055807071356014044,-0.18674186149183122,-70.66562660972276,0.07142857142857142,0.0
ema50_rel & ret_16,-0.00931..0.272 & -0.331..0,72591,2.8413985954861567,0.31999834690250856,-0.43038035161464,-0.04339324515796053,-0.18699240340412274,-81.54043308514072,0.0,0.0
dist_high_20 & dist_low_20,0.708..1 & -inf..0.288,42491,1.6632071154936876,0.3203031230142854,-0.43600817499958716,-0.040980596733837325,-0.1926202267890699,-64.1536948621582,0.07142857142857142,0.0
dist_high_20 & ret_4,0.241..0.463 & 0..0.167,57589,2.254181699046056,0.3168660681727413,-0.4360149063452503,-0.05283134971016715,-0.19262695813473305,-74.24177570133864,0.0,0.0
dist_high_20 & ema50_rel,0.241..0.463 & -0.00931..0.272,67531,2.643337170610346,0.32145237002265625,-0.4363994198915611,-0.03757464508983856,-0.19301147168104385,-80.28850249691641,0.0,0.0
dist_low_20 & ret_4,-inf..0.288 & -0.391..-0.163,70334,2.7530538057737646,0.3188358404185742,-0.4367533859146665,-0.0451346028486918,-0.19336543770414924,-82.18948479636205,0.0,0.0
dd_30d & ret_4,-4.52..inf & 0.167..0.391,45432,1.7783254258809917,0.30520338087691495,-0.43882462355891133,-0.09246147795868982,-0.19543667534839407,-67.16968501641203,0.0,0.0
dist_high_20 & up_from_low_30d,0.241..0.463 & 5.06..8.62,52977,2.0736561473608317,0.31828906884119523,-0.4390154783208511,-0.05100253628524928,-0.19562753011033382,-71.9724566032859,0.0,0.0
up_from_low_30d & ret_16,8.62..12.6 & 0..0.332,44789,1.753156750743611,0.31485409363906314,-0.44008572486187686,-0.06070523278104872,-0.1966977766513596,-65.73332259922857,0.0,0.0
up_from_low_30d & ema50_rel,8.62..12.6 & -0.00931..0.272,47842,1.8726590294285614,0.31614480999958194,-0.4419589400459043,-0.06061687198031075,-0.19857099183538704,-68.26742438896498,0.07142857142857142,0.0
dist_high_20 & dd_30d,-inf..0.241 & -12.2..-8.28,47750,1.8690579126126377,0.3197905759162304,-0.44377294987441246,-0.04596643184412762,-0.2003850016638952,-68.3357974937762,0.0,0.0
dist_low_20 & ema50_rel,-inf..0.288 & 0.272..0.654,6812,0.2666392146747076,0.29756312389900175,-0.44461105925007305,-0.11288913118501022,-0.20122311103955579,-26.561682781430534,0.0,0.0
up_from_low_30d & ret_4,8.62..12.6 & 0..0.167,43125,1.688023507464293,0.31281159420289856,-0.4455515725345549,-0.06901130065037848,-0.20216362432403764,-65.53163082954421,0.0,0.0
dist_high_20 & dd_30d,0.241..0.463 & -8.28..-4.52,49809,1.9496524726559763,0.3144411652512598,-0.4478117740383402,-0.060841752511356956,-0.20442382582782295,-71.15083230849606,0.07142857142857142,0.0
dist_low_20 & up_from_low_30d,0.288..0.524 & 5.06..8.62,54951,2.150923588606849,0.31149569616567485,-0.44867944889255695,-0.06869103196898421,-0.2052915006820397,-75.15741669680115,0.0,0.0
dd_30d & ret_16,-4.52..inf & 0.332..0.781,47591,1.8628342433329432,0.3040070601584333,-0.4494228412075939,-0.094047774665544,-0.20603489299707664,-70.21030061854643,0.0,0.0
dist_high_20 & ret_16,-inf..0.241 & 0.332..0.781,85802,3.358511141738001,0.31523740705344866,-0.4523256594503507,-0.05735513775643328,-0.20893771123983343,-93.93847022240828,0.0,0.0
up_from_low_30d & ema50_rel,5.06..8.62 & -0.299..-0.00931,52439,2.052597442502494,0.3149754953374397,-0.45314615656825474,-0.05872552174227132,-0.20975820835773748,-73.6679962024643,0.0,0.0
dd_30d & ema50_rel,-4.52..inf & 0.272..0.654,52436,2.052480014780236,0.30625905866198794,-0.4537730571192503,-0.08966704978329544,-0.21038510890873305,-74.35363403647918,0.0,0.0
up_from_low_30d & ret_4,5.06..8.62 & -0.163..0,58225,2.2790763761648343,0.3145556032632031,-0.4545334760719621,-0.06019210411748256,-0.21114552786144483,-77.79964803894713,0.0,0.0
dist_low_20 & dd_30d,0.288..0.524 & -8.28..-4.52,48499,1.8983757006031479,0.3105837233757397,-0.45504074820663454,-0.07238839334043587,-0.21165279999611727,-71.5967178734156,0.0,0.0
up_from_low_30d & ret_16,5.06..8.62 & -0.331..0,55996,2.1918275785268535,0.3150582184441746,-0.4589191154923814,-0.05908304962774566,-0.21553116728186414,-77.13328815164432,0.0,0.0
atr_pct & dd_30d,-inf..0.271 & -25.7..-20.5,16857,0.6598263713698688,0.33629946016491663,-0.4592205177202014,0.007352314160977231,-0.21583256950968413,-42.09145062739617,0.0,0.0
dist_high_20 & ret_4,-inf..0.241 & 0.167..0.391,72400,2.8339223638357063,0.31366022099447516,-0.4592469779184654,-0.06208827662005878,-0.21585902970794815,-87.87481459585003,0.0,0.0
dist_low_20 & dd_30d,-inf..0.288 & -12.2..-8.28,47343,1.8531268849595834,0.3181462940667047,-0.4645556287921144,-0.04768940941402647,-0.2211676805815971,-71.27742754865638,0.0,0.0
up_from_low_30d & dd_30d,12.6..17.3 & -4.52..inf,42787,1.6747933174231817,0.3168953186715591,-0.4648181720341041,-0.056961001436742,-0.22143022382358682,-68.39810536612205,0.23076923076923078,0.0
up_from_low_30d & dd_30d,8.62..12.6 & -8.28..-4.52,41554,1.6265305235749852,0.2977571352938345,-0.46775181612059996,-0.11277844095718785,-0.2243638679100827,-69.81052353315067,0.15384615384615385,0.0
dist_high_20 & ret_4,0.241..0.463 & -0.391..-0.163,31074,1.2163163471523581,0.3187552294522752,-0.4677707920839422,-0.04619323112826173,-0.22438284387342491,-58.46304581265647,0.0,0.0
dist_low_20 & up_from_low_30d,-inf..0.288 & 8.62..12.6,48916,1.9146981539970636,0.3111865238367814,-0.47103411285723784,-0.07165667723711776,-0.22764616464672058,-73.62833220354237,0.07142857142857142,0.0
dist_high_20 & dist_low_20,-inf..0.241 & 0.777..1.08,42046,1.6457886700253606,0.30999381629643724,-0.4711241390883718,-0.07180602705799827,-0.22773619087785454,-69.23722658203572,0.07142857142857142,0.0
dist_low_20 & ret_4,0.288..0.524 & 0.167..0.391,34014,1.331395514965576,0.31607573352149115,-0.4729881163326043,-0.05376580275198571,-0.22960016812208703,-61.84190646025117,0.0,0.0
ret_4 & ema50_rel,0..0.167 & -0.299..-0.00931,51036,1.997680411059656,0.3140920134806803,-0.47460926349550797,-0.05921969828685328,-0.2312213152849907,-75.1742735037689,0.0,0.0
up_from_low_30d & dd_30d,5.06..8.62 & -12.2..-8.28,42433,1.6609368461966922,0.30311314307260856,-0.47470636377072617,-0.09601091214471828,-0.2313184155602089,-71.32298402685122,0.07692307692307693,0.0
atr_pct & ret_16,-inf..0.271 & -1.65..-0.793,11003,0.4306857426696723,0.323184586021994,-0.475859439354839,-0.027878656615391538,-0.23247149114432172,-35.706698134124125,0.07142857142857142,0.0
dist_high_20 & up_from_low_30d,0.241..0.463 & -inf..5.06,47557,1.8615033958140148,0.32260235086317474,-0.47889123081650836,-0.03758401568704228,-0.2355032826059911,-73.39522859960164,0.07142857142857142,0.0
ema50_rel & ret_16,-0.299..-0.00931 & -0.331..0,98767,3.865994614764657,0.31914505857219516,-0.4808397423210263,-0.04485986630408514,-0.237451794110509,-104.96837251224024,0.0,0.0
dist_high_20 & ema50_rel,-inf..0.241 & 0.272..0.654,79353,3.106080681456558,0.3095157082908019,-0.4822556476522506,-0.07510315062484911,-0.23886769944173333,-96.73747591181848,0.0,0.0
dd_30d & ema50_rel,-8.28..-4.52 & -0.299..-0.00931,50423,1.9736860131448593,0.30809352874680207,-0.48257153484215,-0.08055781000087213,-0.23918358663163272,-76.09594034562775,0.07142857142857142,0.0
dd_30d & ret_16,-8.28..-4.52 & -0.331..0,50354,1.9709851755329164,0.3101243198157048,-0.48315076545137825,-0.07312951780841219,-0.239762817240861,-76.12776773738715,0.0,0.0
dd_30d & ema50_rel,-8.28..-4.52 & -0.00931..0.272,50941,1.9939618665214738,0.31340177852810114,-0.48412958079555923,-0.06236981748896278,-0.24074163258504197,-76.3322330994918,0.0,0.0
dd_30d & ret_4,-8.28..-4.52 & -0.163..0,52258,2.045512636592905,0.3086226032377818,-0.48539294589717924,-0.07712140572812892,-0.24200499768666198,-78.0162255500913,0.0,0.0
up_from_low_30d & ret_16,5.06..8.62 & 0..0.332,50448,1.9746645774970124,0.31317396130669206,-0.48578987166483195,-0.06346243378504321,-0.2424019234543147,-77.15281191501447,0.0,0.0
dist_low_20 & ret_16,0.524..0.777 & 0.332..0.781,46271,1.8111660455392535,0.3125715891162931,-0.48607174717899604,-0.06493142897656196,-0.24268379896847878,-74.34573117141586,0.0,0.0
dist_low_20 & dd_30d,0.524..0.777 & -4.52..inf,39655,1.5521987753854272,0.2990039087126466,-0.48656769901528024,-0.10858647082502348,-0.24317975080476298,-70.02485674256452,0.0,0.0
up_from_low_30d & ret_4,-inf..5.06 & -0.163..0,61303,2.3995572192019377,0.3210120222501346,-0.48768467068817767,-0.03858662440268189,-0.2442967224776604,-83.15258445392696,0.07142857142857142,0.0
atr_pct & dist_high_20,-inf..0.271 & 1..1.39,13647,0.5341787085533961,0.31640653623507,-0.4903491567692685,-0.047650718014899535,-0.24696120855875123,-41.14102652293778,0.07142857142857142,0.0
ret_4 & ret_16,0..0.167 & -0.331..0,53265,2.0849292086976363,0.3135642542006946,-0.49077037117091776,-0.06131962892077123,-0.2473824229604005,-79.32072446738339,0.0,0.0
dist_high_20 & ret_16,0.463..0.708 & -0.793..-0.331,35628,1.3945716295405874,0.3110194229257887,-0.49117983576773216,-0.06923398915056182,-0.2477918875572149,-66.18907648108889,0.0,0.0
up_from_low_30d & ret_16,-inf..5.06 & -0.331..0,58906,2.3057324691174874,0.32117271585237495,-0.4933180269213962,-0.036718224696127975,-0.24993007871087894,-82.41712602029064,0.07142857142857142,0.0
dist_high_20 & ret_4,0.241..0.463 & -0.163..0,69659,2.726632568265628,0.3150920914741814,-0.4942069148451705,-0.056339592263471024,-0.2508189666346532,-92.02886067501454,0.0,0.0
dd_30d & ret_16,-8.28..-4.52 & 0..0.332,48293,1.8903123303414056,0.3104176588739569,-0.4943264323581391,-0.0709024878265571,-0.2509384841476219,-75.9551039874636,0.0,0.0
atr_pct & ret_4,-inf..0.271 & -0.812..-0.391,14202,0.5559028371711975,0.3202365863962822,-0.4947883679177584,-0.039535522015704275,-0.25140041970724114,-42.216735081218665,0.07142857142857142,0.0
ret_4 & ema50_rel,-0.163..0 & -0.00931..0.272,66164,2.5898292718346085,0.31344840094311105,-0.4951118884022866,-0.060469073501574606,-0.25172394019176936,-89.16296031305689,0.0,0.0
ret_4 & ret_16,-0.163..0 & 0..0.332,60447,2.3660511757842118,0.3127367776730028,-0.4951256899597055,-0.06322222119061248,-0.2517377417491883,-85.1578451968256,0.0,0.0
up_from_low_30d & ema50_rel,5.06..8.62 & -0.00931..0.272,54802,2.1450913450680162,0.31035363672858657,-0.4961604100403488,-0.07250320212902125,-0.2527724618298315,-82.44043527781581,0.0,0.0
up_from_low_30d & ret_4,5.06..8.62 & 0..0.167,47637,1.8646348017409051,0.30929739488212943,-0.4965303490379801,-0.07606884840296148,-0.25314240082746287,-77.03518470672878,0.0,0.0
dist_low_20 & ema50_rel,0.288..0.524 & 0.272..0.654,26429,1.034499090522291,0.3055355859094177,-0.4976041854641776,-0.08683129112198945,-0.2542162372536604,-57.720434644375956,0.0,0.0
dist_high_20 & up_from_low_30d,-inf..0.241 & 8.62..12.6,50498,1.976621706201319,0.3067646243415581,-0.49880029070817694,-0.08384134635705061,-0.25541234249765965,-79.22615939508093,0.0,0.0
ret_4 & ret_16,-0.163..0 & -0.331..0,75284,2.946809547500101,0.3156314754795176,-0.5017498599463667,-0.054139190231389876,-0.25836191173584944,-95.77810130074705,0.0,0.0
up_from_low_30d & ema50_rel,-inf..5.06 & -0.299..-0.00931,55927,2.1891267409149107,0.31887996853040573,-0.502559280795839,-0.044374882649816705,-0.25917133258532177,-82.11554206424314,0.07142857142857142,0.0
ret_4 & ema50_rel,-0.163..0 & -0.299..-0.00931,72549,2.839754607374539,0.3149044094336242,-0.5038600670722634,-0.056948340871009764,-0.26047211886174615,-94.36045043912164,0.0,0.0
dd_30d & ret_4,-8.28..-4.52 & 0..0.167,46214,1.8089349188163442,0.3036958497425023,-0.5126005720315294,-0.09131327361387699,-0.2692126238210122,-77.49454574189463,0.0,0.0
dist_low_20 & ret_4,0.288..0.524 & 0..0.167,55881,2.1873261825069488,0.3112506934378411,-0.5245299045041372,-0.06680965499484642,-0.28114195629361993,-87.53858988544411,0.0,0.0
atr_pct & dist_high_20,-inf..0.271 & 0.708..1,33352,1.305483130920559,0.3136543535620053,-0.5251769060048803,-0.05993004759577071,-0.2817889577943631,-69.08432334067618,0.07142857142857142,0.0
up_from_low_30d & dd_30d,-inf..5.06 & -12.2..-8.28,37842,1.481233288567276,0.31462396279266425,-0.5259169252607757,-0.05689107250896835,-0.2825289770502585,-72.89096696942657,0.08333333333333333,0.0
dist_high_20 & ema50_rel,0.241..0.463 & -0.299..-0.00931,59364,2.3236597680489344,0.3154100128023718,-0.5283058695533799,-0.054321757102922315,-0.28491792134286265,-90.09408993678909,0.0,0.0
dist_low_20 & ema50_rel,0.288..0.524 & -0.00931..0.272,65198,2.5520175452674083,0.3134912113868524,-0.5322330933336439,-0.06098190183068786,-0.28884514512312665,-95.81285889686328,0.07142857142857142,0.0
dist_low_20 & up_from_low_30d,-inf..0.288 & 5.06..8.62,57076,2.2341015585398725,0.30676641670754784,-0.5340559990739497,-0.0802434323603633,-0.2906680508634325,-90.29547323259416,0.0,0.0
ema50_rel & ret_16,-0.00931..0.272 & 0..0.332,91745,3.5911354595318628,0.31259469180881794,-0.5358966012962378,-0.06345827178853576,-0.2925086530857206,-112.65643407356734,0.07142857142857142,0.0
dist_high_20 & dd_30d,0.241..0.463 & -4.52..inf,55606,2.1765619746332634,0.2943027730820415,-0.5374550856766342,-0.12068069500948948,-0.294067137466117,-90.82040442397515,0.0,0.0
up_from_low_30d & ret_16,-inf..5.06 & 0..0.332,47612,1.863656237388752,0.31256826010249517,-0.5442682001137328,-0.061746735288229534,-0.30088025190321555,-81.68139785761502,0.07142857142857142,0.0
dist_high_20 & up_from_low_30d,-inf..0.241 & 5.06..8.62,54847,2.1468527609018917,0.30891388772403233,-0.5460008308689984,-0.07607222219339903,-0.3026128826584812,-90.20955447262864,0.0,0.0
atr_pct & ret_4,-inf..0.271 & 0.391..0.803,14976,0.586199189513861,0.30435363247863245,-0.5471821781979305,-0.08713069500872062,-0.30379422998741323,-48.4325430667349,0.07142857142857142,0.0
up_from_low_30d & ret_4,-inf..5.06 & 0..0.167,46388,1.8157457267073305,0.3097999482624817,-0.5483951093206232,-0.07019597846054917,-0.30500716111010595,-81.46671774406623,0.0,0.0
dist_high_20 & dist_low_20,0.241..0.463 & 0.288..0.524,36839,1.4419732867588892,0.3069573006867722,-0.5545644134547394,-0.0785164774851516,-0.31117646524422216,-76.62732480745295,0.07142857142857142,0.0
atr_pct & dd_30d,-inf..0.271 & -20.5..-16.2,26081,1.0208774747403184,0.30972738775353703,-0.5562030166033384,-0.0698333557858159,-0.31281506839282114,-64.43143100681519,0.0,0.0
dist_high_20 & dd_30d,-inf..0.241 & -8.28..-4.52,54064,2.116204125392453,0.30105060668836936,-0.5678189810132573,-0.09746878515125869,-0.3244310328027401,-91.7617313382161,0.07142857142857142,0.0
ret_4 & ret_16,0..0.167 & 0..0.332,59245,2.319001801732685,0.3066925478943371,-0.568045065649174,-0.08008953984099207,-0.3246571174386568,-96.07169849190176,0.0,0.0
up_from_low_30d & ema50_rel,-inf..5.06 & -0.00931..0.272,50094,1.960808106270523,0.3075218589052581,-0.5690547845996692,-0.07680023603056699,-0.32566683638915195,-88.20125156232005,0.07142857142857142,0.0
dist_high_20 & ret_16,0.241..0.463 & -0.331..0,65707,2.5719411154772476,0.31123015812622706,-0.5691679419569862,-0.06592044131810362,-0.32577999374646893,-102.92448352938315,0.07142857142857142,0.0
atr_pct & ema50_rel,-inf..0.271 & -0.701..-0.299,44796,1.753430748762214,0.30871059916063937,-0.5754903874065964,-0.07395992215994245,-0.3321024391960792,-87.69638576320577,0.07142857142857142,0.0
atr_pct & dist_low_20,-inf..0.271 & 1.08..1.46,14056,0.5501880213546227,0.289911781445646,-0.5756643160853272,-0.13054116464448529,-0.33227636787480996,-50.19498788288906,0.0,0.0
dist_low_20 & up_from_low_30d,-inf..0.288 & -inf..5.06,70363,2.7541889404222624,0.3080312095845828,-0.578521291715955,-0.07190158618595426,-0.3351333435054378,-104.80628641225218,0.07142857142857142,0.0
ret_4 & ema50_rel,0..0.167 & -0.00931..0.272,62859,2.4604630644799537,0.30512734851015766,-0.5796533793855525,-0.08437133376815503,-0.33626543117503527,-101.12689008687083,0.07142857142857142,0.0
dist_low_20 & dd_30d,0.288..0.524 & -4.52..inf,44828,1.75468331113297,0.2981172481484786,-0.5806030155036705,-0.1077375032491101,-0.3372150672931533,-87.84062108319132,0.0,0.0
dd_30d & ema50_rel,-4.52..inf & -0.299..-0.00931,45716,1.7894419169214522,0.3010105871029836,-0.5847256912211457,-0.10092752034441249,-0.34133774301062847,-87.94577656199124,0.0,0.0
dist_low_20 & dd_30d,-inf..0.288 & -8.28..-4.52,52036,2.0368229851457844,0.30036897532477513,-0.5858442565326242,-0.0977502652934492,-0.34245630832210694,-93.0327950389044,0.07142857142857142,0.0
atr_pct & ret_16,-inf..0.271 & 0.781..1.63,14638,0.5729689994727495,0.2900669490367537,-0.5890010287556835,-0.1316842250205302,-0.34561308054516626,-52.27786572427198,0.0,0.0
dist_low_20 & ret_16,0.288..0.524 & 0..0.332,64714,2.533072539409722,0.3048181228173193,-0.5909897854638256,-0.08525913277339393,-0.3476018372533084,-106.72762316130975,0.0,0.0
atr_pct & ret_4,-inf..0.271 & -0.391..-0.163,50944,1.9940792942437322,0.30761228015075376,-0.5928690960960928,-0.0770102211141887,-0.3494811478855756,-96.22632017243498,0.07142857142857142,0.0
atr_pct & ret_16,-inf..0.271 & -0.793..-0.331,49162,1.9243272272222511,0.3053984784996542,-0.5935896599505409,-0.08418347890339206,-0.3502017117400237,-94.86831163957439,0.07142857142857142,0.0
dd_30d & ret_16,-4.52..inf & -0.331..0,51237,2.0055480684509677,0.29628979058102545,-0.5974653741846326,-0.11493903406670661,-0.3540774259741154,-95.50087215712804,0.0,0.0
atr_pct & dist_low_20,-inf..0.271 & 0.777..1.08,33317,1.3041131408275444,0.28979199807905875,-0.6003106288842991,-0.12992749413455956,-0.35692268067378186,-80.31814496308154,0.07142857142857142,0.0
atr_pct & dist_high_20,-inf..0.271 & 0.463..0.708,59959,2.346949599630181,0.30155606330992846,-0.6020605656991898,-0.09494772641859166,-0.3586726174886725,-106.63065157484992,0.07142857142857142,0.0
atr_pct & dd_30d,-inf..0.271 & -16.2..-12.2,36972,1.4471792491123443,0.30742183273828844,-0.6042373839547965,-0.07628230292545747,-0.3608494357442793,-83.03815351742712,0.07142857142857142,0.0
dd_30d & ret_4,-4.52..inf & -0.163..0,53660,2.1003905254616573,0.29267610883339545,-0.6069314965271091,-0.12580917217851204,-0.36354354831659186,-99.69538585401155,0.0,0.0
atr_pct & ema50_rel,-inf..0.271 & 0.654..1.38,15727,0.6155952626525435,0.28409741209385136,-0.6135729039326009,-0.14771521723410644,-0.37018495572208365,-56.64013264138448,0.07692307692307693,0.0
atr_pct & dist_low_20,-inf..0.271 & 0.524..0.777,59985,2.3479673065564204,0.2966908393765108,-0.6164031082501309,-0.10837630868115523,-0.37301516003961366,-109.50081658367361,0.07142857142857142,0.0
atr_pct & up_from_low_30d,-inf..0.271 & 23..31.2,15958,0.6246371972664392,0.29684170948740446,-0.6172316259649558,-0.11019178171110915,-0.3738436777544386,-56.14494159504183,0.15384615384615385,0.0
atr_pct & up_from_low_30d,-inf..0.271 & 12.6..17.3,43455,1.7009405569127156,0.3061788056610287,-0.6180103548264033,-0.07999883903382603,-0.3746224066158861,-92.30317713399145,0.07692307692307693,0.0
up_from_low_30d & dd_30d,5.06..8.62 & -8.28..-4.52,34796,1.3620050079009285,0.2865271870329923,-0.6187442208862355,-0.14424600430742948,-0.37535627267571825,-84.62471778896207,0.08333333333333333,0.0
atr_pct & up_from_low_30d,-inf..0.271 & 17.3..23,26616,1.041818751876397,0.30207394048692515,-0.6200997894595042,-0.09280038426567624,-0.37671184124898693,-72.82827933871141,0.07142857142857142,0.0
dist_high_20 & dist_low_20,0.463..0.708 & -inf..0.288,38855,1.5208847161165242,0.2985716124050959,-0.621701421963939,-0.10425555780756923,-0.3783134737534217,-88.55966936585875,0.07142857142857142,0.0
dist_high_20 & ema50_rel,-inf..0.241 & -0.299..-0.00931,28127,1.1009631813205374,0.313044405731148,-0.621942275284649,-0.0566775178493215,-0.3785543270741317,-70.34092434601466,0.0,0.0
dd_30d & ret_4,-4.52..inf & 0..0.167,51054,1.9983849773932063,0.289144827045873,-0.6243208918384217,-0.13641957975022748,-0.3809329436279044,-100.35682133747751,0.0,0.0
dd_30d & ema50_rel,-4.52..inf & -0.00931..0.272,54461,2.1317437273046465,0.29432070656065806,-0.6252813858235139,-0.12013801640784547,-0.38189343761299666,-102.81504797637433,0.0,0.0
atr_pct & dd_30d,-inf..0.271 & -12.2..-8.28,58790,2.3011919305234967,0.30636162612689233,-0.6268667471963097,-0.07787002174521525,-0.3834787989857925,-108.76300713113088,0.0,0.0
dd_30d & ret_16,-4.52..inf & 0..0.332,52701,2.06285279691306,0.2879641752528415,-0.6309873441138532,-0.13886450657355212,-0.3875993959033359,-103.09296991562135,0.0,0.0
dist_high_20 & dist_low_20,-inf..0.241 & 0.524..0.777,38420,1.5038576963890584,0.29562727745965645,-0.6312900704697902,-0.11201347643739219,-0.387902122259273,-89.44329737020868,0.07142857142857142,0.0
atr_pct & ret_4,-inf..0.271 & 0.167..0.391,53656,2.100233955165313,0.2966490234083793,-0.631404367161044,-0.10921849846336751,-0.38801641895052674,-105.91438749648324,0.07142857142857142,0.0
dist_low_20 & ema50_rel,-inf..0.288 & -0.299..-0.00931,75231,2.944734991073536,0.30225571905198656,-0.6411574457590806,-0.09259802842110988,-0.3977694975485634,-122.93678842864612,0.07142857142857142,0.0
atr_pct & ret_16,-inf..0.271 & 0.332..0.781,56644,2.217191966534665,0.2895981922180637,-0.6547953012728117,-0.13050034937282243,-0.4114073530622945,-113.57854770212896,0.07142857142857142,0.0
atr_pct & dist_low_20,-inf..0.271 & 0.288..0.524,89184,3.4908913272972875,0.29972865087908146,-0.6601575577431342,-0.09896513140694496,-0.416769609532617,-141.67209113330168,0.07142857142857142,0.0
atr_pct & ema50_rel,-inf..0.271 & 0.272..0.654,59458,2.3273391700130306,0.28936392075078204,-0.6603983356749791,-0.13133953132265275,-0.41701038746446184,-117.42078933088759,0.07142857142857142,0.0
atr_pct & dist_high_20,-inf..0.271 & 0.241..0.463,90667,3.548939764667016,0.2981790508123132,-0.6675769173053141,-0.10354834645601255,-0.42418896909479686,-144.7793775650493,0.07142857142857142,0.0
dist_high_20 & dd_30d,-inf..0.241 & -4.52..inf,71326,2.791883239267204,0.2832066847993719,-0.668686447489784,-0.15113170006668486,-0.4252984992792668,-126.67438760312888,0.0,0.0
dist_low_20 & ret_16,-inf..0.288 & -0.331..0,77953,3.051281077735978,0.30159198491398664,-0.6700501726339121,-0.09224661570980773,-0.42666222442339485,-130.73794631156224,0.07142857142857142,0.0
dist_low_20 & ret_4,-inf..0.288 & -0.163..0,67613,2.6465468616854086,0.301051572922367,-0.6753035769930091,-0.09409635876708969,-0.4319156287824919,-122.26510633707443,0.07142857142857142,0.0
atr_pct & up_from_low_30d,-inf..0.271 & 5.06..8.62,79407,3.108194380457209,0.29395393353230825,-0.6883869297031348,-0.11592260533660385,-0.4449989814926175,-140.04194145486358,0.07142857142857142,0.16666666666666666
dist_low_20 & ret_16,0.288..0.524 & 0.332..0.781,7131,0.2791256958081826,0.2902818679007152,-0.688722894726184,-0.12795746052914472,-0.44533494651566674,-41.60748377800285,0.0,0.0
dist_high_20 & ema50_rel,-inf..0.241 & -0.00931..0.272,70392,2.75532407507076,0.2973491305830208,-0.6917833320952379,-0.1046414575320997,-0.44839538388472067,-127.37488309907495,0.0,0.0
atr_pct & up_from_low_30d,-inf..0.271 & 8.62..12.6,59678,2.335950536311979,0.28610208116894,-0.6955182477259757,-0.14148173452480073,-0.45213029951545847,-123.39402122306066,0.07142857142857142,0.0
dist_high_20 & up_from_low_30d,-inf..0.241 & -inf..5.06,48630,1.9035033778084307,0.2933374460209747,-0.7002850788208475,-0.11738514083189827,-0.4568971306103302,-106.09160979286627,0.07142857142857142,0.0
atr_pct & ema50_rel,-inf..0.271 & -0.299..-0.00931,90302,3.534652725125579,0.2949657814887821,-0.7138360422908934,-0.11178093834138494,-0.47044809408037613,-152.74044418377116,0.07142857142857142,0.0
atr_pct & ret_16,-inf..0.271 & -0.331..0,94632,3.7041400709185157,0.29721447290557107,-0.7150895275184392,-0.10488850476029234,-0.471701579307922,-156.26980761114598,0.07142857142857142,0.0
up_from_low_30d & dd_30d,8.62..12.6 & -4.52..inf,37425,1.4649108351733604,0.26420841683366736,-0.716550605612793,-0.20960075173422987,-0.4731626574022758,-102.75862331410964,0.16666666666666666,0.0
atr_pct & dd_30d,-inf..0.271 & -8.28..-4.52,76847,3.0079893907967197,0.28768852395018674,-0.7187206187028988,-0.1322347932041027,-0.4753326704923816,-142.9067828845204,0.07142857142857142,0.0
dist_high_20 & ret_16,-inf..0.241 & 0..0.332,69486,2.7198609029487275,0.29217396310048066,-0.7208756078075739,-0.11985302169864344,-0.47748765959705664,-133.1676893153969,0.0,0.0
dist_high_20 & ret_4,-inf..0.241 & 0..0.167,61405,2.4035497617587227,0.2891458350297207,-0.7211132926495952,-0.1298168913582405,-0.477725344439078,-125.57425935217815,0.0,0.0
atr_pct & ret_4,-inf..0.271 & -0.163..0,95828,3.7509545895255254,0.2932232750344367,-0.7309833163189412,-0.11625943550968472,-0.48759536810842397,-161.19524745273387,0.07142857142857142,0.0
atr_pct & up_from_low_30d,-inf..0.271 & -inf..5.06,86629,3.390882050507229,0.29140357155225155,-0.7466673989106138,-0.11993766080488304,-0.5032794507000966,-155.2547658483729,0.07142857142857142,0.0
dist_low_20 & dd_30d,-inf..0.288 & -4.52..inf,50881,1.9916133120763062,0.286531318173778,-0.7492456687032961,-0.14072134556713284,-0.5058577204927789,-119.23480478170687,0.0,0.0
atr_pct & ema50_rel,-inf..0.271 & -0.00931..0.272,99138,3.880516509750611,0.29004014605902884,-0.749390868357528,-0.1256937753278706,-0.5060029201470108,-168.2633951706857,0.0,0.0
atr_pct & ret_16,-inf..0.271 & 0..0.332,92535,3.6220580930599042,0.2889501269789809,-0.7497965614283746,-0.12863532404999098,-0.5064086132178574,-162.7507892685704,0.07142857142857142,0.0
atr_pct & ret_4,-inf..0.271 & 0..0.167,87774,3.4357002978358464,0.2842527399913414,-0.7642613723830324,-0.14340355832746599,-0.5208734241725151,-162.48274869733572,0.07142857142857142,0.0
dist_low_20 & ema50_rel,-inf..0.288 & -0.00931..0.272,40176,1.5725920564843001,0.28783353245718835,-0.7644477455331475,-0.13166412131064784,-0.5210597973226303,-106.19315685634345,0.0,0.0
atr_pct & dist_low_20,-inf..0.271 & -inf..0.288,118905,4.6542477717111135,0.2934863967032505,-0.7694582447774121,-0.11538997430419491,-0.5260702965668949,-187.31207213651766,0.07142857142857142,0.0
dist_high_20 & ret_4,-inf..0.241 & -0.163..0,34717,1.3589127445481244,0.2902324509606245,-0.7738705810417458,-0.12309458781041621,-0.5304826328312285,-99.82526213381833,0.07142857142857142,0.0
up_from_low_30d & dd_30d,5.06..8.62 & -4.52..inf,21554,0.8436790418524145,0.27563329312424606,-0.7962372214858923,-0.1706946116432513,-0.552849273275375,-85.64837760635687,0.16666666666666666,0.0
atr_pct & dd_30d,-inf..0.271 & -4.52..inf,98073,3.838829668348884,0.27701813954911136,-0.799260264354248,-0.1671457094997962,-0.5558723161437308,-181.65994820081997,0.18181818181818182,0.0
atr_pct & dist_high_20,-inf..0.271 & -inf..0.241,117748,4.608959813493463,0.2813550973264939,-0.8060765543785762,-0.15115910962210216,-0.5626886061680589,-197.65203589920864,0.07142857142857142,0.0
up_from_low_30d & dd_30d,-inf..5.06 & -8.28..-4.52,24018,0.9401263444006352,0.26513448247147975,-0.8207229022378143,-0.1958289912352415,-0.5773349540272971,-90.81291891965373,0.08333333333333333,0.0
dist_high_20 & dist_low_20,0.241..0.463 & -inf..0.288,33146,1.2974197606588165,0.29020092922222895,-0.8253762355089643,-0.12508536249128044,-0.5819882872984471,-108.2772658715823,0.0,0.0
dist_high_20 & dist_low_20,-inf..0.241 & 0.288..0.524,32319,1.2650488518895882,0.28593087657415145,-0.8334319191132256,-0.13866139324472465,-0.5900439709027083,-108.2408191217038,0.07142857142857142,0.0
dist_low_20 & ret_4,-inf..0.288 & 0..0.167,30445,1.1916956680521833,0.2811955986204631,-0.8396758193506515,-0.15101286388061602,-0.5962878711401343,-102.20922224676424,0.0,0.0
dist_high_20 & ret_16,-inf..0.241 & -0.331..0,18563,0.726603602760804,0.29413349135376826,-0.8657583608619259,-0.10817926726396289,-0.6223704126514087,-79.85520410413925,0.07142857142857142,0.0
dist_low_20 & ret_16,-inf..0.288 & 0..0.332,21634,0.8468104477793048,0.27752611629841917,-0.9362797440047,-0.15734322852636237,-0.6928917957941828,-94.93768685147842,0.0,0.0
up_from_low_30d & dd_30d,-inf..5.06 & -4.52..inf,9421,0.368762190465417,0.2501857552276828,-1.111765853356027,-0.24896987377994007,-0.8683779051455098,-77.7287077490932,0.1111111111111111,0.0
dist_high_20 & dist_low_20,-inf..0.241 & -inf..0.288,19812,0.7754926777943786,0.2600444175247325,-1.2423432316746383,-0.2012460664996078,-0.9989552834641211,-120.83068869661808,0.16666666666666666,0.0
