feature,bucket,n,coverage_pct,win_rate,expectancy_r,gross_r,lift_r,t_stat,coins_positive,years_positive
dd_30d & bb_width_pctile,-inf..-33.6 & 0.879..inf,43788,1.71398845206739,0.39691239609025303,0.05902915406097669,0.12832659989546027,0.3637397018328138,8.847310536336494,0.8571428571428571,0.8333333333333334
atr_pct & ret_96,1.08..inf & -inf..-4.32,114066,4.464871809023451,0.3762120176038434,-0.0019662154071729172,0.06362396931400649,0.3027443323646642,-0.4817056074294319,0.42857142857142855,0.5
bb_width_pctile & ret_96,0.879..inf & -inf..-4.32,82491,3.228935356707113,0.38779988119916114,-0.007680098630491026,0.08115992896788002,0.2970304491413461,-1.6095494566528157,0.42857142857142855,0.5
dist_low_20 & ret_96,3.14..inf & -inf..-4.32,63674,2.4923837740234536,0.38142727015736405,-0.00870211213197018,0.06094383640431982,0.2960084356398669,-1.6132623999246698,0.5,0.6666666666666666
ret_16 & ema200_rel,1.63..inf & -inf..-3.06,24720,0.9676120063740267,0.37148058252427185,-0.019667973742247137,0.05936976591888627,0.28504257402958993,-2.2342458147204987,0.5,0.6666666666666666
ret_96 & ret_16,-inf..-4.32 & 1.63..inf,31322,1.2260333035456012,0.3700274567396718,-0.023786364170932293,0.06161743879996961,0.2809241836009048,-3.0301469189748187,0.35714285714285715,0.5
atr_pct & dd_30d,1.08..inf & -4.52..inf,27938,1.0935737958769238,0.35267377765051183,-0.027006249257318066,0.043061407651928035,0.27770429851451905,-3.201096429482757,0.42857142857142855,0.3333333333333333
atr_pct & dist_low_20,1.08..inf & -inf..0.288,9963,0.3899805185883668,0.3599317474656228,-0.028873508193292503,0.04404717605737471,0.2758370395785446,-2.0643534523421185,0.35714285714285715,0.16666666666666666
atr_pct & ema200_rel,1.08..inf & -inf..-3.06,116289,4.551886432412184,0.3671284472306065,-0.03021756299751029,0.035661168245748,0.2744929847743268,-7.522365393700736,0.21428571428571427,0.3333333333333333
dist_low_20 & ema200_rel,3.14..inf & -inf..-3.06,58958,2.307785949506467,0.37441907798772006,-0.03331071392931486,0.03421638037188296,0.27139983384252225,-5.996947424269397,0.42857142857142855,0.3333333333333333
atr_pct & dd_30d,1.08..inf & -inf..-33.6,108874,4.261641973380493,0.358065286477947,-0.03504800035455724,0.03062480384937119,0.26966254741727985,-8.362066740873672,0.42857142857142855,0.3333333333333333
atr_pct & bb_width_pctile,1.08..inf & 0.879..inf,121884,4.7708908489033925,0.363960815201339,-0.04169998035080464,0.021139161435207006,0.26301056742103246,-10.752469599045094,0.21428571428571427,0.16666666666666666
dist_low_20 & dd_30d,3.14..inf & -inf..-33.6,75951,2.972940918127577,0.3565588339850693,-0.05110598599517358,0.02630913542632961,0.2536045617766635,-10.19510695865744,0.35714285714285715,0.3333333333333333
atr_pct & dist_low_20,1.08..inf & 0.288..0.524,10273,0.4021148115485589,0.3523800253090626,-0.05307498698016749,0.02084945705658204,0.2516355607916696,-3.882936452518101,0.21428571428571427,0.0
dist_high_20 & ret_16,3.07..inf & 1.63..inf,23327,0.9130859738141958,0.3486089081322073,-0.0550069523766005,-0.0007860694408425604,0.2497035953952366,-6.213020581478247,0.35714285714285715,0.16666666666666666
dist_low_20 & dist_high_20,3.14..inf & 3.07..inf,62306,2.4388363134765414,0.3599171829358328,-0.055495781279821764,-0.0013437950555329986,0.24921476649201532,-10.398746124587577,0.07142857142857142,0.16666666666666666
dist_high_20 & ret_96,3.07..inf & -inf..-4.32,127120,4.975842971289088,0.3628303964757709,-0.05648452657243995,0.029680543752292395,0.24822602119939713,-14.657780640948326,0.21428571428571427,0.16666666666666666
dist_high_20 & dd_30d,3.07..inf & -inf..-33.6,90783,3.553508121951993,0.35371159798640717,-0.05766103823084858,0.02115802133130591,0.2470495095409885,-12.554980606809853,0.14285714285714285,0.16666666666666666
dd_30d & ema200_rel,-inf..-33.6 & -inf..-3.06,105570,4.132313896153155,0.35745003315335794,-0.05827927848835851,0.03154188233875572,0.24643126928347858,-13.604964038901125,0.21428571428571427,0.16666666666666666
atr_pct & ema200_rel,1.08..inf & -0.716..-0.0818,10466,0.4096693874882914,0.35343015478692913,-0.06015228701070081,0.014573562690506725,0.2445582607611363,-4.476229119497281,0.2857142857142857,0.3333333333333333
dist_low_20 & ret_16,3.14..inf & -inf..-1.65,28800,1.1273149588823612,0.3718402777777778,-0.062386127399019324,-0.005653876362670245,0.24232442037281776,-8.10793705469381,0.07142857142857142,0.3333333333333333
atr_pct & bb_width_pctile,1.08..inf & 0.751..0.879,66039,2.584956686445564,0.3483547600660216,-0.06276615419788736,0.006632337448305061,0.24194439357394973,-11.718638550107086,0.0,0.16666666666666666
atr_pct & dist_high_20,1.08..inf & 3.07..inf,171787,6.724238015330701,0.35122564571242293,-0.06558216076588809,-0.0018677085774983753,0.23912838700594902,-20.00390328984022,0.0,0.0
dd_30d & ret_96,-inf..-33.6 & -inf..-4.32,95212,3.7268719397606724,0.3546401714069655,-0.0658913762788998,0.024496808743471477,0.2388191714929373,-14.629894901759913,0.42857142857142855,0.16666666666666666
bb_width_pctile & ema200_rel,0.879..inf & -inf..-3.06,93943,3.6771996243849188,0.3685852059227404,-0.06607390283143844,0.027431253076881573,0.23863664494039866,-14.929048866463287,0.07142857142857142,0.16666666666666666
dd_30d & bb_width_pctile,-inf..-33.6 & 0.751..0.879,40610,1.5895923777851628,0.35193302142329475,-0.07164969309576379,0.02339758127626288,0.2330608546760733,-10.40235426515411,0.07142857142857142,0.16666666666666666
atr_pct & ret_16,1.08..inf & -inf..-1.65,114579,4.484952106728544,0.35225477618062645,-0.07232477147492947,-0.006361711790875132,0.23238577629690763,-18.06596440512749,0.0,0.16666666666666666
dist_low_20 & bb_width_pctile,3.14..inf & 0.879..inf,141187,5.526465871518192,0.35693087890528163,-0.07762337053753501,0.014418258136795174,0.22708717723430208,-21.400339607421852,0.0,0.0
bb_width_pctile & ret_96,0.751..0.879 & -inf..-4.32,53797,2.105769543159527,0.356767105972452,-0.07823422716416645,0.028342297777927128,0.22647632060767064,-13.086789996585354,0.14285714285714285,0.16666666666666666
dist_low_20 & ret_16,3.14..inf & 0..0.332,6461,0.25290215101871305,0.3507197028323789,-0.0793943155486644,0.007849342450998381,0.2253162322231727,-4.651284695885949,0.21428571428571427,0.16666666666666666
atr_pct & ret_96,1.08..inf & -4.32..-2.24,26027,1.0187717512094172,0.35178852729857457,-0.08110425801530428,-0.006099525487747758,0.2236062897565328,-9.634233967201343,0.21428571428571427,0.16666666666666666
atr_pct & dist_low_20,1.08..inf & 0.524..0.777,11874,0.46478256325587347,0.34209196563921174,-0.08138145137026774,-0.007498975289020223,0.22332909640156934,-6.440887153835222,0.2857142857142857,0.0
atr_pct & dist_low_20,1.08..inf & 3.14..inf,163155,6.386356670710126,0.34419417118690815,-0.08174296897573469,-0.01813429393942803,0.2229675787961024,-24.34746255968508,0.0,0.0
dist_low_20 & dd_30d,3.14..inf & -4.52..inf,46098,1.8044085060610793,0.34372423966332594,-0.08223817565671493,0.01903117866406492,0.22247237211512216,-12.574998858124925,0.35714285714285715,0.16666666666666666
dd_30d & ret_16,-inf..-33.6 & 1.63..inf,58178,2.277254502703403,0.34669462683488605,-0.08252703068945177,0.01348571045405512,0.22218351708238532,-14.313894456252767,0.21428571428571427,0.16666666666666666
atr_pct & ret_16,1.08..inf & -0.793..-0.331,15540,0.608280363230274,0.3424710424710425,-0.08308295650342025,-0.009459308375295603,0.22162759126841686,-7.535811651287579,0.0,0.0
atr_pct & dd_30d,1.08..inf & -8.28..-4.52,26572,1.0401046210910452,0.338438958301972,-0.08553402614897922,-0.01643882108416885,0.2191765216228579,-10.150172298600076,0.21428571428571427,0.0
ret_96 & ret_16,-inf..-4.32 & -inf..-1.65,121836,4.769011990638589,0.35535473915755605,-0.08598602468462989,0.010730584768892763,0.2187245230872072,-21.885421616271426,0.07142857142857142,0.16666666666666666
atr_pct & dist_high_20,1.08..inf & 1.96..3.07,56919,2.2279736161328163,0.3402027442506017,-0.08759143183629026,-0.014230773605442604,0.21711911593554684,-15.205810976715867,0.07142857142857142,0.0
dist_low_20 & ret_16,3.14..inf & -0.793..-0.331,6670,0.2610830130467135,0.3458770614692654,-0.08769278407152915,-0.008621579681400059,0.21701776370030795,-5.263151202454138,0.07142857142857142,0.16666666666666666
atr_pct & ret_16,1.08..inf & 1.63..inf,100401,3.9299843467620814,0.3372277168554098,-0.08788159724709498,-0.021646779435157658,0.2168289505247421,-20.352626528787827,0.0,0.0
atr_pct & dist_low_20,1.08..inf & 0.777..1.08,15190,0.594580355049412,0.3401579986833443,-0.0904318957455254,-0.016202387930244495,0.2142786520263117,-8.105767965537241,0.07142857142857142,0.0
atr_pct & dist_low_20,1.08..inf & 2.04..3.14,55934,2.189417878823819,0.34127721958021956,-0.09053073914313758,-0.017517858954654124,0.2141798086286995,-15.667363945281124,0.07142857142857142,0.16666666666666666
atr_pct & ret_96,1.08..inf & -0.984..-0.0475,10491,0.4106479595012101,0.3440091507006005,-0.0915509011506507,-0.01686805812549233,0.2131596466211864,-6.905534118629132,0.21428571428571427,0.16666666666666666
atr_pct & ret_16,1.08..inf & 0..0.332,10030,0.39260309158298895,0.339481555333998,-0.0917516228140128,-0.018252866030294138,0.21295892495782429,-6.700014362714947,0.21428571428571427,0.16666666666666666
dist_high_20 & ret_16,1.96..3.07 & 1.63..inf,27495,1.076233499808004,0.34057101291143843,-0.09212382828254259,-0.011822796848887877,0.2125867194892945,-11.109055502696904,0.07142857142857142,0.0
dd_30d & ret_16,-inf..-33.6 & -inf..-1.65,77985,3.0525575370986435,0.3455279861511829,-0.09218348228305508,-0.0007831255147633136,0.21252706548878203,-18.639993042387413,0.0,0.16666666666666666
dist_high_20 & ret_16,3.07..inf & 0.781..1.63,7639,0.29901246426744293,0.3427150150543265,-0.09230803179378425,-0.019059240551680623,0.21240251597805285,-5.968425917318418,0.07142857142857142,0.0
atr_pct & ret_16,1.08..inf & 0.332..0.781,13944,0.5458083259255432,0.3379948364888124,-0.09239035017192983,-0.018594087938498954,0.21232019759990728,-7.951383219798492,0.07142857142857142,0.0
dist_low_20 & dist_high_20,3.14..inf & 1.96..3.07,38683,1.514164047029388,0.34040793113253887,-0.09378460875467214,-0.01716672023832238,0.21092593901716494,-13.489468229243085,0.07142857142857142,0.0
atr_pct & ema200_rel,1.08..inf & 1.36..2.88,24225,0.948236280518236,0.33865841073271413,-0.09546037373144693,-0.0215731083558774,0.20925017404039015,-10.903601694624648,0.21428571428571427,0.0
atr_pct & ret_16,1.08..inf & -1.65..-0.793,28122,1.1007760858920055,0.33891615105611267,-0.09560792649278083,-0.02230719036789527,0.20910262127905627,-11.742929926333584,0.07142857142857142,0.0
dist_high_20 & dd_30d,3.07..inf & -4.52..inf,11808,0.4621991331417681,0.3434959349593496,-0.09568145243165456,-0.004980017724321772,0.20902909534018255,-7.563140148945847,0.2857142857142857,0.0
dist_high_20 & bb_width_pctile,3.07..inf & 0.879..inf,137254,5.372516922445819,0.3548093316041791,-0.09581217155285526,-0.007196147502913427,0.20889837621898183,-26.432175446166664,0.0,0.0
dist_low_20 & ret_16,3.14..inf & -1.65..-0.793,9043,0.35396906851295806,0.3421430941059383,-0.09887732167328103,-0.02437432791132797,0.20583322609855606,-6.967284705875363,0.21428571428571427,0.16666666666666666
dist_high_20 & ema200_rel,3.07..inf & -inf..-3.06,146476,5.733492566571275,0.34923810043966247,-0.09910890224134483,-0.008656414894659818,0.20560164553049226,-27.842823243644446,0.0,0.0
atr_pct & ret_96,1.08..inf & 0.849..2.07,13547,0.530268602360394,0.33719642725326643,-0.10013536309291234,-0.02528211362899531,0.20457518467892477,-8.543958103312349,0.14285714285714285,0.0
dist_high_20 & ema200_rel,3.07..inf & 1.36..2.88,19996,0.782701038812906,0.34226845369073816,-0.10069987201028284,-0.010153240274540544,0.20401067576155424,-10.42867232130772,0.21428571428571427,0.0
atr_pct & ret_16,1.08..inf & -0.331..0,11801,0.46192513297815085,0.33548004406406234,-0.10128661157002578,-0.027351959802977544,0.20342393620181132,-8.035162749975704,0.07142857142857142,0.0
dist_high_20 & ret_16,3.07..inf & -0.793..-0.331,11170,0.4372259753720824,0.3417188898836168,-0.10269550855977029,-0.014033342917334086,0.20201503921206682,-7.935278716992521,0.07142857142857142,0.0
atr_pct & ret_16,1.08..inf & 0.781..1.63,24802,0.9708217225764001,0.33541649866946216,-0.10281970387929874,-0.029610322814320387,0.20189084389253836,-11.874802687225472,0.14285714285714285,0.0
atr_pct & dist_low_20,1.08..inf & 1.08..1.46,21005,0.8221962052543054,0.33577719590573674,-0.10288011422902382,-0.02861230004511161,0.20183043354281327,-10.8895017148099,0.0,0.0
dd_30d & ema200_rel,-inf..-33.6 & 0.541..1.36,24104,0.9434999919757094,0.3541320942582144,-0.10338718888070127,0.05005178460035767,0.20132335889113584,-11.332996112985244,0.21428571428571427,0.16666666666666666
bb_width_pctile & ret_16,0.879..inf & 1.63..inf,123200,4.822402879663434,0.34801136363636365,-0.10418007669398407,0.009594428688396193,0.20053047107785302,-26.503048795219208,0.0,0.0
atr_pct & dist_low_20,1.08..inf & 1.46..2.04,31808,1.245056743476741,0.33699069416498995,-0.10446830235440978,-0.03044398802074605,0.2002422454174273,-13.659635975751,0.0,0.0
dist_high_20 & ret_16,3.07..inf & -0.331..0,6581,0.2575992966807229,0.34082966114572255,-0.10534953472889139,-0.01979970627482055,0.1993610130429457,-6.267506443061087,0.2857142857142857,0.0
atr_pct & ret_96,1.08..inf & -2.24..-0.984,14806,0.5795494889309806,0.3389841955963798,-0.10546830247479828,-0.03022173131649567,0.19924224529703882,-9.473971120441693,0.14285714285714285,0.3333333333333333
dist_low_20 & dd_30d,3.14..inf & -8.28..-4.52,28279,1.106921518133135,0.33954524558859933,-0.10588499864546343,-0.005805173369295146,0.19882554912637368,-12.877483506992242,0.14285714285714285,0.0
dd_30d & ret_16,-4.52..inf & 1.63..inf,53998,2.113637262143394,0.34327197303603835,-0.10632056461146205,0.018739692296429945,0.19838998316037504,-17.564805690624812,0.14285714285714285,0.0
atr_pct & dist_high_20,1.08..inf & 1.39..1.96,30581,1.1970284290826905,0.3320689316896112,-0.11003970408767007,-0.035689408913084135,0.19467084368416704,-14.074538091329922,0.0,0.0
atr_pct & dd_30d,1.08..inf & -16.2..-12.2,24988,0.9781022983525153,0.33752201056507125,-0.11034827380557694,-0.04104536602549406,0.19436227396626016,-12.970324579266823,0.0,0.0
dist_low_20 & dist_high_20,1.46..2.04 & 3.07..inf,37554,1.4699717349259789,0.34212067955477443,-0.11045484251867684,-0.02182404067830358,0.19425570525316027,-15.75133909645242,0.0,0.0
atr_pct & bb_width_pctile,1.08..inf & 0.49..0.62,31349,1.2270901613195535,0.32906950779929184,-0.11150796687427589,-0.03834243028548657,0.1932025808975612,-14.375526835600226,0.07142857142857142,0.0
atr_pct & bb_width_pctile,1.08..inf & 0.62..0.751,45284,1.7725462013204458,0.32971910608603483,-0.11181243109832674,-0.03997200333747522,0.19289811667351037,-17.396422668931763,0.0,0.0
atr_pct & dd_30d,1.08..inf & -12.2..-8.28,26108,1.0219423245312738,0.33369082273632605,-0.11312428346745129,-0.04440061726387878,0.1915862643043858,-13.5499537636986,0.07142857142857142,0.0
ret_96 & ema200_rel,-inf..-4.32 & -1.57..-0.716,13237,0.5181343094002019,0.3484173151016091,-0.11329767110767694,0.02574518909456823,0.19141287666416015,-9.296014757574575,0.14285714285714285,0.16666666666666666
dist_low_20 & ret_96,3.14..inf & -4.32..-2.24,24439,0.9566128569488203,0.3474364744874995,-0.11375577350950944,-0.012850492014783952,0.19095477426232765,-13.079751871092581,0.07142857142857142,0.16666666666666666
dist_low_20 & dist_high_20,3.14..inf & 1.39..1.96,36088,1.4125882720884253,0.3362613611172689,-0.11383894352834897,-0.025018997833011963,0.19087160424348812,-15.7872691919966,0.0,0.0
dist_high_20 & dd_30d,3.07..inf & -8.28..-4.52,28920,1.132012104544371,0.34024896265560167,-0.1145249746747823,-0.02127486074698298,0.1901855730970548,-14.301480156515764,0.07142857142857142,0.0
bb_width_pctile & ema200_rel,0.751..0.879 & -inf..-3.06,57892,2.266059638875613,0.3449526704898777,-0.11456926322876429,-0.006156752411208897,0.1901412845430728,-20.040209667620008,0.0,0.0
atr_pct & ema200_rel,1.08..inf & 0.541..1.36,13217,0.517351451789867,0.33502307634107586,-0.11505163010975618,-0.04100930855461439,0.18965891766208093,-9.76525423373002,0.21428571428571427,0.0
bb_width_pctile & ema200_rel,0.879..inf & 2.88..inf,92718,3.6292495957519013,0.3373670700403374,-0.11533990230491169,-0.013269455872194772,0.1893706454669254,-25.5282805362143,0.0,0.0
atr_pct & dist_high_20,1.08..inf & -inf..0.241,8215,0.32155876344509016,0.3286670724284845,-0.11639245824399397,-0.042268987369761556,0.18831808952784312,-7.705970727653204,0.14285714285714285,0.16666666666666666
dist_high_20 & ret_16,1.96..3.07 & 0.781..1.63,15785,0.6178703689568774,0.3377890402280646,-0.11680042159858284,-0.01296110066131584,0.18791012617325425,-10.651491468654331,0.14285714285714285,0.0
dd_30d & ema200_rel,-4.52..inf & 2.88..inf,94521,3.6998242093235993,0.3407073560372827,-0.11706100335947933,0.012059287266521538,0.18764954441235776,-25.587626402359245,0.2857142857142857,0.0
bb_width_pctile & ret_96,0.879..inf & 4.36..inf,82336,3.2228682102270167,0.33558832102603964,-0.11751553564255887,-0.021705085611801223,0.18719501212927822,-24.61456402133484,0.0,0.0
atr_pct & dist_high_20,1.08..inf & 1..1.39,19644,0.7689227448710105,0.32915903074730196,-0.11805932536307162,-0.043246008807160334,0.18665122240876547,-12.108373766251137,0.07142857142857142,0.0
dd_30d & ret_96,-4.52..inf & 4.36..inf,76723,3.0031592218865066,0.3390508713162937,-0.11938732143912514,0.0066486177716292,0.18532322633271195,-23.538474434419882,0.2857142857142857,0.0
atr_pct & dd_30d,1.08..inf & -25.7..-20.5,30094,1.1779658462710338,0.3361135109988702,-0.12095661657052177,-0.04972503746143053,0.18375393120131533,-15.662177128405345,0.2857142857142857,0.16666666666666666
atr_pct & ema200_rel,1.08..inf & -1.57..-0.716,14439,0.5651840517813338,0.33596509453563267,-0.12103621533131152,-0.046431610809003265,0.18367433244052556,-10.815840324088686,0.21428571428571427,0.16666666666666666
dist_high_20 & ret_16,1.39..1.96 & 1.63..inf,32379,1.2674073282518046,0.33500108094752773,-0.12134014559722911,-0.02402645067965107,0.18337040217460798,-15.872937826183628,0.0,0.0
atr_pct & ema200_rel,1.08..inf & -3.06..-1.57,25758,1.0082423163504117,0.33508036338225017,-0.12161706967558976,-0.04708447267675564,0.18309347809624732,-14.523622235632132,0.07142857142857142,0.16666666666666666
atr_pct & dist_high_20,1.08..inf & 0.241..0.463,8284,0.32425962220074583,0.32761950748430707,-0.12166514561741545,-0.04703434220236493,0.18304540215442164,-8.110332235695891,0.07142857142857142,0.16666666666666666
dist_low_20 & ema200_rel,3.14..inf & -3.06..-1.57,22216,0.869598233560088,0.34340115232265034,-0.12171416036028473,-0.023745137003160725,0.18299638741155236,-13.403521971453628,0.0,0.0
ret_96 & ema200_rel,-4.32..-2.24 & 0.541..1.36,7385,0.2890701726161888,0.3470548408937035,-0.12205907761655199,0.020209505668835438,0.1826514701552851,-7.50029008453935,0.21428571428571427,0.0
atr_pct & bb_width_pctile,0.807..1.08 & 0.879..inf,66401,2.5991264091926274,0.34531106459240074,-0.12247602223462445,-0.014716936669661956,0.18223452553721264,-23.269872921644115,0.0,0.0
ret_96 & ema200_rel,-4.32..-2.24 & -0.0818..0.541,11189,0.4379696901019007,0.35454464205916525,-0.12263238656776729,0.03984493700475432,0.1820781612040698,-9.233523705959593,0.14285714285714285,0.0
atr_pct & ema200_rel,1.08..inf & 2.88..inf,105061,4.11239016997013,0.3213085731146667,-0.12269148994982972,-0.05672838909423158,0.1820190578220074,-29.163292948292845,0.0,0.0
dist_low_20 & dist_high_20,2.04..3.14 & 3.07..inf,40022,1.5665763640413146,0.3366148618259957,-0.12307078341319025,-0.045679114337046405,0.18163976435864684,-18.357761931692888,0.0,0.0
dist_low_20 & dd_30d,3.14..inf & -12.2..-8.28,28321,1.1085655191148385,0.3369937502206843,-0.12418462834035575,-0.02221431519431593,0.18052591943148133,-15.321026416595453,0.07142857142857142,0.0
atr_pct & ret_96,1.08..inf & -0.0475..0.849,10053,0.3935033778348742,0.32905600318312944,-0.1260578050571972,-0.05132574514757333,0.1786527427146399,-9.335987606262606,0.14285714285714285,0.0
dist_high_20 & ema200_rel,3.07..inf & 2.88..inf,49555,1.9397254440074794,0.3220462112803955,-0.1276051276653643,-0.06331860558670593,0.1771054201064728,-21.082002263661455,0.14285714285714285,0.16666666666666666
dist_high_20 & ret_16,3.07..inf & -1.65..-0.793,32987,1.2912061996059878,0.333525328159578,-0.12764624902137858,-0.031014434457909062,0.1770642987504585,-16.963873300680397,0.0,0.0
dist_high_20 & ema200_rel,3.07..inf & 0.541..1.36,13872,0.5429900385283373,0.3383073817762399,-0.1280217100850284,-0.03017292555436046,0.17668883768680868,-11.116729549133975,0.14285714285714285,0.0
dist_low_20 & ret_16,3.14..inf & 0.332..0.781,11602,0.45413569975531787,0.33295983451129113,-0.12824673195699324,-0.0359540355315834,0.17646381581484386,-10.151786549465553,0.07142857142857142,0.0
dist_low_20 & ret_16,3.14..inf & 1.63..inf,217818,8.526023948397158,0.3334159711318624,-0.12864922933369977,-0.0261268375148669,0.17606131843813733,-43.668410809764666,0.0,0.0
ret_96 & ema200_rel,0.849..2.07 & 2.88..inf,11802,0.46196427585866756,0.3376546348076597,-0.12899080256844409,0.0009618102669087714,0.175719745203393,-9.992028466699773,0.07142857142857142,0.16666666666666666
atr_pct & dist_high_20,1.08..inf & 0.708..1,13661,0.5347308907393034,0.32581802210672717,-0.12919140232743004,-0.05431192129735698,0.17551914544440705,-11.1004704172284,0.07142857142857142,0.0
dist_low_20 & bb_width_pctile,3.14..inf & 0.751..0.879,75881,2.9702009164914043,0.33368036794454475,-0.1292003449753969,-0.027525283311260355,0.1755102027964402,-25.93110187804006,0.0,0.0
dist_high_20 & dd_30d,1.96..3.07 & -inf..-33.6,57707,2.2588182059800146,0.3360597501169702,-0.1292663533899559,-0.012502059841577068,0.1754441943818812,-22.352107284608337,0.07142857142857142,0.16666666666666666
dd_30d & ret_96,-inf..-33.6 & -2.24..-0.984,30634,1.1991030017500781,0.3472285695632304,-0.12930825033228022,0.02226885808760541,0.17540229743955688,-16.157636118686213,0.07142857142857142,0.0
ret_16 & ema200_rel,-inf..-1.65 & -inf..-3.06,145124,5.680571392112631,0.34148727984344424,-0.12974363993216095,-0.02855366677863181,0.17496690783967614,-36.386877111450886,0.0,0.0
ret_16 & ema200_rel,-inf..-1.65 & 1.36..2.88,16608,0.6500849596221616,0.33598265895953755,-0.12980318648079864,-0.021656614289524895,0.17490736129103845,-12.191970378018231,0.07142857142857142,0.0
atr_pct & dist_low_20,0.807..1.08 & 0.288..0.524,17683,0.6921635561776665,0.3355199909517616,-0.1299264981021013,-0.020335932202686504,0.1747840496697358,-12.518858483162804,0.07142857142857142,0.0
bb_width_pctile & ret_16,0.879..inf & -inf..-1.65,124356,4.867652049540795,0.34949660651677444,-0.13063052480151088,-0.02300735056960578,0.1740800229703262,-34.34076715719691,0.0,0.0
ret_96 & ema200_rel,-inf..-4.32 & -inf..-3.06,233626,9.14479460360592,0.34145172198299845,-0.13071993933887344,-0.021552249047443687,0.17399060843296366,-46.19912220278114,0.0,0.0
atr_pct & bb_width_pctile,1.08..inf & 0.36..0.49,22696,0.8883868162081274,0.3219069439548819,-0.13116480304488687,-0.05648989866473451,0.17354574472695022,-14.42476048346305,0.14285714285714285,0.0
atr_pct & ema200_rel,1.08..inf & -0.0818..0.541,9888,0.38704480254961066,0.3309061488673139,-0.1312969219328849,-0.057014244962233084,0.1734136258389522,-9.71910426846258,0.14285714285714285,0.16666666666666666
dist_low_20 & dist_high_20,3.14..inf & 1..1.39,35176,1.3768899650571507,0.3324425744826018,-0.13177608248983458,-0.033062115470907795,0.17293446528200251,-18.025367193633173,0.0,0.0
dist_low_20 & ema200_rel,3.14..inf & 2.88..inf,139613,5.46485497758483,0.32665296211670836,-0.1319892685147299,-0.03666593399774406,0.1727212792571072,-35.81219033611596,0.0,0.0
dist_high_20 & bb_width_pctile,0.463..0.708 & 0.879..inf,19449,0.7612898831702445,0.3539513599670934,-0.13277978016585168,0.03214387176816117,0.1719307676059854,-13.261820334233196,0.0,0.0
atr_pct & dist_low_20,0.807..1.08 & -inf..0.288,15647,0.6124686514455662,0.33431328689205597,-0.13283018676772457,-0.023289870899370995,0.17188036100411253,-12.035077778924549,0.0,0.0
dd_30d & ret_96,-inf..-33.6 & -4.32..-2.24,44140,1.7277667460092854,0.343271409152696,-0.13284351654995588,0.003380600995040292,0.1718670312218812,-20.034999269227292,0.07142857142857142,0.16666666666666666
dist_high_20 & ret_96,3.07..inf & 2.07..4.36,22340,0.8744519507441648,0.3321396598030439,-0.1330360814235618,-0.03928011370580362,0.1716744663482753,-14.665895806799611,0.0,0.0
dist_high_20 & ema200_rel,1.96..3.07 & 2.88..inf,45026,1.7624473381471248,0.32703326966641494,-0.13332110601674257,-0.03602425977546177,0.17138944175509452,-20.497236896264948,0.0,0.0
dist_low_20 & dist_high_20,1.08..1.46 & 3.07..inf,35830,1.402489408915104,0.3344125034886966,-0.13356597848511992,-0.036465412886733176,0.17114456928671717,-18.557612857439103,0.0,0.0
dist_low_20 & ret_16,2.04..3.14 & -inf..-1.65,30379,1.1891215672183073,0.33572533658119097,-0.13421121666511054,-0.051906581042898955,0.17049933110672655,-17.494092704402867,0.0,0.16666666666666666
dist_high_20 & bb_width_pctile,3.07..inf & 0.751..0.879,76445,2.992277501102851,0.33302374256001044,-0.134595577958192,-0.036952590281228506,0.1701149698136451,-27.268257312961506,0.0,0.0
dd_30d & ema200_rel,-inf..-33.6 & 1.36..2.88,28361,1.1101312343355085,0.3382461831388174,-0.1348752393343443,0.0017034688276069004,0.16983530843749278,-16.219237078135965,0.14285714285714285,0.0
dist_high_20 & ema200_rel,3.07..inf & -0.716..-0.0818,13596,0.5321866035057147,0.33980582524271846,-0.13533422429160197,-0.02979103608649884,0.16937632348023512,-11.602201104955569,0.0,0.16666666666666666
dist_low_20 & ret_96,2.04..3.14 & -inf..-4.32,51615,2.0203597778719815,0.3370338080015499,-0.13545139401081888,-0.031080204468000312,0.16925915376101822,-22.554089887394685,0.07142857142857142,0.0
atr_pct & bb_width_pctile,0.658..0.807 & 0.879..inf,43907,1.7186464548488831,0.34800829024984625,-0.13547893959359725,0.0016078456146176759,0.16923160817823985,-20.717806033691875,0.0,0.0
atr_pct & dist_low_20,0.658..0.807 & 3.14..inf,44471,1.7407230394603292,0.34046906973083585,-0.1364737011571237,5.2794314566161154e-05,0.1682368466147134,-20.716696860553608,0.0,0.0
dist_high_20 & ret_96,1.96..3.07 & -inf..-4.32,61302,2.399536861437726,0.33956477765815146,-0.13677427586343538,-0.015382340271162363,0.1679362719084017,-24.562259174990817,0.0,0.0
ret_96 & ret_16,-4.32..-2.24 & 1.63..inf,21312,0.8342130695729473,0.3392454954954955,-0.13699872440625802,-0.015277901667779079,0.16771182336557908,-14.514073841432396,0.14285714285714285,0.0
atr_pct & ema200_rel,0.807..1.08 & 0.541..1.36,22580,0.8838462420681845,0.3328609388839681,-0.1370465766424366,-0.02746361870514363,0.16766397112940049,-15.02848676219921,0.14285714285714285,0.0
atr_pct & dist_high_20,1.08..inf & 0.463..0.708,10111,0.3957736649048456,0.32311344080704185,-0.13770667433283984,-0.06323981362761864,0.16700387343899725,-10.193758421648845,0.07142857142857142,0.0
dist_high_20 & ret_16,3.07..inf & -inf..-1.65,227305,8.897372455859552,0.33647302083104197,-0.13824446697360585,-0.04088590262125893,0.16646608079823125,-48.71961408206004,0.0,0.0
dist_low_20 & ret_16,3.14..inf & -0.331..0,6296,0.24644357573344952,0.329574332909784,-0.1389003727467808,-0.05532823022951664,0.1658101750250563,-8.195181377462621,0.14285714285714285,0.0
dist_low_20 & ret_16,1.46..2.04 & -inf..-1.65,34543,1.3521125216900487,0.33517644674753205,-0.13973968748757462,-0.04267997477887225,0.16497086028426247,-19.205384892103535,0.0,0.0
atr_pct & ret_96,1.08..inf & 2.07..4.36,24706,0.9670640060467922,0.32348417388488626,-0.13985254214072357,-0.06561758796777156,0.16485800563111352,-16.288510780959427,0.0,0.0
dd_30d & bb_width_pctile,-4.52..inf & 0.879..inf,57122,2.2359196208777163,0.35210601869682434,-0.14008070403449546,0.03652162666550865,0.16462984373734163,-23.79240363526671,0.21428571428571427,0.0
dist_low_20 & bb_width_pctile,1.08..1.46 & 0.879..inf,23757,0.9299174124363977,0.35732626173338383,-0.1401690447855118,0.021143559444885673,0.1645415029863253,-15.720857623196215,0.0,0.0
dd_30d & ret_96,-inf..-33.6 & -0.984..-0.0475,23015,0.9008733950929703,0.3453834455789702,-0.14017448990481887,0.02078587838913472,0.16453605786701822,-15.16186597395821,0.0,0.0
dd_30d & bb_width_pctile,-inf..-33.6 & 0.62..0.751,41170,1.611512390874542,0.33031333495263543,-0.14095970090458906,-0.03257430254500012,0.16375084686724803,-20.74198930788997,0.0,0.0
dist_high_20 & bb_width_pctile,0.708..1 & 0.879..inf,20438,0.800002192001309,0.3495449652607887,-0.14107722103244932,0.020321940763346227,0.16363332673938777,-14.515175758687008,0.0,0.0
dist_high_20 & ret_16,1.96..3.07 & 0.332..0.781,13091,0.5124194488447565,0.3331296310442289,-0.14126998372286959,-0.028622017279202237,0.1634405640489675,-11.781454722183623,0.0,0.0
dist_high_20 & ret_16,1..1.39 & 1.63..inf,36634,1.4339602848505701,0.33206857018070646,-0.14140711149736046,-0.02968969158994707,0.16330343627447663,-19.669638242231528,0.0,0.0
dist_low_20 & dist_high_20,2.04..3.14 & 1.96..3.07,34401,1.3465542326566704,0.3315601290660155,-0.1414234198120455,-0.03824786122003365,0.16328712795979158,-19.225940281023053,0.07142857142857142,0.0
ret_16 & ema200_rel,1.63..inf & 2.88..inf,142576,5.580835332555956,0.32790231174952306,-0.14165867955287603,-0.03157536894663251,0.16305186821896106,-38.68490139470004,0.0,0.0
atr_pct & dd_30d,1.08..inf & -20.5..-16.2,26251,1.027539756445169,0.32661612890937486,-0.14233551891117524,-0.07244711428385364,0.16237502886066185,-17.27948947671539,0.14285714285714285,0.0
dd_30d & bb_width_pctile,-8.28..-4.52 & 0.879..inf,41016,1.6054843872749627,0.3534474351472596,-0.14235037049507102,0.014424656138244667,0.16236017727676608,-20.954790270805397,0.14285714285714285,0.0
dist_low_20 & ret_96,3.14..inf & -0.0475..0.849,14206,0.5560637606209313,0.33260594115162606,-0.14338194780739888,-0.029115128571383618,0.1613285999644382,-12.465472643537344,0.14285714285714285,0.0
atr_pct & dd_30d,0.658..0.807 & -4.52..inf,29602,1.1587075490567935,0.3361935004391595,-0.14352782605940118,-0.005559675074358567,0.16118272171243592,-17.70611662901641,0.21428571428571427,0.0
ret_96 & ret_16,-2.24..-0.984 & 1.63..inf,18776,0.7349467245824727,0.3401682999573924,-0.14368174110571302,-0.007927957871967312,0.16102880666612407,-14.239534799159903,0.0,0.0
dist_high_20 & ret_96,3.07..inf & 4.36..inf,55743,2.18194158864512,0.31813860036237734,-0.14409629303425922,-0.07630546342774729,0.16061425473757787,-25.320598885601527,0.07142857142857142,0.0
dist_low_20 & dist_high_20,3.14..inf & 0.708..1,34525,1.3514079498407472,0.3293265749456915,-0.14510370819320909,-0.037411769166002966,0.159606839578628,-19.666045152069476,0.0,0.0
dd_30d & ret_16,-inf..-33.6 & -1.65..-0.793,42116,1.6485415558433862,0.33538322727704434,-0.14512784208519194,-0.008778930145473086,0.15958270568664515,-21.33556622360149,0.0,0.0
dist_high_20 & ret_96,1.96..3.07 & 4.36..inf,49046,1.9198017178244544,0.3249194633609265,-0.1452399725266587,-0.042781517697392316,0.15947057524517838,-23.348934040689535,0.07142857142857142,0.0
dist_low_20 & ret_96,3.14..inf & -2.24..-0.984,17005,0.6656246831873108,0.334960305792414,-0.14554568181635916,-0.037784940166730126,0.15916486595547794,-13.97749573142271,0.0,0.0
dd_30d & bb_width_pctile,-33.6..-25.7 & 0.879..inf,38241,1.4968628938409851,0.33987081927773855,-0.14566928299835416,-0.04873702092865127,0.15904126477348293,-21.390291219172678,0.0,0.16666666666666666
dist_low_20 & ema200_rel,3.14..inf & -0.716..-0.0818,12394,0.48513686112458276,0.3343553332257544,-0.1458868589170332,-0.03761053012982896,0.15882368885480388,-11.969060419509791,0.07142857142857142,0.0
dist_low_20 & dd_30d,0.288..0.524 & -inf..-33.6,24867,0.9733660098099887,0.3422206136646962,-0.1471371494850327,0.012664308005188495,0.1575733982868044,-16.491273364342625,0.07142857142857142,0.0
dist_high_20 & ret_16,0.708..1 & 1.63..inf,40401,1.5814115157571622,0.3320709883418727,-0.14765277693892284,-0.023179300748927135,0.15705777083291425,-21.484673049298895,0.0,0.0
dist_low_20 & bb_width_pctile,1.46..2.04 & 0.879..inf,30435,1.1913135685272451,0.35298176441596846,-0.14773957800229726,0.005119462825051992,0.15697096976953984,-18.8790343283148,0.0,0.0
atr_pct & dd_30d,0.807..1.08 & -4.52..inf,30354,1.1881429952053886,0.32450418396257497,-0.1477616971523762,-0.03884177066306189,0.1569488506194609,-18.628530517230054,0.14285714285714285,0.16666666666666666
dist_low_20 & ret_16,2.04..3.14 & -1.65..-0.793,17715,0.6934161283542024,0.331922099915326,-0.148185993730943,-0.044143396935162074,0.1565245540408941,-14.553738401786147,0.0,0.0
dist_high_20 & bb_width_pctile,1..1.39 & 0.879..inf,23095,0.90400482553431,0.34864689326694087,-0.14884746228293175,0.011143680700841587,0.15586308548890535,-16.30510256988802,0.0,0.0
atr_pct & dd_30d,0.807..1.08 & -inf..-33.6,71271,2.789752237309193,0.3274543643277069,-0.14932357979647265,-0.04147008242682634,0.15538696797536444,-29.01444676194623,0.0,0.16666666666666666
dist_low_20 & ema200_rel,2.04..3.14 & -inf..-3.06,47888,1.8744742621860595,0.3330479452054795,-0.14950246990819646,-0.04963789499423212,0.15520807786364063,-24.192858946925043,0.0,0.0
dist_high_20 & bb_width_pctile,3.07..inf & 0.62..0.751,45059,1.7637390532041775,0.32475199183293013,-0.149591619924163,-0.05305967359419148,0.1551189278476741,-23.238960334456703,0.0,0.0
dist_low_20 & ema200_rel,3.14..inf & -1.57..-0.716,15161,0.5934452115144263,0.3326957324714729,-0.14973690866399975,-0.04553853697451958,0.15497363910783735,-13.617928644258146,0.07142857142857142,0.16666666666666666
atr_pct & ema200_rel,0.807..1.08 & -3.06..-1.57,42403,1.659775562551693,0.3306841497063887,-0.14990980184206276,-0.040307309646484595,0.15480074592977433,-22.64067773049891,0.0,0.0
dist_low_20 & dd_30d,0.777..1.08 & -inf..-33.6,31972,1.2514761758814879,0.3373889653446766,-0.15022186042041952,-0.0007094625507672788,0.15448868735141758,-19.188765191673077,0.07142857142857142,0.0
dist_low_20 & dist_high_20,-inf..0.288 & 3.07..inf,39679,1.5531503560240698,0.33269487638297335,-0.15052487503016898,-0.02954227983627447,0.1541856727416681,-21.761664672025343,0.0,0.0
atr_pct & dd_30d,1.08..inf & -33.6..-25.7,47961,1.8773316924637822,0.3251808761285211,-0.15071333257052957,-0.07972467491388661,0.15399721520130752,-24.859029263824493,0.0,0.16666666666666666
dd_30d & ret_16,-12.2..-8.28 & 1.63..inf,30581,1.1970284290826905,0.3348484353029659,-0.15096063421506062,-0.014921697771923655,0.15374991355677647,-19.08540422895493,0.0,0.0
bb_width_pctile & ema200_rel,0.751..0.879 & 2.88..inf,57297,2.2427696249681475,0.3267710351327295,-0.15099621263844787,-0.034087790551531126,0.15371433513338922,-26.126441228910252,0.07142857142857142,0.0
dist_high_20 & bb_width_pctile,3.07..inf & 0.49..0.62,27305,1.0687963525098219,0.32228529573338216,-0.1513063680814071,-0.05641350975300689,0.15340417969043,-18.269074183032533,0.0,0.0
dist_high_20 & dd_30d,1.39..1.96 & -inf..-33.6,44852,1.7556364769372106,0.3338981539284759,-0.15155547031200184,-0.01696630592490328,0.15315507745983525,-23.08529091234077,0.07142857142857142,0.0
atr_pct & ret_16,0.807..1.08 & -inf..-1.65,79300,3.104030424978168,0.3316015132408575,-0.1520685236458644,-0.044136251770344165,0.1526420241259727,-31.535049417830606,0.0,0.0
atr_pct & ret_96,0.807..1.08 & -4.32..-2.24,44177,1.7292150325884053,0.33121307467686806,-0.15232331099965654,-0.04292578951059952,0.15238723677218055,-23.549868445872207,0.0,0.0
atr_pct & ret_16,0.658..0.807 & 1.63..inf,58002,2.2703653557324555,0.33412640943415745,-0.15252191611814542,-0.015188473369070005,0.15218863165369168,-26.45655918236587,0.0,0.0
ret_16 & ema200_rel,-inf..-1.65 & 0.541..1.36,13565,0.5309731742096955,0.3326207150755621,-0.15339306731002644,-0.034097110043599804,0.15131748046181065,-13.06759053805896,0.0,0.0
dist_low_20 & dist_high_20,3.14..inf & 0.463..0.708,34617,1.355009094848288,0.328971314671982,-0.15379661161383712,-0.03780796350057611,0.15091393615799997,-20.837325834047682,0.0,0.0
atr_pct & ema200_rel,0.807..1.08 & 1.36..2.88,38687,1.514320618551455,0.325458164241218,-0.15382322254003825,-0.044234525536774205,0.15088732523179885,-22.053181274957893,0.0,0.0
atr_pct & ret_96,1.08..inf & 4.36..inf,105086,4.113368741983049,0.31112612526882744,-0.15436429544113267,-0.08849714830634463,0.15034625233070442,-37.081995789217885,0.0,0.0
bb_width_pctile & ret_16,0.879..inf & -0.793..-0.331,7965,0.311773043315903,0.3686126804770873,-0.15494636076466534,0.05516339199579929,0.14976418700717176,-9.955694488456983,0.2857142857142857,0.0
atr_pct & ret_96,0.807..1.08 & -2.24..-0.984,26737,1.0465631963763087,0.33074017279425516,-0.15502649813065647,-0.04550266118672485,0.14968404964118062,-18.656890541658832,0.07142857142857142,0.0
dist_low_20 & ret_96,3.14..inf & -0.984..-0.0475,13737,0.5377057496585762,0.33049428550629684,-0.15539893439711197,-0.04336950228352928,0.14931161337472512,-13.391683675560364,0.0,0.0
atr_pct & dist_high_20,0.807..1.08 & 1.96..3.07,74868,2.930549178527938,0.3266281989635091,-0.15590305027821197,-0.04697458577272438,0.14880749749362512,-31.207597063611082,0.0,0.0
bb_width_pctile & ret_96,0.62..0.751 & -inf..-4.32,44570,1.7445981846314873,0.33049136190262507,-0.15593758973542088,-0.03982747043290602,0.14877295803641621,-24.002965304187427,0.0,0.0
dist_low_20 & bb_width_pctile,2.04..3.14 & 0.879..inf,48459,1.8968248469611229,0.34398151014259476,-0.1560181813888382,-0.016985574303266877,0.1486923663829989,-25.30544751775396,0.0,0.0
atr_pct & dist_high_20,0.807..1.08 & 3.07..inf,83529,3.2695656666834982,0.33054388296280335,-0.15647471016710776,-0.049386450177709165,0.14823583760472933,-33.41111795575307,0.0,0.0
atr_pct & ret_96,0.807..1.08 & -inf..-4.32,77949,3.0511483934000405,0.3290228226147866,-0.15649777890906563,-0.048431933150453514,0.14821276886277146,-32.093908172963914,0.07142857142857142,0.16666666666666666
dist_low_20 & dist_high_20,0.777..1.08 & 3.07..inf,34709,1.3586102398558288,0.32795528537266994,-0.15657957455288932,-0.05223511123855599,0.14813097321894778,-21.457839532669134,0.0,0.0
atr_pct & ema200_rel,0.658..0.807 & 1.36..2.88,46453,1.818304228644525,0.33143176974576455,-0.15658510128371878,-0.018198284224207432,0.14812544648811832,-24.282002405075183,0.0,0.0
dist_high_20 & bb_width_pctile,1.39..1.96 & 0.879..inf,29513,1.1552238326908029,0.3465591434283197,-0.15669797651391779,-0.00046825419136992265,0.1480125712579193,-19.565219516116365,0.0,0.0
ret_96 & ema200_rel,-2.24..-0.984 & 0.541..1.36,16502,0.6459358142873862,0.34795782329414615,-0.15677025196882535,0.027764393128107055,0.14794029580301174,-14.28943749889772,0.0,0.0
dist_low_20 & ret_96,3.14..inf & 4.36..inf,122504,4.795159434823777,0.3173937177561549,-0.15689136825266697,-0.06561946912514442,0.14781917951917012,-40.24937932932723,0.0,0.0
dist_low_20 & dd_30d,1.46..2.04 & -inf..-33.6,44302,1.7341078926529987,0.3308202789941763,-0.1574404054667317,-0.027892511156390676,0.1472701423051054,-23.942031873265236,0.07142857142857142,0.0
dist_low_20 & ret_16,3.14..inf & 0.781..1.63,32619,1.2768016195758243,0.32499463502866427,-0.15777930079608546,-0.05700364322004343,0.14693124697575163,-21.017640615538028,0.0,0.0
dist_low_20 & dd_30d,-inf..0.288 & -inf..-33.6,22378,0.8759393802038014,0.33671463044061134,-0.1578038021121326,0.00039405429715154997,0.1469067456597045,-16.777329453396487,0.0,0.0
atr_pct & bb_width_pctile,0.807..1.08 & 0.751..0.879,60097,2.3523696904150437,0.3282526582025725,-0.15786765621151977,-0.049447776132782464,0.14684289156031732,-28.484520737078547,0.0,0.0
atr_pct & ret_16,0.807..1.08 & -1.65..-0.793,42611,1.6679172816991767,0.32623031611555703,-0.1578732911958733,-0.04847829943157795,0.1468372565759638,-23.845272679913606,0.07142857142857142,0.0
dist_low_20 & dist_high_20,0.288..0.524 & 3.07..inf,35129,1.3750502496728634,0.32935751088843973,-0.15816491363239704,-0.04258230517710481,0.14654563413944005,-21.66156503919905,0.0,0.0
dist_low_20 & ema200_rel,3.14..inf & 1.36..2.88,38806,1.5189786213329481,0.32902128536824204,-0.15818656342465057,-0.04001869427935654,0.14652398434718653,-22.82007467040226,0.0,0.0
ret_16 & ema200_rel,-inf..-1.65 & 2.88..inf,22490,0.8803233828216772,0.3166296131614051,-0.15836929609692837,-0.08264912206482461,0.14634125167490872,-17.703488493205917,0.07142857142857142,0.0
dist_high_20 & dd_30d,3.07..inf & -25.7..-20.5,39773,1.5568297867926442,0.3325371483166973,-0.15858751074228122,-0.05633646844592273,0.14612303702955587,-23.56340601048973,0.0,0.0
dist_high_20 & bb_width_pctile,0.241..0.463 & 0.879..inf,18811,0.7363167254005589,0.34862580405082133,-0.1587669644840606,0.020226864549761733,0.14594358328777648,-15.630729457808236,0.0,0.0
dist_low_20 & ret_16,1.08..1.46 & -inf..-1.65,37581,1.4710285926999311,0.32939517309278626,-0.15941919900286122,-0.050177967583613675,0.14529134876897587,-22.754960972374377,0.0,0.0
dist_low_20 & dd_30d,2.04..3.14 & -4.52..inf,35626,1.3945042612896874,0.3366923033739404,-0.15945856860680707,-0.001642849648602984,0.14525197916503002,-21.549585894674788,0.07142857142857142,0.0
atr_pct & ema200_rel,0.658..0.807 & 0.541..1.36,29186,1.142424110761826,0.3323511272527924,-0.15949401901473834,-0.020974762504600872,0.14521652875709876,-19.69849057795024,0.07142857142857142,0.0
dist_low_20 & dd_30d,2.04..3.14 & -inf..-33.6,54289,2.1250278403737677,0.3261249976975078,-0.15977683992590477,-0.04662015836759034,0.14493370784593232,-27.13704025018704,0.0,0.0
dd_30d & bb_width_pctile,-inf..-33.6 & 0.49..0.62,39882,1.5610963607689696,0.3265382879494509,-0.15982732128850224,-0.03816195185557294,0.14488322648333485,-23.09297023742876,0.0,0.0
dist_low_20 & ret_96,3.14..inf & 2.07..4.36,42255,1.6539824162352144,0.3274878712578393,-0.1600275201712616,-0.040567825422514074,0.1446830276005755,-24.03458508142304,0.0,0.0
bb_width_pctile & ret_16,0.751..0.879 & 1.63..inf,77686,3.0408538158241356,0.32991787452050564,-0.16071915213094104,-0.030325514713959584,0.14399139564089605,-32.4515862605172,0.0,0.0
dd_30d & ret_96,-25.7..-20.5 & -inf..-4.32,49925,1.9542083097986764,0.337085628442664,-0.16089713717872176,-0.033350559325864705,0.14381341059311534,-26.39147846756153,0.07142857142857142,0.0
dist_high_20 & dd_30d,3.07..inf & -33.6..-25.7,53782,2.105182399951776,0.3274887508831951,-0.1612016368001743,-0.06455276475989319,0.1435089109716628,-27.82806993309113,0.0,0.16666666666666666
dist_low_20 & ret_96,-inf..0.288 & -inf..-4.32,27582,1.0796389304129612,0.3360887535349141,-0.16123242631232687,-0.009547511089986846,0.14347812145951022,-19.14068120713853,0.0,0.0
ret_16 & ema200_rel,1.63..inf & -3.06..-1.57,18181,0.7116567106750072,0.33094989274517356,-0.16174646106647728,-0.04596912575712755,0.14296408670535982,-16.035016863154517,0.0,0.0
dd_30d & bb_width_pctile,-25.7..-20.5 & 0.879..inf,33166,1.2982127752184858,0.3405294578785503,-0.1625012752664169,-0.04718905638031581,0.1422092725054202,-22.24682896125041,0.07142857142857142,0.0
dd_30d & ret_16,-8.28..-4.52 & 1.63..inf,30260,1.1844635644368142,0.3284534038334435,-0.1626206820415414,-0.0307321247231334,0.1420898657302957,-20.424667991665807,0.0,0.0
dist_high_20 & ema200_rel,3.07..inf & -0.0818..0.541,11741,0.45957656014714593,0.3279107401413849,-0.1634813035593849,-0.06026852219602624,0.1412292442124522,-13.165325108200223,0.0,0.0
dist_low_20 & ret_16,2.04..3.14 & -0.793..-0.331,14527,0.5686286252668077,0.3269085151786329,-0.1636608571206892,-0.051424553339507406,0.1410496906511479,-14.50694881233305,0.0,0.0
dist_high_20 & dd_30d,1.96..3.07 & -4.52..inf,27273,1.067543780333286,0.3292633740329263,-0.16372748180901284,-0.03376465138477012,0.14098306596282426,-19.594692516231035,0.21428571428571427,0.0
ret_96 & ret_16,4.36..inf & 1.63..inf,121210,4.744508547435104,0.3194373401534527,-0.16403370579961407,-0.058546687071028086,0.14067684197222302,-41.66280152905991,0.0,0.0
dist_high_20 & dd_30d,3.07..inf & -12.2..-8.28,30076,1.1772612744217323,0.3253757148556989,-0.16407279199297092,-0.06795880214793665,0.14063775577886617,-21.305381851040757,0.07142857142857142,0.0
dist_low_20 & ret_96,3.14..inf & 0.849..2.07,21053,0.8240750635191093,0.32655678525625803,-0.16462798839521495,-0.04737983727513694,0.14008255937662215,-17.527861984586167,0.0,0.0
atr_pct & dist_low_20,0.807..1.08 & 0.777..1.08,27018,1.057562345801515,0.3243763416981272,-0.16482612707631367,-0.0552240532810204,0.13988442069552343,-19.85778956296969,0.0,0.0
dist_low_20 & dd_30d,3.14..inf & -33.6..-25.7,46314,1.8128633682526971,0.32653193418836635,-0.16543073595234595,-0.06882845766036629,0.13927981181949114,-26.634594852464495,0.0,0.0
dist_low_20 & dist_high_20,3.14..inf & 0.241..0.463,35300,1.3817436822412275,0.3258640226628895,-0.16593044173705482,-0.04285551070139755,0.13878010603478227,-22.698477343056723,0.0,0.0
dist_high_20 & ret_16,1.96..3.07 & 0..0.332,11936,0.4672094218479119,0.3273290884718499,-0.16593097241695148,-0.0471761500861682,0.1387795753548856,-13.288025064232759,0.07142857142857142,0.0
dist_high_20 & ret_96,3.07..inf & 0.849..2.07,15320,0.5996689295165893,0.32343342036553524,-0.16594990155128303,-0.06404719260610522,0.13876064622055406,-15.237546214257135,0.0,0.16666666666666666
ret_96 & ret_16,4.36..inf & -inf..-1.65,30715,1.2022735750719349,0.3160019534429432,-0.16622031033465506,-0.08378646347033099,0.13849023743718203,-21.67051222915156,0.0,0.0
dist_high_20 & ret_16,0.463..0.708 & 1.63..inf,44957,1.7597464793914692,0.329737304535445,-0.1664153851746833,-0.029302242616858418,0.1382951625971538,-25.526717558144913,0.0,0.0
atr_pct & dist_low_20,0.551..0.658 & 3.14..inf,21137,0.8273630654825163,0.338600558262762,-0.16644354066460282,-0.002033528033913166,0.13826700710723427,-17.400445289041937,0.0,0.0
dd_30d & bb_width_pctile,-33.6..-25.7 & 0.751..0.879,37749,1.4776045966267448,0.32978357042570666,-0.16693400406842013,-0.042966049867587924,0.13777654370341696,-23.787723421143113,0.0,0.0
dist_low_20 & dd_30d,0.524..0.777 & -inf..-33.6,27904,1.0922429379393543,0.3333213876146789,-0.16700759657193057,-0.011174492251253729,0.13770295119990653,-19.962346897450804,0.0,0.0
dist_high_20 & ema200_rel,1.96..3.07 & -inf..-3.06,67094,2.6262524253907342,0.33122186782722746,-0.16707853086467717,-0.04123337155143375,0.13763201690715993,-31.621936322004135,0.0,0.0
dist_high_20 & ema200_rel,1.39..1.96 & 2.88..inf,42335,1.6571138466765543,0.32004251801110195,-0.16737805798577027,-0.05270740396654007,0.13733248978606682,-24.97875017994982,0.0,0.0
atr_pct & ema200_rel,0.658..0.807 & 2.88..inf,56584,2.214860751159706,0.3269828926905132,-0.16813421844872478,-0.030706249462091474,0.1365763293231123,-28.795841557906314,0.0,0.0
dist_low_20 & ret_96,0.288..0.524 & -inf..-4.32,27634,1.0816743601998322,0.3341897662300065,-0.1684390687585013,-0.01990233198019026,0.1362714790133358,-20.14271820266801,0.0,0.0
dist_low_20 & dd_30d,1.08..1.46 & -inf..-33.6,37516,1.4684843054663423,0.32871308241816827,-0.16881406014872788,-0.027860915745241417,0.1358964876231092,-23.529046866520822,0.0,0.0
dist_high_20 & dd_30d,3.07..inf & -20.5..-16.2,33083,1.2949639161355957,0.32947435238642203,-0.16902183471776444,-0.06770077775754023,0.13568871305407265,-23.034629517311757,0.0,0.0
dd_30d & ret_96,-8.28..-4.52 & 4.36..inf,38460,1.5054351846741532,0.32233489339573584,-0.16902705120952308,-0.050052072955569314,0.13568349656231402,-24.081188595813412,0.0,0.0
atr_pct & dist_low_20,0.807..1.08 & 1.08..1.46,36023,1.4100439848548367,0.3226827304777503,-0.16920227302532634,-0.059698097247676184,0.13550827474651075,-23.583377847306565,0.0,0.0
dd_30d & ret_16,-inf..-33.6 & -0.793..-0.331,30025,1.1752649875153782,0.3323896752706078,-0.16930396734339914,-0.01787763808345176,0.13540658042843795,-21.06500521174739,0.0,0.0
dd_30d & ret_96,-33.6..-25.7 & -inf..-4.32,66007,2.583704114269028,0.32891966003605677,-0.16937168939725125,-0.05305962118899316,0.13533885837458584,-32.040519526857196,0.0,0.0
atr_pct & dist_high_20,0.807..1.08 & 1.39..1.96,49499,1.9375334426985416,0.3222085294652417,-0.16952040859854686,-0.06007506165311125,0.13519013917329023,-27.668487832636536,0.0,0.0
atr_pct & ret_16,0.807..1.08 & -0.793..-0.331,25309,0.9906671629983916,0.3224544628393062,-0.16961863682550432,-0.06001812885050429,0.13509191094633277,-19.824902594102532,0.0,0.0
dd_30d & ret_16,-inf..-33.6 & -0.331..0,25464,0.9967343094784876,0.3340794847628024,-0.1697565519894607,-0.011168168362759153,0.13495399578237638,-19.407447111900712,0.0,0.0
dd_30d & ret_16,-inf..-33.6 & 0..0.332,20147,0.788611613770935,0.33503747456196953,-0.16981444956973366,-0.00957003096581427,0.13489609820210344,-17.288697159958456,0.07142857142857142,0.0
ret_96 & ema200_rel,-2.24..-0.984 & 1.36..2.88,8025,0.3141216161469079,0.3307165109034268,-0.16981732459355678,-0.025857175887193717,0.1348932231782803,-10.948530962332724,0.14285714285714285,0.0
dist_high_20 & ret_96,1.39..1.96 & -inf..-4.32,40010,1.5661066494751135,0.33174206448387905,-0.16988736991858047,-0.03387755577491964,0.13482317785325662,-24.742918977786,0.07142857142857142,0.0
dist_low_20 & bb_width_pctile,3.14..inf & 0.62..0.751,45870,1.7954839293032607,0.3168737737083061,-0.16998083832172745,-0.06938849403680966,0.13472970945010965,-26.68526051223592,0.0,0.0
dd_30d & bb_width_pctile,-inf..-33.6 & 0.36..0.49,39316,1.53894149039649,0.32546545935497,-0.1702248672872754,-0.03830410192146871,0.1344856804845617,-24.36506892624065,0.0,0.0
dd_30d & ret_16,-33.6..-25.7 & 1.63..inf,44990,1.7610381944485218,0.3272949544343187,-0.17095706048407064,-0.05073465122718897,0.13375348728776645,-26.64824523575511,0.0,0.0
dist_low_20 & dist_high_20,3.14..inf & -inf..0.241,42614,1.668034710340727,0.32515135870840567,-0.17129837486831878,-0.04174492371497487,0.1334121729035183,-25.67352638543167,0.0,0.0
dist_low_20 & ema200_rel,-inf..0.288 & -inf..-3.06,32524,1.273083045926733,0.3314475464272537,-0.1714398288921011,-0.025326862532768134,0.133270718879736,-22.249445515412976,0.0,0.0
atr_pct & ret_16,0.807..1.08 & 1.63..inf,73665,2.8834602932662894,0.3203013642842598,-0.17197329029787814,-0.06372465839811847,0.13273725747395895,-34.24044489331331,0.0,0.0
atr_pct & ret_96,0.807..1.08 & 0.849..2.07,23277,0.9111288297883584,0.3208317223009838,-0.17199412186028767,-0.06230734730620281,0.13271642591154942,-19.29271512802141,0.0,0.0
dd_30d & ret_96,-20.5..-16.2 & -inf..-4.32,39312,1.538784918874423,0.33483414733414735,-0.1721782004006661,-0.03870882669850067,0.132532347371171,-25.055861815757535,0.07142857142857142,0.0
atr_pct & dd_30d,0.551..0.658 & -4.52..inf,28153,1.1019895151880248,0.33609206834085176,-0.17226794726100897,-0.0058553580350766184,0.13244260051082812,-20.724664323623834,0.0,0.0
atr_pct & ret_96,0.658..0.807 & 4.36..inf,54480,2.1325041305524666,0.32534875183553597,-0.17270771465410575,-0.0353617549856398,0.13200283311773134,-29.068699594246844,0.0,0.0
bb_width_pctile & ema200_rel,0.879..inf & 1.36..2.88,34055,1.3330107959978754,0.3447951842607547,-0.17275444817083246,-0.0018636403978198616,0.13195609960100463,-23.200088594598245,0.07142857142857142,0.0
dd_30d & ret_16,-inf..-33.6 & 0.781..1.63,37618,1.4724768792790508,0.3281939497049285,-0.17276180121421364,-0.03470971029773897,0.13194874655762345,-24.246345292333114,0.07142857142857142,0.0
atr_pct & ema200_rel,0.807..1.08 & -inf..-3.06,81583,3.193393621197905,0.32488386060821495,-0.17299428703883885,-0.06499983073008436,0.13171626073299825,-36.555640555037975,0.0,0.0
ret_96 & ret_16,-0.984..-0.0475 & 1.63..inf,17045,0.6671903984079808,0.33118216485772956,-0.1730623482581746,-0.03000031769878756,0.1316481995136625,-16.40382885449114,0.0,0.0
atr_pct & dd_30d,0.807..1.08 & -12.2..-8.28,28898,1.1311509611730026,0.31943387085611463,-0.17328324267768883,-0.06403565738102261,0.13142730509414827,-21.68019958126287,0.07142857142857142,0.16666666666666666
dd_30d & ema200_rel,-inf..-33.6 & 2.88..inf,32363,1.2667810421635366,0.31128140160059325,-0.1733482334275676,-0.07646201498135684,0.13136231434426948,-22.820192243068327,0.0,0.16666666666666666
dist_high_20 & ret_96,1.39..1.96 & 4.36..inf,44658,1.7480427581169613,0.32023377670294234,-0.1736198831349646,-0.05236335454630579,0.1310906646368725,-26.639375101935663,0.0,0.0
bb_width_pctile & ret_96,0.751..0.879 & 4.36..inf,53202,2.082479529252062,0.3187286192248412,-0.1736813069799147,-0.060091585872532445,0.13102924079192238,-29.22054844490323,0.0,0.0
dd_30d & ret_96,-inf..-33.6 & -0.0475..0.849,22149,0.8669756605654659,0.3335590771592397,-0.1737480493345187,-0.012036383008482204,0.1309624984373184,-18.528989888872665,0.0,0.0
dist_high_20 & dd_30d,1..1.39 & -inf..-33.6,36208,1.4172854177504353,0.32940234202386215,-0.17385857585913303,-0.02692793206006035,0.13085197191270406,-23.840133218429457,0.0,0.0
atr_pct & dd_30d,0.658..0.807 & -inf..-33.6,50585,1.9800426109397304,0.3247603044380745,-0.17393181947271918,-0.03675176940057275,0.1307787282991179,-28.20300090825123,0.14285714285714285,0.0
dist_low_20 & ret_16,1.46..2.04 & -1.65..-0.793,25655,1.0042105996571866,0.32761644903527576,-0.17413544075979412,-0.047796053272027246,0.13057510701204297,-20.44905857851186,0.0,0.0
dd_30d & ret_96,-inf..-33.6 & 2.07..4.36,33698,1.3190367876533962,0.3256573090391121,-0.17442770903913293,-0.034262921702350436,0.13028283873270416,-23.074979423513685,0.14285714285714285,0.0
ret_96 & ret_16,-inf..-4.32 & -1.65..-0.793,48296,1.8904445574368929,0.3294682789464966,-0.1744571415214202,-0.03982456299407749,0.1302534062504169,-27.92388072517364,0.0,0.0
dist_low_20 & bb_width_pctile,2.04..3.14 & 0.751..0.879,63791,2.496963491043913,0.3338872254706777,-0.17488904257017154,-0.027652923327898458,0.12982150520166555,-32.17940436883568,0.0,0.0
dd_30d & ema200_rel,-inf..-33.6 & -0.0818..0.541,21329,0.834878498541732,0.3328801162736181,-0.17504050619865757,-0.012545586415383699,0.12967004157317952,-18.30083556873452,0.14285714285714285,0.16666666666666666
dist_low_20 & dd_30d,3.14..inf & -16.2..-12.2,29262,1.145398969681099,0.3235253912924612,-0.17512974509151685,-0.06956569522886134,0.12958080268032024,-22.301801737660437,0.14285714285714285,0.0
atr_pct & dist_low_20,0.807..1.08 & 1.46..2.04,49269,1.9285305801796893,0.3214191479429256,-0.1752619984625155,-0.06588483632411478,0.1294485493093216,-28.695637146530654,0.0,0.0
dd_30d & ema200_rel,-8.28..-4.52 & 2.88..inf,43409,1.6991533003515422,0.3181137552120528,-0.17541114950103323,-0.05992854070897658,0.12929939827080386,-26.605357378070654,0.07142857142857142,0.0
dist_high_20 & dd_30d,3.07..inf & -16.2..-12.2,30686,1.201138431536949,0.32868409046470703,-0.17576434463894433,-0.0755701060255517,0.12894620313289276,-23.191176260271522,0.0,0.0
dist_low_20 & dist_high_20,2.04..3.14 & 1.39..1.96,34654,1.3564573814274077,0.32351243723668266,-0.17587421936534947,-0.05692406909162227,0.12883632840648762,-24.00865677392618,0.0,0.0
atr_pct & dist_low_20,0.807..1.08 & 3.14..inf,80445,3.1488490231698454,0.3195723786437939,-0.17634961715646552,-0.06905029442863993,0.12836093061537157,-36.87116013815171,0.0,0.0
ret_96 & ret_16,2.07..4.36 & 1.63..inf,59540,2.330567105967215,0.3304165267047363,-0.17640108050356956,-0.025992798912264536,0.12830946726826753,-31.130444158427554,0.0,0.0
atr_pct & bb_width_pctile,0.551..0.658 & 0.879..inf,29519,1.1554586899739034,0.3413733527558522,-0.17650029835026027,-0.010978216516078346,0.12821024942157683,-22.16746333356962,0.07142857142857142,0.0
dd_30d & ret_96,-8.28..-4.52 & -inf..-4.32,9296,0.36387221728369545,0.3392857142857143,-0.17651792573775513,-0.009120408936653503,0.12819262203408197,-12.208580995870351,0.0,0.3333333333333333
atr_pct & bb_width_pctile,0.807..1.08 & 0.62..0.751,50994,1.9960520490710807,0.3193512962309291,-0.17660612440916532,-0.0678093308206796,0.12810442336267178,-29.354179755215267,0.0,0.0
atr_pct & dd_30d,0.658..0.807 & -8.28..-4.52,28998,1.1350652492246773,0.3273674046485964,-0.17692107597449086,-0.038897633491288705,0.12778947179734623,-21.874898217841274,0.14285714285714285,0.0
dd_30d & ret_16,-8.28..-4.52 & -inf..-1.65,28102,1.0999932282816707,0.3309017151804142,-0.17704962900536078,-0.047988614321537004,0.1276609187664763,-21.891955986978516,0.0,0.0
atr_pct & ret_96,0.658..0.807 & -2.24..-0.984,33460,1.30972078209041,0.32890017931858934,-0.17720086574516292,-0.038700936811233454,0.12750968202667418,-23.597105044787558,0.07142857142857142,0.0
atr_pct & dd_30d,0.807..1.08 & -33.6..-25.7,55943,2.1897701647484697,0.3223995852921724,-0.1772429952682359,-0.06832187806838828,0.1274675525036012,-30.980876452160977,0.0,0.16666666666666666
dist_low_20 & bb_width_pctile,0.777..1.08 & 0.879..inf,19922,0.7798044656546667,0.3439413713482582,-0.17732802861837174,-0.015290377641119115,0.12738251915346535,-18.377622011668354,0.0,0.0
dist_low_20 & dist_high_20,1.46..2.04 & 1.96..3.07,35540,1.3911379735652472,0.32363534046145187,-0.17749999740722797,-0.0584501739947262,0.12721055036460913,-24.58583358374581,0.07142857142857142,0.0
ret_16 & ema200_rel,1.63..inf & -1.57..-0.716,15686,0.6139952237857194,0.32748948106591863,-0.17766015454464035,-0.04856829711869134,0.12705039322719675,-16.335853850784282,0.0,0.0
ret_96 & ret_16,-0.0475..0.849 & 1.63..inf,19326,0.7564753088666845,0.32940080720273207,-0.17777999693214147,-0.028097309517881947,0.12693055083969562,-17.88435896735334,0.0,0.0
dist_high_20 & ema200_rel,1.96..3.07 & 1.36..2.88,32036,1.2539813202345598,0.3232925458858784,-0.17824452556748693,-0.048077333743503,0.12646602220435016,-23.22362341927697,0.0,0.0
dist_low_20 & dd_30d,3.14..inf & -25.7..-20.5,34583,1.3536782369107185,0.32385854321487434,-0.17832868483348607,-0.07421204857684913,0.12638186293835102,-24.757212405537974,0.0,0.0
atr_pct & ret_96,0.658..0.807 & -0.0475..0.849,23442,0.9175874050736219,0.3276170975172767,-0.1783419776463507,-0.03982293111196036,0.12636857012548638,-19.870275821629033,0.0,0.0
dd_30d & ema200_rel,-inf..-33.6 & -0.716..-0.0818,24281,0.950428281827174,0.331823236275277,-0.17843653511580881,-0.015336365751040205,0.12627401265602828,-19.94797147418564,0.0,0.16666666666666666
dist_high_20 & ema200_rel,3.07..inf & -1.57..-0.716,21041,0.8236053489529084,0.3246993964165201,-0.17845452117854724,-0.06884300395732326,0.12625602659328986,-19.291927767079596,0.14285714285714285,0.16666666666666666
bb_width_pctile & ret_96,0.879..inf & 2.07..4.36,37240,1.4576808704437199,0.3371374865735768,-0.1785217557373715,-0.01977290209181762,0.1261887920344656,-25.15137232773504,0.0,0.0
dist_low_20 & ret_16,2.04..3.14 & -0.331..0,14556,0.5697637688017934,0.3230283044792525,-0.17864712770605745,-0.05856421385108849,0.12606342006577964,-15.813232181154225,0.0,0.0
dist_high_20 & dd_30d,0.241..0.463 & -inf..-33.6,19429,0.7605070255599096,0.3331102990375212,-0.17881334416719014,-0.013373210354636645,0.12589720360464696,-17.866748767057324,0.07142857142857142,0.0
dist_low_20 & ret_96,2.04..3.14 & -2.24..-0.984,29369,1.149587257896391,0.3328679900575437,-0.1789608087773385,-0.029441914034081113,0.1257497389944986,-22.335412437206813,0.0,0.0
atr_pct & ret_96,0.658..0.807 & -0.984..-0.0475,24740,0.9683948639843616,0.3270816491511722,-0.17914599054265862,-0.040636020216824394,0.12556455722917848,-20.497584771769155,0.0,0.0
dist_high_20 & dd_30d,0.708..1 & -inf..-33.6,29450,1.1527578312182478,0.32954159592529714,-0.17932763489241818,-0.02479335602961297,0.1253829128794189,-22.143879478536036,0.0,0.0
ret_16 & ema200_rel,1.63..inf & 1.36..2.88,58437,2.287392508757241,0.331519414069853,-0.17969805211349266,-0.024850336047291668,0.12501249565834444,-31.424257502578953,0.0,0.0
ret_96 & ret_16,2.07..4.36 & -inf..-1.65,19709,0.7714670321045992,0.32066568572733267,-0.18018973060638835,-0.06641499169924595,0.12452081716544874,-18.63105048966359,0.0,0.0
dist_low_20 & ema200_rel,0.288..0.524 & -inf..-3.06,30947,1.2113547233518205,0.3282062881700973,-0.18083539978766322,-0.03929296913371453,0.12387514798417387,-23.07122426379953,0.0,0.0
dist_high_20 & bb_width_pctile,3.07..inf & 0.36..0.49,16402,0.6420215262357114,0.3106328496524814,-0.18091695646967168,-0.08848123364397958,0.12379359130216541,-17.054005266792718,0.0,0.0
dist_high_20 & bb_width_pctile,1.96..3.07 & 0.879..inf,47787,1.8705208312538677,0.3356142884047963,-0.18094179672958438,-0.042400042298490585,0.12376875104225271,-29.311424487394188,0.0,0.0
atr_pct & dd_30d,0.807..1.08 & -8.28..-4.52,28462,1.1140846652677001,0.3180732204342632,-0.18122203837134393,-0.07240633591119615,0.12348850940049316,-22.49085246832767,0.07142857142857142,0.0
atr_pct & ema200_rel,0.807..1.08 & -1.57..-0.716,24906,0.974892582150142,0.32044487272143257,-0.18136580224778703,-0.07168925875205155,0.12334474552405006,-21.181978983808605,0.0,0.0
dist_low_20 & bb_width_pctile,3.14..inf & 0.49..0.62,26114,1.0221771818143743,0.310752852875852,-0.18138372786829768,-0.08344996088335102,0.12332681990353941,-21.51580774417325,0.0,0.0
bb_width_pctile & ret_16,0.751..0.879 & 0..0.332,10266,0.40184081138494165,0.3482368984999026,-0.18184053634503308,0.014815230929923283,0.12287001142680401,-13.308774318926448,0.21428571428571427,0.0
ret_96 & ema200_rel,4.36..inf & 2.88..inf,234884,9.19403634729599,0.31652219819144767,-0.18188104851302866,-0.06527950923700268,0.12282949925880843,-64.33694974127896,0.0,0.0
dist_low_20 & dist_high_20,0.524..0.777 & 3.07..inf,34081,1.3340285108913108,0.32041313341744665,-0.18191777761353262,-0.07156302823059071,0.12279277015830448,-24.803560701976338,0.0,0.0
atr_pct & ret_96,0.807..1.08 & 2.07..4.36,39245,1.5361623458798008,0.3156580456109058,-0.18202997225589354,-0.07259383389134041,0.12268057551594355,-26.536964756736236,0.0,0.0
atr_pct & dist_low_20,0.807..1.08 & 0.524..0.777,21009,0.8223527767763724,0.31829216050264175,-0.18253444666664442,-0.07262201962502132,0.12217610110519267,-19.462230248491604,0.0,0.0
atr_pct & dist_low_20,0.807..1.08 & 2.04..3.14,72222,2.826977116680621,0.3187671346681067,-0.1826067750480954,-0.07365525530917261,0.1221037727237417,-36.289857180921636,0.0,0.0
dist_low_20 & dist_high_20,2.04..3.14 & 1..1.39,36039,1.4106702709431047,0.32362163212075806,-0.18285784568111027,-0.04992029309365621,0.12185270209072682,-25.325206520828672,0.0,0.0
atr_pct & ema200_rel,0.658..0.807 & -0.0818..0.541,22320,0.8736690931338299,0.32616487455197135,-0.18325866886683667,-0.044808207435427676,0.12145187890500042,-19.97719869385104,0.07142857142857142,0.0
bb_width_pctile & ret_16,0.879..inf & 0.332..0.781,6954,0.27219959111347014,0.3553350589588726,-0.18341235926047356,0.029202965163657214,0.12129818851136354,-11.007402653917028,0.21428571428571427,0.16666666666666666
dist_low_20 & ema200_rel,3.14..inf & -0.0818..0.541,13305,0.5207960252753409,0.32093198045847426,-0.18343064228928815,-0.07206391899943893,0.12127990548254894,-15.733293000151868,0.07142857142857142,0.0
dd_30d & bb_width_pctile,-12.2..-8.28 & 0.879..inf,37167,1.4548234401659972,0.33594317539753005,-0.1839444535345286,-0.036950559850790224,0.1207660942373085,-26.305186761237035,0.07142857142857142,0.0
atr_pct & ret_16,0.551..0.658 & 1.63..inf,41155,1.6109252476667908,0.331259871218564,-0.1839628860931095,-0.018442885547871143,0.12074766167872758,-26.8621993811589,0.0,0.0
dd_30d & ret_16,-inf..-33.6 & 0.332..0.781,27646,1.0821440747660331,0.3285466251899009,-0.18405797356363635,-0.031054106577956993,0.12065257420820075,-22.07960927445637,0.0,0.0
atr_pct & dist_low_20,0.658..0.807 & -inf..0.288,20152,0.7888073281735188,0.32428543072647875,-0.1843375917653668,-0.04581748304335643,0.1203729560064703,-19.00283765862041,0.14285714285714285,0.0
bb_width_pctile & ret_16,0.751..0.879 & -inf..-1.65,79176,3.0991767077940913,0.32334293220167726,-0.18453551137738153,-0.0625212240037609,0.12017503639445556,-38.176342693720386,0.0,0.0
atr_pct & dist_high_20,0.807..1.08 & 1..1.39,34954,1.3682002455824325,0.31655890599073067,-0.18458505798103675,-0.0749088306581607,0.12012548979080034,-25.399513296333815,0.0,0.0
atr_pct & bb_width_pctile,0.658..0.807 & 0.751..0.879,50553,1.9787900387631945,0.3265483749728008,-0.18483213338757712,-0.04722952107989771,0.11987841438425997,-30.434613378277035,0.0,0.0
atr_pct & dist_high_20,0.658..0.807 & 1..1.39,44592,1.7454593280028559,0.3235109436670255,-0.1851856270324587,-0.04685234381267525,0.1195249207393784,-28.421283610797982,0.0,0.0
atr_pct & ret_16,0.807..1.08 & -0.331..0,19689,0.7706841744942642,0.3158616486362944,-0.1856737686612791,-0.07595538165126822,0.11903677911055799,-19.19419310736963,0.0,0.0
atr_pct & ema200_rel,0.807..1.08 & -0.716..-0.0818,18078,0.7076249939817821,0.3201128443411882,-0.1857686679452332,-0.07619955482770215,0.1189418798266039,-18.528456647678393,0.0,0.16666666666666666
dist_low_20 & ema200_rel,1.08..1.46 & -inf..-3.06,38445,1.5048480414664018,0.3237352061386396,-0.1858265934794698,-0.061862625656902426,0.11888395429236728,-26.772540657221807,0.0,0.0
atr_pct & ret_16,0.807..1.08 & 0..0.332,16561,0.6482452442378744,0.3163456313024576,-0.18586772067630183,-0.07614611469556565,0.11884282709553526,-17.62711977391386,0.0,0.0
atr_pct & dd_30d,0.807..1.08 & -20.5..-16.2,32307,1.2645890408545988,0.3193735103847463,-0.18617430081438302,-0.07696644833070947,0.11853624695745407,-24.834597426450735,0.0,0.0
dist_high_20 & ret_96,3.07..inf & -4.32..-2.24,47081,1.8428859576090433,0.3254603767974342,-0.1864767965168483,-0.07065269520090992,0.1182337512549888,-30.146808646204523,0.0,0.0
dd_30d & ema200_rel,-inf..-33.6 & -3.06..-1.57,49583,1.9408214446619483,0.3245668878446242,-0.18677759057345866,-0.04842342563808815,0.11793295719837843,-30.274026095625022,0.0,0.0
ret_96 & ema200_rel,2.07..4.36 & 2.88..inf,59348,2.323051672907999,0.3246781694412617,-0.18678948021466282,-0.038476919234116065,0.11792106755717427,-32.86554011076219,0.0,0.0
bb_width_pctile & ema200_rel,0.62..0.751 & 2.88..inf,44218,1.730819890689592,0.31534669139264554,-0.18700125864704634,-0.06333441629055203,0.11770928912479076,-28.58808322508181,0.0,0.0
atr_pct & ema200_rel,0.807..1.08 & -0.0818..0.541,17442,0.68273012197313,0.31773879142300193,-0.18717796465372438,-0.07763164456104615,0.11753258311811271,-18.35366891947318,0.07142857142857142,0.0
bb_width_pctile & ret_96,0.879..inf & -4.32..-2.24,37467,1.4665663043210218,0.34176742199802496,-0.187543108361095,-0.03940785322323984,0.11716743941074209,-27.092650378651474,0.0,0.0
dd_30d & ret_16,-4.52..inf & -inf..-1.65,9228,0.36121050140855654,0.33279150411790204,-0.18767296118361607,-0.042418411543469654,0.11703758658822103,-13.256817451229857,0.0,0.0
atr_pct & dd_30d,0.551..0.658 & -inf..-33.6,37824,1.480540312665501,0.3276226734348562,-0.18784317837238448,-0.022186210036617287,0.11686736939945261,-26.137037375031706,0.07142857142857142,0.0
dd_30d & ret_96,-inf..-33.6 & 0.849..2.07,25595,1.0018620268261818,0.32650908380543076,-0.18806810960476833,-0.03207619790754734,0.11664243816706876,-21.61775471327687,0.07142857142857142,0.0
atr_pct & dd_30d,0.807..1.08 & -16.2..-12.2,29588,1.158159548729559,0.3186764904691091,-0.1880906943832736,-0.07879347622256516,0.11661985338856348,-24.0893190054333,0.14285714285714285,0.0
atr_pct & dist_high_20,0.658..0.807 & 1.39..1.96,56370,2.2064841747291215,0.32272485364555614,-0.18835590664978522,-0.05011976037222252,0.11635464112205188,-32.556561174323676,0.0,0.0
atr_pct & dist_high_20,0.658..0.807 & 0.708..1,34917,1.3667519590033126,0.3227940544720337,-0.18847261573774632,-0.04993212977995926,0.11623793203409077,-25.614858215354456,0.0,0.0
ret_96 & ret_16,4.36..inf & -1.65..-0.793,26000,1.017714893435465,0.3165769230769231,-0.1884769191078095,-0.0647748095999754,0.11623362866402759,-22.166255026220067,0.0,0.0
atr_pct & bb_width_pctile,0.807..1.08 & 0.49..0.62,42883,1.6785641451997324,0.31331763169554366,-0.18858936281478578,-0.0794624912090604,0.11612118495705132,-28.7089343720017,0.0,0.0
dist_low_20 & ret_16,2.04..3.14 & 0..0.332,16529,0.6469926720613385,0.3207090568092444,-0.1888959238390102,-0.06125455144852321,0.1158146239328269,-17.79797246055136,0.0,0.0
dist_high_20 & ema200_rel,1.39..1.96 & -inf..-3.06,38136,1.4927528913867265,0.3262796307950493,-0.18895297045940096,-0.05292275307142208,0.11575757731243613,-27.016780885888064,0.07142857142857142,0.0
dist_low_20 & ema200_rel,3.14..inf & 0.541..1.36,18856,0.7380781550238126,0.3184132371658888,-0.18917764791101802,-0.07468489585811408,0.11553289986081908,-19.218683978987624,0.0,0.0
dist_high_20 & dd_30d,-inf..0.241 & -inf..-33.6,16206,0.6343495216544286,0.32981611748735035,-0.1895147822703365,-0.022432532344345987,0.1151957655015006,-17.305386172838684,0.0,0.0
atr_pct & ret_96,0.807..1.08 & 4.36..inf,71583,2.8019648160304187,0.312001452858919,-0.18966804278185606,-0.08152252169269905,0.11504250498998103,-37.222938139244,0.0,0.0
ret_16 & ema200_rel,-1.65..-0.793 & 2.88..inf,19861,0.7774167499431449,0.31327727707567593,-0.18988279523052756,-0.0766874764934516,0.11482775254130953,-19.621425351804874,0.0,0.0
atr_pct & bb_width_pctile,0.807..1.08 & 0.233..0.36,28329,1.1088786621589726,0.3126831162413075,-0.18990852838581462,-0.08018653534785514,0.11480201938602247,-23.404290689047787,0.0,0.0
dist_low_20 & ret_96,1.08..1.46 & -inf..-4.32,39045,1.5283337697764512,0.3226533487002177,-0.1900057807982834,-0.05901520521378685,0.1147047669735537,-27.468800742831014,0.07142857142857142,0.0
atr_pct & dd_30d,0.807..1.08 & -25.7..-20.5,42125,1.648893841768037,0.3182195845697329,-0.19004274395512033,-0.08053100823040907,0.11466780381671676,-28.97543111529954,0.07142857142857142,0.0
dist_low_20 & ret_96,1.46..2.04 & -inf..-4.32,45344,1.774894774151451,0.3211229710656316,-0.19027224125315892,-0.07001339009926337,0.11443830651867817,-29.86837644162484,0.0,0.0
dd_30d & ema200_rel,-25.7..-20.5 & -inf..-3.06,53865,2.108431259034666,0.32705838670750953,-0.19043729407415735,-0.06395563216634312,0.11427325369767974,-32.77473828297838,0.0,0.0
dd_30d & bb_width_pctile,-inf..-33.6 & 0.109..0.233,38291,1.4988200378668226,0.32514167820114387,-0.1905416749524112,-0.03335441769174446,0.11416887281942589,-26.78916833640195,0.0,0.0
atr_pct & ema200_rel,0.807..1.08 & 2.88..inf,73664,2.8834211503857725,0.3105587532580365,-0.19134298118607415,-0.08323062427949676,0.11336756658576294,-38.0733151333069,0.0,0.0
dist_low_20 & ret_16,0.777..1.08 & -inf..-1.65,40348,1.5793369430897746,0.320982452661842,-0.19152275653102807,-0.07143835865974603,0.11318779124080902,-28.42291166396454,0.0,0.0
dist_low_20 & dist_high_20,1.08..1.46 & 1.96..3.07,37790,1.4792094547279315,0.32209579253770837,-0.19173213860375812,-0.0589401024278306,0.11297840916807897,-27.335439162880757,0.0,0.0
atr_pct & dist_high_20,0.807..1.08 & 0.708..1,26056,1.0199068947444028,0.3129797359533313,-0.19177185378741235,-0.08188574607332907,0.11293869398442474,-22.81188248340232,0.0,0.0
atr_pct & bb_width_pctile,0.807..1.08 & 0.36..0.49,35700,1.397400834447927,0.31176470588235294,-0.191793214948644,-0.08238841228539959,0.1129173328231931,-26.593311420186993,0.0,0.0
ret_16 & ema200_rel,-1.65..-0.793 & -inf..-3.06,50686,1.9839960418719222,0.3233437241052756,-0.19184611110041663,-0.057758207486289494,0.11286443667142046,-31.601301441221654,0.0,0.0
atr_pct & dist_high_20,0.658..0.807 & -inf..0.241,21084,0.8252884928151286,0.3204325554923165,-0.1923336282804417,-0.05376563528229267,0.11237691949139539,-20.292341964147266,0.0,0.0
dd_30d & ema200_rel,-33.6..-25.7 & -inf..-3.06,71868,2.813120536977692,0.32060165859631545,-0.1929371276144775,-0.07786171697773178,0.11177342015735958,-38.39347837569432,0.0,0.0
atr_pct & ret_96,0.807..1.08 & -0.984..-0.0475,18381,0.719485286778357,0.31608726402263204,-0.19293840383785774,-0.08343618414993209,0.11177214393397936,-19.431038569765477,0.0,0.0
dist_high_20 & ema200_rel,1..1.39 & 2.88..inf,40061,1.5681029363814678,0.3161428821047902,-0.19312940599090583,-0.06478693207751883,0.11158114178093126,-28.123377646539293,0.0,0.0
dist_low_20 & ema200_rel,2.04..3.14 & 2.88..inf,70552,2.7616085062176507,0.31724118380768795,-0.19315640887622235,-0.060270727997729555,0.11155413889561475,-37.28402129749561,0.0,0.0
bb_width_pctile & ema200_rel,0.62..0.751 & -inf..-3.06,44966,1.7600987653161198,0.3181737312636214,-0.19317102700230226,-0.07762130248954895,0.11153952076953483,-30.19943539328958,0.0,0.0
dd_30d & ret_96,-inf..-33.6 & 4.36..inf,44735,1.751056759916751,0.30589024253939867,-0.1933957062049028,-0.09441019906089322,0.1113148415669343,-30.12001024321792,0.0,0.0
dd_30d & ret_16,-25.7..-20.5 & 1.63..inf,36171,1.4158371311713154,0.3218877000912333,-0.19358403334824392,-0.061476288079107225,0.11112651442359317,-27.051075334373188,0.0,0.0
dist_high_20 & ema200_rel,3.07..inf & -3.06..-1.57,43033,1.6844355772772448,0.321799549183185,-0.1937141742085016,-0.07830295126082304,0.1109963735633355,-29.968595384023498,0.0,0.0
atr_pct & dist_high_20,0.658..0.807 & 0.463..0.708,28275,1.106764946611068,0.31971706454465076,-0.19390600018339785,-0.05527978910073479,0.11080454758843925,-23.706337890199933,0.0,0.0
ret_96 & ema200_rel,-0.984..-0.0475 & 1.36..2.88,13071,0.5116365912344216,0.32820748221253154,-0.19401824617104577,-0.025746891047280715,0.11069230160079133,-15.931840861075113,0.0,0.0
atr_pct & bb_width_pctile,1.08..inf & 0.233..0.36,15200,0.5949717838545795,0.3,-0.19437000034160729,-0.11818398760238485,0.11034054743022981,-17.81044192124405,0.0,0.16666666666666666
atr_pct & dist_high_20,0.807..1.08 & -inf..0.241,14590,0.5710946267393628,0.3105551747772447,-0.1944361751205837,-0.08455260112365044,0.1102743726512534,-17.254182684100638,0.0,0.0
dd_30d & ema200_rel,-20.5..-16.2 & 2.88..inf,27060,1.0592063467832185,0.3164818920916482,-0.19463650159808188,-0.06673975769717905,0.11007404617375521,-23.424371920941507,0.0,0.0
bb_width_pctile & ema200_rel,0.879..inf & -0.0818..0.541,12774,0.5000111557209472,0.3445279473931423,-0.19464382668669755,-0.008805112194394222,0.11006672108513954,-16.14635662174462,0.0,0.16666666666666666
dd_30d & bb_width_pctile,-20.5..-16.2 & 0.879..inf,32338,1.2658024701506179,0.3318077803203661,-0.19467975896394601,-0.06799881844447654,0.11003078880789108,-26.37722047560809,0.0,0.0
dd_30d & ret_96,-12.2..-8.28 & -inf..-4.32,24919,0.9754014395968597,0.327019543320358,-0.19481217700500292,-0.05029995258819284,0.10989837076683417,-22.504287471723963,0.07142857142857142,0.16666666666666666
dist_high_20 & bb_width_pctile,1.96..3.07 & 0.751..0.879,62519,2.447173747026609,0.32625281914298054,-0.19499480691257845,-0.05027312866790302,0.10971574085925864,-35.73224236311128,0.0,0.0
dist_high_20 & ret_16,1.39..1.96 & 0.781..1.63,23650,0.9257291242211056,0.31805496828752644,-0.19532325046717092,-0.06917227917082171,0.10938729730466618,-22.087010115755927,0.0,0.0
dd_30d & ema200_rel,-12.2..-8.28 & 2.88..inf,33876,1.3260042203853772,0.3148541740465226,-0.19532659290353738,-0.07324918139118662,0.10938395486829972,-26.384718803593437,0.0,0.0
bb_width_pctile & ret_96,0.49..0.62 & -inf..-4.32,37452,1.4659791611132704,0.3174463313040692,-0.19552706153759727,-0.06930605288348676,0.10918348623423982,-27.672315581485876,0.0,0.0
dist_low_20 & ret_96,2.04..3.14 & -0.984..-0.0475,23773,0.9305436985246657,0.32818743953224244,-0.1956030292292288,-0.03858938815356876,0.1091075185426083,-21.9434511072178,0.0,0.0
atr_pct & dd_30d,0.658..0.807 & -12.2..-8.28,32112,1.2569561791538326,0.32112605879422024,-0.19583056032151971,-0.05756317968401753,0.10887998745031738,-25.706551335709673,0.0,0.0
bb_width_pctile & ret_96,0.62..0.751 & 4.36..inf,44261,1.732503034551812,0.3134362079483066,-0.1959376126950122,-0.07299623358090393,0.1087729350768249,-30.121019359383368,0.0,0.0
atr_pct & ret_16,0.658..0.807 & 0..0.332,21525,0.8425505031230147,0.3202322880371661,-0.19614184337690915,-0.057502351515905555,0.10856870439492794,-20.992342226795515,0.0,0.0
atr_pct & ret_16,0.807..1.08 & 0.781..1.63,38471,1.5058657563598374,0.3119752540874945,-0.1962546949360666,-0.08677804566161448,0.1084558528357705,-28.444184029153217,0.0,0.0
dist_high_20 & bb_width_pctile,3.07..inf & 0.233..0.36,8982,0.3515813528014364,0.3042752171008684,-0.19627094272479417,-0.10480435442305754,0.10843960504704292,-13.723676049547496,0.07142857142857142,0.0
atr_pct & ret_96,0.807..1.08 & -0.0475..0.849,17595,0.6887189826921926,0.3145780051150895,-0.19636387613709771,-0.08676593124325432,0.10834667163473938,-19.353354737067505,0.0,0.0
dist_low_20 & bb_width_pctile,1.46..2.04 & 0.751..0.879,42686,1.670852997737933,0.33554326945602775,-0.19643461111685584,-0.021081519538052956,0.10827593665498125,-29.47104179671185,0.0,0.0
ret_16 & ema200_rel,1.63..inf & -0.716..-0.0818,14695,0.5752046291936215,0.3228989452194624,-0.19657742380792806,-0.05854918364466667,0.10813312396390903,-17.482113157802896,0.0,0.0
atr_pct & ema200_rel,0.551..0.658 & 2.88..inf,40164,1.572134653074693,0.3256896723433921,-0.19672440393113516,-0.03134591102208778,0.10798614384070193,-28.363098815182287,0.0,0.0
dist_low_20 & dd_30d,2.04..3.14 & -25.7..-20.5,41717,1.6329235465172034,0.3252391111537263,-0.19691931428117437,-0.052268376130890616,0.10779123349066272,-29.493570055609062,0.0,0.0
atr_pct & dist_high_20,0.658..0.807 & 0.241..0.463,22690,0.8881519589250269,0.32000881445570734,-0.196971043458076,-0.058286726489570374,0.10773950431376109,-21.626638718622722,0.0,0.0
ret_16 & ema200_rel,-1.65..-0.793 & 1.36..2.88,26290,1.0290663287853221,0.32502852795739823,-0.19728105001466356,-0.038574213422371814,0.10742949775717353,-23.108376958034256,0.0,0.0
atr_pct & dist_low_20,0.658..0.807 & 1.08..1.46,43701,1.710583021462433,0.3207706917461843,-0.1973187355272955,-0.058836647238192194,0.10739181224454158,-30.179538947701758,0.0,0.0
bb_width_pctile & ret_16,0.49..0.62 & 1.63..inf,31328,1.2262681608287018,0.31511746680286007,-0.19767718096026576,-0.06458296615811358,0.10703336681157133,-25.409910738499896,0.0,0.0
dd_30d & ret_16,-33.6..-25.7 & -inf..-1.65,55419,2.1692592953576937,0.31900611703567366,-0.19783437935119266,-0.08339024197205856,0.10687616842064443,-34.61992517393363,0.0,0.0
dist_low_20 & bb_width_pctile,2.04..3.14 & 0.62..0.751,62174,2.4336694532483305,0.3224498986714704,-0.19796443462555993,-0.05200060044422679,0.10674611314627716,-35.9831823925844,0.0,0.0
dist_high_20 & ret_16,0.241..0.463 & 1.63..inf,50105,1.9612540282916913,0.32214349865282904,-0.19796739387431955,-0.049226508663185675,0.10674315389751754,-32.179492858793445,0.0,0.0
dist_low_20 & ema200_rel,1.46..2.04 & -inf..-3.06,43331,1.6961001556712358,0.3172555445293208,-0.19802824209627587,-0.0840807708220949,0.10668230567556122,-30.580506968169836,0.0,0.0
bb_width_pctile & ema200_rel,0.879..inf & 0.541..1.36,18261,0.7147881411163471,0.34384754394611466,-0.19804602199455099,-0.001986919601640052,0.1066645257772861,-19.46671936742278,0.07142857142857142,0.16666666666666666
ret_16 & ema200_rel,-0.793..-0.331 & 2.88..inf,17880,0.6998747036394659,0.31543624161073824,-0.1981260307714243,-0.06623165294758031,0.1065845170004128,-19.27743569698763,0.0,0.0
atr_pct & dist_high_20,0.807..1.08 & 0.241..0.463,15905,0.6225675146188873,0.30889657340458976,-0.19845953558552054,-0.08847122070368406,0.10625101218631655,-18.421394764496576,0.0,0.0
ret_16 & ema200_rel,-0.793..-0.331 & -inf..-3.06,27278,1.0677394947358698,0.32352078598137696,-0.19863291156246482,-0.05905609881913783,0.10607763620937227,-24.021860979820556,0.0,0.0
dist_high_20 & ema200_rel,0.708..1 & 2.88..inf,37621,1.472594307920601,0.3169772201695861,-0.19875375275679869,-0.05935927168930581,0.10595679501503841,-27.967485981777063,0.0,0.0
dist_low_20 & bb_width_pctile,3.14..inf & 0.36..0.49,14926,0.5842466345929904,0.30510518558220556,-0.19875836098155947,-0.10409262877140858,0.10595218679027762,-17.94760401484402,0.0,0.16666666666666666
bb_width_pctile & ema200_rel,0.879..inf & -0.716..-0.0818,13026,0.509875161611168,0.34861047136496237,-0.1989602828846286,-0.009145009072906735,0.10575026488720848,-16.708688563140544,0.07142857142857142,0.16666666666666666
bb_width_pctile & ret_16,0.62..0.751 & 1.63..inf,51544,2.0175806333552924,0.3154198354803663,-0.1993294906178495,-0.0663937284362759,0.1053810571539876,-32.954378197785104,0.0,0.0
dist_low_20 & dist_high_20,2.04..3.14 & 0.708..1,38570,1.5097409015309955,0.3214933886440238,-0.19933415048164665,-0.05231737400993189,0.10537639729019044,-28.510531381989725,0.0,0.0
dist_low_20 & ret_16,-inf..0.288 & -inf..-1.65,57745,2.260305635439651,0.32408000692700667,-0.1996892416054576,-0.04951045669438589,0.1050213061663795,-34.854757224483706,0.0,0.0
dist_low_20 & ema200_rel,2.04..3.14 & 1.36..2.88,60028,2.349668831659388,0.3254981008862531,-0.19974209182772482,-0.0357664542967339,0.10496845594411228,-35.3282595706182,0.0,0.0
dist_high_20 & dd_30d,0.463..0.708 & -inf..-33.6,24544,0.9607228594030789,0.3250488917861799,-0.19978823230900744,-0.03806446215246518,0.10492231546282965,-22.590429837124553,0.0,0.0
ret_16 & ema200_rel,-inf..-1.65 & -0.0818..0.541,13253,0.5187605954884699,0.3204557458688599,-0.19993460689844245,-0.07062805694245668,0.10477594087339465,-17.003064983454415,0.0,0.0
dist_high_20 & ema200_rel,-inf..0.241 & 2.88..inf,36127,1.4141148444285785,0.3224458161485869,-0.19997088618083816,-0.039029682330721696,0.10473966159099893,-27.324680747785884,0.0,0.0
atr_pct & ret_16,0.807..1.08 & 0.332..0.781,23718,0.9283908400962445,0.3117041909098575,-0.19998376042690513,-0.09038168679117022,0.10472678734493196,-22.808976979086484,0.0,0.0
dd_30d & bb_width_pctile,-inf..-33.6 & 0.233..0.36,38928,1.5237540527559914,0.31925606247431154,-0.20007724052914252,-0.05721015128820893,0.10463330724269457,-28.668289197608498,0.07142857142857142,0.0
atr_pct & ret_16,0.658..0.807 & -0.331..0,25885,1.013213462176039,0.31840834460112033,-0.20033810541230496,-0.06176337076770887,0.10437244235953214,-23.53991132680502,0.07142857142857142,0.0
dist_high_20 & ema200_rel,0.463..0.708 & 2.88..inf,35384,1.3850316842046342,0.31884467555957496,-0.20056149190527944,-0.052066846775779475,0.10414905586655765,-27.268176689143296,0.0,0.0
dd_30d & ret_16,-25.7..-20.5 & -inf..-1.65,44652,1.7478079008338607,0.32249395323837676,-0.20067296385459227,-0.07644445911381761,0.10403758391724482,-31.53060171172848,0.0,0.0
atr_pct & dist_low_20,0.658..0.807 & 0.288..0.524,22729,0.8896785312651802,0.3195917110299617,-0.2007421964839233,-0.06214597331836723,0.10396835128791379,-22.107447734914118,0.07142857142857142,0.0
dist_high_20 & ema200_rel,1.39..1.96 & 1.36..2.88,38128,1.4924397483425926,0.3231745698699119,-0.20076718070715396,-0.04428917131650001,0.10394336706468313,-28.407559180402654,0.0,0.0
ret_16 & ema200_rel,-0.331..0 & 2.88..inf,17547,0.6868401244273886,0.3174331794608765,-0.20093502294502155,-0.05811535729592858,0.10377552482681554,-19.311667014396797,0.0,0.0
dd_30d & ema200_rel,-20.5..-16.2 & -inf..-3.06,39402,1.5423077781209305,0.325338815288564,-0.20122923793880107,-0.0692682190161632,0.10348130983303602,-29.61035809143178,0.0,0.0
dist_high_20 & ema200_rel,1.96..3.07 & 0.541..1.36,24397,0.9549688559671169,0.3207771447309095,-0.201328612703059,-0.058902117669324044,0.1033819350687781,-22.965663666925305,0.0,0.0
dist_low_20 & dist_high_20,1.46..2.04 & 1.39..1.96,34899,1.366047387154011,0.3200378234333362,-0.20173717210859257,-0.06363364294119714,0.10297337566324452,-27.642671324413616,0.0,0.0
atr_pct & ret_16,0.658..0.807 & -1.65..-0.793,49308,1.9300571525198424,0.31867039831264704,-0.20177531570189056,-0.0634835542817796,0.10293523206994654,-32.77095049289434,0.0,0.0
dist_high_20 & ema200_rel,1.39..1.96 & 0.541..1.36,31839,1.2462701727727603,0.3292816985458086,-0.20190254349369172,-0.02417050913566866,0.10280800427814538,-25.926825628874504,0.07142857142857142,0.0
bb_width_pctile & ema200_rel,0.49..0.62 & -inf..-3.06,36131,1.4142714159506455,0.31499266557803546,-0.20234010392120283,-0.07941004894621832,0.10237044385063426,-28.243595032359057,0.0,0.0
dist_low_20 & ema200_rel,0.524..0.777 & -inf..-3.06,32082,1.2557818927383302,0.3206159217006421,-0.20251708464091012,-0.0644749521897042,0.10219346313092698,-26.556384290887852,0.0,0.0
dd_30d & ret_16,-12.2..-8.28 & -inf..-1.65,31882,1.2479533166349805,0.3219057775547331,-0.20263059134862427,-0.07564056229195895,0.10207995642321283,-27.007541240803647,0.0,0.0
dist_low_20 & ret_96,1.46..2.04 & 4.36..inf,41482,1.6237249695957676,0.31710139337543997,-0.2027856474647408,-0.06138364959164963,0.1019249003070963,-30.041487601630195,0.0,0.0
dist_low_20 & ema200_rel,2.04..3.14 & 0.541..1.36,33898,1.3268653637567458,0.3262434361909257,-0.20327195371820694,-0.03920870190711276,0.10143859405363015,-27.16929876377445,0.07142857142857142,0.0
ret_16 & ema200_rel,0.781..1.63 & -inf..-3.06,19926,0.7799610371767336,0.3172237277928335,-0.20362635279699492,-0.08730289673719922,0.10108419497484217,-21.378245731272063,0.0,0.0
dist_high_20 & ret_16,1.96..3.07 & -0.793..-0.331,34243,1.3403696575350241,0.31752474958385657,-0.20368213897869303,-0.07009829737496664,0.10102840879314406,-27.63212704046499,0.0,0.0
dist_high_20 & bb_width_pctile,1.96..3.07 & 0.233..0.36,29336,1.1482955428393384,0.3143918734660485,-0.20392319915228108,-0.06978586210165216,0.10078734861955602,-25.418559320529464,0.0,0.0
dist_low_20 & ret_16,1.46..2.04 & -0.793..-0.331,22441,0.8784053816763565,0.31959360099817297,-0.20487692255513845,-0.06407217323311287,0.09983362521669864,-22.48384834441146,0.0,0.0
atr_pct & ema200_rel,0.551..0.658 & 0.541..1.36,36803,1.4405754316579007,0.3250550226883678,-0.2050472422992484,-0.03803720260070233,0.0996633054725887,-28.419791317843238,0.0,0.0
dist_high_20 & ret_16,1..1.39 & 0.781..1.63,32243,1.2620838965015269,0.3199144000248116,-0.2050927776972435,-0.057608954816957755,0.0996177700745936,-26.854451018574487,0.0,0.0
bb_width_pctile & ret_96,0.751..0.879 & -4.32..-2.24,43795,1.7142624522310073,0.3296495033679644,-0.2051424148025641,-0.04268937053248083,0.099568132969273,-31.426193268309913,0.0,0.0
dist_high_20 & bb_width_pctile,-inf..0.241 & 0.879..inf,21350,0.8357004990325837,0.34173302107728337,-0.20522095089379383,0.004013601014017478,0.09948959687804326,-21.43848527444261,0.07142857142857142,0.0
atr_pct & bb_width_pctile,0.658..0.807 & 0.109..0.233,29420,1.1515835448027454,0.3141060503059143,-0.2053494320581854,-0.06668917302808736,0.0993611157136517,-25.55108543391688,0.0,0.0
atr_pct & ret_16,0.658..0.807 & 0.332..0.781,30605,1.1979678582150926,0.31671295539944455,-0.20570103173513937,-0.0671165442923125,0.09900951603669772,-26.321678009067455,0.0,0.0
dist_high_20 & ret_16,-inf..0.241 & 1.63..inf,63989,2.5047137813862292,0.32211786400787634,-0.20593041562499792,-0.046017283664510716,0.09878013214683917,-37.68987822067074,0.0,0.0
dd_30d & bb_width_pctile,-25.7..-20.5 & 0.751..0.879,37204,1.4562717267451168,0.32354047951833137,-0.20593483949224936,-0.06039343995595962,0.09877570827958773,-29.230556200629902,0.0,0.0
dist_high_20 & dd_30d,1.39..1.96 & -4.52..inf,31467,1.2317090212205297,0.3241808879143229,-0.2060715993066858,-0.03646267369893935,0.09863894846515128,-26.333586509323197,0.07142857142857142,0.0
atr_pct & ret_16,0.658..0.807 & 0.781..1.63,47110,1.844021101144029,0.31666312884737846,-0.20610179254765953,-0.06787589662060635,0.09860875522417756,-32.71726666623495,0.0,0.0
bb_width_pctile & ret_16,0.879..inf & 0.781..1.63,22311,0.8733168072091791,0.3462417641522119,-0.20611250833251377,0.004562540617982081,0.09859803943932333,-22.338490755489666,0.0,0.0
dist_low_20 & ema200_rel,2.04..3.14 & -1.57..-0.716,26662,1.0436274803375525,0.32300652614207487,-0.20615293297977855,-0.06034464151709448,0.09855761479205855,-24.783979678879483,0.07142857142857142,0.0
ret_96 & ret_16,-inf..-4.32 & 0.781..1.63,25800,1.0098863173321153,0.3163953488372093,-0.20620247801441138,-0.0802799177860312,0.09850806975742571,-24.442569174602554,0.07142857142857142,0.0
bb_width_pctile & ret_16,0.49..0.62 & -inf..-1.65,30626,1.1987898587059442,0.31172859661725333,-0.20625238877164728,-0.08194289919747905,0.09845815900018981,-26.440868065820318,0.0,0.0
atr_pct & ret_16,0.658..0.807 & -0.793..-0.331,31933,1.2499496035413347,0.316506435349012,-0.20666558210863495,-0.06815880014256924,0.09804496566320214,-27.022655093580394,0.0,0.0
ret_16 & ema200_rel,1.63..inf & 0.541..1.36,27711,1.084688361999622,0.3213164447331385,-0.2067963978382109,-0.053447078100083215,0.09791414993362618,-25.102918292588033,0.0,0.0
dist_low_20 & ret_96,0.777..1.08 & -inf..-4.32,34136,1.336181369319732,0.3193988750878838,-0.20692029471627488,-0.06755015120822644,0.09779025305556222,-27.981040426134232,0.0,0.0
atr_pct & dd_30d,0.658..0.807 & -33.6..-25.7,57001,2.2311833323351897,0.31720496131646814,-0.20701968718850877,-0.06910707765994997,0.09769086058332832,-36.209286082498835,0.0,0.0
dist_low_20 & ret_16,2.04..3.14 & 1.63..inf,93515,3.66044647152375,0.324247446933647,-0.20721838839989745,-0.04099434073000052,0.09749215937193964,-45.85441301944139,0.0,0.0
ret_96 & ret_16,0.849..2.07 & 1.63..inf,30479,1.1930358552699822,0.32127038288657767,-0.20728865916200337,-0.05346877049556904,0.09742188860983372,-26.383072034103183,0.0,0.0
dist_low_20 & ema200_rel,1.46..2.04 & 2.88..inf,40446,1.583172945380416,0.3157543391188251,-0.20735729381679752,-0.06253078353067548,0.09735325395503958,-30.290856307677114,0.0,0.0
ret_96 & ret_16,4.36..inf & -0.331..0,20827,0.8152287725223242,0.31814471599366206,-0.20752150888322152,-0.05440999077649625,0.09718903888861558,-21.69486614385722,0.0,0.0
atr_pct & ema200_rel,0.551..0.658 & -0.0818..0.541,28467,1.1142803796702838,0.32483226191730774,-0.20752589248030154,-0.040365600321949635,0.09718465529153555,-25.348529884105005,0.14285714285714285,0.0
dist_low_20 & dd_30d,2.04..3.14 & -16.2..-12.2,35768,1.4000625503230657,0.32288637888615523,-0.2075948621875912,-0.05567392545662349,0.09711568558424588,-28.71242403527632,0.0,0.0
dist_low_20 & ret_16,0.288..0.524 & -inf..-1.65,47235,1.8489139612086225,0.3191489361702128,-0.20802799439050265,-0.06951873867771473,0.09668255338133444,-33.172337591946004,0.0,0.0
dd_30d & ret_16,-20.5..-16.2 & -inf..-1.65,37544,1.4695803061208115,0.3227945876837844,-0.2081847332162315,-0.08098891034512687,0.0965258145556056,-30.139308900341355,0.0,0.0
atr_pct & dist_low_20,0.658..0.807 & 1.46..2.04,55988,2.1915315943717233,0.3162999214117311,-0.20866687604733547,-0.07051598538789215,0.09604367172450162,-36.18529179196909,0.0,0.0
atr_pct & dist_low_20,0.658..0.807 & 2.04..3.14,69256,2.7108793330679446,0.3166512648723576,-0.20892270027275478,-0.07126473412926472,0.09578784749908231,-40.33404450770632,0.0,0.0
atr_pct & ret_96,0.658..0.807 & 0.849..2.07,29870,1.1691978410352821,0.3157348510210914,-0.20896939765356626,-0.07056509346947694,0.09574115011827083,-26.494111453240823,0.0,0.0
dist_low_20 & dd_30d,3.14..inf & -20.5..-16.2,30071,1.1770655600191486,0.3150876259519138,-0.2091164679143563,-0.10392516703164778,0.09559407985748078,-27.36016086098277,0.0,0.0
atr_pct & ema200_rel,0.658..0.807 & -0.716..-0.0818,23639,0.9252985525354214,0.31659545666060324,-0.20925415183142548,-0.07074343169263886,0.09545639594041161,-23.603020005425023,0.14285714285714285,0.0
atr_pct & dd_30d,0.658..0.807 & -16.2..-12.2,35688,1.3969311198817258,0.3176978255996413,-0.20951894835824458,-0.07111886002382166,0.09519159941359251,-29.130480378588672,0.0,0.0
atr_pct & bb_width_pctile,0.658..0.807 & 0.36..0.49,42001,1.6440401245839602,0.3142306135568201,-0.20961497837224222,-0.0713584998651613,0.09509556939959488,-31.34326728199677,0.07142857142857142,0.0
atr_pct & dist_high_20,0.658..0.807 & 1.96..3.07,70891,2.7748779427128287,0.3164294480258425,-0.20962082513485158,-0.07188189295737805,0.09508972263698551,-40.96911982391173,0.0,0.0
dist_low_20 & dd_30d,2.04..3.14 & -12.2..-8.28,33776,1.3220899323337025,0.3202273803884415,-0.20980255981734205,-0.05911613344776952,0.09490798795449504,-28.206396778667344,0.0,0.0
dd_30d & ret_16,-16.2..-12.2 & -inf..-1.65,34279,1.341778801233627,0.3225881735173138,-0.2104234422867487,-0.08305509218159816,0.0942871054850884,-29.147973879800823,0.0,0.0
atr_pct & ret_96,0.551..0.658 & 4.36..inf,40047,1.5675549360542333,0.3213224461258022,-0.21053901617392454,-0.04492437596083017,0.09417153159791256,-30.43303715458335,0.0,0.0
atr_pct & dist_high_20,0.807..1.08 & 0.463..0.708,19915,0.7795304654910494,0.30770775797137834,-0.21056080574089162,-0.10063553500960991,0.09414974203094548,-22.024575706251337,0.0,0.0
bb_width_pctile & ema200_rel,0.879..inf & -3.06..-1.57,33624,1.3161402144951566,0.3381513204853676,-0.2106272332760636,-0.05111344223666541,0.09408331449577348,-28.934450583985626,0.0,0.0
atr_pct & ret_96,0.658..0.807 & 2.07..4.36,45973,1.7995156459964858,0.31394514171361454,-0.21066388369029043,-0.07237444166756495,0.09404666408154666,-33.04495227347522,0.0,0.0
dd_30d & bb_width_pctile,-16.2..-12.2 & 0.879..inf,34859,1.3644816719333412,0.32708913049714566,-0.21072015102925015,-0.07342512732762466,0.09399039674258694,-29.55564980463853,0.0,0.0
atr_pct & dd_30d,0.658..0.807 & -20.5..-16.2,38349,1.501090324936794,0.31805262197188977,-0.21084799391399875,-0.07236695407467238,0.09386255385783834,-30.400457203009037,0.0,0.0
ret_96 & ret_16,4.36..inf & -0.793..-0.331,22188,0.8685022329056191,0.31426897422029926,-0.21105768864561775,-0.06812785928672403,0.09365285912621935,-22.884864800559953,0.0,0.0
atr_pct & bb_width_pctile,0.658..0.807 & -inf..0.109,19281,0.7547138792434307,0.3112390436180696,-0.2112320067108182,-0.07220499680844478,0.09347854106101888,-21.27930688157121,0.14285714285714285,0.0
dist_high_20 & ret_16,1.96..3.07 & -0.331..0,18464,0.7227341458612471,0.31141681109185443,-0.2113491287459762,-0.08680051474456409,0.0933614190258609,-21.175231348381473,0.0,0.0
atr_pct & dd_30d,0.461..0.551 & -inf..-33.6,26202,1.0256217552998481,0.3300893061598351,-0.21139790055423163,-0.014120182903784084,0.09331264721760546,-24.395557326214128,0.0,0.0
bb_width_pctile & ret_16,0.62..0.751 & -inf..-1.65,49311,1.9301745811613928,0.31193851270507594,-0.21148530605066723,-0.08716620315455453,0.09322524172116986,-34.55134619740105,0.0,0.0
dd_30d & ema200_rel,-inf..-33.6 & -1.57..-0.716,33588,1.3147310707965536,0.3191020602596165,-0.2116884450804469,-0.056376862321269594,0.09302210269139019,-28.236187064938314,0.07142857142857142,0.0
dist_high_20 & ret_96,1..1.39 & 4.36..inf,40765,1.5956595242652587,0.3114191095302343,-0.21234184538129386,-0.07727529023693482,0.09236870239054323,-31.31852241209336,0.0,0.0
ret_96 & ema200_rel,4.36..inf & 0.541..1.36,12802,0.5011071563754163,0.3160443680674895,-0.21277626482824857,-0.07163159522821837,0.09193428294358852,-17.640205988966592,0.0,0.0
dist_low_20 & bb_width_pctile,2.04..3.14 & 0.49..0.62,52817,2.0674095202531135,0.31544767783100136,-0.21293843908160362,-0.06936326553701695,0.09177210869023347,-35.718742444205205,0.0,0.0
dd_30d & ema200_rel,-16.2..-12.2 & 2.88..inf,29454,1.1529144027403149,0.3120798533306172,-0.21301729833954605,-0.08065769536519111,0.09169324943229104,-26.85966885663704,0.07142857142857142,0.0
ret_96 & ema200_rel,-2.24..-0.984 & -0.0818..0.541,30164,1.1807058479072063,0.3450139238827742,-0.21314297001620858,0.02246637588475298,0.09156757775562852,-26.239162935326863,0.0,0.0
atr_pct & bb_width_pctile,1.08..inf & 0.109..0.233,9644,0.377493939703524,0.2938614682704272,-0.21314727661331223,-0.13529107879491656,0.09156327115852486,-15.592239043871569,0.07142857142857142,0.0
ret_96 & ema200_rel,-0.984..-0.0475 & 0.541..1.36,31873,1.2476010307103298,0.34668841966554764,-0.21324097235601996,0.029936460602112525,0.09146957541581713,-26.946152709499597,0.0,0.0
dd_30d & bb_width_pctile,-inf..-33.6 & -inf..0.109,36404,1.4249574223317178,0.324772003076585,-0.213391954129005,-0.029572847634655466,0.0913185936428321,-29.171499827012116,0.0,0.0
dist_low_20 & ret_16,2.04..3.14 & 0.332..0.781,33112,1.2960990596705813,0.31493114278811307,-0.21358901273908265,-0.07617026525313741,0.09112153503275444,-28.55093570766505,0.0,0.0
dist_high_20 & ema200_rel,0.241..0.463 & 2.88..inf,33212,1.3000133477222562,0.3169035288449958,-0.21369406128296609,-0.057797610126656795,0.091016486488871,-28.18930138184569,0.0,0.0
dist_low_20 & ema200_rel,0.777..1.08 & -inf..-3.06,35118,1.374619677987179,0.31522296258329063,-0.21370033048660156,-0.0818085213170086,0.09101021728523553,-29.505686720806867,0.0,0.0
dist_high_20 & ret_16,1.39..1.96 & 0.332..0.781,20876,0.8171467736676449,0.3155297949798812,-0.21397864118727655,-0.0745411940873961,0.09073190658456054,-22.70383975089267,0.0,0.0
dist_high_20 & ret_96,3.07..inf & -2.24..-0.984,23679,0.9268642677560913,0.31525824570294353,-0.21402110308588415,-0.10076034788060977,0.09068944468595294,-24.805852856770255,0.0,0.0
bb_width_pctile & ema200_rel,0.879..inf & -1.57..-0.716,19296,0.755301022451182,0.3451492537313433,-0.21414946004273383,-0.029037770799194104,0.09056108772910326,-22.057116424032976,0.07142857142857142,0.0
dist_low_20 & ret_96,0.524..0.777 & -inf..-4.32,30146,1.1800012760579048,0.31821800570556624,-0.21425335207154605,-0.06873512598851404,0.09045719570029104,-27.186333523282045,0.0,0.0
dist_low_20 & ret_96,2.04..3.14 & 4.36..inf,63350,2.479701480736027,0.30923441199684293,-0.21435200609225685,-0.08645984494663146,0.09035854167958024,-39.57477455063939,0.0,0.0
dist_high_20 & bb_width_pctile,1.96..3.07 & 0.109..0.233,18008,0.7048849923456098,0.30786317192358953,-0.21456418173877806,-0.08577459521673303,0.09014636603305903,-20.994368091632186,0.0,0.0
dist_low_20 & ema200_rel,0.524..0.777 & 2.88..inf,11824,0.46282541923003606,0.3183355886332882,-0.214759129503526,-0.05808252992878647,0.0899514182683111,-16.967534768300077,0.0,0.0
bb_width_pctile & ret_16,0.36..0.49 & -inf..-1.65,18442,0.7218730024898786,0.30707081661425006,-0.21488093672944894,-0.09260295895395917,0.08982961104238815,-21.397442373345083,0.0,0.0
atr_pct & ema200_rel,0.551..0.658 & 1.36..2.88,52050,2.0373869308967674,0.32007684918347745,-0.2151413015167003,-0.04854161278347471,0.08956924625513679,-35.504882459050286,0.0,0.0
atr_pct & bb_width_pctile,0.551..0.658 & -inf..0.109,29325,1.1478649711536542,0.3190110826939471,-0.21517521913034943,-0.047899278490154705,0.08953532864148767,-26.531580327358594,0.0,0.0
dd_30d & ret_16,-16.2..-12.2 & 1.63..inf,32115,1.257073607795383,0.3137474700295812,-0.21530205222699322,-0.07703002922744198,0.08940849554484387,-28.371305972862682,0.07142857142857142,0.0
ret_16 & ema200_rel,0..0.332 & -inf..-3.06,14591,0.5711337696198796,0.31827839078884246,-0.21534342091256597,-0.0764008081181762,0.08936712685927112,-19.15860381974721,0.0,0.0
atr_pct & bb_width_pctile,0.658..0.807 & 0.62..0.751,49754,1.9475148772303124,0.3141254974474414,-0.21566817653098358,-0.07791449229170794,0.08904237124085351,-35.36988671005009,0.0,0.0
dist_low_20 & ret_96,2.04..3.14 & 2.07..4.36,55394,2.168280723344775,0.3196916633570423,-0.21576263691088424,-0.05379975714005408,0.08894791086095286,-36.89543214676551,0.0,0.0
dist_low_20 & ret_16,1.08..1.46 & -1.65..-0.793,34136,1.336181369319732,0.31810991328802435,-0.21577243355757827,-0.06892122123324945,0.08893811421425882,-29.270197475713797,0.0,0.0
bb_width_pctile & ema200_rel,0.36..0.49 & 2.88..inf,30667,1.200394716807131,0.3091922913881371,-0.21581103388232076,-0.0803358797414282,0.08889951388951634,-27.508316274090365,0.0,0.0
atr_pct & dist_high_20,0.551..0.658 & 1..1.39,51190,2.0037240536523635,0.3213713615940613,-0.2161306772165678,-0.049421114708109656,0.08857987055526928,-35.48864572479958,0.0,0.0
atr_pct & ret_96,0.658..0.807 & -4.32..-2.24,53058,2.07684295445765,0.31623883297523464,-0.2161878870990153,-0.07793713547826411,0.0885226606728218,-36.74942145301,0.0,0.0
ret_16 & ema200_rel,0.781..1.63 & 2.88..inf,52402,2.051165224838663,0.3122399908400443,-0.21619968668985312,-0.07164493359749405,0.08851086108198397,-36.009564430107886,0.0,0.0
dd_30d & ret_96,-16.2..-12.2 & -inf..-4.32,34501,1.3504685207083453,0.3208892495869685,-0.21625764404363704,-0.07811460983405735,0.08845290372820006,-29.759089551114133,0.07142857142857142,0.0
ret_16 & ema200_rel,0..0.332 & 2.88..inf,18177,0.7115001391529402,0.31374814325796335,-0.21651141860957518,-0.06691992197397055,0.08819912916226191,-21.204148285544303,0.0,0.0
ret_96 & ret_16,-inf..-4.32 & -0.793..-0.331,29571,1.1574941197607744,0.31865679212742215,-0.21651499857748333,-0.0697275105830329,0.08819554919435377,-27.30034115550102,0.0,0.0
dist_high_20 & ema200_rel,1..1.39 & 1.36..2.88,41815,1.6367595488078448,0.3236398421619036,-0.21658496464375732,-0.03845039806090818,0.08812558312807978,-31.923245831623817,0.0,0.0
bb_width_pctile & ema200_rel,0.49..0.62 & 2.88..inf,36277,1.4199862765060909,0.3077707638448604,-0.2165980313284583,-0.08741308085534287,0.08811251644337878,-30.189577038518262,0.0,0.0
dist_high_20 & ret_96,3.07..inf & -0.0475..0.849,12858,0.5032991576843542,0.310701508788303,-0.21679084995139622,-0.11035008634229168,0.08791969782044087,-18.534033637131134,0.0,0.0
dist_high_20 & bb_width_pctile,1.96..3.07 & 0.36..0.49,41274,1.6155832504482839,0.3119397199205311,-0.21717703885420708,-0.07902057831068171,0.08753350891763001,-32.22072344832698,0.0,0.0
dist_high_20 & ret_96,3.07..inf & -0.984..-0.0475,14768,0.578062059471344,0.31168743228602386,-0.21734578968545992,-0.10806736697312463,0.08736475808637717,-19.91631008617962,0.0,0.0
atr_pct & bb_width_pctile,0.807..1.08 & 0.109..0.233,21004,0.8221570623737887,0.30179965720815083,-0.21738436542503456,-0.10739371567036538,0.08732618234680253,-23.217527173709982,0.0,0.0
dist_low_20 & ret_96,2.04..3.14 & -4.32..-2.24,37673,1.474629737707472,0.3175749210309771,-0.2176468599130126,-0.08125875542866905,0.08706368785882448,-31.336234621345483,0.07142857142857142,0.0
ret_16 & ema200_rel,0.332..0.781 & 2.88..inf,28394,1.1114229493925611,0.31390434598858913,-0.21774192374010115,-0.06810514947530724,0.08696862403173594,-26.648137819431106,0.0,0.0
atr_pct & ema200_rel,0.658..0.807 & -1.57..-0.716,31906,1.2488927457673824,0.3144549614492572,-0.21783153477300513,-0.07924727207337527,0.08687901299883197,-28.64382631370635,0.07142857142857142,0.0
bb_width_pctile & ret_96,0.751..0.879 & 2.07..4.36,42507,1.663846422125435,0.32472298680217376,-0.21790008802126212,-0.044591006842720896,0.08681045975057497,-32.68118491597833,0.0,0.0
dist_high_20 & dd_30d,1.96..3.07 & -8.28..-4.52,31182,1.2205533002732565,0.31951125649413126,-0.2182476519925375,-0.06882347764107115,0.08646289577929958,-28.28734413461439,0.07142857142857142,0.0
dist_low_20 & dd_30d,2.04..3.14 & -33.6..-25.7,48947,1.9159265726532961,0.313747522830817,-0.21854617622066497,-0.0846592429926809,0.08616437155117213,-35.71246870666711,0.0,0.0
atr_pct & dist_high_20,0.551..0.658 & 0.463..0.708,36164,1.4155631310076981,0.321065147660657,-0.21856459525704594,-0.051669840638968074,0.08614595251479115,-30.173283132010916,0.0,0.0
dist_high_20 & ret_96,1.96..3.07 & 2.07..4.36,34194,1.3384516563897033,0.31104872199801137,-0.21917300430800477,-0.08442606694636542,0.08553754346383233,-29.84594442642131,0.0,0.0
ret_16 & ema200_rel,-inf..-1.65 & -0.716..-0.0818,17177,0.6723572586361916,0.3176922629097048,-0.21921551113992893,-0.08171500872609133,0.08549503663190816,-21.24408464214715,0.0,0.0
atr_pct & bb_width_pctile,0.658..0.807 & 0.233..0.36,36721,1.4373657154555273,0.3111298711908717,-0.21937950335375667,-0.08091412653721192,0.08533104441808043,-30.766443476889993,0.0,0.0
atr_pct & dd_30d,0.551..0.658 & -8.28..-4.52,31076,1.2164041549384812,0.3221457072982366,-0.219793081009378,-0.05297465411777897,0.08491746676245909,-28.233928290690123,0.0,0.0
atr_pct & bb_width_pctile,0.551..0.658 & 0.751..0.879,41807,1.636446405763711,0.32257755878202216,-0.21982048713935506,-0.05396218687824858,0.08489006063248203,-32.890534623629314,0.0,0.0
bb_width_pctile & ema200_rel,0.36..0.49 & -inf..-3.06,29790,1.1660664105939422,0.3102719033232628,-0.21995709030392027,-0.08987633097975824,0.08475345746791682,-27.901811124859456,0.0,0.0
dist_low_20 & ema200_rel,0.288..0.524 & 2.88..inf,8034,0.3144739020715587,0.31578292257903906,-0.220218203752654,-0.06586470583064534,0.0844923440191831,-14.366436363838679,0.0,0.0
ret_16 & ema200_rel,-0.331..0 & -inf..-3.06,19810,0.7754204630367908,0.3165572942958102,-0.22034063103920076,-0.07786283067002354,0.08436991673263633,-22.815096948074885,0.0,0.0
atr_pct & ret_96,0.658..0.807 & -inf..-4.32,54202,2.1216224097688103,0.31371536105678755,-0.22109164832445088,-0.08396890705302894,0.08361889944738621,-37.98558706402095,0.07142857142857142,0.0
atr_pct & dist_high_20,0.551..0.658 & 0.708..1,44034,1.72361760067451,0.31850388336285596,-0.22131220287049333,-0.05436118641949405,0.08339834490134376,-33.721884237367,0.0,0.0
dist_high_20 & ret_16,1.39..1.96 & 0..0.332,19958,0.7812136093532696,0.315562681631426,-0.22132298072240797,-0.07102706165781082,0.08338756704942912,-22.86631235777789,0.0,0.0
ret_96 & ema200_rel,-4.32..-2.24 & -0.716..-0.0818,23818,0.9323051281479193,0.32924678814342095,-0.22153032085183544,-0.029349939788908583,0.08318022692000165,-24.587764857808303,0.0,0.0
dist_low_20 & ret_16,0.524..0.777 & -inf..-1.65,42681,1.6706572833353492,0.31255125231367586,-0.22158469928131885,-0.09188355979684293,0.08312584849051824,-33.920744624691025,0.0,0.0
dist_low_20 & bb_width_pctile,2.04..3.14 & 0.36..0.49,40411,1.5818029445623298,0.3104352775234466,-0.22166663796141686,-0.08211077608837579,0.08304390981042023,-32.57522234802698,0.0,0.0
atr_pct & ret_96,0.551..0.658 & -0.984..-0.0475,30725,1.2026650038771023,0.32026037428803905,-0.22182931600869846,-0.0547919501043767,0.08288123176313864,-28.31070667521198,0.0,0.0
dist_high_20 & bb_width_pctile,1.39..1.96 & 0.751..0.879,41879,1.6392646931609167,0.3269419040569259,-0.2218788647420508,-0.04933180382513155,0.0828316830297863,-33.25235973134036,0.0,0.0
dd_30d & ema200_rel,-12.2..-8.28 & -inf..-3.06,15301,0.5989252147867711,0.3227240049669956,-0.22190463792877332,-0.07571661898821028,0.08280590984306377,-20.60264592957098,0.0,0.0
dd_30d & ret_96,-33.6..-25.7 & 4.36..inf,38338,1.50065975325111,0.30784078460013564,-0.22197472584434177,-0.09740430188552304,0.08273582192749532,-32.13531771278597,0.07142857142857142,0.0
ret_96 & ret_16,0.849..2.07 & -inf..-1.65,16204,0.6342712358933952,0.31115773882991854,-0.22208750886584325,-0.09534195792788723,0.08262303890599385,-21.029242515454822,0.0,0.0
dist_high_20 & ret_16,1.39..1.96 & -0.331..0,32810,1.2842779097545232,0.3184395001523926,-0.22218081167920495,-0.06059935093937357,0.08252973609263214,-29.322872862533377,0.0,0.0
atr_pct & bb_width_pctile,0.658..0.807 & 0.49..0.62,46752,1.830007949919033,0.31063911704312114,-0.22251329659814137,-0.08445700335866908,0.08219725117369572,-35.3563468958085,0.0,0.0
dist_low_20 & dist_high_20,1.08..1.46 & 1.39..1.96,36684,1.4359174288764076,0.31738632646385345,-0.2226847835660468,-0.0668331749639369,0.0820257642057903,-31.232890367238582,0.0,0.0
dist_low_20 & ema200_rel,0.777..1.08 & 2.88..inf,17601,0.688953839975293,0.3159479575024146,-0.2227241285604319,-0.06758460885044673,0.0819864192114052,-21.507284054198934,0.0,0.0
atr_pct & ret_16,0.551..0.658 & -0.331..0,32754,1.2820859084455853,0.3192892471148562,-0.22327139198236026,-0.056313329315256296,0.08143915578947683,-29.38503282141574,0.0,0.0
dist_low_20 & ema200_rel,2.04..3.14 & -0.716..-0.0818,22189,0.8685413757861358,0.3186263463878498,-0.22331624978562636,-0.06919991218408232,0.08139429798621073,-24.44089028676082,0.0,0.0
atr_pct & dist_high_20,0.658..0.807 & 3.07..inf,40511,1.5857172326140045,0.31586482683715533,-0.2234524968048076,-0.08735702055771963,0.08125805096702948,-33.493033962481796,0.0,0.0
atr_pct & ret_96,0.551..0.658 & -0.0475..0.849,29008,1.135456678029845,0.3189464975179261,-0.2237834363992469,-0.05680438230626611,0.0809271113725902,-27.728034018857166,0.0,0.0
atr_pct & ret_16,0.551..0.658 & 0..0.332,27390,1.0721234973537455,0.3190580503833516,-0.22429188431147473,-0.05729994389230959,0.08041866346036236,-26.99450119900973,0.0,0.0
ret_96 & ema200_rel,-0.0475..0.849 & 1.36..2.88,25347,0.9921545924580281,0.32528504359490273,-0.22432917458710372,-0.03334560402078706,0.08038137318473337,-25.638384309832215,0.0,0.0
dist_low_20 & ret_96,0.524..0.777 & 4.36..inf,16873,0.6604578229591,0.3167782848337581,-0.22453412445731885,-0.06197729772962294,0.08017642331451824,-21.19338158978589,0.0,0.0
dist_low_20 & ret_96,1.08..1.46 & 4.36..inf,29642,1.1602732642774636,0.31198974428176235,-0.22469056058555317,-0.07494084734882153,0.08001998718628392,-28.200350187380735,0.0,0.0
dist_high_20 & ret_96,1..1.39 & -inf..-4.32,28895,1.1310335325314522,0.3145180827132722,-0.22474236057213678,-0.07902006976297601,0.07996818719970031,-28.07644282097153,0.0,0.0
dist_low_20 & ret_96,-inf..0.288 & 4.36..inf,10060,0.39377737799849144,0.31779324055666003,-0.22487628091479625,-0.06464735398227191,0.07983426685704084,-16.425883449087866,0.0,0.0
atr_pct & dist_low_20,0.658..0.807 & 0.777..1.08,35031,1.371214247382222,0.31112443264537126,-0.22487676921694782,-0.08631981599442567,0.07983377855488927,-31.00638563383548,0.07142857142857142,0.0
dist_low_20 & bb_width_pctile,0.288..0.524 & 0.879..inf,17297,0.6770544042982014,0.33086662427010466,-0.22532341402352069,-0.047948270118224945,0.07938713374831641,-21.796452106189548,0.07142857142857142,0.0
dd_30d & ema200_rel,-33.6..-25.7 & 1.36..2.88,33496,1.3111299257890128,0.3179782660616193,-0.22559395400675802,-0.061325667384140845,0.07911659376507907,-30.049358517415275,0.14285714285714285,0.0
dist_low_20 & dist_high_20,2.04..3.14 & 0.463..0.708,41439,1.6220418257335474,0.31675474794275926,-0.22572415731588932,-0.06471510247903141,0.07898639045594777,-33.52259443148267,0.0,0.0
dist_high_20 & ema200_rel,1.96..3.07 & -0.0818..0.541,21601,0.8455253620422876,0.3158187120966622,-0.22586657902821292,-0.0754947786886024,0.07884396874362418,-24.4378003340087,0.0,0.0
dist_low_20 & ret_96,0.777..1.08 & 4.36..inf,22367,0.8755088085181171,0.31533062100415793,-0.2260871567077771,-0.06792978997824402,0.07862339106406,-24.597267961845972,0.0,0.0
dist_low_20 & ret_16,1.46..2.04 & -0.331..0,24614,0.9634628610392513,0.3146583245307549,-0.22630104325585174,-0.0739428161051736,0.07840950451598536,-26.039329993180964,0.0,0.0
bb_width_pctile & ret_16,0.233..0.36 & -inf..-1.65,10038,0.39291623462712294,0.30135485156405656,-0.22630109198015513,-0.1071684629139057,0.07840945579168196,-16.67674628532753,0.0,0.0
dist_high_20 & ret_96,0.708..1 & 4.36..inf,36571,1.4314942833780149,0.309863006207104,-0.2263927448213273,-0.08099550338393567,0.0783178029505098,-31.616217082660242,0.0,0.0
bb_width_pctile & ema200_rel,0.751..0.879 & -3.06..-1.57,43737,1.7119921651610357,0.3244392619521229,-0.22646656627428993,-0.060680455239235195,0.07824398149754716,-34.91514039592493,0.0,0.0
dd_30d & ema200_rel,-33.6..-25.7 & 2.88..inf,31082,1.2166390122215816,0.30403448941509553,-0.2271584803394764,-0.10732182844204831,0.0775520674323607,-29.711414848833666,0.0,0.0
dd_30d & bb_width_pctile,-8.28..-4.52 & 0.751..0.879,42034,1.6453318396410128,0.33289717847456823,-0.22722472433459032,-0.02313943637541887,0.07748582343724678,-33.6700853179459,0.07142857142857142,0.0
atr_pct & dist_low_20,0.461..0.551 & 3.14..inf,8088,0.3165876176194631,0.32925321463897134,-0.22759705534171842,-0.03252251895628486,0.07711349243011867,-14.814603827324948,0.07142857142857142,0.0
ret_96 & ret_16,-4.32..-2.24 & -inf..-1.65,61677,2.4142154416315065,0.31708740697504745,-0.22760535033341425,-0.08736259645718346,0.07710519743842284,-42.0919195036669,0.0,0.0
atr_pct & dist_low_20,0.658..0.807 & 0.524..0.777,28002,1.0960789402299957,0.3099064352546247,-0.22772378321407677,-0.08926846974973741,0.07698676455776032,-28.074023215431392,0.0,0.0
ret_16 & ema200_rel,1.63..inf & -0.0818..0.541,17289,0.6767412612540674,0.31199028283879926,-0.227873540941554,-0.08386303656502198,0.0768370068302831,-22.12616867883412,0.0,0.0
ret_96 & ema200_rel,-inf..-4.32 & -3.06..-1.57,58017,2.2709524989402063,0.31692434975955325,-0.22856471418151142,-0.07333196522253663,0.07614583359032567,-40.34877107496147,0.0,0.0
dd_30d & ret_96,-20.5..-16.2 & 4.36..inf,28918,1.1319338187833374,0.3073172418562833,-0.2286069382396498,-0.09343576421302668,0.07610360953218728,-28.727512202272436,0.0,0.0
bb_width_pctile & ret_96,0.879..inf & 0.849..2.07,22519,0.8814585263566629,0.3311869976464319,-0.22861376878351228,-0.03825739751720666,0.07609677898832481,-25.222231503254914,0.0,0.0
atr_pct & ret_16,0.658..0.807 & -inf..-1.65,54970,2.1516841420056734,0.31346188830271055,-0.2286371379177794,-0.09159331714073382,0.0760734098540577,-39.8363025176073,0.0,0.0
dist_high_20 & dd_30d,1.96..3.07 & -20.5..-16.2,38251,1.4972543226461528,0.3162008836370291,-0.2287105288212256,-0.07802330258766828,0.07600001895061148,-33.00195274668203,0.0,0.0
dist_low_20 & ret_96,2.04..3.14 & -0.0475..0.849,24152,0.9453788502405134,0.3166197416363034,-0.22880640247393735,-0.06795771660466715,0.07590414529789974,-26.053210181079734,0.0,0.0
bb_width_pctile & ret_96,0.36..0.49 & -inf..-4.32,32273,1.2632581829170293,0.30892696681436493,-0.22896522499589766,-0.09362229539541818,0.07574532277593943,-30.242404986277837,0.07142857142857142,0.0
bb_width_pctile & ret_96,0.879..inf & -0.984..-0.0475,16136,0.6316095200182562,0.3399231531978185,-0.22900680182623318,-0.036797523856303235,0.07570374594560392,-21.632459578644283,0.0,0.0
bb_width_pctile & ema200_rel,0.751..0.879 & 1.36..2.88,44564,1.744363327348387,0.3227268647338659,-0.2291626003212017,-0.046951583767550244,0.0755479474506354,-35.15439551638622,0.0,0.0
atr_pct & bb_width_pctile,0.373..0.461 & 0.879..inf,14868,0.581976347523019,0.3455071294054345,-0.2292488759533857,0.010360684429312032,0.0754616718184514,-20.2874666311832,0.0,0.0
atr_pct & dist_low_20,0.551..0.658 & 1.08..1.46,50852,1.9904937600377024,0.31817824274364825,-0.22926722243597963,-0.06254916130760964,0.07544332533585746,-37.725020724520476,0.0,0.0
atr_pct & ret_16,0.373..0.461 & 1.63..inf,14190,0.5554374745326633,0.3377026074700493,-0.22957540586235647,0.007859329931148627,0.07513514190948062,-19.472813598437035,0.0,0.0
dist_high_20 & dd_30d,1.96..3.07 & -33.6..-25.7,51410,2.012335487366048,0.3099591519159697,-0.2297299739230391,-0.09416527909495045,0.074980573848798,-38.502624621877786,0.0,0.0
bb_width_pctile & ret_16,0.36..0.49 & 1.63..inf,18416,0.7208552875964431,0.3030516941789748,-0.23019073017656236,-0.09970547321475816,0.07451981759527473,-22.90952199165431,0.0,0.0
dist_low_20 & ret_96,1.46..2.04 & -2.24..-0.984,36072,1.4119619860001573,0.3240463517409625,-0.23025395437841287,-0.04900221634623548,0.07445659339342423,-31.895808068890386,0.0,0.0
bb_width_pctile & ret_16,0.233..0.36 & 1.63..inf,9822,0.38446137243550527,0.3011606597434331,-0.23048399047786575,-0.10451680969406679,0.07422655729397135,-16.78337798387945,0.0,0.0
atr_pct & bb_width_pctile,0.551..0.658 & 0.109..0.233,39075,1.5295080561919536,0.3143698016634677,-0.23077317511704612,-0.06381988351427616,0.07393737265479097,-33.07623618431601,0.0,0.0
bb_width_pctile & ema200_rel,0.233..0.36 & -inf..-3.06,24364,0.9536771409100642,0.30787227056312594,-0.2307949437041559,-0.09383372011290628,0.07391560406768119,-26.492946652753727,0.0,0.0
dist_high_20 & bb_width_pctile,1.96..3.07 & 0.49..0.62,51842,2.0292452117492834,0.30945951159291696,-0.23103463785302109,-0.08964625670697632,0.07367590991881601,-38.64745380808957,0.0,0.0
ret_96 & ema200_rel,-2.24..-0.984 & -inf..-3.06,12923,0.5058434449179429,0.30751373520080477,-0.23118070639271607,-0.10607536383318948,0.07352984137912102,-19.59604487746457,0.0,0.0
bb_width_pctile & ret_96,0.49..0.62 & 4.36..inf,37905,1.4837108859873576,0.30357472628940774,-0.23118952873406148,-0.10027239768952641,0.07352101903777561,-33.096586267328085,0.0,0.0
dist_high_20 & ret_96,1.39..1.96 & 2.07..4.36,40939,1.602470385475173,0.31529837074672074,-0.23119109454707984,-0.06826935186339056,0.07351945322475725,-34.11061860094931,0.0,0.0
ret_96 & ema200_rel,-4.32..-2.24 & -inf..-3.06,59276,2.320233385510793,0.31435994331601325,-0.2312347908467263,-0.09370359063840433,0.0734757569251108,-41.92879444410885,0.0,0.0
ret_16 & ema200_rel,-1.65..-0.793 & 0.541..1.36,26881,1.0521997711707205,0.3222722368959488,-0.23163364477601253,-0.045372548282076396,0.07307690299582456,-27.465416064686234,0.07142857142857142,0.0
ret_96 & ema200_rel,4.36..inf & 1.36..2.88,55225,2.161665576537444,0.31330013580805793,-0.23166381471859515,-0.07562528826069109,0.07304673305324194,-39.8148126702275,0.0,0.0
atr_pct & ema200_rel,0.461..0.551 & 2.88..inf,25990,1.0173234646302975,0.3243939976914198,-0.23181027211543972,-0.03478535017938848,0.07290027565639737,-26.845194956699157,0.07142857142857142,0.16666666666666666
dist_low_20 & dist_high_20,1.46..2.04 & 1..1.39,36930,1.4455465774835277,0.31291632818846465,-0.23198450054257974,-0.07607985826401228,0.07272604722925735,-32.6750605355298,0.0,0.0
dist_high_20 & ema200_rel,1..1.39 & -inf..-3.06,24497,0.9588831440187917,0.31236477936073803,-0.23199913445506165,-0.09012226073198884,0.07271141331677544,-26.867797883344146,0.0,0.0
dist_high_20 & bb_width_pctile,1.39..1.96 & 0.109..0.233,34994,1.3697659608031023,0.3147968223123964,-0.2320104974892356,-0.06338766538265488,0.07270005028260149,-31.418623059511784,0.0,0.0
ret_16 & ema200_rel,0.332..0.781 & -inf..-3.06,17167,0.6719658298310242,0.310362905574649,-0.23260589057394185,-0.10156259632165937,0.07210465719789524,-22.67001677013695,0.0,0.0
bb_width_pctile & ret_16,0.751..0.879 & -0.331..0,12150,0.4755859982784961,0.3283127572016461,-0.23297930646207593,-0.0397527507324437,0.07173124130976116,-18.786639704782765,0.0,0.0
dist_low_20 & ret_16,2.04..3.14 & 0.781..1.63,98976,3.8742057420257145,0.3123585515680569,-0.23331982200247692,-0.07932938196782673,0.07139072576936017,-53.800227565889955,0.0,0.0
dist_low_20 & dd_30d,2.04..3.14 & -8.28..-4.52,31186,1.2207098717953235,0.3121593022510101,-0.23348203838096301,-0.08492992697383887,0.07122850939087408,-30.357468299729295,0.0,0.0
atr_pct & dist_high_20,0.551..0.658 & 1.39..1.96,58715,2.298274229540897,0.31612024184620624,-0.2335621063658081,-0.06723836095475325,0.071148441406029,-41.30514374560702,0.0,0.0
ret_16 & ema200_rel,-0.793..-0.331 & 1.36..2.88,29287,1.1463775416940178,0.3234199474169427,-0.23359003437293088,-0.037634629601563704,0.07112051339890621,-28.75641986946167,0.0,0.0
ret_96 & ret_16,-inf..-4.32 & 0..0.332,17858,0.6990135602680975,0.3148168887893381,-0.23377126581463029,-0.08208437002123896,0.0709392819572068,-22.96147383969721,0.0,0.0
dist_high_20 & bb_width_pctile,1.39..1.96 & -inf..0.109,18781,0.7351424389850564,0.3099941430168788,-0.23404848005822065,-0.07394027313327381,0.07066206771361644,-23.260529000487182,0.07142857142857142,0.0
dist_high_20 & bb_width_pctile,1.96..3.07 & -inf..0.109,7433,0.2909490308809927,0.29812996098479755,-0.2341534797856271,-0.11102618930706219,0.07055706798621,-14.829823458280586,0.14285714285714285,0.0
dd_30d & ema200_rel,-33.6..-25.7 & 0.541..1.36,29407,1.1510746873560276,0.3219981637025198,-0.23418359169859657,-0.04545907220643421,0.07052695607324053,-28.99930314935213,0.0,0.0
ret_96 & ret_16,4.36..inf & 0.781..1.63,48607,1.9026179932776017,0.306272759067624,-0.2342509308771198,-0.09071592176591854,0.0704596168947173,-37.85496913712413,0.0,0.0
atr_pct & ema200_rel,0.461..0.551 & 0.541..1.36,43857,1.7166893108230457,0.32485122101374925,-0.23457984163959952,-0.03550582758697701,0.07013070613223757,-35.39591237040334,0.0,0.0
atr_pct & ret_16,0.551..0.658 & -0.793..-0.331,39124,1.5314260573372742,0.3151773847254882,-0.23466006990815957,-0.06780488329493022,0.07005047786367752,-33.8721052390156,0.0,0.0
bb_width_pctile & ret_96,0.109..0.233 & 4.36..inf,22877,0.8954716775816589,0.3093937142107794,-0.23513178590016895,-0.07636850991079655,0.06957876187166814,-25.827656722045667,0.0,0.0
atr_pct & dist_low_20,0.551..0.658 & -inf..0.288,24996,0.9784154413966493,0.3144103056489038,-0.23524000437550696,-0.06832995636272235,0.06947054339633013,-27.062367442645574,0.07142857142857142,0.0
ret_96 & ret_16,-inf..-4.32 & -0.331..0,22622,0.885490243049888,0.3134117231014057,-0.23531742320647084,-0.0835527631379446,0.06939312456536625,-25.99559971341012,0.0,0.0
dist_low_20 & dist_high_20,0.777..1.08 & 1.96..3.07,39566,1.548727210525677,0.31089824596876103,-0.23535843265998846,-0.08954566311184385,0.06935211511184863,-34.56782269554989,0.0,0.0
atr_pct & ret_16,0.461..0.551 & 1.63..inf,27059,1.0591672039027018,0.32436527587863556,-0.23595095215873316,-0.0388919327212145,0.06875959561310394,-28.00864637202412,0.0,0.0
bb_width_pctile & ret_16,0.879..inf & -1.65..-0.793,25031,0.9797854422147355,0.3375813990651592,-0.23603797972560606,-0.03564455359593178,0.06867256804623104,-27.536924394476014,0.07142857142857142,0.0
dist_low_20 & dd_30d,1.46..2.04 & -4.52..inf,32501,1.2721827596748478,0.32432848220054766,-0.23614033784082736,-0.0372893431827025,0.06857020993100973,-30.642768351858606,0.0,0.0
atr_pct & ema200_rel,0.658..0.807 & -3.06..-1.57,52888,2.0701886647698027,0.3095409166540614,-0.23621571420721074,-0.09794790008220332,0.06849483356462635,-40.32888352172239,0.0,0.0
dd_30d & bb_width_pctile,-12.2..-8.28 & 0.751..0.879,39692,1.5536592134707874,0.32580872719943565,-0.23623651442391466,-0.046505066714681985,0.06847403334792243,-34.386815226305266,0.0,0.0
atr_pct & ema200_rel,0.461..0.551 & -0.0818..0.541,35809,1.4016674084242524,0.32396883465050685,-0.23639007558586703,-0.03720344925085457,0.06832047218597007,-32.27164291034295,0.0,0.0
dist_low_20 & ema200_rel,2.04..3.14 & -3.06..-1.57,35048,1.3718796763510068,0.30854827664916684,-0.23700410842204409,-0.10438938239690902,0.06770643934979301,-33.14243951575378,0.07142857142857142,0.0
dist_low_20 & bb_width_pctile,0.524..0.777 & 0.879..inf,18206,0.712635282687926,0.32494781940019773,-0.23702825664395413,-0.06931135978914897,0.06768229112788296,-23.82779928315491,0.0,0.0
dist_high_20 & ret_16,1.96..3.07 & -1.65..-0.793,109945,4.303563998413931,0.31169220974123424,-0.2370765088472358,-0.08543770895377682,0.06763403892460129,-57.82928497613159,0.0,0.0
atr_pct & ret_96,0.551..0.658 & 2.07..4.36,51252,2.0061509122444017,0.312631702177476,-0.23713579615389171,-0.07061937061711328,0.06757475161794538,-39.09808859311039,0.0,0.0
dd_30d & ret_16,-20.5..-16.2 & 1.63..inf,32723,1.280872479149566,0.30791797818048466,-0.2371781345074555,-0.10083865450897056,0.06753241326438159,-31.888760199172488,0.0,0.0
ret_96 & ret_16,4.36..inf & 0..0.332,20083,0.7861064694178632,0.31056117113976994,-0.23731796632943924,-0.0787662091730633,0.06739258144239785,-24.537395228114878,0.0,0.0
dist_low_20 & bb_width_pctile,1.08..1.46 & 0.751..0.879,33316,1.3040842072959982,0.3287609556969624,-0.2373418701001473,-0.03962579564191072,0.0673686776716898,-31.54747814798589,0.0,0.0
dist_low_20 & ema200_rel,1.08..1.46 & 2.88..inf,25753,1.008046601947828,0.3081194423950608,-0.23736124589225702,-0.08683339994240553,0.06734930187958008,-27.85990632323218,0.0,0.0
dist_high_20 & bb_width_pctile,1..1.39 & 0.751..0.879,31623,1.2378153105811427,0.32700882269234416,-0.23751109999570133,-0.04426997328315881,0.06719944777613576,-30.787931870467965,0.07142857142857142,0.0
dist_high_20 & ret_96,-inf..0.241 & 4.36..inf,30169,1.18090156230979,0.3102853922900991,-0.2375287377735385,-0.07640980473544608,0.06718180999829859,-29.991018803788613,0.0,0.0
dist_high_20 & ret_16,1..1.39 & 0.332..0.781,30620,1.1985550014228437,0.3144023514043109,-0.23780883359976115,-0.07054169167237853,0.06690171417207594,-30.40106480974594,0.0,0.0
dist_low_20 & dd_30d,1.46..2.04 & -8.28..-4.52,35253,1.3799039668569402,0.3231214364734916,-0.23790028087757661,-0.050176675870282794,0.06681026689426048,-32.498329547578,0.0,0.0
dist_low_20 & dd_30d,1.46..2.04 & -33.6..-25.7,46260,1.8107496527047926,0.31279723303069606,-0.23847359499449305,-0.08403672144900273,0.06623695277734404,-37.75455324558332,0.0,0.0
ret_16 & ema200_rel,-inf..-1.65 & -1.57..-0.716,29850,1.1684149834249473,0.314606365159129,-0.2385538377006113,-0.09190475732711581,0.06615671007122578,-30.67151257970806,0.0,0.0
atr_pct & ema200_rel,0.658..0.807 & -inf..-3.06,56367,2.2063667460875713,0.30890414604289745,-0.23872324731805553,-0.10177328796053545,0.06598730045378157,-42.168135161759764,0.0,0.0
dist_high_20 & dd_30d,1.39..1.96 & -33.6..-25.7,46791,1.8315345222591861,0.31258147934431835,-0.23887157802988201,-0.08098132044107592,0.06583896974195508,-37.884475274157246,0.0,0.0
atr_pct & dist_high_20,0.551..0.658 & -inf..0.241,26289,1.0290271859048052,0.3133249648141808,-0.23929909504932897,-0.0723487002414706,0.06541145272250812,-28.328189961954582,0.0,0.0
bb_width_pctile & ret_96,0.879..inf & -2.24..-0.984,24024,0.9403685615343697,0.33287545787545786,-0.2393318329530848,-0.057826641041661166,0.06537871481875229,-27.687394299749023,0.0,0.0
dist_high_20 & dd_30d,1.96..3.07 & -25.7..-20.5,44199,1.7300761759597736,0.3098712640557479,-0.2401232390160069,-0.09382584650128957,0.06458730875583019,-37.35782187152364,0.0,0.0
dd_30d & bb_width_pctile,-33.6..-25.7 & 0.62..0.751,39472,1.5450477797571027,0.3075597892176733,-0.2402120493485523,-0.09991752487432269,0.06449849842328478,-35.34921240199114,0.0,0.0
bb_width_pctile & ret_16,0.751..0.879 & 0.781..1.63,47141,1.8452345304400481,0.3292463036422647,-0.24046529416824525,-0.035392211757879204,0.06424525360359185,-37.92898275760293,0.0,0.0
ret_96 & ret_16,4.36..inf & 0.332..0.781,29545,1.1564764048673388,0.30793704518531057,-0.24054266243429626,-0.08674040611164469,0.06416788533754084,-30.200154073809582,0.0,0.0
dd_30d & ret_96,-25.7..-20.5 & 4.36..inf,29695,1.1623478369448512,0.30234046135713083,-0.2407838075827212,-0.10897657074447153,0.0639267401891159,-30.690797410256703,0.07142857142857142,0.0
atr_pct & dist_low_20,0.551..0.658 & 2.04..3.14,56265,2.2023741722748627,0.3127699280191949,-0.24113674357840156,-0.07542714468392088,0.06357380419343553,-41.88706228233374,0.0,0.0
dist_high_20 & ret_96,0.241..0.463 & 4.36..inf,29357,1.1491175433301901,0.3088871478693327,-0.24133273727857799,-0.0826657301995172,0.0633778104932591,-30.15653236227618,0.0,0.0
atr_pct & ret_96,0.461..0.551 & 4.36..inf,26887,1.052434628453821,0.32097296091047717,-0.24137117340112857,-0.04424004915609739,0.06333937437070852,-28.53514930555632,0.0,0.0
dist_low_20 & ret_96,2.04..3.14 & 0.849..2.07,33812,1.3234990760323053,0.3121968531882172,-0.24185743842421842,-0.07794001953855244,0.06285310934761867,-32.61425406642115,0.0,0.0
dist_high_20 & bb_width_pctile,1.96..3.07 & 0.62..0.751,59989,2.3481422593192347,0.3070229542082715,-0.24239732381160295,-0.09921638064739366,0.06231322396023414,-43.897360692144225,0.0,0.0
atr_pct & dist_low_20,0.551..0.658 & 0.777..1.08,43146,1.6888587227756373,0.31291429101191304,-0.24245819257920623,-0.075626277318596,0.062252355192630865,-36.84318273444975,0.07142857142857142,0.0
dist_low_20 & ret_16,1.08..1.46 & -0.793..-0.331,31411,1.229517019911592,0.314730508420617,-0.24249732576843197,-0.07504994780399835,0.06221322200340512,-31.472895990277497,0.0,0.0
dist_low_20 & bb_width_pctile,2.04..3.14 & 0.233..0.36,27650,1.0823006462881002,0.3012296564195298,-0.24249979715178488,-0.10802382689978696,0.06221075062005221,-29.681162349918196,0.0,0.0
atr_pct & dist_low_20,0.551..0.658 & 1.46..2.04,58040,2.2718527851920918,0.3129565816678153,-0.24250280000952495,-0.07612792665926696,0.06220774776231214,-42.78713613452633,0.0,0.0
dist_high_20 & ret_96,1.96..3.07 & -4.32..-2.24,58026,2.2713047848648573,0.31296315444800604,-0.24276966544409695,-0.08615296844595861,0.06194088232774014,-43.17925014692073,0.0,0.0
dd_30d & bb_width_pctile,-20.5..-16.2 & 0.751..0.879,36458,1.4270711378796224,0.3160348894618465,-0.24321739280471158,-0.0836069229130178,0.06149315496712551,-34.44834328620976,0.0,0.0
bb_width_pctile & ema200_rel,0.233..0.36 & 2.88..inf,25076,0.9815468718379892,0.3020019141808901,-0.24325539888258813,-0.10007332872003245,0.06145514888924897,-28.169048532116037,0.0,0.0
dist_low_20 & ema200_rel,1.46..2.04 & 1.36..2.88,59102,2.313422524300879,0.3195492538323576,-0.24335680321231884,-0.05003201612126891,0.06135374455951825,-42.6997307678455,0.0,0.0
dd_30d & ema200_rel,-25.7..-20.5 & 2.88..inf,27292,1.0682874950631043,0.30027114172651326,-0.2434608536095018,-0.11645051557268793,0.061249694162335305,-29.810242362065445,0.07142857142857142,0.0
ret_96 & ret_16,-2.24..-0.984 & 0.781..1.63,32449,1.270147329887977,0.32420105396160126,-0.24353979720881716,-0.04505004510198094,0.06117075056301993,-31.846572751927415,0.0,0.0
ret_96 & ret_16,-inf..-4.32 & 0.332..0.781,21871,0.8560939397818098,0.3085364180878789,-0.2445491322598997,-0.1014477066853825,0.060161415511937405,-26.767367412137677,0.0,0.0
dist_low_20 & dd_30d,2.04..3.14 & -20.5..-16.2,37830,1.4807751699486016,0.309674861221253,-0.2451177631809503,-0.0960112777292004,0.059592784590886794,-35.315362473773845,0.0,0.0
dist_high_20 & ret_96,0.463..0.708 & 4.36..inf,32866,1.2864699110634612,0.3057871356416966,-0.24514255444057145,-0.09184276966869659,0.05956799333126564,-32.52161391193499,0.0,0.0
dist_high_20 & ret_96,1.96..3.07 & 0.849..2.07,26129,1.0227643250221254,0.3074361820199778,-0.24515610451660322,-0.09806405101042516,0.059554443255233874,-29.295690805920945,0.0,0.0
dist_low_20 & dist_high_20,1.08..1.46 & 1..1.39,37716,1.4763128815696922,0.31652349135645347,-0.24516311807753072,-0.06791487638577408,0.059547429694306375,-34.78512785743399,0.0,0.0
atr_pct & dd_30d,0.658..0.807 & -25.7..-20.5,46893,1.8355270960718946,0.30601582325720256,-0.2452377934880894,-0.10718606062558006,0.05947275428374768,-39.542695387522926,0.0,0.0
dd_30d & ret_16,-33.6..-25.7 & 0.781..1.63,41440,1.622080968614064,0.3123793436293436,-0.24539838268694208,-0.07953924911326425,0.05931216508489501,-36.65404449769051,0.0,0.0
atr_pct & ema200_rel,0.551..0.658 & -0.716..-0.0818,29369,1.149587257896391,0.31165514658313187,-0.2455071434648361,-0.07849247185785518,0.059203404307000995,-30.817588190969456,0.0,0.0
ret_16 & ema200_rel,-inf..-1.65 & -3.06..-1.57,61253,2.3976188602924053,0.3115929015721679,-0.24594044591423975,-0.10010719792660144,0.058770101857597346,-45.38957450701896,0.0,0.0
dist_low_20 & ret_96,0.288..0.524 & 4.36..inf,12897,0.5048257300245074,0.3107699464991859,-0.24606828386524135,-0.08171444605300791,0.05864226390659574,-20.42543424716514,0.0,0.0
dist_high_20 & ret_16,1..1.39 & 0..0.332,30287,1.1855204222107665,0.31693465843431173,-0.24670022851322795,-0.062118993255888516,0.05801031925860914,-31.24146042864853,0.0,0.0
atr_pct & ret_16,0.551..0.658 & 0.781..1.63,52090,2.0389526461174374,0.3110193895181417,-0.24675954866912597,-0.08020880268363038,0.05795099910271112,-41.260923082745364,0.0,0.0
dist_low_20 & ema200_rel,1.46..2.04 & 0.541..1.36,41670,1.6310838311329163,0.3228941684665227,-0.24738856520353505,-0.04482355770410208,0.05732198256830204,-36.513476246251024,0.0,0.0
dist_low_20 & dd_30d,1.08..1.46 & -33.6..-25.7,43111,1.6874887219575512,0.3139801906705945,-0.24753604294662168,-0.07731721086278097,0.05717450482521541,-37.6454908544693,0.0,0.0
dd_30d & ret_96,-12.2..-8.28 & 4.36..inf,31952,1.2506933182711528,0.30001251877816726,-0.24781452178897664,-0.11709766824205933,0.05689602598286045,-32.921091165794344,0.0,0.0
atr_pct & ret_96,0.551..0.658 & -2.24..-0.984,41942,1.641730694633472,0.31216918601878785,-0.24788593161625508,-0.08106729067620384,0.056824616155582014,-37.33012933568357,0.0,0.0
dd_30d & bb_width_pctile,-33.6..-25.7 & 0.49..0.62,40894,1.6007089558519194,0.3075267765442363,-0.2479791262098758,-0.09417520853713515,0.05673142156196129,-36.934900306219596,0.07142857142857142,0.0
bb_width_pctile & ema200_rel,0.62..0.751 & 1.36..2.88,45154,1.7674576268532687,0.31724764140496964,-0.24804367044221054,-0.05927818812945333,0.05666687732962655,-38.215191025693926,0.0,0.0
bb_width_pctile & ema200_rel,0.109..0.233 & 2.88..inf,18958,0.7420707288365209,0.30251081337693847,-0.24836188957255012,-0.09723201628314855,0.05634865819928697,-24.955946532310566,0.0,0.0
atr_pct & ret_16,0.551..0.658 & 0.332..0.781,37762,1.4781134540734626,0.31028547216778773,-0.2487238799783381,-0.08188597737543456,0.05598666779349898,-35.3862044047728,0.0,0.0
dist_high_20 & bb_width_pctile,0.708..1 & 0.751..0.879,27442,1.0741589271406164,0.3260330879673493,-0.24922968474680535,-0.04218597406203006,0.055480863025031746,-29.9952353378147,0.0,0.0
dist_low_20 & bb_width_pctile,-inf..0.288 & 0.879..inf,18434,0.7215598594457446,0.3316154931105566,-0.2496203414818793,-0.04006018900398577,0.05509020628995778,-24.5859311431214,0.0,0.0
dist_high_20 & dd_30d,1.96..3.07 & -12.2..-8.28,33391,1.3070199233347541,0.3079871821748375,-0.2501150674484818,-0.09974810593145336,0.05459548032335532,-33.88553554027444,0.0,0.0
bb_width_pctile & ret_16,0.751..0.879 & -1.65..-0.793,49490,1.9371811567738908,0.3224489795918367,-0.2503851669544786,-0.06050660086838042,0.05432538081735849,-40.84660604689504,0.0,0.0
dd_30d & bb_width_pctile,-25.7..-20.5 & 0.62..0.751,38838,1.520231193509484,0.311730779133838,-0.25096998933115905,-0.08570012787966105,0.05374055844067804,-36.44628370883154,0.0,0.0
dist_low_20 & dist_high_20,1.46..2.04 & 0.708..1,39381,1.5414857776300785,0.31167314187044515,-0.2510609012125982,-0.07740939764080575,0.05364964655923887,-36.45258989539587,0.0,0.0
atr_pct & ret_96,0.551..0.658 & 0.849..2.07,36302,1.4209648485190096,0.30992782766789706,-0.2510678794711194,-0.08412320039223102,0.05364266830071768,-35.078540804891226,0.0,0.0
dist_high_20 & dd_30d,1..1.39 & -33.6..-25.7,43054,1.6852575777680965,0.31351326241464206,-0.25181195845201254,-0.07642549759918513,0.05289858931982455,-38.178827032313144,0.0,0.0
dist_high_20 & bb_width_pctile,0.463..0.708 & 0.751..0.879,25163,0.9849523024429463,0.3245241028494218,-0.25189931568548257,-0.041594749099121454,0.05281123208635452,-28.937827854895573,0.0,0.0
dd_30d & ret_96,-16.2..-12.2 & 4.36..inf,30354,1.1881429952053886,0.30078408117546285,-0.2520671849268349,-0.11533166379055772,0.052643362845002206,-32.68735119656364,0.0,0.0
atr_pct & dd_30d,0.551..0.658 & -33.6..-25.7,53541,2.0957489657472395,0.3083618161782559,-0.2521621996355062,-0.08593953277857191,0.052548348136330914,-42.692709184157735,0.0,0.0
dist_low_20 & ret_96,1.46..2.04 & -0.984..-0.0475,30201,1.182154134486326,0.32015496175623326,-0.2522064294566085,-0.058568147226327374,0.05250411831522861,-32.01317896249813,0.0,0.0
dd_30d & ret_96,-33.6..-25.7 & -2.24..-0.984,37822,1.4804620269044675,0.3168790650943895,-0.2524023725062202,-0.06661266159605275,0.052308175265616874,-35.80622852088151,0.0,0.0
atr_pct & ret_16,0.551..0.658 & -1.65..-0.793,53215,2.0829883866987795,0.31017570233956593,-0.25241630583503427,-0.08595540847953345,0.05229424193680282,-42.77898280421467,0.0,0.0
dist_high_20 & dd_30d,1..1.39 & -4.52..inf,35313,1.382252539687945,0.3225441055701866,-0.25241756415338135,-0.040907164264756636,0.052292983618455746,-34.10555241404777,0.0,0.0
bb_width_pctile & ema200_rel,0.109..0.233 & -inf..-3.06,19253,0.7536178785889618,0.30275801173843037,-0.25281129620539805,-0.10787528132513594,0.05189925156643904,-25.915663464087455,0.07142857142857142,0.0
atr_pct & ret_96,0.551..0.658 & -inf..-4.32,34141,1.3363770837223157,0.31065288070062386,-0.2536396360924455,-0.0883453135061341,0.051070911679391595,-34.531274885459425,0.07142857142857142,0.0
ret_96 & ret_16,2.07..4.36 & -1.65..-0.793,30651,1.199768430718863,0.3096146944634759,-0.2539206433561562,-0.08452167030375034,0.050789904415680875,-32.539922728881876,0.0,0.0
dist_high_20 & ema200_rel,-inf..0.241 & -inf..-3.06,6182,0.24198128735454016,0.3047557424781624,-0.2540695471167242,-0.11370652039545977,0.0506410006551129,-14.866678889220463,0.0,0.0
dd_30d & ema200_rel,-33.6..-25.7 & -0.0818..0.541,26602,1.0412789075065476,0.32050221787835503,-0.25439559618113655,-0.051144715608464675,0.05031495159070054,-30.021873811597292,0.0,0.0
dist_high_20 & ret_96,1.96..3.07 & -0.984..-0.0475,26867,1.051651770843486,0.3097852383965459,-0.25455350587411113,-0.09355980285447751,0.05015704189772596,-30.84973376689868,0.0,0.0
atr_pct & bb_width_pctile,0.551..0.658 & 0.62..0.751,44200,1.7301153188402905,0.3089366515837104,-0.2546718761416456,-0.08848252375850062,0.05003867163019149,-39.39865635858167,0.0,0.0
dist_low_20 & bb_width_pctile,3.14..inf & 0.233..0.36,8080,0.3162744745753291,0.28465346534653463,-0.25485878900914344,-0.16285135967381914,0.049851758762693654,-17.26783540140844,0.0,0.0
dist_high_20 & ret_16,0.708..1 & 0.781..1.63,42014,1.6445489820306778,0.30968248679011756,-0.2548706168374481,-0.08512098432826924,0.04983993093438899,-38.34660088672123,0.0,0.0
bb_width_pctile & ret_96,0.36..0.49 & 4.36..inf,33060,1.2940636298837105,0.2970356926799758,-0.2555505223336157,-0.11653616389516382,0.0491600254382214,-34.24450990096409,0.0,0.0
dist_high_20 & ret_16,1.96..3.07 & -inf..-1.65,88350,3.4582734936547435,0.30989247311827955,-0.2555902019534464,-0.09386323249436741,0.0491203458183907,-56.135451160121555,0.0,0.0
dist_low_20 & ret_16,1.46..2.04 & 0..0.332,28444,1.1133800934183986,0.30853607087610746,-0.2557271652666507,-0.09125728897784098,0.04898338250518641,-31.750504356515307,0.0,0.0
atr_pct & bb_width_pctile,0.461..0.551 & 0.879..inf,20588,0.8058736240788212,0.32620944239362737,-0.25595811064783297,-0.05827530548427226,0.04875243712400412,-27.250222393769462,0.14285714285714285,0.0
dist_low_20 & ret_96,1.46..2.04 & -4.32..-2.24,43049,1.6850618633655128,0.31027433854444936,-0.25633016073053055,-0.09536438983255077,0.04838038704130654,-39.40224458116771,0.0,0.0
dist_low_20 & ret_16,0.777..1.08 & -1.65..-0.793,42264,1.6543347021598651,0.30927030096536057,-0.25638834849366676,-0.08911266580506468,0.04832219927817033,-38.79622223024046,0.0,0.0
dd_30d & ema200_rel,-16.2..-12.2 & 1.36..2.88,38212,1.4957277503059994,0.3159740395687219,-0.2566265675960602,-0.06169160750686042,0.04808398017577692,-36.387862356581785,0.0,0.0
dd_30d & ret_96,-33.6..-25.7 & -4.32..-2.24,49520,1.9383554431893932,0.31009693053311793,-0.2568967946401208,-0.09416664359484266,0.04781375313171632,-42.191493882648516,0.0,0.0
dist_low_20 & ema200_rel,2.04..3.14 & -0.0818..0.541,23044,0.9020085386279559,0.30689116472834577,-0.25690881487720985,-0.09850297264262871,0.04780173289462725,-28.884336704527225,0.0,0.0
atr_pct & dist_low_20,0.461..0.551 & 2.04..3.14,39521,1.5469657809024235,0.31722375445965434,-0.25707693799316805,-0.05988858230633374,0.04763360977866904,-37.134630527624154,0.0,0.0
dist_high_20 & ret_96,0.708..1 & -inf..-4.32,21990,0.8607519425633029,0.30554797635288766,-0.2573350154252863,-0.10363394389496608,0.047375532346550786,-28.227144361209263,0.0,0.0
dist_low_20 & bb_width_pctile,1.46..2.04 & 0.62..0.751,48633,1.903635708171037,0.3132852178561882,-0.25739967463579994,-0.07950502758170476,0.04731087313603716,-41.74427746769445,0.0,0.0
atr_pct & dist_high_20,0.551..0.658 & 0.241..0.463,29714,1.1630915516746694,0.3066904489466245,-0.25846647756307967,-0.09142697052414678,0.046244070208757426,-32.72381057958764,0.0,0.0
dist_high_20 & ema200_rel,0.708..1 & -inf..-3.06,16815,0.6581875358891286,0.30371691941718704,-0.2584902779395938,-0.1126926624266498,0.04622026983224331,-24.949698267443445,0.0,0.0
dd_30d & ema200_rel,-25.7..-20.5 & 0.541..1.36,32552,1.2741790465812022,0.32495699188989924,-0.2588235006673943,-0.034318760747787086,0.0458870471044428,-33.559051526427005,0.0,0.0
bb_width_pctile & ret_96,0.751..0.879 & -2.24..-0.984,36456,1.4269928521185888,0.32573513276278254,-0.2590330215100313,-0.056435889147993336,0.04567752626180577,-36.28338473663677,0.0,0.0
dist_high_20 & ret_16,1.39..1.96 & -0.793..-0.331,63969,2.5039309237758944,0.31146336506745453,-0.2592539625792723,-0.07987107856370418,0.04545658519256479,-47.97844968319281,0.0,0.0
bb_width_pctile & ret_96,0.62..0.751 & -4.32..-2.24,42083,1.6472498407863334,0.3117410830976879,-0.25935566374452573,-0.08684232731643847,0.04535488402731136,-39.203460646825725,0.0,0.0
atr_pct & ema200_rel,0.551..0.658 & -inf..-3.06,34235,1.34005651449089,0.309128085292829,-0.25948428440749227,-0.09442543515879322,0.04522626336434482,-35.4710016003848,0.07142857142857142,0.0
atr_pct & dd_30d,0.551..0.658 & -25.7..-20.5,48729,1.907393424700645,0.30739395431878347,-0.25969043593256447,-0.09325488729637141,0.045020111839272625,-42.227336582014296,0.0,0.0
dist_high_20 & ema200_rel,1..1.39 & 0.541..1.36,37964,1.4860203159378458,0.31922347487093033,-0.2598000445742098,-0.051555763677864117,0.044910503197627294,-36.62536649533116,0.0,0.0
dist_high_20 & ema200_rel,0.708..1 & 1.36..2.88,44001,1.7223258856174575,0.3151519283652644,-0.2600297705493868,-0.06095832440762399,0.044680777222450285,-39.44311240336851,0.0,0.0
dist_low_20 & ret_16,1.46..2.04 & 1.63..inf,7954,0.3113424716302188,0.3212220266532562,-0.26004790737850897,-0.04393133192742999,0.044662640393328124,-16.728723531879798,0.0,0.0
bb_width_pctile & ret_16,-inf..0.109 & -1.65..-0.793,12804,0.5011854421364498,0.3057638238050609,-0.2601053720492989,-0.08591758136142696,0.04460517572253819,-21.39501553260364,0.07142857142857142,0.0
atr_pct & ret_96,0.551..0.658 & -4.32..-2.24,55896,2.1879304493641825,0.308197366537856,-0.260113505406668,-0.09383847248034698,0.04459704236516909,-45.35776214532403,0.0,0.0
dist_high_20 & bb_width_pctile,1.39..1.96 & 0.233..0.36,44558,1.7441284700652864,0.3079132815655999,-0.26032311882423886,-0.08735896088729385,0.04438742894759823,-40.15823361942851,0.0,0.0
dd_30d & ret_16,-4.52..inf & 0.781..1.63,42897,1.6791121455269669,0.3257803576007646,-0.2603871559233616,-0.03036896319860057,0.0443233918484755,-38.62321160755489,0.07142857142857142,0.0
dist_low_20 & bb_width_pctile,1.46..2.04 & 0.36..0.49,50579,1.97980775365663,0.30823068862571423,-0.26061746292421334,-0.08618159265584993,0.044093084847623754,-42.85429882285598,0.0,0.0
dist_low_20 & dist_high_20,2.04..3.14 & 0.241..0.463,43703,1.7106613072234662,0.30846852618813353,-0.26093888144628924,-0.08638659363358277,0.04377166632554785,-39.95859567637132,0.0,0.0
atr_pct & bb_width_pctile,0.551..0.658 & 0.233..0.36,43228,1.6920684389780107,0.3051957064865365,-0.26099467324489956,-0.09430027452156589,0.04371587452693754,-39.75452002713151,0.0,0.0
dist_high_20 & ema200_rel,1.96..3.07 & -0.716..-0.0818,25406,0.9944640224085163,0.30461308352357713,-0.2611102533811701,-0.10305250119768986,0.04360029439066698,-30.816681911837843,0.0,0.0
atr_pct & dd_30d,0.551..0.658 & -16.2..-12.2,41119,1.6095161039681878,0.308275979474209,-0.2611140036549772,-0.09444514613462951,0.04359654411685987,-39.106205757260994,0.07142857142857142,0.0
dist_low_20 & dist_high_20,0.777..1.08 & 1.39..1.96,39554,1.5482574959594761,0.3089194518885574,-0.2612186221595439,-0.0877940396223607,0.0434919256122932,-38.172758638162236,0.0,0.0
dd_30d & ema200_rel,-20.5..-16.2 & 1.36..2.88,33578,1.3143396419913862,0.31285365417833105,-0.2616373513087979,-0.07073018917048464,0.0430731964630392,-34.90155676289123,0.0,0.0
dist_high_20 & ema200_rel,1.39..1.96 & -0.0818..0.541,29017,1.1358089639544957,0.31440190233311505,-0.2619280752959411,-0.07116347580328287,0.042782472475896005,-32.57925029577198,0.0,0.0
dist_low_20 & ema200_rel,-inf..0.288 & 1.36..2.88,15919,0.6231155149461218,0.3296689490545889,-0.2623895921224259,-0.019662848349050514,0.042320955649411185,-23.59248741932941,0.0,0.0
atr_pct & bb_width_pctile,0.551..0.658 & 0.36..0.49,45702,1.7889079253764468,0.30519452102752614,-0.2625068298572343,-0.09589519208120308,0.04220371791460281,-41.20054562733104,0.0,0.0
dist_low_20 & bb_width_pctile,2.04..3.14 & 0.109..0.233,16534,0.6471883864639222,0.2919438732309181,-0.26281065958864597,-0.13405135455100717,0.041899888183191125,-25.04421690013187,0.0,0.0
dist_high_20 & ret_96,1..1.39 & -4.32..-2.24,43715,1.7111310217896674,0.3177170307674711,-0.2629139656081657,-0.06487321870017755,0.04179658216367138,-40.04106531802713,0.0,0.0
bb_width_pctile & ret_16,0.109..0.233 & -1.65..-0.793,28802,1.1273932446433947,0.30841608221651273,-0.2629248670943661,-0.08145728368755441,0.041785680677471015,-32.39698420619521,0.0,0.0
dd_30d & bb_width_pctile,-16.2..-12.2 & 0.751..0.879,38599,1.5108760450659813,0.31262467939583927,-0.2632005473541597,-0.08881388557033962,0.041510000417677384,-38.25147330655909,0.0,0.0
dist_high_20 & ret_96,1.39..1.96 & -4.32..-2.24,51222,2.0049766258288995,0.3126000546640116,-0.2632254399424738,-0.08197102237577733,0.041485107829363266,-43.73566918280892,0.0,0.0
atr_pct & bb_width_pctile,0.461..0.551 & 0.751..0.879,34121,1.3355942261119806,0.3190117522933091,-0.2633336897177961,-0.06540438562243314,0.04137685805404101,-35.71753156736074,0.0,0.0
atr_pct & dist_high_20,0.461..0.551 & -inf..0.241,33138,1.2971167745640169,0.3148651095419156,-0.26399902647157636,-0.0647513024572283,0.04071152130026073,-34.92431083845676,0.0,0.0
dist_low_20 & ret_16,1.08..1.46 & -0.331..0,35023,1.370901104338088,0.31205208006167373,-0.2640349922643681,-0.08004484667060706,0.040675555507468986,-36.18475398086339,0.0,0.0
dist_high_20 & dd_30d,-inf..0.241 & -33.6..-25.7,23520,0.9206405497539283,0.31679421768707483,-0.26429133470790417,-0.05991288559313494,0.040419213063932924,-29.407158359289742,0.0,0.0
dist_high_20 & dd_30d,1.96..3.07 & -16.2..-12.2,35741,1.3990056925491134,0.3033211158053776,-0.2643061913145155,-0.1133552063752263,0.0404043564573216,-37.23748470040422,0.0,0.0
bb_width_pctile & ema200_rel,0.49..0.62 & 1.36..2.88,44125,1.7271796028015343,0.3131558073654391,-0.264481079198014,-0.06819442608451674,0.04022946857382309,-40.226098203572086,0.0,0.0
dd_30d & ema200_rel,-16.2..-12.2 & -inf..-3.06,30780,1.2048178623055235,0.3057504873294347,-0.264637428853326,-0.12662413107710466,0.04007311891851112,-35.08439006583848,0.0,0.0
atr_pct & dd_30d,0.551..0.658 & -20.5..-16.2,44037,1.7237350293160603,0.30669664146058995,-0.26469140856535966,-0.0980551038361461,0.04001913920647743,-41.084563029291196,0.0,0.0
dd_30d & ema200_rel,-12.2..-8.28 & 1.36..2.88,41422,1.6213763967647625,0.31683646371493407,-0.26487926620372865,-0.06055208601793894,0.039831281568108445,-39.10765216083503,0.0,0.0
dd_30d & ema200_rel,-25.7..-20.5 & 1.36..2.88,32533,1.2734353318513838,0.30974702609657884,-0.2650725981745768,-0.08158129308441932,0.0396379495972603,-34.81101722914771,0.0,0.0
bb_width_pctile & ret_16,0.62..0.751 & 0.781..1.63,56933,2.2285216164600508,0.31591519856673633,-0.2650881258153161,-0.06712486851670513,0.03962242195652099,-46.11683861336788,0.0,0.0
ret_96 & ret_16,-2.24..-0.984 & -inf..-1.65,33570,1.3140264989472523,0.30649389335716415,-0.2651774192026994,-0.11748045127909952,0.03953312856913771,-36.50664154075734,0.0,0.0
bb_width_pctile & ret_96,0.879..inf & -0.0475..0.849,15484,0.6060883619213361,0.3214931542237148,-0.2658286401138901,-0.0719548998794428,0.03888190765794697,-24.591181516758535,0.0,0.0
dist_low_20 & dist_high_20,2.04..3.14 & -inf..0.241,50481,1.9759717513659887,0.3117608605217805,-0.2659336813640199,-0.07503160798449135,0.03877686640781719,-43.54301527004921,0.0,0.0
atr_pct & dd_30d,0.551..0.658 & -12.2..-8.28,34835,1.3635422428009392,0.3049806229367016,-0.26610777529330404,-0.09957760971919295,0.038602772478533054,-36.71352686511033,0.07142857142857142,0.0
dd_30d & ema200_rel,-8.28..-4.52 & 1.36..2.88,45137,1.7667921978844838,0.31687972173604806,-0.26612340639709997,-0.06180305370000007,0.03858714137473712,-40.95463182715326,0.0,0.0
bb_width_pctile & ret_96,0.233..0.36 & -inf..-4.32,27681,1.0835140755841195,0.2973519742783859,-0.2662739229772122,-0.12291339439667198,0.038436624794624896,-32.83114437367357,0.0,0.0
atr_pct & ema200_rel,0.551..0.658 & -1.57..-0.716,40379,1.5805503723857939,0.3058025211124594,-0.26633223176333304,-0.099514099393602,0.038378316008504054,-39.58101870648947,0.0,0.0
dd_30d & ret_16,-33.6..-25.7 & -1.65..-0.793,45284,1.7725462013204458,0.30472131437152195,-0.2666167022533329,-0.10306301874539774,0.0380938455185042,-41.82142755648304,0.0,0.0
ret_96 & ret_16,-4.32..-2.24 & 0.781..1.63,31883,1.2479924595154972,0.3092243515353009,-0.26667350191532974,-0.09506767054830785,0.03803704585650736,-35.148452862009485,0.0,0.0
dist_low_20 & ema200_rel,1.46..2.04 & -1.57..-0.716,33975,1.3298793655565355,0.31161147902869757,-0.2667592162882826,-0.08878810848451886,0.03795133148355451,-36.34769516608075,0.0,0.0
dist_high_20 & bb_width_pctile,1.39..1.96 & 0.62..0.751,47588,1.862731398031035,0.3094057325376145,-0.26709518781356556,-0.0908316218615843,0.03761535995827153,-42.932243983406245,0.0,0.0
atr_pct & dist_low_20,0.551..0.658 & 0.288..0.524,29372,1.1497046865379414,0.3039289118888738,-0.26750815883539303,-0.10046053804740818,0.037202388936444064,-33.76075580790066,0.0,0.0
atr_pct & bb_width_pctile,0.551..0.658 & 0.49..0.62,46097,1.8043693631805626,0.304054493784845,-0.2678388704952209,-0.10160926655654258,0.036871677276616166,-42.402508665378996,0.0,0.0
atr_pct & dd_30d,0.461..0.551 & -4.52..inf,29511,1.1551455469297696,0.31439124394293655,-0.2682904824547715,-0.06953505602839759,0.0364200653170656,-33.6113203775716,0.0,0.0
dist_high_20 & dd_30d,1.39..1.96 & -8.28..-4.52,33958,1.3292139365877507,0.3140644325343071,-0.2685949256630212,-0.0781811580355141,0.036115622108815915,-36.29353300218343,0.07142857142857142,0.0
dist_high_20 & ret_96,1.96..3.07 & -2.24..-0.984,40193,1.5732697966096785,0.30649615604707287,-0.26907509971069304,-0.10520099362706158,0.03563544806114405,-40.03844307353045,0.0,0.0
dist_low_20 & ema200_rel,1.46..2.04 & -0.0818..0.541,30581,1.1970284290826905,0.3144436087766914,-0.2694319194120743,-0.0713308195130805,0.03527862835976281,-34.43624710289374,0.0,0.0
atr_pct & dist_high_20,0.551..0.658 & 1.96..3.07,56391,2.207306175219973,0.3043393449309287,-0.26974311016655533,-0.10410906621878167,0.03496743760528176,-47.38860416572447,0.07142857142857142,0.0
atr_pct & dist_low_20,0.551..0.658 & 0.524..0.777,35515,1.3901594015523284,0.3034774039138392,-0.26986594152277366,-0.10292305567934772,0.03484460624906344,-37.507184189034014,0.0,0.0
dist_low_20 & dd_30d,1.46..2.04 & -20.5..-16.2,40384,1.5807460867883776,0.3095532884310618,-0.2699374074506943,-0.09058379468854902,0.034773140321142815,-39.97799433426293,0.0,0.0
ret_96 & ret_16,-0.0475..0.849 & -inf..-1.65,15699,0.614504081232437,0.2989362379769412,-0.27006191885966346,-0.13381000870689627,0.03464862891217363,-25.518903955319086,0.0,0.0
dist_low_20 & bb_width_pctile,1.46..2.04 & 0.49..0.62,52002,2.035508072631963,0.30760355370947273,-0.2700651767263505,-0.09282870931394849,0.034645371045486595,-45.310769686551474,0.0,0.0
atr_pct & dd_30d,0.373..0.461 & -inf..-33.6,16284,0.6374026663347351,0.32363055760255466,-0.2701141482872818,-0.0320639261710731,0.034596399484555285,-24.656862772940112,0.0,0.0
dist_low_20 & dist_high_20,0.288..0.524 & 1.96..3.07,43165,1.6896024375054555,0.30552530985752346,-0.2710633534888764,-0.10081506283809799,0.0336471942829607,-41.501121860718754,0.0,0.0
dist_high_20 & ema200_rel,1.96..3.07 & -3.06..-1.57,64847,2.5382983728696,0.30445510200934506,-0.2713889979727636,-0.11042881402351024,0.03332154979907348,-51.421290025958584,0.0,0.0
dd_30d & ema200_rel,-33.6..-25.7 & -3.06..-1.57,54606,2.1374361334975767,0.30529612130535105,-0.2718871031762622,-0.1055733096612834,0.0328234445955749,-47.01180926572408,0.0,0.0
atr_pct & dist_high_20,0.461..0.551 & 1..1.39,55335,2.1659712933942865,0.31264118550646064,-0.271981823939497,-0.07323928467687237,0.0327287238323401,-46.684971441804805,0.0,0.0
dist_high_20 & ema200_rel,0.463..0.708 & -inf..-3.06,11718,0.4586762738952607,0.30124594640723673,-0.2720586882812891,-0.12316766012757979,0.032651859490547996,-21.957073813379658,0.0,0.0
dist_low_20 & dist_high_20,0.524..0.777 & 1.96..3.07,41027,1.605914958960647,0.30136251736661224,-0.2721844748015825,-0.11420058722813442,0.032526072970254616,-40.90224935891143,0.0,0.0
ret_16 & ema200_rel,0.781..1.63 & -3.06..-1.57,27425,1.0734934981718318,0.30381039197812215,-0.2723248219977428,-0.11049302882229632,0.032385725774094265,-33.54815595857511,0.0,0.0
atr_pct & ret_96,0.461..0.551 & -2.24..-0.984,48459,1.8968248469611229,0.3142450318826224,-0.2723316443859762,-0.07338925680630404,0.03237890338586091,-43.88178074077344,0.0,0.0
atr_pct & ret_96,0.461..0.551 & 2.07..4.36,52477,2.054100940877419,0.31169845837223925,-0.27254492140532355,-0.07400368003045177,0.032165626366513544,-45.4437898620979,0.0,0.0
dd_30d & ret_16,-33.6..-25.7 & 0..0.332,27337,1.0700489246863578,0.3150309104876175,-0.2725864466359288,-0.07085402193538773,0.0321241011359083,-32.84454346562698,0.0,0.0
atr_pct & dd_30d,0.271..0.373 & -inf..-33.6,7078,0.27705330829754693,0.3435998869737214,-0.2734353549399248,0.029604523549535626,0.03127519283191227,-16.198629208572967,0.2857142857142857,0.16666666666666666
dist_high_20 & ret_96,1..1.39 & 2.07..4.36,43500,1.7027153024785664,0.30754022988505747,-0.27361472692501865,-0.08867675466780559,0.031095820846818445,-41.76782080217745,0.0,0.0
dist_low_20 & ret_96,1.08..1.46 & -2.24..-0.984,41876,1.6391472645193665,0.3179864361448085,-0.2736385476654309,-0.06359870546822749,0.031072000106406206,-40.861573730296634,0.0,0.0
dist_low_20 & dd_30d,0.777..1.08 & -33.6..-25.7,39076,1.5295471990724703,0.3081942880540485,-0.27383890553925294,-0.09087049956785043,0.03087164223258415,-39.66481821378797,0.0,0.0
atr_pct & ret_16,0.461..0.551 & 0.781..1.63,53385,2.0896426763866267,0.3114732602791046,-0.27393463169416804,-0.07535813649717342,0.030775916077669052,-46.17681172814836,0.0,0.0
dd_30d & bb_width_pctile,-33.6..-25.7 & 0.36..0.49,40307,1.5777320849885879,0.30185823802317213,-0.2739375667803907,-0.10819637522555511,0.030772980991446375,-40.53461791952012,0.0,0.0
ret_96 & ema200_rel,2.07..4.36 & 1.36..2.88,141131,5.524273870209254,0.3165640433356243,-0.27400244224290093,-0.05920193335446034,0.030708105528936158,-74.52211141892714,0.0,0.0
dd_30d & ret_96,-20.5..-16.2 & 2.07..4.36,37456,1.4661357326353375,0.31124519436138404,-0.27418558228735374,-0.07710335467964215,0.030524965484483357,-38.686081227768845,0.0,0.0
ret_96 & ret_16,-0.984..-0.0475 & -inf..-1.65,19681,0.7703710314501302,0.30145825923479497,-0.2742990114187901,-0.13121100348901005,0.030411536353046997,-29.026262841342458,0.0,0.0
dd_30d & bb_width_pctile,-20.5..-16.2 & 0.62..0.751,37215,1.4567022984308011,0.3088539567378745,-0.2743736369791756,-0.09347081701244035,0.030336910792661487,-39.10016220287952,0.0,0.0
ret_96 & ret_16,-4.32..-2.24 & -1.65..-0.793,59713,2.337338824296612,0.3105186475306885,-0.27441632448597564,-0.08646345891873092,0.030294223285861455,-49.26980928725384,0.0,0.0
bb_width_pctile & ret_16,0.233..0.36 & -1.65..-0.793,40556,1.5874786622372583,0.3067363645329914,-0.27448749970701963,-0.09003819854472767,0.03022304806481746,-40.337279755660084,0.0,0.0
dist_high_20 & ema200_rel,0.241..0.463 & -inf..-3.06,8375,0.32782162432776996,0.30041791044776117,-0.27473247249679195,-0.1266763803604219,0.029978075275045146,-18.78990603413441,0.0,0.0
dist_low_20 & dist_high_20,-inf..0.288 & 1.96..3.07,49137,1.9233637199514786,0.30799601115249203,-0.274821973350008,-0.08735426213151952,0.029888574421829073,-44.52384869356072,0.0,0.0
bb_width_pctile & ret_96,0.62..0.751 & 2.07..4.36,42707,1.6716749982287846,0.30704568337743227,-0.27503901659003904,-0.09072478408110761,0.02967153118179805,-41.67950912206854,0.0,0.0
dist_low_20 & bb_width_pctile,1.46..2.04 & 0.233..0.36,43890,1.7179810258800983,0.3024151287309182,-0.275190227089868,-0.10315340846069022,0.02952032068196908,-42.3250120307908,0.0,0.0
bb_width_pctile & ema200_rel,0.751..0.879 & -1.57..-0.716,32916,1.2884270550892987,0.3205432008749544,-0.2752741970258538,-0.06840392510578676,0.029436350745983275,-36.705321065184684,0.0,0.0
bb_width_pctile & ema200_rel,0.751..0.879 & 0.541..1.36,31930,1.2498321748997845,0.32301910429063574,-0.2755805137387287,-0.05305764686216271,0.029130034033108376,-35.91550503438642,0.0,0.0
bb_width_pctile & ret_96,0.233..0.36 & 4.36..inf,28223,1.1047295168241973,0.29312971689756584,-0.27566341775664355,-0.1270951783742459,0.029047130015193545,-34.19583392209188,0.0,0.0
bb_width_pctile & ema200_rel,0.233..0.36 & 1.36..2.88,40364,1.5799632291780425,0.31267961549895945,-0.27591627593731666,-0.06639443757672682,0.028794271834520435,-40.026358100407386,0.0,0.0
dist_low_20 & dd_30d,1.46..2.04 & -25.7..-20.5,43380,1.6980181568165564,0.30467957584140154,-0.2759514976744958,-0.10670943271830716,0.02875905009734131,-42.59902291508301,0.0,0.0
dd_30d & bb_width_pctile,-4.52..inf & 0.751..0.879,46641,1.825663090181674,0.32542183915439205,-0.27644201234329846,-0.03633122204099689,0.028268535428538633,-42.82814640816344,0.14285714285714285,0.0
dist_low_20 & bb_width_pctile,1.46..2.04 & 0.109..0.233,33163,1.2980953465769356,0.29964116636010013,-0.2768686901157742,-0.10952619088786511,0.027841857656062896,-37.01929590156102,0.0,0.0
dd_30d & bb_width_pctile,-20.5..-16.2 & 0.49..0.62,38759,1.517138905948661,0.3121339559844165,-0.27695764428985387,-0.07860259258895651,0.027752903481983227,-39.85512341101274,0.0,0.0
dist_high_20 & ema200_rel,1.96..3.07 & -1.57..-0.716,38902,1.522736337862556,0.30332630713073877,-0.2772081997374198,-0.11261883422481546,0.027502348034417312,-40.63269980310377,0.0,0.0
dd_30d & ret_96,-4.52..inf & 2.07..4.36,57625,2.255608489777641,0.3220303687635575,-0.27726593070599515,-0.04130726623482256,0.027444617065841947,-47.84864112166617,0.0,0.0
dist_low_20 & ema200_rel,1.46..2.04 & -3.06..-1.57,40711,1.5935458087173544,0.30244896956596495,-0.27734827973687404,-0.12099715028940504,0.027362268034963055,-41.93293453160187,0.0,0.0
dist_low_20 & ret_96,1.08..1.46 & -4.32..-2.24,44913,1.758024192648732,0.30895286442678066,-0.27762733456690497,-0.09807872532824397,0.02708321320493212,-43.477676198173505,0.0,0.0
dist_high_20 & bb_width_pctile,0.241..0.463 & 0.751..0.879,24835,0.9721134376334527,0.31830078518220256,-0.27778980984569984,-0.060454293097033686,0.02692073792613725,-31.893476613058713,0.0,0.0
dist_high_20 & ret_96,1.39..1.96 & 0.849..2.07,32966,1.2903841991151361,0.30586058363162044,-0.2779859804680601,-0.095985174223017,0.02672456730377698,-37.12179773722606,0.0,0.0
bb_width_pctile & ema200_rel,0.751..0.879 & -0.716..-0.0818,25727,1.0070288870543926,0.3240564387608349,-0.2780059788973472,-0.05432411743125646,0.02670456887448991,-32.713223094988585,0.0,0.0
atr_pct & ret_16,0.461..0.551 & -0.793..-0.331,46227,1.80945793764774,0.3110303502282216,-0.27855116997597396,-0.0795842265165542,0.026159377795863137,-43.78349284404319,0.0,0.0
dist_low_20 & dist_high_20,1.46..2.04 & 0.463..0.708,41919,1.6408304083815868,0.30864285884682363,-0.27899832524117113,-0.08523610246360505,0.025712222530665962,-41.857264726035325,0.0,0.0
dist_high_20 & bb_width_pctile,1..1.39 & 0.62..0.751,38402,1.5031648976041818,0.31334305504921617,-0.27902951456258396,-0.07755977259167013,0.025681033209253135,-40.069465580740754,0.0,0.0
atr_pct & ema200_rel,0.461..0.551 & 1.36..2.88,52928,2.0717543799904727,0.30864570737605806,-0.2791065011605633,-0.080586210518664,0.0256040466112738,-46.788673344082476,0.0,0.0
dist_low_20 & ret_96,1.46..2.04 & -0.0475..0.849,30654,1.1998858593604131,0.3120636784758922,-0.2791104382986865,-0.07999437317281571,0.025600109473150612,-35.8049639157615,0.0,0.0
dist_high_20 & dd_30d,1.39..1.96 & -16.2..-12.2,39363,1.5407812057807773,0.3075985062114168,-0.27926204710975683,-0.09493117803857268,0.025448500662080265,-40.8462930770525,0.0,0.0
bb_width_pctile & ret_16,0.751..0.879 & -0.793..-0.331,22238,0.8704593769314565,0.32903138771472257,-0.279482661092191,-0.04124798305364091,0.025227886679646094,-30.290643699832128,0.0,0.0
ret_16 & ema200_rel,-1.65..-0.793 & -0.0818..0.541,29362,1.1493132577327738,0.3140794223826715,-0.2797060111622789,-0.07071963272587663,0.025004536609558203,-34.9028860339186,0.0,0.0
dist_low_20 & dd_30d,1.46..2.04 & -12.2..-8.28,37591,1.4714200215050985,0.30722779388683463,-0.27983396947105804,-0.09395279204411784,0.02487657830077905,-40.01109395437576,0.0,0.0
bb_width_pctile & ret_96,0.109..0.233 & -inf..-4.32,23342,0.913673117021947,0.29539028360894526,-0.2798494821714799,-0.12550982366591648,0.02486106560035717,-31.65677003058238,0.0,0.0
dist_high_20 & ret_96,1.96..3.07 & -0.0475..0.849,23396,0.9157868325698515,0.29765771926825096,-0.2799761547578971,-0.12440023021380069,0.02473439301393998,-31.93203963687855,0.0,0.0
atr_pct & ret_96,0.461..0.551 & -inf..-4.32,21283,0.8330779260379616,0.31076445989757084,-0.28002482044830274,-0.08303898885803968,0.024685727323534357,-29.947600872697063,0.0,0.0
dist_high_20 & dd_30d,1.39..1.96 & -25.7..-20.5,44743,1.751369902960885,0.3042040095657421,-0.28004330582120013,-0.10545328953102434,0.024667241950636964,-43.81460264299901,0.0,0.0
ret_16 & ema200_rel,0.781..1.63 & -1.57..-0.716,28937,1.1326775335131558,0.30915436983792377,-0.2803497976119634,-0.09051885264816632,0.024360750159873712,-35.13943391284246,0.0,0.0
dist_high_20 & ret_16,0.463..0.708 & 0.781..1.63,52345,2.0489340806492082,0.308338905339574,-0.28049022816996544,-0.08741713868485275,0.024220319601871654,-47.05185217696982,0.0,0.0
dist_low_20 & ret_16,1.46..2.04 & 0.332..0.781,57958,2.2686430689897183,0.30444459781220884,-0.280603818246841,-0.10065130485640808,0.024106729524996096,-49.78172002295435,0.0,0.0
dist_low_20 & bb_width_pctile,0.777..1.08 & 0.751..0.879,28678,1.1225395274593177,0.31763023920775507,-0.28094271795098447,-0.0720956025066318,0.023767829820852626,-35.01877627866478,0.0,0.0
dist_low_20 & ret_96,1.46..2.04 & 2.07..4.36,51194,2.0038806251744306,0.30560221901004025,-0.2809538049613789,-0.0927324957120585,0.023756742810458198,-46.58307410816644,0.0,0.0
bb_width_pctile & ema200_rel,-inf..0.109 & 2.88..inf,11987,0.4692057087542661,0.29615416701426545,-0.2812706640528645,-0.11576031850096814,0.0234398837189726,-22.560320324413773,0.07142857142857142,0.0
dd_30d & ret_16,-8.28..-4.52 & -1.65..-0.793,37079,1.4513788666805232,0.31861700693114703,-0.2813351726666108,-0.0680975601217839,0.023375375105226304,-39.629134184124304,0.0,0.0
bb_width_pctile & ema200_rel,0.36..0.49 & 1.36..2.88,42734,1.6727318560027369,0.30900453971076897,-0.2814309896499976,-0.07851320432390371,0.023279558121839516,-42.20636444911157,0.0,0.0
ret_96 & ema200_rel,0.849..2.07 & 1.36..2.88,70090,2.743524495418913,0.3174489941503781,-0.2816037158393111,-0.05638510445148999,0.023106831932525995,-53.86043458957885,0.0,0.0
bb_width_pctile & ema200_rel,0.109..0.233 & 1.36..2.88,37707,1.4759605956450415,0.31392049221629936,-0.28166174891769685,-0.062499809300659896,0.02304879885414024,-39.42542688067944,0.0,0.0
atr_pct & dist_low_20,0.373..0.461 & 2.04..3.14,20434,0.7998456204792419,0.32103357149848294,-0.2818442601136335,-0.044682550913904336,0.022866287658203588,-29.11704454308733,0.0,0.0
dist_low_20 & ret_16,0.777..1.08 & -0.793..-0.331,41532,1.625682113621605,0.3088221130694404,-0.2819133033988721,-0.08692916942726538,0.022797244372964987,-42.127581712782856,0.0,0.0
bb_width_pctile & ema200_rel,0.62..0.751 & -3.06..-1.57,43642,1.7082735915119447,0.30358370377159616,-0.2821948280243075,-0.110434576828718,0.022515719747529583,-43.80237129199164,0.0,0.0
atr_pct & ret_96,0.461..0.551 & -0.984..-0.0475,38302,1.4992506095525069,0.3100621377473761,-0.28232135603877745,-0.08324958177584495,0.022389191733059643,-40.53435194008359,0.0,0.0
dd_30d & ret_16,-33.6..-25.7 & -0.793..-0.331,37319,1.4607731580045429,0.30700179533213645,-0.2825993677504146,-0.09287760104037572,0.022111180021422483,-39.99531392634554,0.0,0.0
atr_pct & bb_width_pctile,0.461..0.551 & 0.62..0.751,39350,1.5402723483340595,0.3098094027954257,-0.2829499093424219,-0.0848245432583142,0.02176063842941517,-41.22189182492602,0.0,0.0
atr_pct & dd_30d,0.461..0.551 & -8.28..-4.52,34100,1.334772225621129,0.31146627565982404,-0.2830497607926348,-0.08397950259864861,0.021660786979202318,-38.46972419041765,0.0,0.0
dist_low_20 & ema200_rel,1.08..1.46 & 0.541..1.36,47370,1.8541982500783836,0.3236014355077053,-0.28307184127309615,-0.040467811417302865,0.021638706498740945,-44.33271968588938,0.0,0.0
dist_low_20 & dist_high_20,0.777..1.08 & 1..1.39,39911,1.5622315043039554,0.30906266442835306,-0.2831183430011293,-0.08392299823470487,0.02159220477070778,-41.387963869113186,0.0,0.0
atr_pct & bb_width_pctile,0.461..0.551 & 0.109..0.233,47406,1.8556073937769866,0.3072184955490866,-0.28327010698106797,-0.08416871750714408,0.021440440790769122,-44.956558652296366,0.0,0.0
bb_width_pctile & ret_96,0.49..0.62 & -4.32..-2.24,41817,1.6368378345688783,0.3058086424181553,-0.28375592255240784,-0.10181231631846534,0.020954625219429257,-42.78509078329897,0.0,0.0
ret_96 & ret_16,-0.984..-0.0475 & 0.781..1.63,32607,1.2763319050096233,0.3174471739197105,-0.28378740755210236,-0.06189333490238206,0.020923140219734737,-37.29777252064978,0.0,0.0
dd_30d & ret_16,-25.7..-20.5 & 0.781..1.63,40354,1.5795718003728751,0.3064875848738663,-0.28402926181247107,-0.09659360167354654,0.020681285959366025,-42.01633627940002,0.0,0.0
dist_high_20 & dd_30d,1.39..1.96 & -20.5..-16.2,42183,1.6511641288380083,0.3048621482587772,-0.28414296240787096,-0.10197168574081858,0.020567585363966134,-43.034232445487966,0.0,0.0
dist_low_20 & dd_30d,1.46..2.04 & -16.2..-12.2,39517,1.5468092093803565,0.3053369435938963,-0.284272157009718,-0.10259318638820714,0.02043839076211912,-41.820556439223054,0.0,0.0
dist_high_20 & ret_96,1.39..1.96 & -2.24..-0.984,45672,1.7877336389609444,0.311547556489753,-0.2844326852522452,-0.08168263418748525,0.020277862519591905,-44.48540585286069,0.0,0.0
dist_low_20 & ret_16,1.08..1.46 & 0..0.332,41127,1.6098292470123219,0.3110122304082476,-0.2846335347911636,-0.08021017482697806,0.020077012980673492,-42.19622705465104,0.0,0.0
dist_high_20 & bb_width_pctile,1.39..1.96 & 0.49..0.62,51220,2.0048983400678657,0.30191331511128466,-0.28505704709864044,-0.10832455105814928,0.019653500673196656,-47.62371120479271,0.0,0.0
dd_30d & ret_96,-33.6..-25.7 & 2.07..4.36,37113,1.4527097246180927,0.2988710155471129,-0.28523610812159084,-0.11658675013328007,0.019474439650246256,-40.674245865738385,0.0,0.0
dist_low_20 & bb_width_pctile,1.46..2.04 & -inf..0.109,17146,0.6711438293401724,0.2924297212177767,-0.2853915761435245,-0.12748723752514737,0.019318971628312587,-27.595508139544048,0.0,0.0
dist_low_20 & ret_96,1.46..2.04 & 0.849..2.07,41191,1.6123343913653938,0.30950935884052344,-0.2854700329593171,-0.08295338241129135,0.019240514812519982,-42.33082701079014,0.0,0.0
bb_width_pctile & ret_96,-inf..0.109 & 4.36..inf,15478,0.6058535046382356,0.2977774906318646,-0.2855396313762815,-0.11001142256513692,0.01917091639555557,-25.98718336603392,0.07142857142857142,0.0
dist_low_20 & dd_30d,0.524..0.777 & -33.6..-25.7,34868,1.364833957857992,0.3072157852472181,-0.28558557547135394,-0.09133605220524398,0.019124972300483156,-39.0118552897842,0.0,0.0
dist_low_20 & ret_16,1.46..2.04 & 0.781..1.63,117701,4.607156179701833,0.31064307015233517,-0.2856335297829819,-0.07831565226446331,0.019077017988855194,-71.48926239623198,0.0,0.0
dist_high_20 & bb_width_pctile,1.39..1.96 & 0.36..0.49,49962,1.955656596377796,0.3004683559505224,-0.2858106787272162,-0.11072591251201143,0.018899869044620876,-47.06538435676978,0.0,0.0
dist_low_20 & ema200_rel,1.46..2.04 & -0.716..-0.0818,29494,1.1544801179609847,0.3073167423882824,-0.28596814639007984,-0.09608166767054925,0.018742401381757257,-36.23236808910919,0.0,0.0
bb_width_pctile & ret_16,0.49..0.62 & 0.781..1.63,57179,2.238150765067171,0.30663355427691985,-0.28630359493795654,-0.09148181769711604,0.018406952833880552,-50.131047997238966,0.0,0.0
dist_high_20 & ema200_rel,0.463..0.708 & 1.36..2.88,45109,1.765696197230015,0.31341860825999246,-0.2865267835213889,-0.06612375755790127,0.01818376425044821,-44.10037455073209,0.0,0.0
atr_pct & bb_width_pctile,0.461..0.551 & 0.49..0.62,43679,1.7097218780910644,0.3080656608438838,-0.287013439883548,-0.08869117538521613,0.0176971078882891,-43.96715559587449,0.0,0.0
bb_width_pctile & ret_16,0.751..0.879 & 0.332..0.781,20840,0.8157376299690419,0.33008637236084454,-0.28716035827927316,-0.03314887439682437,0.017550189492563928,-30.04645327936375,0.07142857142857142,0.0
dd_30d & ret_96,-33.6..-25.7 & -0.984..-0.0475,30743,1.2033695757264038,0.3107048759067105,-0.2872236430521936,-0.08417666841263195,0.01748690471964348,-36.893587085237485,0.0,0.0
dist_low_20 & dd_30d,0.288..0.524 & -33.6..-25.7,32050,1.2545293205617942,0.30829953198127924,-0.28744224465653834,-0.08573485533179227,0.017268303115298755,-37.518927999782676,0.0,0.0
dd_30d & ema200_rel,-33.6..-25.7 & -0.716..-0.0818,31173,1.2202010143486057,0.31113463574246947,-0.2874477689591041,-0.08152542864495428,0.01726277881273297,-37.124585736124445,0.0,0.0
dist_high_20 & bb_width_pctile,-inf..0.241 & 0.751..0.879,29081,1.1383141083075676,0.3288745228843575,-0.28750894572921476,-0.026424855949748756,0.017201602042622333,-35.13659247757538,0.0,0.0
dd_30d & ret_96,-12.2..-8.28 & 2.07..4.36,39058,1.5288426272231688,0.3120231450663116,-0.2876179659864267,-0.07689388309829318,0.0170925817854104,-41.3842229461335,0.07142857142857142,0.0
ret_16 & ema200_rel,-0.331..0 & 1.36..2.88,32490,1.2717521879891638,0.31369652200677134,-0.2877150194602486,-0.06372163728539937,0.016995528311588515,-37.50293524294251,0.0,0.0
atr_pct & dist_high_20,0.461..0.551 & 0.463..0.708,44909,1.7578676211266653,0.3073994076911087,-0.2882121392248613,-0.08905668974735095,0.016498408546975818,-44.74503098924452,0.0,0.0
bb_width_pctile & ret_16,0.36..0.49 & 0.781..1.63,51308,2.00834291355334,0.3043579948546036,-0.2882285460319425,-0.09577974570434664,0.016482001739894614,-47.73819668762365,0.0,0.0
ret_16 & ema200_rel,0.781..1.63 & 1.36..2.88,70296,2.751587928805363,0.31014566973938773,-0.28840423587712993,-0.07734867306477151,0.01630631189470716,-55.612132101059295,0.0,0.0
ret_96 & ret_16,2.07..4.36 & -0.793..-0.331,33254,1.3016573487039595,0.3094665303422145,-0.28845206996008377,-0.08001015095605708,0.016258477811753325,-38.30161737925802,0.0,0.0
dd_30d & ret_96,-33.6..-25.7 & 0.849..2.07,31430,1.23026073464141,0.3050270442252625,-0.28846767200596807,-0.09813185961168558,0.016242875765869025,-37.56005568154717,0.0,0.0
bb_width_pctile & ret_16,0.36..0.49 & -1.65..-0.793,49859,1.951624879684571,0.30279387873804126,-0.2890191663255381,-0.10340738671064172,0.015691381446299002,-47.35532900832961,0.0,0.0
atr_pct & dist_high_20,0.461..0.551 & 1.39..1.96,55139,2.1582992888130037,0.3070784744010591,-0.2891049897678785,-0.09094953020881076,0.015605558003958575,-49.81000119268643,0.0,0.0
dist_low_20 & dd_30d,1.08..1.46 & -25.7..-20.5,42425,1.6606367059230616,0.30644667059516795,-0.28914145793912355,-0.09775316262726999,0.015569089832713545,-43.894099106084106,0.0,0.0
atr_pct & dist_high_20,0.461..0.551 & 0.241..0.463,37564,1.4703631637311463,0.3067298477265467,-0.2891757280145325,-0.08997224259662621,0.015534819757304585,-41.03342552070002,0.0,0.0
dist_high_20 & ret_96,0.241..0.463 & -inf..-4.32,12923,0.5058434449179429,0.29822796564265264,-0.289282190143141,-0.1273010453166314,0.015428357628696099,-24.48983184710731,0.0,0.0
dd_30d & bb_width_pctile,-33.6..-25.7 & 0.233..0.36,40718,1.5938198088809716,0.3010707795078344,-0.2893442131932126,-0.10913336205342901,0.015366334578624519,-42.943629626076806,0.0,0.0
dist_low_20 & bb_width_pctile,1.08..1.46 & 0.109..0.233,46606,1.8242930893635876,0.3067201647856499,-0.2893934123599777,-0.08653149241870166,0.015317135411859417,-45.50762132885676,0.0,0.0
bb_width_pctile & ret_96,0.49..0.62 & 2.07..4.36,42069,1.646701840459099,0.3043095866314864,-0.2898524909907974,-0.09552201374798204,0.014858056781039686,-43.51362451754103,0.0,0.0
atr_pct & dist_low_20,0.461..0.551 & 1.46..2.04,54716,2.141741850354419,0.3069668835441187,-0.2899415716969679,-0.09170209989017593,0.014768976074869211,-49.84881947287328,0.0,0.0
dist_low_20 & dist_high_20,0.524..0.777 & 1.39..1.96,42332,1.6569964180350039,0.304899366909194,-0.29012753547474796,-0.09769341638918179,0.014583012297089137,-43.883069684065234,0.0,0.0
atr_pct & dd_30d,0.461..0.551 & -20.5..-16.2,49253,1.9279042940914213,0.30700667979615454,-0.29027745888354384,-0.09141813633706622,0.014433088888293255,-47.33146912346244,0.0,0.0
dist_low_20 & bb_width_pctile,1.08..1.46 & 0.49..0.62,45113,1.765852768752082,0.31050916587236493,-0.2903425502362052,-0.08317934336555138,0.014367997535631893,-45.173829684824476,0.0,0.0
bb_width_pctile & ret_96,0.751..0.879 & 0.849..2.07,33374,1.3063544943659695,0.3155450350572302,-0.2905104518809735,-0.07159245514124682,0.014200095890863573,-38.89485464657399,0.0,0.0
dist_high_20 & ret_16,0.708..1 & 0.332..0.781,41680,1.6314752599380837,0.30599808061420347,-0.2906363739533077,-0.09362076442755445,0.014074173818529379,-43.548910022353276,0.0,0.0
atr_pct & ret_16,0.461..0.551 & 0..0.332,33868,1.3256910773412434,0.3062477855202551,-0.29079220240627124,-0.09160329906547289,0.013918345365565854,-39.24664152264239,0.0,0.0
atr_pct & dist_low_20,0.461..0.551 & -inf..0.288,31612,1.2373847388954584,0.30576996077438945,-0.29086099594964665,-0.09148243328491568,0.013849551822190442,-37.86417712817693,0.0,0.0
atr_pct & dist_low_20,0.461..0.551 & 1.08..1.46,54497,2.133169559521251,0.3073380186065288,-0.29096951493327333,-0.09232476342760607,0.01374103283856376,-49.93225175675844,0.0,0.0
atr_pct & bb_width_pctile,0.807..1.08 & -inf..0.109,12395,0.4851760040050995,0.2758370310609117,-0.29120544916890745,-0.1808454680748144,0.013505098602929644,-24.448643663324663,0.0,0.0
dist_high_20 & bb_width_pctile,1..1.39 & -inf..0.109,35045,1.3717622477094564,0.3040091311171351,-0.29126235397918976,-0.09176376050155755,0.013448193792647334,-39.68770327397589,0.0,0.0
atr_pct & bb_width_pctile,0.461..0.551 & -inf..0.109,39945,1.563562362241525,0.3038427838277632,-0.29152721745376525,-0.09230255795234414,0.01318333031807184,-42.487956712097706,0.0,0.0
dist_low_20 & ret_16,0.524..0.777 & -1.65..-0.793,51170,2.0029411960420287,0.3034590580418214,-0.2915438187287992,-0.10392588905230593,0.013166729043037895,-48.65098076648542,0.0,0.0
dd_30d & bb_width_pctile,-16.2..-12.2 & 0.62..0.751,39084,1.5298603421166044,0.3072356974721113,-0.29159257492672797,-0.09447467005778543,0.013117972845109127,-42.50794319255841,0.0,0.0
dd_30d & ret_16,-33.6..-25.7 & 0.332..0.781,34618,1.355048237728805,0.30383037726038475,-0.2916331487119879,-0.10230650157028377,0.01307739905984917,-39.925877005169646,0.0,0.0
dist_high_20 & dd_30d,1.39..1.96 & -12.2..-8.28,35823,1.4022154087514869,0.3046646009546939,-0.2920348361016766,-0.10379153311979483,0.012675711670160517,-40.86106584402564,0.0,0.0
atr_pct & dist_high_20,0.461..0.551 & 0.708..1,50641,1.9822346122486685,0.3059576232696827,-0.29207321675950026,-0.09322915174292459,0.012637331012336828,-48.24626309745531,0.0,0.0
dist_low_20 & ema200_rel,1.08..1.46 & -3.06..-1.57,43425,1.6997795864398102,0.30123200921128385,-0.2921777568121793,-0.11774191071945753,0.012532790959657814,-45.33439312385153,0.0,0.0
bb_width_pctile & ema200_rel,-inf..0.109 & 1.36..2.88,29841,1.1680626975002966,0.3142656077209209,-0.2923003055919895,-0.058279941091312765,0.012410242179847597,-36.30027989640748,0.0,0.0
dist_low_20 & dist_high_20,1.08..1.46 & 0.708..1,39932,1.563053504794807,0.305719723530001,-0.2924988623314018,-0.09339239066552904,0.012211685440435271,-42.90098821698727,0.0,0.0
dist_low_20 & bb_width_pctile,0.524..0.777 & 0.751..0.879,25535,0.9995134539951768,0.3135304484041512,-0.2925461337803959,-0.08076282595934664,0.012164413991441192,-34.40800746658548,0.0,0.0
dist_low_20 & bb_width_pctile,1.08..1.46 & 0.62..0.751,39198,1.5343226304955135,0.31108730037246796,-0.2927279916254707,-0.08645654338255558,0.011982556146366397,-42.62280901365297,0.0,0.0
dd_30d & ret_96,-33.6..-25.7 & -0.0475..0.849,28208,1.104142373616446,0.30739506522972204,-0.2927797268845896,-0.09012188416516348,0.011930820887247506,-36.01707535135745,0.07142857142857142,0.0
dist_high_20 & ret_96,-inf..0.241 & -inf..-4.32,10201,0.39929652415135297,0.2961474365258308,-0.2928339827035032,-0.13465774132466612,0.0118765650683339,-22.063160146913596,0.0,0.0
bb_width_pctile & ema200_rel,0.751..0.879 & -0.0818..0.541,24924,0.9755971539994434,0.3210961322420157,-0.2931577453640138,-0.060533827700724754,0.011552802407823304,-33.89738595203153,0.0,0.0
bb_width_pctile & ret_16,0.49..0.62 & -1.65..-0.793,56339,2.2052707454331024,0.3027032783684481,-0.2933254158959599,-0.10588494224204943,0.011385131875877197,-51.2860129441829,0.0,0.0
dist_low_20 & ema200_rel,1.08..1.46 & 1.36..2.88,50028,1.9582400264919015,0.3090469337171184,-0.2941115184232941,-0.07900405131211981,0.01059902934854301,-47.81306809956174,0.0,0.0
dd_30d & ret_16,-20.5..-16.2 & -1.65..-0.793,43758,1.7128141656518876,0.3055212761095114,-0.2941376247472092,-0.09894713086544603,0.010572923024627867,-45.33687728538325,0.0,0.0
bb_width_pctile & ret_96,0.49..0.62 & -2.24..-0.984,41687,1.631749260101701,0.3164775589512318,-0.294241369271714,-0.06342876699017133,0.010469178500123077,-43.59564278411878,0.0,0.0
atr_pct & dist_low_20,0.461..0.551 & 0.777..1.08,49833,1.9506071647911356,0.3053599020729236,-0.2944504784690852,-0.095561793032623,0.010260069302751917,-48.349381447200706,0.0,0.0
atr_pct & ret_16,0.461..0.551 & -0.331..0,39683,1.5533069275461366,0.3055968550764811,-0.29462301496254456,-0.09555833563784816,0.010087532809292532,-43.17319535971903,0.0,0.0
ret_96 & ret_16,-0.0475..0.849 & 0.781..1.63,36579,1.431807426422149,0.3176412695809071,-0.2946644702302904,-0.05800457067257799,0.010046077541546683,-40.839944448158825,0.0,0.0
bb_width_pctile & ret_16,0.62..0.751 & -1.65..-0.793,55722,2.181119588154268,0.3035246401780266,-0.2952452651849544,-0.10693880022999372,0.009465282586882673,-51.56057767451895,0.0,0.0
dist_low_20 & ret_96,1.08..1.46 & -0.984..-0.0475,36348,1.42276542102278,0.31619346318917135,-0.295766762188368,-0.06613025176380838,0.008943785583469088,-41.14424199277711,0.0,0.0
bb_width_pctile & ret_16,-inf..0.109 & 0.781..1.63,13155,0.5149245931978285,0.29623717217787915,-0.295872839061358,-0.11589827399741706,0.00883770871047912,-24.934107205555264,0.0,0.0
dist_high_20 & bb_width_pctile,0.708..1 & 0.62..0.751,33324,1.304397350340132,0.3134977793782259,-0.2959818559070144,-0.07362688824800258,0.008728691864822669,-39.44965866933479,0.0,0.0
dist_high_20 & ret_96,1..1.39 & -2.24..-0.984,47211,1.8479745320762206,0.31681175997119315,-0.2961896921706584,-0.06301999726110402,0.008520855601178712,-46.70802049519612,0.0,0.0
dd_30d & ret_16,-33.6..-25.7 & -0.331..0,32775,1.282907908936437,0.30575133485888634,-0.2962120137999319,-0.09609362578578738,0.008498533971905198,-39.33933389431188,0.0,0.0
dist_high_20 & dd_30d,0.241..0.463 & -33.6..-25.7,28489,1.1151415230416524,0.3067148724068939,-0.29673218623411807,-0.09135999290762145,0.007978361537719025,-36.73704141237948,0.0,0.0
atr_pct & dist_high_20,0.551..0.658 & 3.07..inf,16826,0.6586181075748128,0.2973968857720195,-0.2967481058895631,-0.13274371967475096,0.007962441882274018,-28.917312144572172,0.0,0.0
atr_pct & ema200_rel,0.373..0.461 & 2.88..inf,13057,0.5110885909071872,0.31492685915600827,-0.29680155829986776,-0.0592543713767021,0.00790898947196933,-24.484442585584766,0.07142857142857142,0.16666666666666666
dist_high_20 & dd_30d,1..1.39 & -20.5..-16.2,43867,1.717080739628213,0.3079763831581827,-0.29688561537319386,-0.08839324105149378,0.007824932398643236,-45.601820391627975,0.0,0.0
atr_pct & ema200_rel,0.551..0.658 & -3.06..-1.57,57875,2.265394209906828,0.29615550755939524,-0.2970160179001158,-0.13059824039403609,0.007694529871721312,-53.44858431415491,0.0,0.0
dist_high_20 & dd_30d,0.708..1 & -33.6..-25.7,38913,1.5231669095482403,0.30270089687251045,-0.2970693723786375,-0.1078870053105281,0.007641175393199584,-43.199234140246354,0.0,0.0
ret_16 & ema200_rel,0..0.332 & 1.36..2.88,34730,1.3594322403466808,0.3176792398502735,-0.2973050522137984,-0.05261452448624777,0.0074054955580387105,-39.91288810791354,0.0,0.0
dist_high_20 & ret_96,0.463..0.708 & -inf..-4.32,16735,0.6550561054477887,0.2957275171795638,-0.29731753229703234,-0.13669169089702274,0.007393015474804754,-28.72814648342633,0.0,0.0
dist_high_20 & bb_width_pctile,1..1.39 & 0.109..0.233,48739,1.9077848535058126,0.3054637969593139,-0.29749864773573054,-0.09117585826811488,0.0072119000361065555,-47.925150032916065,0.0,0.0
atr_pct & dd_30d,0.461..0.551 & -16.2..-12.2,46667,1.8266808050751093,0.30511924914822036,-0.2975974910657991,-0.098643602937394,0.007113056706038012,-47.38675889260599,0.07142857142857142,0.0
dist_high_20 & ret_16,1..1.39 & -0.331..0,49835,1.9506854505521691,0.3059295675729909,-0.29766099701078164,-0.09473754414144861,0.007049550761055456,-48.738796840603584,0.0,0.0
bb_width_pctile & ret_16,0.62..0.751 & -0.331..0,19731,0.7723281754759677,0.31838224114337843,-0.298022508706494,-0.06598671271716608,0.006688039065343099,-30.60304759408496,0.0,0.0
atr_pct & ema200_rel,0.373..0.461 & 0.541..1.36,51197,2.0039980538159807,0.3160927398089732,-0.29808936578697204,-0.05652474353159154,0.006621181984865054,-48.85660749225472,0.0,0.0
dd_30d & bb_width_pctile,-33.6..-25.7 & -inf..0.109,41453,1.6225898260607818,0.3123296263237884,-0.298451543165009,-0.06913509575082155,0.0062590046068281,-43.932683340141615,0.0,0.0
ret_16 & ema200_rel,0.781..1.63 & 0.541..1.36,53081,2.0777432407095353,0.3180045590701004,-0.29849472071387256,-0.058185329589057595,0.006215827057964529,-49.805781340167535,0.0,0.0
dist_high_20 & ret_96,0.708..1 & 2.07..4.36,44756,1.7518787604076027,0.3042497095361516,-0.29892785890868173,-0.09439726990014165,0.005782688863155361,-46.24615194534437,0.0,0.0
atr_pct & ret_16,0.551..0.658 & -inf..-1.65,35833,1.4026068375566545,0.29523065330840287,-0.29903623441415483,-0.13375862071798952,0.005674313357682259,-42.36396681900381,0.07142857142857142,0.0
dd_30d & bb_width_pctile,-33.6..-25.7 & 0.109..0.233,40231,1.574757226069315,0.30250304491561236,-0.29933771959121597,-0.10056609679192587,0.005372828180621125,-43.96190098119497,0.0,0.0
ret_96 & ret_16,2.07..4.36 & 0.781..1.63,60209,2.3567536930329194,0.30458901493132257,-0.2998176745582298,-0.09548964579608475,0.004892873213607318,-53.892807440351234,0.0,0.0
atr_pct & dd_30d,0.373..0.461 & -25.7..-20.5,45187,1.7687493419103213,0.31564387987695575,-0.2999215923612274,-0.059500825958938554,0.0047889554106096965,-46.19781395760393,0.0,0.0
dist_high_20 & dd_30d,0.463..0.708 & -33.6..-25.7,33223,1.3004439194079405,0.30448785479938595,-0.30014554811769484,-0.10109778088425872,0.004564999654142254,-40.167785248078886,0.0,0.0
dist_low_20 & ema200_rel,1.08..1.46 & -0.0818..0.541,37545,1.4696194490013281,0.3171660673858037,-0.3001626160696829,-0.060628095998554885,0.004547931702154173,-42.191812278520906,0.0,0.0
atr_pct & bb_width_pctile,0.373..0.461 & 0.751..0.879,27753,1.0863323629813253,0.31859618779951715,-0.30026917135514125,-0.06036069354094183,0.004441376416695841,-36.62546023221549,0.07142857142857142,0.0
dist_high_20 & dd_30d,1..1.39 & -8.28..-4.52,36745,1.4383051445879291,0.31441012382637096,-0.3003075780806885,-0.07167415993577844,0.004402969691148617,-41.94386988878645,0.0,0.0
atr_pct & dist_low_20,0.461..0.551 & 0.288..0.524,37533,1.4691497344351272,0.30317320757733196,-0.3005616522668071,-0.1014433568268817,0.004148895505030004,-42.825422619171896,0.0,0.0
dd_30d & ema200_rel,-4.52..inf & 1.36..2.88,66490,2.602610125558618,0.3188750187998195,-0.30078812100460983,-0.04970644855885019,0.003922426767227261,-55.92494529890401,0.0,0.0
dist_high_20 & bb_width_pctile,1..1.39 & 0.36..0.49,48138,1.8842599823152466,0.3053305081224812,-0.30087651498308227,-0.0936883861813868,0.0038340327887548264,-48.33108151361204,0.0,0.0
atr_pct & dd_30d,0.461..0.551 & -33.6..-25.7,45409,1.7774390613850395,0.30165826157810127,-0.30094629995466604,-0.10317286236246483,0.0037642478171710514,-47.06030478938909,0.0,0.0
bb_width_pctile & ret_96,0.233..0.36 & -4.32..-2.24,40252,1.5755792265601667,0.3046308257974759,-0.30147865831042314,-0.1008151012154673,0.0032318894614139504,-44.417916024331525,0.0,0.0
dist_high_20 & bb_width_pctile,1..1.39 & 0.49..0.62,43800,1.714458166633591,0.3055022831050228,-0.3016664052322908,-0.09543809378494442,0.0030441425395462685,-46.35266767825986,0.0,0.0
dd_30d & ret_16,-25.7..-20.5 & -1.65..-0.793,45585,1.7843282083559873,0.29968191290994844,-0.3017185230629284,-0.11798995487181937,0.0029920247089086915,-47.72757743452277,0.0,0.0
dd_30d & ret_96,-8.28..-4.52 & -4.32..-2.24,37264,1.4586202995761217,0.31558608844997854,-0.30183776291627523,-0.07612532757041178,0.0028727848555618607,-42.66127657939463,0.0,0.0
dist_low_20 & dd_30d,1.08..1.46 & -8.28..-4.52,37991,1.487077173711798,0.3141533521097102,-0.30185783180000664,-0.07513500065552932,0.002852715971830455,-42.97891363583514,0.0,0.0
atr_pct & dist_low_20,0.461..0.551 & 0.524..0.777,43514,1.7032633028058008,0.3030748724548421,-0.3020098486780363,-0.10288892348163121,0.0027006990938007736,-46.388348318834645,0.0,0.0
bb_width_pctile & ret_96,0.751..0.879 & -0.984..-0.0475,28644,1.1212086695217485,0.31580784806591256,-0.30207258256479347,-0.07564266642164427,0.0026379652070436244,-37.66848561869612,0.0,0.0
atr_pct & ret_96,0.461..0.551 & 0.849..2.07,43284,1.6942604402869486,0.30228259865077167,-0.30217344946711977,-0.10321888802966321,0.0025370983047173223,-46.24804998371201,0.0,0.0
dist_low_20 & dd_30d,1.08..1.46 & -20.5..-16.2,42346,1.6575444183622383,0.30602654323903083,-0.3022642751738005,-0.09793887551445168,0.002446272598036592,-45.828697954755,0.0,0.0
bb_width_pctile & ret_96,0.36..0.49 & 2.07..4.36,41384,1.6198889673051262,0.3030639860815774,-0.30231815378964944,-0.09899451296703214,0.002392393982187657,-45.02281035037549,0.0,0.0
dist_low_20 & ret_16,0.777..1.08 & -0.331..0,46794,1.8316519509007363,0.30954823267940335,-0.30232612441859336,-0.08297788701952703,0.0023844233532437364,-47.793287703772485,0.0,0.0
atr_pct & ema200_rel,0.461..0.551 & -inf..-3.06,18795,0.735690439312291,0.3034317637669593,-0.30238646428986177,-0.10571158001076054,0.0023240834819753253,-30.622563502549983,0.0,0.0
dist_low_20 & bb_width_pctile,0.288..0.524 & 0.751..0.879,23788,0.9311308417324169,0.31070287539936103,-0.30253491900850044,-0.08959413310591158,0.0021756287633366567,-34.32336773494191,0.0,0.0
bb_width_pctile & ret_96,0.751..0.879 & -0.0475..0.849,27212,1.0651560646217644,0.31706600029398796,-0.3025855295839094,-0.0682495763444215,0.0021250181879277075,-36.56451093012168,0.0,0.0
atr_pct & bb_width_pctile,0.461..0.551 & 0.233..0.36,47501,1.8593259674260776,0.30140418096461125,-0.3026653895703047,-0.10390411648868976,0.0020451582015323932,-48.44272068169896,0.0,0.0
atr_pct & dd_30d,0.461..0.551 & -12.2..-8.28,39402,1.5423077781209305,0.3041469976143343,-0.30298195135980904,-0.10402219427765735,0.0017285964120280495,-44.49266508412401,0.0,0.0
atr_pct & ema200_rel,0.373..0.461 & 1.36..2.88,50076,1.9601188847567055,0.31386292834890966,-0.30303512039366476,-0.06265840083569439,0.001675427378172334,-49.07637938532953,0.0,0.0
atr_pct & ret_16,0.461..0.551 & 0.332..0.781,44519,1.7426018977251332,0.3019160358498619,-0.3031155638155975,-0.1040542302270589,0.0015949839562395818,-47.074375875476505,0.0,0.0
dist_high_20 & ret_16,1.39..1.96 & -1.65..-0.793,122011,4.77586199472902,0.30565276901263,-0.3035504428271779,-0.09743730574341294,0.0011601049446591793,-77.93397722770803,0.0,0.0
dd_30d & ret_16,-8.28..-4.52 & 0.781..1.63,37339,1.461556015614878,0.3100243713007847,-0.30366923229292314,-0.0805747850331156,0.0010413154789139512,-42.85103427820964,0.07142857142857142,0.0
dist_low_20 & ret_96,1.08..1.46 & -0.0475..0.849,36915,1.4449594342757766,0.31599620750372476,-0.30367281365415455,-0.06318351358251263,0.0010377341176825428,-42.37154030083186,0.0,0.0
ret_96 & ret_16,-4.32..-2.24 & -0.793..-0.331,44754,1.7518004746465692,0.308910935335389,-0.3038890766430692,-0.08954402847009921,0.0008214711287679033,-47.132872330607945,0.0,0.0
dist_low_20 & ret_96,-inf..0.288 & 2.07..4.36,22086,0.8645096590929107,0.3187539617857466,-0.30392947225864836,-0.0503909387550377,0.0007810755131887337,-32.451284878372014,0.0,0.0
dist_low_20 & dist_high_20,0.524..0.777 & 1..1.39,42510,1.6639638507669852,0.309691837214773,-0.30394278969443805,-0.07964763043282785,0.0007677580773990389,-45.73726009341434,0.0,0.0
dist_high_20 & ret_96,0.708..1 & -4.32..-2.24,37815,1.4801880267408503,0.30844902816342723,-0.3040215521341511,-0.09208314240319061,0.0006889956376859852,-43.39409063049149,0.0,0.0
atr_pct & ema200_rel,0.461..0.551 & -0.716..-0.0818,38314,1.4997203241187078,0.302552591741922,-0.3040576942568769,-0.10470704971137529,0.0006528535149601944,-43.92170566286704,0.0,0.0
atr_pct & ret_16,0.461..0.551 & -inf..-1.65,21063,0.8244664923242768,0.3056544651759009,-0.30424300676438987,-0.10750656635495855,0.00046754100744722527,-32.856143189145136,0.0,0.0
dd_30d & bb_width_pctile,-25.7..-20.5 & 0.49..0.62,39584,1.5494317823749786,0.29706447049312856,-0.30427206021912145,-0.12211569075624405,0.00043848755271563844,-44.88753532302509,0.0,0.0
bb_width_pctile & ret_96,0.36..0.49 & -4.32..-2.24,41357,1.618832109531174,0.29994922262253065,-0.3049971649391034,-0.11490309575041374,-0.00028661716726630093,-45.80172073381585,0.0,0.0
dist_high_20 & ema200_rel,1..1.39 & -0.0818..0.541,35310,1.3821351110463949,0.3127159444916454,-0.30514641599782427,-0.0732124388305913,-0.00043586822598717934,-41.724427433398624,0.0,0.0
dist_high_20 & ema200_rel,1.39..1.96 & -3.06..-1.57,59073,2.312287380765893,0.29944306197416753,-0.30523398530957163,-0.11859328499698202,-0.000523437537734539,-55.099218112934835,0.0,0.0
dd_30d & ret_16,-4.52..inf & -1.65..-0.793,25061,0.980959728630238,0.30884641474801483,-0.30529204242095115,-0.08740918880128615,-0.000581494649114056,-35.378560109397554,0.07142857142857142,0.0
dist_low_20 & bb_width_pctile,1.08..1.46 & -inf..0.109,32273,1.2632581829170293,0.29854677284417314,-0.30535893385809765,-0.11020907719883376,-0.000648386086260555,-40.23009151829848,0.0,0.0
dist_low_20 & bb_width_pctile,-inf..0.288 & 0.751..0.879,25312,0.9907845916399418,0.318781605562579,-0.3059635571604494,-0.06218900742946357,-0.0012530093886122806,-35.23379325950605,0.0,0.0
bb_width_pctile & ema200_rel,0.62..0.751 & -1.57..-0.716,37491,1.4675057334534236,0.31076791763356537,-0.3061351570536994,-0.08655693477886411,-0.0014246092818623324,-43.60336252210003,0.0,0.0
dd_30d & ret_16,-20.5..-16.2 & 0.781..1.63,40722,1.5939763804030387,0.30298118952900155,-0.30613609465943376,-0.10700896722889515,-0.0014255468875966626,-45.59691882892586,0.0,0.0
dist_low_20 & dd_30d,-inf..0.288 & -33.6..-25.7,28556,1.1177640960362745,0.30235327076621377,-0.30700880484246384,-0.10245332892116758,-0.0022982570706267524,-37.94953691976475,0.0,0.0
dd_30d & ret_16,-12.2..-8.28 & -1.65..-0.793,38890,1.522266623296355,0.3064026742093083,-0.3070713433069996,-0.10063006067233408,-0.0023607955351624965,-44.77032209969937,0.0,0.0
dd_30d & ret_96,-8.28..-4.52 & 2.07..4.36,39495,1.545948066008988,0.3066464109380934,-0.30730985687985535,-0.0918954927283219,-0.002599309108018255,-44.75969492787396,0.0,0.0
bb_width_pctile & ema200_rel,0.49..0.62 & 0.541..1.36,41720,1.6330409751587538,0.32034995206136146,-0.3076793859099926,-0.0490348767246683,-0.0029688381381555162,-45.193506583385854,0.0,0.0
dist_low_20 & ret_96,0.777..1.08 & -0.984..-0.0475,42564,1.6660775663148897,0.3242646367822573,-0.3077529665976843,-0.03829209105620796,-0.003042418825847215,-45.844496414911596,0.0,0.0
bb_width_pctile & ema200_rel,0.49..0.62 & -3.06..-1.57,42969,1.6819304329241729,0.29626009448672297,-0.307830899715754,-0.12950470407014145,-0.0031203519439169103,-47.55167590621877,0.0,0.0
dd_30d & ret_96,-20.5..-16.2 & -4.32..-2.24,47332,1.8527108206187473,0.30243809684779854,-0.3080432642560964,-0.1149847024746123,-0.0033327164842593127,-49.836885820675164,0.0,0.0
atr_pct & dd_30d,0.373..0.461 & -4.52..inf,32852,1.2859219107362267,0.31370997199561673,-0.30856747795225065,-0.066960054860051,-0.0038569301804135536,-40.736597712594424,0.07142857142857142,0.0
dist_high_20 & ret_96,1.39..1.96 & -0.984..-0.0475,33890,1.3265522207126117,0.3031277663027442,-0.30864181973856103,-0.1065505427463701,-0.003931271966723937,-41.999596039993214,0.0,0.0
dd_30d & ret_96,-16.2..-12.2 & 2.07..4.36,38379,1.5022646113522964,0.3015451158185466,-0.30876308152967646,-0.10722093087293812,-0.004052533757839372,-44.54674623701536,0.0,0.0
dist_low_20 & ret_96,0.777..1.08 & -4.32..-2.24,44974,1.7604119083602539,0.3014630675501401,-0.3091258310603133,-0.11307655388091706,-0.004415283288476235,-48.514374633612405,0.0,0.0
bb_width_pctile & ret_96,0.62..0.751 & -2.24..-0.984,39236,1.53581005995515,0.3091548577836681,-0.30932471825238894,-0.09107424093467578,-0.004614170480551849,-45.0993093761121,0.0,0.0
dist_high_20 & bb_width_pctile,1..1.39 & 0.233..0.36,49827,1.950372307508035,0.3029482007746804,-0.3094563836161855,-0.10202033349957089,-0.0047458358443484006,-50.70432055900069,0.0,0.0
ret_16 & ema200_rel,-1.65..-0.793 & -3.06..-1.57,69928,2.7371833487751998,0.3008666056515273,-0.3096184645016347,-0.11649001466017356,-0.004907916729797623,-60.80049845750426,0.0,0.0
ret_16 & ema200_rel,0.781..1.63 & -0.716..-0.0818,30566,1.1964412858749394,0.30576457501799387,-0.3097689844558817,-0.09613333494820023,-0.005058436684044598,-39.8020786335122,0.0,0.0
dd_30d & ret_16,-16.2..-12.2 & -1.65..-0.793,41418,1.6212198252426957,0.30250132792505674,-0.3097951919398784,-0.11012962611943923,-0.00508464416804133,-46.65073216147837,0.0,0.0
dist_low_20 & dd_30d,1.08..1.46 & -4.52..inf,33882,1.3262390776684778,0.31642169883714066,-0.30981497486655135,-0.06086937945388079,-0.005104427094714259,-41.26778679277189,0.0,0.0
dd_30d & bb_width_pctile,-8.28..-4.52 & 0.62..0.751,40404,1.5815289443987126,0.31375606375606374,-0.3100854137197786,-0.07086055265258409,-0.0053748659479415095,-45.37014995483472,0.07142857142857142,0.0
dist_low_20 & ema200_rel,0.288..0.524 & 1.36..2.88,23659,0.9260814101457563,0.31620102286656243,-0.3102799965103781,-0.05964009260368427,-0.005569448738540983,-34.465705421012686,0.0,0.0
atr_pct & dd_30d,0.461..0.551 & -25.7..-20.5,48704,1.9064148526877263,0.29933886333771353,-0.310327298494407,-0.11198555690221443,-0.0056167507225698965,-50.541225041484374,0.0,0.0
ret_96 & ret_16,0.849..2.07 & -1.65..-0.793,29644,1.160351550038497,0.299925785993793,-0.3103760436087566,-0.11438040578173901,-0.0056654958369194985,-39.495745233783296,0.0,0.0
dd_30d & ema200_rel,-16.2..-12.2 & 0.541..1.36,40126,1.5706472236150564,0.3188705577431092,-0.3107991016506542,-0.05720558559285224,-0.006088553878817127,-44.99441569628477,0.07142857142857142,0.0
dist_low_20 & bb_width_pctile,2.04..3.14 & -inf..0.109,6340,0.24816586247618644,0.27287066246056785,-0.3109496203409024,-0.18861883519931025,-0.006239072569065307,-18.713784252473225,0.0,0.0
bb_width_pctile & ret_16,0.109..0.233 & 0.781..1.63,29133,1.1403495380944384,0.2942711015000172,-0.31096789690916377,-0.12310737516076495,-0.006257349137326673,-39.088417292662946,0.0,0.0
dist_high_20 & bb_width_pctile,0.463..0.708 & 0.62..0.751,30436,1.191352711407762,0.3142988566171639,-0.3112510744984034,-0.07089190915524347,-0.006540526726566298,-39.59165740526175,0.0,0.0
dd_30d & ema200_rel,-33.6..-25.7 & -1.57..-0.716,40948,1.6028226713998237,0.2991354889127674,-0.3115088035992423,-0.12142024402776704,-0.006798255827405231,-46.71878528568098,0.0,0.0
dist_high_20 & dd_30d,1..1.39 & -12.2..-8.28,38723,1.515729762250058,0.3080598094155928,-0.31178346777238375,-0.08951465178555662,-0.007072920000546656,-44.96836294107701,0.0,0.0
atr_pct & ret_16,0.461..0.551 & -1.65..-0.793,53510,2.0945355364512204,0.29964492618202204,-0.3118091417858932,-0.1134736526639485,-0.007098594014056103,-53.34610946414458,0.0,0.0
dd_30d & ema200_rel,-20.5..-16.2 & 0.541..1.36,36910,1.4447637198731926,0.3131942562991059,-0.31203538732306135,-0.07185325495439115,-0.00732483955122426,-43.61055647831097,0.0,0.0
ret_16 & ema200_rel,-0.793..-0.331 & 0.541..1.36,36625,1.4336079989259194,0.3153037542662116,-0.31303193142967367,-0.061878200329327275,-0.008321383657836579,-43.20913624439645,0.0,0.0
atr_pct & bb_width_pctile,0.461..0.551 & 0.36..0.49,46470,1.8189696576133099,0.2982139014417904,-0.31308208984470276,-0.11456929231166428,-0.008371542072865668,-49.80234631121599,0.0,0.0
dist_low_20 & bb_width_pctile,1.08..1.46 & 0.36..0.49,48406,1.8947502742937352,0.30155352642234434,-0.31330829228499935,-0.10707700025055611,-0.008597744513162253,-50.67010938515572,0.0,0.0
dist_high_20 & ret_96,0.463..0.708 & 2.07..4.36,44558,1.7441284700652864,0.3057363436419947,-0.3138466703411852,-0.08884399339440173,-0.009136122569348093,-48.31287242183355,0.0,0.0
dd_30d & ema200_rel,-8.28..-4.52 & -3.06..-1.57,23826,0.9326182711920533,0.31721648619155546,-0.3139110741073108,-0.08156257250569411,-0.009200526335473691,-35.79815576173553,0.0,0.0
dd_30d & bb_width_pctile,-25.7..-20.5 & 0.36..0.49,41068,1.6075198170618337,0.29843186909515923,-0.31397037886780266,-0.11734599892668808,-0.009259831095965565,-47.00871618853766,0.0,0.0
dist_low_20 & ret_16,0.288..0.524 & -1.65..-0.793,61295,2.3992628612741087,0.30284688800065257,-0.31454078449010875,-0.1039158288664678,-0.009830236718271657,-57.24063218871728,0.0,0.0
dist_low_20 & ret_16,0.524..0.777 & -0.793..-0.331,52285,2.0465855078182034,0.3084058525389691,-0.3145586004684148,-0.08636082402728588,-0.00984805269657768,-52.65555085342831,0.0,0.0
bb_width_pctile & ret_16,0.233..0.36 & 0.781..1.63,41308,1.6169141083858534,0.29425292921468,-0.31460035112629253,-0.1248102723062934,-0.00988980335445544,-47.13925464833672,0.0,0.0
dist_high_20 & ema200_rel,1..1.39 & -3.06..-1.57,47538,1.8607742540051975,0.3014430560814506,-0.31490289690642087,-0.11340245476936016,-0.010192349134583778,-50.81351627666923,0.0,0.0
dist_low_20 & dd_30d,1.08..1.46 & -16.2..-12.2,41923,1.6409869799036536,0.30412899840183194,-0.31517843766435,-0.10611038481097952,-0.010467889892512905,-47.67564588862866,0.0,0.0
dist_high_20 & ret_96,1..1.39 & -0.984..-0.0475,39650,1.552015212489084,0.31311475409836065,-0.3152148645664195,-0.07174255701553757,-0.010504316794582413,-45.66188797880031,0.0,0.0
bb_width_pctile & ema200_rel,0.62..0.751 & 0.541..1.36,38444,1.5048088985858852,0.3144834044324212,-0.31528419065096036,-0.07063295340550763,-0.010573642879123268,-44.98735503153641,0.0,0.0
bb_width_pctile & ret_16,0.62..0.751 & 0..0.332,17698,0.6927506993854177,0.31427279918634876,-0.31545164429601136,-0.07583640924123551,-0.010741096524174265,-30.63967512000326,0.0,0.0
dist_high_20 & ema200_rel,1.39..1.96 & -1.57..-0.716,47549,1.8612048256908815,0.3033081663126459,-0.3156694933003122,-0.10961935953833704,-0.010958945528475095,-50.90927912965522,0.0,0.0
dist_low_20 & dist_high_20,1.46..2.04 & 0.241..0.463,44780,1.7528181895400046,0.3033720410897722,-0.31586362607818597,-0.09910976596380566,-0.011153078306348874,-49.093565990445825,0.0,0.0
dist_high_20 & ret_96,0.708..1 & -2.24..-0.984,45737,1.790277926194533,0.31950062312788335,-0.3158963223722418,-0.054611411317068946,-0.011185774600404708,-48.86275446459941,0.0,0.0
atr_pct & ret_96,0.461..0.551 & -4.32..-2.24,51807,2.0278752109311973,0.2992066709131971,-0.3163791889344099,-0.11804809846438899,-0.011668641162572824,-53.4498646868549,0.0,0.0
dist_low_20 & ema200_rel,0.777..1.08 & 1.36..2.88,39956,1.5639929339272092,0.3073881269396336,-0.31640825314317883,-0.08301868164179148,-0.011697705371341738,-45.95646539322546,0.0,0.0
ret_96 & ema200_rel,-4.32..-2.24 & -1.57..-0.716,69199,2.70864818887849,0.30603043396580876,-0.3164929748349037,-0.09662902713818802,-0.011782427063066592,-60.89473943600821,0.0,0.0
dist_high_20 & ret_96,1.39..1.96 & -0.0475..0.849,29820,1.1672406970094449,0.2977867203219316,-0.3165616131391542,-0.12195666758748547,-0.011851065367317115,-40.53209462685423,0.0,0.0
ret_16 & ema200_rel,0.781..1.63 & -0.0818..0.541,36540,1.4302808540819958,0.30883962780514507,-0.3167399728906531,-0.08484308363632026,-0.012029425118815995,-44.28253812718809,0.0,0.0
bb_width_pctile & ret_96,0.233..0.36 & 2.07..4.36,40092,1.569316365677487,0.30073331337922776,-0.3169324579832533,-0.1035960864205038,-0.01222191021141622,-46.40255612292004,0.0,0.0
dd_30d & ret_16,-12.2..-8.28 & 0.781..1.63,38563,1.5094669013673783,0.3025957524051552,-0.31738855434170204,-0.10226677287348156,-0.012678006569864952,-45.814739551845996,0.0,0.0
dist_high_20 & ema200_rel,1.39..1.96 & -0.716..-0.0818,33233,1.3008353482131079,0.30003309962988595,-0.31763330376475435,-0.11563464939866094,-0.012922755992917256,-42.89980315032961,0.0,0.0
dist_high_20 & ret_96,1..1.39 & 0.849..2.07,39476,1.5452043512791698,0.3031968791164252,-0.31771610504491477,-0.10221243614479585,-0.013005557273077673,-46.40575391908545,0.0,0.0
dist_high_20 & dd_30d,1..1.39 & -25.7..-20.5,43473,1.7016584447046141,0.29763301359464495,-0.3180153414533144,-0.11969293132190788,-0.0133047936814773,-49.049122954905954,0.0,0.0
dd_30d & ret_16,-16.2..-12.2 & 0.781..1.63,40154,1.5717432242695253,0.2995218409124869,-0.31818234938345596,-0.11451352377090313,-0.013471801611618872,-47.13980999219663,0.0,0.0
dist_low_20 & ema200_rel,1.08..1.46 & -0.716..-0.0818,36941,1.445977149169212,0.3075444627920197,-0.31828456466955024,-0.09189549724765207,-0.013574016897713148,-44.914377489903906,0.0,0.0
dd_30d & bb_width_pctile,-12.2..-8.28 & 0.62..0.751,38727,1.5158863337721251,0.3041289023162135,-0.31859081495585173,-0.10254792852209091,-0.013880267184014639,-46.2193718798871,0.0,0.0
bb_width_pctile & ret_16,0.62..0.751 & 0.332..0.781,33473,1.3102296395371276,0.3222298568995907,-0.3189453593601565,-0.04964689679098323,-0.014234811588319407,-42.180053431143975,0.0,0.0
ret_96 & ret_16,-0.984..-0.0475 & -1.65..-0.793,38926,1.523675766994958,0.3083029337717721,-0.31947663113292296,-0.09118279928256755,-0.014766083361085869,-46.280510761029895,0.0,0.0
dist_high_20 & ema200_rel,0.708..1 & 0.541..1.36,43373,1.6977441566529392,0.31023908883406726,-0.31986937140150784,-0.07724750692878174,-0.015158823629670748,-48.487575375360606,0.0,0.0
ret_96 & ema200_rel,-2.24..-0.984 & -3.06..-1.57,67632,2.6473112951087447,0.2997397681570854,-0.3204699514558351,-0.12319982615386349,-0.01575940368399803,-62.2306372918471,0.0,0.0
atr_pct & ret_96,0.461..0.551 & -0.0475..0.849,36749,1.4384617161099962,0.2960352662657487,-0.32053525786941256,-0.1213860889889075,-0.015824710097575467,-45.54101908257329,0.0,0.0
atr_pct & dist_high_20,0.373..0.461 & -inf..0.241,41473,1.6233726836711169,0.30935789549827597,-0.3213438115024884,-0.07934948583400518,-0.016633263730651326,-47.72403249438229,0.0,0.0
dd_30d & ret_96,-20.5..-16.2 & -2.24..-0.984,45085,1.764756768097613,0.3094377287346124,-0.3215421761546785,-0.0884494642318905,-0.016831628382841413,-50.182504228599015,0.0,0.0
dist_low_20 & bb_width_pctile,1.08..1.46 & 0.233..0.36,50032,1.9583965980139686,0.2980892228973457,-0.3216156100015328,-0.11591931361309196,-0.016905062229695733,-53.008250962844095,0.0,0.0
dist_high_20 & dd_30d,1..1.39 & -16.2..-12.2,41817,1.6368378345688783,0.3014802592247172,-0.3218946050643297,-0.1093048914056789,-0.017184057292492616,-48.57582695223168,0.0,0.0
dist_low_20 & ema200_rel,0.524..0.777 & 1.36..2.88,31810,1.2451350292377745,0.3105312794718642,-0.32190085026405424,-0.07486815610669287,-0.017190302492217147,-41.649883579918594,0.0,0.0
ret_96 & ret_16,-2.24..-0.984 & -1.65..-0.793,54364,2.127963556412524,0.30569862408947096,-0.32211335911293887,-0.0999411617291034,-0.017402811341101776,-55.272411838231065,0.0,0.0
atr_pct & dist_high_20,0.373..0.461 & 0.463..0.708,53683,2.1013072547806178,0.3089618687480208,-0.3223528233070797,-0.08071569421285597,-0.017642275535242613,-54.5662923254862,0.0,0.0
dd_30d & ret_96,-25.7..-20.5 & -4.32..-2.24,51364,2.0105349148622778,0.292792617397399,-0.3225576678806431,-0.1422271776249168,-0.017847120108806014,-54.77064924805596,0.0,0.0
dist_low_20 & ret_96,0.524..0.777 & -4.32..-2.24,43242,1.6926164393052452,0.3014199158225799,-0.32262387396504283,-0.11126575080315548,-0.017913326193205736,-49.559445411999526,0.0,0.0
ret_96 & ema200_rel,-0.984..-0.0475 & -3.06..-1.57,24220,0.9480405661156524,0.2931461601981833,-0.3226536876220826,-0.1430339125615373,-0.017943139850245482,-37.71033391371238,0.0,0.0
dd_30d & ema200_rel,-20.5..-16.2 & -3.06..-1.57,48625,1.9033225651269032,0.2964935732647815,-0.3229185935449749,-0.13169246957674055,-0.018208045773137782,-53.28452808601957,0.0,0.0
dist_high_20 & ret_16,0.241..0.463 & 0.781..1.63,63972,2.5040483524174446,0.3020852873131995,-0.3229277711812375,-0.1031703262145528,-0.018217223409400407,-59.98629024317622,0.0,0.0
dd_30d & bb_width_pctile,-20.5..-16.2 & 0.36..0.49,41129,1.6099075327733552,0.30112572637311874,-0.32313549340449055,-0.10799683473822919,-0.018424945632653456,-48.19779700404797,0.0,0.0
dist_low_20 & dist_high_20,0.288..0.524 & 1.39..1.96,45406,1.7773216327434893,0.300158569352068,-0.3234972669152382,-0.10938079079139314,-0.01878671914340113,-50.709280504265216,0.0,0.0
atr_pct & ema200_rel,0.461..0.551 & -1.57..-0.716,48740,1.9078239963863293,0.29727123512515385,-0.3235491142225265,-0.12453007927065471,-0.01883856645068943,-53.211628670687,0.0,0.0
dist_high_20 & bb_width_pctile,0.708..1 & 0.49..0.62,38268,1.4979197516149374,0.3080641789484687,-0.323703067834864,-0.08874333183374053,-0.01899252006302693,-46.31237822410042,0.0,0.0
ret_96 & ema200_rel,2.07..4.36 & 0.541..1.36,65723,2.5725875362022714,0.30455091824779756,-0.32393993009707867,-0.09790813638676567,-0.019229382325241573,-60.9301064836995,0.0,0.0
dist_high_20 & ret_16,0.708..1 & 0..0.332,42237,1.6532778443859129,0.30378578024007385,-0.32413733110391263,-0.10029436727218802,-0.019426783332075537,-48.90903696342679,0.0,0.0
dist_high_20 & dd_30d,0.708..1 & -4.52..inf,39884,1.5611746465300032,0.31559021161367967,-0.32419495063238873,-0.061640604615956725,-0.01948440286055164,-46.680844140173164,0.0,0.0
bb_width_pctile & ema200_rel,0.36..0.49 & -3.06..-1.57,42607,1.6677607101771097,0.29218203581571106,-0.3243275992233807,-0.13848244019443773,-0.019617051451543632,-49.93582233812685,0.0,0.0
dist_low_20 & bb_width_pctile,0.777..1.08 & 0.49..0.62,39695,1.5537766421123378,0.30938405340723013,-0.3244647964914147,-0.08542569112170496,-0.019754248719577594,-47.26359799776764,0.0,0.0
atr_pct & ret_96,0.373..0.461 & -0.984..-0.0475,47163,1.8460956738114167,0.309373873587346,-0.3256333153144567,-0.08397420661795298,-0.020922767542619625,-51.89230948530411,0.0,0.0
dd_30d & ret_96,-16.2..-12.2 & -4.32..-2.24,43125,1.6880367222847856,0.2995478260869565,-0.3257288324533866,-0.1264852720678406,-0.02101828468154948,-50.408562375888124,0.0,0.0
dist_high_20 & dd_30d,0.708..1 & -25.7..-20.5,41850,1.6381295496259312,0.3011230585424134,-0.3257893142306998,-0.10857171730526921,-0.021078766458862697,-49.007583091152966,0.0,0.0
dist_low_20 & bb_width_pctile,0.777..1.08 & 0.62..0.751,34057,1.3330890817589087,0.30660363508236194,-0.32617242421425,-0.09419186883866787,-0.02146187644241293,-44.227248660406964,0.0,0.0
dd_30d & ret_96,-12.2..-8.28 & -4.32..-2.24,40473,1.5842298031543682,0.3000518864428137,-0.3262111268544152,-0.11934661232265532,-0.02150057908257813,-48.74750308051655,0.0,0.0
atr_pct & ret_96,0.373..0.461 & -2.24..-0.984,53576,2.0971189665653256,0.3090189637150963,-0.326315208139876,-0.08491324316519344,-0.02160466036803893,-55.38009176276972,0.0,0.0
dist_low_20 & ret_96,0.777..1.08 & -2.24..-0.984,44826,1.754618762043775,0.30781243028599475,-0.3264495027917955,-0.09110719483658995,-0.021738955019958428,-50.69196376058267,0.0,0.0
ret_96 & ema200_rel,-4.32..-2.24 & -3.06..-1.57,142268,5.568779325356797,0.297579216689628,-0.3267613489330979,-0.12983226576932974,-0.02205080116126079,-92.07966755844596,0.0,0.0
dist_low_20 & bb_width_pctile,0.777..1.08 & -inf..0.109,48965,1.9166311445025976,0.30433983457571734,-0.32701395195417543,-0.09100824878486766,-0.022303404182338338,-52.62498181013008,0.0,0.0
atr_pct & dist_high_20,0.461..0.551 & 1.96..3.07,37272,1.4589334426202558,0.2956374758531874,-0.327031285352221,-0.13017535324371812,-0.022320737580383887,-47.17051195346847,0.0,0.0
ret_96 & ema200_rel,0.849..2.07 & -3.06..-1.57,7840,0.30688018325130945,0.28073979591836734,-0.32707415593249567,-0.17629760597688196,-0.022363608160658577,-21.904498234580615,0.07142857142857142,0.0
bb_width_pctile & ema200_rel,0.49..0.62 & -1.57..-0.716,41605,1.6285395438993275,0.3058526619396707,-0.32765207322713646,-0.09680133126180505,-0.022941525455299372,-49.11804837583553,0.0,0.0
ret_96 & ret_16,2.07..4.36 & -0.331..0,35150,1.375872250163715,0.3049217638691323,-0.3276784213312965,-0.09275119006088535,-0.022967873559459395,-44.915905267747895,0.0,0.0
dd_30d & ret_96,-25.7..-20.5 & 2.07..4.36,36333,1.4221782778150287,0.2911678088789805,-0.3278927008110379,-0.1387690219430511,-0.023182153039200792,-46.54255827401334,0.0,0.0
dist_high_20 & ema200_rel,0.708..1 & -3.06..-1.57,37773,1.478544025759147,0.3011939745320732,-0.32818767294837775,-0.11709316469999509,-0.02347712517654066,-47.35560102393778,0.0,0.0
dist_low_20 & ema200_rel,0.777..1.08 & -3.06..-1.57,44557,1.7440893271847697,0.294184976546895,-0.328230654039573,-0.13788690970021847,-0.02352010626773593,-51.853713576699654,0.0,0.0
dist_low_20 & dd_30d,1.08..1.46 & -12.2..-8.28,40015,1.5663023638776974,0.3011870548544296,-0.32833231410400027,-0.11003613731108039,-0.023621766332163174,-48.527270025467494,0.0,0.0
dist_high_20 & bb_width_pctile,0.241..0.463 & 0.62..0.751,29640,1.16019497851643,0.31032388663967614,-0.3285880327836176,-0.07840593588346251,-0.023877485011780497,-41.142160521062635,0.0,0.0
bb_width_pctile & ret_96,0.62..0.751 & 0.849..2.07,37524,1.4687974485104764,0.30798955335252104,-0.3287710597322783,-0.08888608981499407,-0.024060511960441233,-46.593077647712754,0.0,0.0
dist_high_20 & ret_96,0.463..0.708 & -2.24..-0.984,42837,1.676763572695962,0.32399561127063053,-0.32880423500593253,-0.04035395446878555,-0.02409368723409544,-48.94760201878189,0.0,0.0
bb_width_pctile & ret_96,0.36..0.49 & -2.24..-0.984,43088,1.686588435705666,0.30790475306349796,-0.329029932478723,-0.08777349014580219,-0.024319384706885883,-49.79487366347074,0.0,0.0
dist_low_20 & dd_30d,0.777..1.08 & -20.5..-16.2,43968,1.7210341705604046,0.3032887554585153,-0.3290859514363228,-0.10311777228680884,-0.024375403664485706,-50.82380034181564,0.0,0.0
atr_pct & bb_width_pctile,0.373..0.461 & -inf..0.109,53057,2.076803811577133,0.30574664982942873,-0.3292859788086242,-0.08714841343602905,-0.02457543103678711,-55.25200746873743,0.0,0.0
dist_low_20 & ret_96,1.08..1.46 & 2.07..4.36,45671,1.7876944960804277,0.29635873968163606,-0.32938646802356203,-0.12083391083035257,-0.024675920251724937,-52.00973739931702,0.0,0.0
dist_low_20 & dd_30d,0.777..1.08 & -25.7..-20.5,41851,1.6381686925064478,0.29822465413012833,-0.3297344267157672,-0.11823273108199459,-0.0250238789439301,-49.8406526201765,0.0,0.0
atr_pct & dist_low_20,0.373..0.461 & 1.46..2.04,43107,1.6873321504354841,0.3060755793722597,-0.32980380024477274,-0.09045883954428165,-0.025093252472935645,-50.25136816414863,0.0,0.0
bb_width_pctile & ret_96,-inf..0.109 & 2.07..4.36,33907,1.3272176496813965,0.30468634795175037,-0.32985421489891886,-0.08719408010659084,-0.02514366712708177,-44.01888284100963,0.0,0.0
dist_high_20 & ret_96,1..1.39 & -0.0475..0.849,35985,1.4085565553952002,0.3045713491732666,-0.3307111561882184,-0.09679410694190416,-0.0260006084163813,-46.02911159014676,0.0,0.0
dist_high_20 & ret_16,1..1.39 & -0.793..-0.331,89991,3.522506960582728,0.3047638097143048,-0.3307210539070949,-0.09562334940858631,-0.026010506135257794,-72.67653561350596,0.0,0.0
dd_30d & ret_96,-25.7..-20.5 & 0.849..2.07,36758,1.438814002034647,0.30200228521682354,-0.3312947337576206,-0.10541502231977581,-0.026584185985783493,-46.61774445180119,0.0,0.0
ret_16 & ema200_rel,0.332..0.781 & 1.36..2.88,51176,2.003176053325129,0.30383382835704237,-0.33202388041146813,-0.09312871325389019,-0.02731333263963104,-54.69169160352142,0.0,0.0
dd_30d & bb_width_pctile,-12.2..-8.28 & 0.49..0.62,39497,1.5460263517700215,0.3068840671443401,-0.3320285494991011,-0.09168688672640149,-0.027318001727264007,-48.206922470133236,0.0,0.0
dd_30d & bb_width_pctile,-25.7..-20.5 & 0.109..0.233,43018,1.6838484340694935,0.3019433725417267,-0.3320530775740452,-0.0993254346210479,-0.027342529802208082,-50.249414304382555,0.0,0.0
dist_low_20 & bb_width_pctile,0.777..1.08 & 0.109..0.233,53021,2.0753946678785304,0.3044642688745969,-0.33207700771300686,-0.0922682312979795,-0.027366459941169763,-55.738876614090394,0.0,0.0
ret_96 & ret_16,0.849..2.07 & 0.781..1.63,50951,1.9943689052088605,0.30431198602578946,-0.3322123208718656,-0.0951663216005576,-0.027501773100028493,-54.825003214674986,0.0,0.0
dist_low_20 & dist_high_20,1.08..1.46 & 0.463..0.708,42143,1.6495984136173385,0.3009752509313528,-0.332354189135958,-0.1069030864267356,-0.027643641364120897,-50.19854198193493,0.0,0.0
atr_pct & ret_16,0.373..0.461 & -inf..-1.65,10063,0.3938948066400417,0.3092517142005366,-0.332911879653803,-0.0960564526882577,-0.028201331881965885,-24.747807625344258,0.0,0.0
dist_low_20 & ret_16,1.08..1.46 & 0.332..0.781,81104,3.1746441814303825,0.30319096468731505,-0.33317793631478854,-0.09926022615760338,-0.028467388542951444,-69.55304094602154,0.0,0.0
dist_low_20 & ema200_rel,1.08..1.46 & -1.57..-0.716,39803,1.5580040732081466,0.2967113031681029,-0.33348180718422604,-0.129100422471295,-0.02877125941238895,-49.61663260985104,0.0,0.0
atr_pct & ret_16,0.373..0.461 & 0..0.332,42491,1.663220136037167,0.3060883481207785,-0.33367304415743654,-0.09181526235368681,-0.028962496385599446,-50.45239541068694,0.0,0.0
dist_low_20 & dist_high_20,0.777..1.08 & 0.708..1,40982,1.6041535293373932,0.30091259577375434,-0.3338982001952296,-0.10710782634284224,-0.029187652423392496,-49.74488747356371,0.0,0.0
dist_high_20 & ema200_rel,-inf..0.241 & 1.36..2.88,51722,2.0245480660872737,0.3150303545879896,-0.33411876616005554,-0.05952724860617369,-0.029408218388218443,-54.75411514182564,0.0,0.0
dd_30d & bb_width_pctile,-4.52..inf & 0.62..0.751,43021,1.6839658627110436,0.318077218102787,-0.33413156577035974,-0.05405248540479751,-0.029421017998522647,-49.67192270332078,0.0,0.0
dist_high_20 & ema200_rel,0.241..0.463 & 1.36..2.88,46501,1.820183086909329,0.3051117180275693,-0.33423742285181035,-0.09136333945994125,-0.029526875079973258,-52.52799221146829,0.0,0.0
dist_low_20 & bb_width_pctile,0.524..0.777 & 0.62..0.751,30028,1.1753824161569284,0.3084454509124817,-0.334463722138043,-0.08793374163434549,-0.029753174366205892,-42.464980110707295,0.0,0.0
atr_pct & dist_low_20,0.373..0.461 & 0.777..1.08,56424,2.208597890277026,0.30591592230256626,-0.3344996914873476,-0.09334849027551434,-0.029789143715510502,-58.35693163819967,0.0,0.0
dist_high_20 & ema200_rel,1..1.39 & -1.57..-0.716,51522,2.016719489983924,0.30563642715733086,-0.33497028483004354,-0.09468374636427246,-0.03025973705820645,-55.69830185837524,0.0,0.0
dd_30d & ret_96,-25.7..-20.5 & -0.0475..0.849,34241,1.3402913717739906,0.3088694839519874,-0.3350534428708134,-0.08337258048387138,-0.030342895098976308,-45.146632869133484,0.0,0.0
dd_30d & ret_16,-20.5..-16.2 & -0.793..-0.331,43724,1.7114833077143181,0.30601042905498127,-0.3354598273372721,-0.09362972830080653,-0.030749279565434995,-51.33419743575329,0.0,0.0
dd_30d & bb_width_pctile,-20.5..-16.2 & 0.233..0.36,42403,1.659775562551693,0.30160601844209134,-0.33550480717243014,-0.10292406154516712,-0.03079425940059305,-50.53374937392496,0.0,0.0
dist_high_20 & ret_16,0.463..0.708 & 0.332..0.781,53613,2.0985672531444455,0.30177382351295395,-0.3363069541578853,-0.10338169759395087,-0.031596406386048215,-57.16670046697871,0.0,0.0
atr_pct & ret_96,0.373..0.461 & 2.07..4.36,50864,1.9909634746039033,0.3028271469015414,-0.33643272883243336,-0.09596924243905296,-0.031722181060596266,-55.498206458733705,0.0,0.0
atr_pct & ret_96,0.373..0.461 & -0.0475..0.849,44509,1.7422104689199658,0.3039834640185131,-0.3364330085123117,-0.09481936676010254,-0.031722460740474634,-52.155638797351266,0.0,0.0
dd_30d & ret_16,-25.7..-20.5 & 0.332..0.781,38515,1.5075880431025743,0.3000129819550824,-0.3369344091773014,-0.11258842770363862,-0.032223861405464294,-48.754208368701086,0.0,0.0
dd_30d & ret_96,-25.7..-20.5 & -2.24..-0.984,43720,1.711326736192251,0.29871912168344006,-0.3371999356902945,-0.1187861770834575,-0.0324893879184574,-52.1184877006675,0.0,0.0
atr_pct & dist_high_20,0.373..0.461 & 0.241..0.463,48681,1.905514566435841,0.30416384215607734,-0.33730131679641223,-0.09521649905285706,-0.03259076902457514,-54.57977532223301,0.0,0.0
bb_width_pctile & ret_16,0.49..0.62 & -0.331..0,29274,1.1458686842473,0.31194916991186716,-0.3374693868201131,-0.07997331206803628,-0.032758839048276034,-42.02594827884608,0.0,0.0
atr_pct & dd_30d,0.373..0.461 & -8.28..-4.52,41031,1.606071530482714,0.30603689893007724,-0.33750015562304814,-0.09586071305592325,-0.032789607851211044,-50.41276522464054,0.07142857142857142,0.0
dist_low_20 & ret_96,0.288..0.524 & -4.32..-2.24,41055,1.6070109596151159,0.30030446961393253,-0.3376165483367024,-0.11242151544901069,-0.03290600056486531,-50.368159364109545,0.0,0.0
atr_pct & dist_low_20,0.373..0.461 & 0.524..0.777,53816,2.1065132578893455,0.30427753827857884,-0.3378897939029553,-0.09625113624298967,-0.03317924613111822,-57.61873536458237,0.0,0.0
atr_pct & dd_30d,0.373..0.461 & -33.6..-25.7,33577,1.3143004991108695,0.3024689519611639,-0.33831387162627713,-0.09871651831873111,-0.03360332385444004,-45.34717811458596,0.0,0.0
bb_width_pctile & ema200_rel,0.36..0.49 & 0.541..1.36,44556,1.7440501843042528,0.3143459915611814,-0.33840701141292234,-0.06541703473254695,-0.03369646364108525,-51.46642601636543,0.0,0.0
bb_width_pctile & ema200_rel,0.62..0.751 & -0.716..-0.0818,32326,1.265332755584417,0.3099053393553177,-0.33843064030470643,-0.08426377675226315,-0.03372009253286934,-44.608511994538034,0.0,0.0
bb_width_pctile & ema200_rel,0.233..0.36 & -3.06..-1.57,41137,1.6102206758174893,0.29022534458030486,-0.33864159620222656,-0.14472942561971736,-0.033931048430389465,-51.294169381293,0.0,0.0
atr_pct & ret_16,0.373..0.461 & -0.331..0,49386,1.9331102972001488,0.3040537804236018,-0.3388515591973202,-0.09721371691834024,-0.03414101142548309,-55.361400757164894,0.0,0.0
dist_low_20 & dist_high_20,-inf..0.288 & 1.39..1.96,49693,1.9451271615187908,0.30366450003018536,-0.3392272741575099,-0.09480093861472537,-0.034516726385672825,-55.2148373857997,0.0,0.0
ret_96 & ret_16,-4.32..-2.24 & -0.331..0,37276,1.4590900141423226,0.3017222877991201,-0.339348377949467,-0.11148539521735866,-0.03463783017762989,-48.279229716090036,0.0,0.0
atr_pct & ret_16,0.373..0.461 & 0.781..1.63,50177,1.964072315688897,0.3024891882735118,-0.3394114504899296,-0.09902402450686008,-0.03470090271809251,-55.80815328308372,0.0,0.0
ret_16 & ema200_rel,-1.65..-0.793 & -0.716..-0.0818,38357,1.501403467980928,0.3000495346351383,-0.3394534752447704,-0.11307161842847888,-0.03474292747293328,-49.12875821213421,0.0,0.0
dd_30d & bb_width_pctile,-16.2..-12.2 & 0.49..0.62,39903,1.5619183612598215,0.29699521339247675,-0.3396566182504992,-0.12307367231319187,-0.034946070478662106,-50.1733735565621,0.0,0.0
atr_pct & ret_96,0.373..0.461 & 0.849..2.07,51741,2.025291780817092,0.3026033513074738,-0.33978634551889336,-0.09826774273428449,-0.03507579774705627,-56.704677105071084,0.0,0.0
dist_low_20 & ret_96,0.524..0.777 & 2.07..4.36,34257,1.3409176578622586,0.30314972122485917,-0.33994646605676115,-0.09765086016943098,-0.03523591828492406,-45.982116561593294,0.0,0.0
bb_width_pctile & ret_96,0.109..0.233 & -4.32..-2.24,38626,1.5119329028399333,0.2938953036814581,-0.34010358936952717,-0.12847071488116749,-0.03539304159769008,-49.335428586835036,0.0,0.0
atr_pct & dist_high_20,0.373..0.461 & 0.708..1,57514,2.251263630040282,0.30305664707723334,-0.341202574019309,-0.09997662381477777,-0.03649202624747189,-60.15994318362703,0.0,0.0
dist_high_20 & ret_96,0.463..0.708 & -4.32..-2.24,32597,1.2759404762044557,0.30064116329723595,-0.3412330286591779,-0.11536683809491899,-0.03652248088734078,-45.580698117980454,0.0,0.0
bb_width_pctile & ret_96,0.233..0.36 & -2.24..-0.984,44429,1.7390790384786259,0.3080645524319701,-0.341262152955318,-0.08486181125648917,-0.036551605183480884,-52.23966402671235,0.0,0.0
dd_30d & ret_96,-25.7..-20.5 & -0.984..-0.0475,37133,1.4534925822284277,0.3078932485928958,-0.34133968858842095,-0.08790685392389087,-0.03662914081658386,-47.94446230132133,0.0,0.0
dist_low_20 & ret_96,0.288..0.524 & 2.07..4.36,28465,1.1142020939092503,0.3062708589495872,-0.3414281741152395,-0.0893080021926275,-0.03671762634340242,-41.97528363475864,0.0,0.0
bb_width_pctile & ret_96,0.62..0.751 & -0.984..-0.0475,34384,1.3458888036878855,0.3093590041879944,-0.3416898816925801,-0.08459162692010325,-0.036979333920742985,-46.391742062098054,0.0,0.0
dist_high_20 & dd_30d,0.463..0.708 & -25.7..-20.5,39193,1.5341269160929298,0.30308983747097695,-0.3419088105711783,-0.10411106331192166,-0.037198262799341186,-49.70675452746288,0.0,0.0
dist_low_20 & ema200_rel,0.777..1.08 & -0.0818..0.541,44137,1.7276493173677352,0.31787389265242316,-0.34202056381121787,-0.05558728883193043,-0.03731001603938078,-51.8894866334125,0.07142857142857142,0.0
dist_low_20 & ret_96,0.777..1.08 & 2.07..4.36,39835,1.5592566453846826,0.29775323208233967,-0.3421148218951086,-0.11494437064466895,-0.03740427412327152,-50.217666994230214,0.0,0.0
bb_width_pctile & ema200_rel,-inf..0.109 & -inf..-3.06,11969,0.4685011369049646,0.27521096165093156,-0.34212987092737124,-0.18208367431179484,-0.037419323155534145,-28.29282254524306,0.0,0.0
dd_30d & ema200_rel,-25.7..-20.5 & -1.57..-0.716,46817,1.8325522371526217,0.29927163209945107,-0.3421500690227193,-0.11700175796126305,-0.037439521250882235,-54.66972944247214,0.0,0.0
bb_width_pctile & ret_16,0.49..0.62 & -0.793..-0.331,42952,1.681265003955388,0.30834419817470665,-0.34217678679343705,-0.0891722725659308,-0.037466239021599956,-51.78684677326281,0.0,0.0
dd_30d & ema200_rel,-20.5..-16.2 & -1.57..-0.716,49374,1.932640582633948,0.30443148215660065,-0.3424662414282788,-0.10482718944114053,-0.03775569365644171,-56.17251853298793,0.0,0.0
atr_pct & ema200_rel,0.373..0.461 & -0.0818..0.541,44848,1.7554799054151435,0.30177488405280056,-0.34253962825015416,-0.10081350957477081,-0.03782908047831707,-53.2860935534598,0.0,0.0
dd_30d & ema200_rel,-16.2..-12.2 & -3.06..-1.57,45816,1.7933702137553562,0.2936528723590012,-0.3428594904320453,-0.14298510822060598,-0.038148942660208185,-55.2084280499303,0.0,0.0
ret_96 & ema200_rel,-0.0475..0.849 & -3.06..-1.57,12467,0.48799429140230544,0.2824256035934868,-0.34290371582574736,-0.17753604295260075,-0.038193168053910265,-29.08881629881495,0.0,0.0
bb_width_pctile & ret_16,0.62..0.751 & -0.793..-0.331,33519,1.312030212040898,0.3078254124526388,-0.3429419320824662,-0.09359908863940351,-0.03823138431062911,-46.16162129296698,0.0,0.0
bb_width_pctile & ret_96,0.62..0.751 & -0.0475..0.849,33166,1.2982127752184858,0.3114032442863173,-0.3429946501956196,-0.0781437393183774,-0.038284102423782496,-45.51282982492335,0.0,0.0
ret_96 & ema200_rel,2.07..4.36 & -0.0818..0.541,25527,0.9992003109510428,0.289928311199906,-0.3430536343190535,-0.14293795503332443,-0.03834308654721641,-40.88856063950288,0.0,0.0
bb_width_pctile & ema200_rel,0.62..0.751 & -0.0818..0.541,31690,1.2404378835757648,0.3124960555380246,-0.3430771842323423,-0.07802858977176207,-0.0383666364605052,-44.469781675038476,0.0,0.0
ret_16 & ema200_rel,-1.65..-0.793 & -1.57..-0.716,57945,2.2681342115430008,0.3003365260160497,-0.34319399008325274,-0.11548027265733804,-0.03848344231141565,-61.082380217577814,0.0,0.0
dist_low_20 & ret_96,1.08..1.46 & 0.849..2.07,44799,1.753561904269823,0.3025737181633519,-0.34323756910306635,-0.1025179124313383,-0.03852702133122926,-53.25224251934434,0.0,0.0
ret_96 & ret_16,-0.984..-0.0475 & 0.332..0.781,43519,1.7034590172083846,0.3250764034100048,-0.3437900615586606,-0.032750371802024954,-0.039079513786823505,-51.434537252948985,0.0,0.0
dd_30d & ret_96,-16.2..-12.2 & -2.24..-0.984,44648,1.747651329311794,0.3070014334348683,-0.34391778857802197,-0.09316347240023273,-0.03920724080618487,-53.3567015871064,0.0,0.0
dist_high_20 & ret_96,-inf..0.241 & 2.07..4.36,45203,1.7693756279985893,0.3092936309536978,-0.3439562279320073,-0.07728272081192537,-0.039245680160170215,-52.97777245642069,0.0,0.0
dist_high_20 & bb_width_pctile,0.708..1 & 0.36..0.49,43913,1.7188813121319835,0.30214287340878554,-0.3440238266545709,-0.10326749301766493,-0.03931327888273378,-52.871934571281976,0.0,0.0
dist_high_20 & dd_30d,0.708..1 & -20.5..-16.2,43922,1.7192335980566342,0.29991803651928417,-0.3442954283987016,-0.11111991953670229,-0.039584880626864494,-53.19261701259082,0.0,0.0
atr_pct & ret_16,0.373..0.461 & 0.332..0.781,51724,2.0246263518483074,0.3014074704199211,-0.34482557267843356,-0.10330952197077158,-0.040115024906596464,-57.67125695690306,0.0,0.0
dd_30d & ret_16,-25.7..-20.5 & -0.793..-0.331,41613,1.6288526869434616,0.29675822459327617,-0.34495571792988744,-0.12039708171157597,-0.04024517015805035,-51.967400965343465,0.0,0.0
bb_width_pctile & ret_96,0.109..0.233 & -2.24..-0.984,44708,1.7499999021427988,0.3111076317437595,-0.34511237408423945,-0.07113194375944458,-0.040401826312402356,-52.7247318582063,0.0,0.0
atr_pct & bb_width_pctile,0.373..0.461 & 0.62..0.751,35089,1.3734845344521935,0.302117472712246,-0.3453090732172961,-0.10509401684465959,-0.040598525445459,-47.78664405488356,0.0,0.0
ret_96 & ema200_rel,-2.24..-0.984 & -0.716..-0.0818,68095,2.6654344487879995,0.31852558925031205,-0.3454062119590455,-0.05461271443533068,-0.04069566418720838,-64.83864944676775,0.0,0.0
dist_high_20 & ret_96,0.241..0.463 & 2.07..4.36,43667,1.7092521635248634,0.30155494996221405,-0.3458230928107383,-0.10181109347918597,-0.041112545038901216,-52.88041872982194,0.0,0.0
ret_16 & ema200_rel,-0.793..-0.331 & -3.06..-1.57,48980,1.917218287710349,0.29418129848917923,-0.3462471476724409,-0.1340504605470299,-0.04153659990060382,-57.11480397359972,0.0,0.0
ret_96 & ret_16,-2.24..-0.984 & -0.793..-0.331,53021,2.0753946678785304,0.31402651779483604,-0.34630889074034843,-0.07049255998278882,-0.04159834296851134,-57.847588869993906,0.0,0.0
dist_low_20 & ret_96,0.524..0.777 & -2.24..-0.984,47879,1.8741219762614088,0.30994799390129285,-0.3464259317047074,-0.08198928552651752,-0.04171538393287033,-55.40113384074468,0.0,0.0
ret_96 & ret_16,-2.24..-0.984 & 0.332..0.781,38364,1.5016774681445453,0.3064591804817016,-0.346671287051414,-0.0917071093336752,-0.041960739279576886,-49.60387836562231,0.0,0.0
atr_pct & bb_width_pctile,0.373..0.461 & 0.109..0.233,52686,2.0622818029054195,0.2998899138291007,-0.34699106877524843,-0.10587439504188584,-0.04228052100341134,-58.483302820750296,0.0,0.0
dd_30d & bb_width_pctile,-25.7..-20.5 & 0.233..0.36,41313,1.617109822788437,0.29223246919855733,-0.34704188103731476,-0.13283218224708196,-0.042331333265477666,-52.16569675982757,0.0,0.0
dist_high_20 & ret_16,-inf..0.241 & 0.781..1.63,81515,3.1907319053227665,0.3067778936392075,-0.3471450104670962,-0.08725587123118726,-0.042434462695259134,-72.2310472462353,0.0,0.0
bb_width_pctile & ret_96,0.49..0.62 & -0.984..-0.0475,39030,1.5277466265686999,0.31491160645657185,-0.34719065216014694,-0.06790129575728747,-0.04248010438830985,-49.73151227341347,0.0,0.0
dd_30d & ret_16,-20.5..-16.2 & 0.332..0.781,40746,1.5949158095354405,0.302606390811368,-0.3472185124531152,-0.10278985051518681,-0.0425079646812781,-51.46049389582216,0.0,0.0
atr_pct & ema200_rel,0.373..0.461 & -inf..-3.06,8661,0.33901648815556007,0.3006581226186353,-0.34754989448887563,-0.10979948492610032,-0.04283934671703854,-23.857252916455042,0.0,0.0
dist_high_20 & ema200_rel,1..1.39 & -0.716..-0.0818,40602,1.5892792347410287,0.3031624057928181,-0.34771303003710685,-0.10384004347932826,-0.04300248226526976,-51.62071019376868,0.0,0.0
atr_pct & ret_96,0.373..0.461 & 4.36..inf,14630,0.5726603419600328,0.2980861244019139,-0.34859354810296606,-0.11067099275105133,-0.04388300033112896,-30.985982238183063,0.0,0.0
atr_pct & dist_high_20,0.373..0.461 & 1..1.39,55820,2.18495559044491,0.3000537441777141,-0.3487775029098262,-0.10823587793544004,-0.04406695513798908,-60.750506400733485,0.0,0.0
ret_96 & ret_16,-0.0475..0.849 & -1.65..-0.793,31595,1.2367193099266736,0.2932742522551037,-0.34890130083718157,-0.13299853589549746,-0.04419075306534448,-46.133311559359036,0.0,0.0
atr_pct & ret_16,0.373..0.461 & -0.793..-0.331,53373,2.0891729618204256,0.3004328031026924,-0.3490241902101208,-0.10763703423920168,-0.04431364243828373,-59.43754722032759,0.0,0.0
dist_high_20 & bb_width_pctile,0.463..0.708 & 0.49..0.62,35318,1.382448254090529,0.30788832889744605,-0.349037296074616,-0.08666608092218281,-0.044326748302778884,-47.77628144798135,0.0,0.0
dist_high_20 & dd_30d,0.708..1 & -12.2..-8.28,41438,1.6220026828530305,0.3062406486799556,-0.3492107530280771,-0.09065611501974852,-0.04450020525623999,-51.98023058960302,0.0,0.0
bb_width_pctile & ret_96,0.109..0.233 & 2.07..4.36,38741,1.5164343340993596,0.2931519578740869,-0.3493705525206937,-0.12420293037935105,-0.04466000474885662,-50.5198336396402,0.0,0.0
dist_low_20 & ema200_rel,0.777..1.08 & -0.716..-0.0818,42498,1.6634941362007842,0.30759094545625676,-0.3496031134743297,-0.08603877281824385,-0.044892565702492615,-52.66787030330885,0.0,0.0
dist_low_20 & ret_16,-inf..0.288 & -1.65..-0.793,78030,3.054318966721897,0.3023452518262207,-0.3497392579718861,-0.10122245322943862,-0.045028710200049005,-71.42978758852328,0.0,0.0
dd_30d & ema200_rel,-25.7..-20.5 & -3.06..-1.57,55156,2.158964717781789,0.28401261875407935,-0.3497694480227715,-0.16689060229918465,-0.0450589002509344,-62.05431136061338,0.0,0.0
dist_low_20 & dist_high_20,1.46..2.04 & -inf..0.241,48307,1.8908751291225772,0.30155049992754673,-0.34977301065957245,-0.10284264021523203,-0.045062462887735355,-56.3860604992624,0.0,0.0
dd_30d & ret_96,-8.28..-4.52 & -2.24..-0.984,46252,1.8104365096606587,0.3203537144339704,-0.34979397701486153,-0.05797767059765119,-0.04508342924302444,-54.398652697897475,0.0,0.0
atr_pct & ema200_rel,0.373..0.461 & -1.57..-0.716,57101,2.2350976203868647,0.3016059263410448,-0.3500502161135788,-0.1088064071897522,-0.04533966834174169,-61.84626315820835,0.0,0.0
bb_width_pctile & ret_16,0.109..0.233 & -0.793..-0.331,57744,2.260266492559134,0.30397963424771407,-0.3502630803564348,-0.09390299987020058,-0.04555253258459768,-61.177778847858306,0.0,0.0
dist_high_20 & ema200_rel,0.463..0.708 & 0.541..1.36,49024,1.9189405744530859,0.313438315926893,-0.350692035261932,-0.06707822800773841,-0.0459814874900949,-56.12903904339593,0.0,0.0
dist_low_20 & dd_30d,0.524..0.777 & -20.5..-16.2,43317,1.6955521553440014,0.3039453332409908,-0.3508004866096594,-0.1013559078563398,-0.04608993883782231,-53.685011099553066,0.0,0.0
dist_low_20 & dist_high_20,0.777..1.08 & 0.463..0.708,40520,1.5860695185386553,0.3056268509378085,-0.35106046056658474,-0.09078421148490899,-0.04634991279474765,-51.68235588505994,0.0,0.0
dist_low_20 & bb_width_pctile,0.288..0.524 & 0.62..0.751,28044,1.097722941211699,0.30420054200542007,-0.35114595376299745,-0.1037598437131668,-0.04643540599116036,-43.16491360037377,0.0,0.0
ret_96 & ret_16,2.07..4.36 & 0..0.332,34215,1.3392736568805552,0.30092064883822883,-0.35133677130809576,-0.10249631158269573,-0.04662622353625867,-47.554050259598455,0.0,0.0
dist_low_20 & dd_30d,0.777..1.08 & -8.28..-4.52,41127,1.6098292470123219,0.31079339606584483,-0.35159565801092146,-0.08195149058622006,-0.04688511023908437,-52.156850161470786,0.0,0.0
dist_low_20 & bb_width_pctile,0.777..1.08 & 0.36..0.49,44744,1.7514090458414016,0.30046486679778295,-0.35163036096023276,-0.10978413530671034,-0.046919813188395665,-54.65977873254438,0.0,0.0
dist_low_20 & dd_30d,0.524..0.777 & -25.7..-20.5,40425,1.5823509448895643,0.29642547928262214,-0.3520964255571007,-0.12229408244503802,-0.0473858777852636,-52.292001724667216,0.0,0.0
dist_high_20 & dd_30d,0.708..1 & -8.28..-4.52,40136,1.5710386524202238,0.30994618297787524,-0.3522019998652792,-0.08032458621243356,-0.04749145209344213,-51.44688375777105,0.0,0.0
atr_pct & ema200_rel,0.461..0.551 & -3.06..-1.57,54910,2.1493355691746685,0.28799854307047895,-0.3522256537068609,-0.15417269089996408,-0.04751510593502378,-62.178752017797095,0.0,0.0
dd_30d & bb_width_pctile,-16.2..-12.2 & 0.36..0.49,40420,1.5821552304869806,0.29779811974270165,-0.35233275710814416,-0.11806906580102733,-0.047622209336307064,-52.111748656854836,0.0,0.0
ret_96 & ret_16,-4.32..-2.24 & 0.332..0.781,32883,1.2871353400322458,0.2896329410333607,-0.35287462495033683,-0.14822924394577056,-0.04816407717849974,-47.81234177383686,0.0,0.0
dist_high_20 & dd_30d,0.708..1 & -16.2..-12.2,43640,1.7081953057509112,0.29951879010082494,-0.3528931769598034,-0.11147401945978977,-0.048182629187966286,-54.292704606023634,0.0,0.0
dist_low_20 & ret_16,0.777..1.08 & 0..0.332,55141,2.1583775745740374,0.3040387370559112,-0.3530335637541379,-0.09642364615436613,-0.04832301598230082,-60.69166299496184,0.0,0.0
dist_low_20 & ema200_rel,0.777..1.08 & -1.57..-0.716,44701,1.7497259019791815,0.29717455985324714,-0.35322669065427637,-0.12303225607976688,-0.04851614288243927,-55.380428938901126,0.0,0.0
dist_low_20 & ret_96,-inf..0.288 & -4.32..-2.24,39829,1.559021788101582,0.3003590348740867,-0.3535140282385164,-0.11041025014864339,-0.048803480466679316,-51.738703358761384,0.0,0.0
bb_width_pctile & ret_16,0.49..0.62 & 0..0.332,26929,1.0540786294355244,0.3111886813472465,-0.3535182376413774,-0.08064042592784508,-0.048807689869540316,-42.11794187677975,0.0,0.0
dist_high_20 & bb_width_pctile,0.708..1 & 0.109..0.233,54172,2.120448123353308,0.2991397770065717,-0.3535529477099522,-0.10847570298330746,-0.04884239993811512,-60.29898634422283,0.0,0.0
bb_width_pctile & ret_96,-inf..0.109 & -inf..-4.32,16557,0.6480886727158074,0.2754122123573111,-0.3538003199692101,-0.1812302645059826,-0.04908977219737298,-34.3616015733053,0.0,0.0
dist_low_20 & dist_high_20,0.524..0.777 & 0.708..1,40875,1.599965241122101,0.3045382262996942,-0.3545342770917031,-0.09472556886833662,-0.049823729319866006,-52.628913203205684,0.0,0.0
atr_pct & dist_high_20,0.373..0.461 & 1.96..3.07,17658,0.6911849841647477,0.300770189149394,-0.3546726372057053,-0.11816170016133624,-0.049962089433868206,-35.12577874948764,0.0,0.0
dist_low_20 & bb_width_pctile,0.777..1.08 & 0.233..0.36,49741,1.9470060197835948,0.2985665748577632,-0.3548913214785671,-0.11389174164484481,-0.05018077370673002,-58.19447254435289,0.0,0.0
atr_pct & dist_low_20,0.373..0.461 & -inf..0.288,40896,1.600787241612953,0.2980487089201878,-0.3556203005657271,-0.1136029498872384,-0.050909752793889984,-53.04391586219987,0.0,0.0
dd_30d & bb_width_pctile,-8.28..-4.52 & 0.49..0.62,40500,1.5852866609283205,0.30703703703703705,-0.35616932582565614,-0.09025316103021286,-0.05145877805381904,-52.42124963433646,0.07142857142857142,0.0
bb_width_pctile & ret_16,0.36..0.49 & -0.793..-0.331,50780,1.9876754726404966,0.3021465143757385,-0.3564257279292591,-0.10397378267385306,-0.05171518015742199,-58.774002346044966,0.0,0.0
ret_96 & ret_16,-4.32..-2.24 & 0..0.332,29676,1.161604122215033,0.2961315541178056,-0.35645376595040024,-0.129741661312211,-0.051743218178563144,-45.50327280626195,0.0,0.0
dist_low_20 & ema200_rel,0.288..0.524 & -3.06..-1.57,43826,1.7154758815270263,0.2927485967234062,-0.35676384238847647,-0.13694874590705083,-0.05205329461663938,-55.61219132276689,0.0,0.0
atr_pct & bb_width_pctile,0.373..0.461 & 0.233..0.36,49843,1.950998593596303,0.29729350159500834,-0.35684303348832097,-0.11592161842254967,-0.05213248571648388,-58.75678785791112,0.0,0.0
ret_16 & ema200_rel,0.332..0.781 & -3.06..-1.57,29296,1.1467298276186686,0.2841684871654833,-0.3570040222492658,-0.165317152414186,-0.052293474477428714,-46.098441339298304,0.0,0.0
atr_pct & dist_low_20,0.373..0.461 & 1.08..1.46,54648,2.1390801344792805,0.29746742790221053,-0.3573284808258385,-0.11674373282545314,-0.05261793305400142,-61.756352857281655,0.0,0.0
dist_high_20 & ema200_rel,0.708..1 & -0.0818..0.541,42180,1.6510467001964582,0.3083926031294452,-0.35746810987324107,-0.08174373557434599,-0.052757562101403976,-53.397307064957985,0.0,0.0
dist_high_20 & bb_width_pctile,0.708..1 & -inf..0.109,51874,2.0304977839258194,0.2965840305355284,-0.3575651963647969,-0.11483932779705511,-0.052854648592959796,-59.6965067022019,0.0,0.0
ret_16 & ema200_rel,-0.331..0 & -3.06..-1.57,36865,1.443002290249939,0.291604502916045,-0.3577384290328815,-0.141582924013538,-0.05302788126104441,-51.31501709567439,0.0,0.0
dd_30d & ema200_rel,-25.7..-20.5 & -0.0818..0.541,33361,1.3058456369192517,0.3026288180809928,-0.35807165241901506,-0.10332897811857393,-0.05336110464717797,-47.857585245773244,0.07142857142857142,0.0
dist_low_20 & ema200_rel,0.777..1.08 & 0.541..1.36,50742,1.98618804318086,0.3113003034961176,-0.35823967444907556,-0.07330263226193136,-0.05352912667723847,-58.46462426213103,0.0,0.0
dist_high_20 & bb_width_pctile,0.708..1 & 0.233..0.36,49372,1.9325622968729144,0.29804342542331685,-0.35829365975721755,-0.1154479699906731,-0.05358311198538046,-58.585706209882396,0.0,0.0
dist_high_20 & bb_width_pctile,0.241..0.463 & 0.49..0.62,33987,1.3303490801227364,0.3090887692352958,-0.35831011043606764,-0.08093270660464387,-0.05359956266423055,-47.93528665933604,0.0,0.0
atr_pct & bb_width_pctile,0.373..0.461 & 0.49..0.62,40676,1.592175807899268,0.29683351361982496,-0.3584465883801121,-0.11800669590002276,-0.053736040608275026,-53.47567386236436,0.0,0.0
dist_high_20 & ema200_rel,0.463..0.708 & -3.06..-1.57,29295,1.1466906847381517,0.2930192865676737,-0.35961386723970906,-0.14069671007527335,-0.05490331946787197,-46.058234304721005,0.0,0.0
dd_30d & ema200_rel,-25.7..-20.5 & -0.716..-0.0818,37593,1.471498307266132,0.3020775144308781,-0.3597602519579735,-0.10404348811427294,-0.05504970418613642,-51.17507214658644,0.0,0.0
atr_pct & ema200_rel,0.373..0.461 & -0.716..-0.0818,48365,1.8931454161925485,0.29767393776491263,-0.3598466949594665,-0.11817031192965664,-0.05513614718762938,-58.715661847362774,0.0,0.0
dist_low_20 & dist_high_20,0.288..0.524 & 1..1.39,44498,1.7417798972342815,0.30039552339430986,-0.3599590251688325,-0.10472439495135863,-0.0552484773969954,-55.735329103267965,0.0,0.0
bb_width_pctile & ema200_rel,0.109..0.233 & -3.06..-1.57,38528,1.5080969005492921,0.2840531561461794,-0.36007923376158796,-0.15520987922324175,-0.055368685989750865,-52.7358240404365,0.0,0.0
dist_low_20 & ret_16,0.524..0.777 & -0.331..0,59534,2.330332248684114,0.30575805422111735,-0.3602313948717722,-0.09033503136692203,-0.0555208470999351,-64.2553923073919,0.0,0.0
dist_low_20 & bb_width_pctile,-inf..0.288 & 0.62..0.751,29927,1.1714289852247368,0.3087178801750927,-0.3603429695072349,-0.08402428911713511,-0.055632421735397786,-45.22169929614693,0.0,0.0
dd_30d & ret_16,-25.7..-20.5 & -0.331..0,39596,1.5499014969411795,0.29955045964238813,-0.36041475923078103,-0.1108220933817394,-0.05570421145894394,-52.57265431998062,0.0,0.0
atr_pct & dist_low_20,0.373..0.461 & 0.288..0.524,48140,1.8843382680762801,0.29673867885334443,-0.36066570748292365,-0.11871306061309837,-0.055955159711086555,-58.487688712232654,0.0,0.0
dist_low_20 & dd_30d,0.777..1.08 & -4.52..inf,35710,1.3977922632530944,0.31739008681041725,-0.3609928030236974,-0.05514199686784561,-0.056282255251860314,-49.18995981657304,0.0,0.0
bb_width_pctile & ret_16,0.233..0.36 & -0.793..-0.331,55983,2.19133587996914,0.30112712787810586,-0.3610486272325566,-0.1064544129445824,-0.0563380794607195,-62.52356628608812,0.0,0.0
dist_high_20 & bb_width_pctile,-inf..0.241 & 0.62..0.751,33493,1.3110124971474626,0.3125429194159974,-0.36119961312922266,-0.07062420702088935,-0.05648906535738557,-47.746649905547876,0.0,0.0
dist_high_20 & ret_16,0.708..1 & -0.331..0,67153,2.628561855341222,0.3007609488779355,-0.3612352973329094,-0.10514487826317959,-0.056524749561072285,-68.72186215638773,0.0,0.0
bb_width_pctile & ret_16,0.49..0.62 & 0.332..0.781,44333,1.735321321949018,0.3072880247219904,-0.36152274080478397,-0.08886494709566489,-0.05681219303294688,-55.554312175939906,0.0,0.0
dist_low_20 & ema200_rel,0.524..0.777 & -3.06..-1.57,44373,1.7368870371696878,0.2868636332905145,-0.3616103926546815,-0.15746929785405359,-0.056899844882844386,-57.333072841506024,0.0,0.0
ret_96 & ret_16,2.07..4.36 & 0.332..0.781,46429,1.8173647995121232,0.2930065260936053,-0.36239232267169197,-0.127400631163367,-0.057681774899854876,-57.635022758021094,0.0,0.0
dist_low_20 & dd_30d,0.777..1.08 & -16.2..-12.2,43333,1.6961784414322694,0.2964715113193178,-0.36248693471501786,-0.12530210640579104,-0.05777638694318077,-55.93803058328739,0.0,0.0
atr_pct & dd_30d,0.373..0.461 & -12.2..-8.28,45401,1.7771259183409056,0.2968436818572278,-0.3626555755031695,-0.12136177157399114,-0.05794502773133242,-57.406407493924576,0.0,0.0
dist_low_20 & ema200_rel,-inf..0.288 & -3.06..-1.57,45183,1.7685927703882542,0.29601841400526746,-0.36295583686948224,-0.12381838199204202,-0.05824528909764515,-56.99220663764612,0.0,0.0
bb_width_pctile & ret_16,-inf..0.109 & -0.793..-0.331,47639,1.864727684937389,0.2983899746006423,-0.36336264727111345,-0.10845310545124097,-0.058652099499276356,-57.80792729424465,0.0,0.0
atr_pct & dd_30d,0.373..0.461 & -20.5..-16.2,53410,2.0906212483995454,0.29595581351806777,-0.3634157724082175,-0.12241437166948405,-0.05870522463638039,-62.24970587458966,0.0,0.0
dist_low_20 & ret_16,1.08..1.46 & 0.781..1.63,58928,2.3066116630909645,0.3037096117295683,-0.3634814388002202,-0.09601515899226112,-0.05877089102838312,-64.55843908446481,0.0,0.0
ret_16 & ema200_rel,0..0.332 & -3.06..-1.57,27411,1.0729454978445974,0.28897158075225277,-0.3635157614561487,-0.15250954354521004,-0.05880521368431163,-45.18655664975114,0.0,0.0
bb_width_pctile & ret_96,0.36..0.49 & -0.984..-0.0475,42427,1.660714991684095,0.314186720720296,-0.36433159758138545,-0.06491999015227036,-0.059621049809548354,-54.127683204394145,0.0,0.0
dd_30d & ret_16,-25.7..-20.5 & 0..0.332,32683,1.2793067639288962,0.29856500321267937,-0.3656610492757771,-0.1158833213893639,-0.06095050150393999,-48.5298625905714,0.0,0.0
atr_pct & ret_96,0.373..0.461 & -inf..-4.32,11654,0.4561711295421888,0.2952634288656255,-0.36567681824292686,-0.1276106025510026,-0.06096627047108977,-29.287827243151526,0.0,0.0
bb_width_pctile & ret_96,0.49..0.62 & 0.849..2.07,40707,1.5933892371952874,0.2984498980519321,-0.3662749435336686,-0.11328973080498085,-0.06156439576183148,-54.24778037203544,0.0,0.0
dd_30d & ema200_rel,-8.28..-4.52 & 0.541..1.36,50305,1.969082604395041,0.3145810555610774,-0.36629415350568306,-0.06590028726047523,-0.06158360573384597,-59.46918488888017,0.0,0.0
atr_pct & dist_high_20,0.373..0.461 & 1.39..1.96,43319,1.695630441105035,0.2939818555368314,-0.36688768521121906,-0.12784327268830833,-0.06217713743938197,-56.72722087877272,0.0,0.0
dist_high_20 & dd_30d,0.463..0.708 & -20.5..-16.2,42562,1.6659992805538562,0.2996334758704948,-0.36723227660280483,-0.1118628555940627,-0.06252172883096774,-55.72291007824353,0.0,0.0
dist_high_20 & ret_96,0.708..1 & -0.984..-0.0475,45504,1.7811576350341307,0.3107638888888889,-0.36855246471316255,-0.07785741764558568,-0.06384191694132546,-57.153585299760124,0.0,0.0
dist_high_20 & ret_16,1..1.39 & -1.65..-0.793,49699,1.9453620188018912,0.3021992394213163,-0.3685800807594728,-0.10313444256862865,-0.0638695329876357,-60.33779656985078,0.0,0.0
dist_high_20 & dd_30d,0.241..0.463 & -25.7..-20.5,35715,1.397987977655678,0.2980540389192216,-0.3687302494345852,-0.11408112971405593,-0.06401970166274812,-51.10156605769275,0.0,0.0
dd_30d & bb_width_pctile,-16.2..-12.2 & 0.233..0.36,41537,1.6258778280241888,0.29970869345402895,-0.3689588629039162,-0.1119680808738438,-0.06424831513207913,-55.198559602191985,0.0,0.0
dd_30d & ema200_rel,-12.2..-8.28 & -3.06..-1.57,40690,1.5927238082265027,0.2869501105922831,-0.37011207392508977,-0.16303953465993196,-0.06540152615325268,-56.485082293255076,0.0,0.0
dist_low_20 & bb_width_pctile,0.524..0.777 & 0.49..0.62,35764,1.3999059788009989,0.3033776982440443,-0.3706111492150681,-0.10014626169598405,-0.06590060144323101,-51.31810665946333,0.0,0.0
atr_pct & ret_16,0.373..0.461 & -1.65..-0.793,47919,1.8756876914820786,0.29334919343058075,-0.3707173802741048,-0.1307353041833376,-0.06600683250226769,-60.34938617862235,0.0,0.0
dist_high_20 & ret_96,0.708..1 & 0.849..2.07,44730,1.750861045514167,0.29548401520232503,-0.3718930716310861,-0.12252498815746962,-0.067182523859249,-58.05133858452511,0.0,0.0
ret_96 & ret_16,-2.24..-0.984 & -0.331..0,49746,1.9472017341861785,0.3170305150162827,-0.37195538217201163,-0.058379928418889324,-0.06724483440017454,-59.720881964705626,0.0,0.0
dist_low_20 & bb_width_pctile,0.524..0.777 & 0.36..0.49,42153,1.649989842422506,0.30579080966953714,-0.3720584202240727,-0.09249832137392061,-0.06734787245223561,-55.73662934174205,0.0,0.0
bb_width_pctile & ret_16,-inf..0.109 & 0.332..0.781,47624,1.8641405417296377,0.2970141105325046,-0.3720954509222639,-0.11266983489741891,-0.06738490315042683,-59.34784451873201,0.0,0.0
atr_pct & bb_width_pctile,0.373..0.461 & 0.36..0.49,45031,1.7626430525497085,0.29255401834291933,-0.37217694905371373,-0.13158110320330982,-0.06746640128187664,-58.67819748553957,0.0,0.0
dist_high_20 & dd_30d,-inf..0.241 & -25.7..-20.5,30223,1.1830152778576946,0.29768719187373854,-0.3722993927715551,-0.11340949769400341,-0.06758884499971801,-47.34228625884053,0.0,0.0
dd_30d & ret_96,-16.2..-12.2 & 0.849..2.07,41186,1.6121386769628099,0.29995629582867966,-0.3723783228443033,-0.11093624768814549,-0.06766777507246619,-55.504700763445854,0.0,0.0
dist_low_20 & dd_30d,-inf..0.288 & -25.7..-20.5,36287,1.4203777053112583,0.2991429437539615,-0.37261753059006364,-0.11174266696529128,-0.06790698281822655,-51.80890558273301,0.0,0.0
dist_low_20 & dd_30d,0.777..1.08 & -12.2..-8.28,42205,1.652025272209377,0.29806894917663784,-0.3730725487406541,-0.11850999062345444,-0.068362000968817,-56.699741512419834,0.0,0.0
ret_96 & ret_16,0.849..2.07 & -0.793..-0.331,39294,1.5380803470251214,0.29986766427444395,-0.3736905455920641,-0.10994859557512532,-0.06897999782022701,-54.29054283328387,0.0,0.0
atr_pct & ret_96,0.373..0.461 & -4.32..-2.24,45080,1.7645610536950291,0.2932120674356699,-0.3741261690429419,-0.13438539844293648,-0.06941562127110479,-59.21785004113587,0.0,0.0
bb_width_pctile & ema200_rel,0.109..0.233 & 0.541..1.36,49057,1.9202322895101387,0.311250178363944,-0.37465664180261576,-0.06960962734537882,-0.06994609403077867,-59.59318304259206,0.0,0.0
bb_width_pctile & ret_16,0.233..0.36 & 0.332..0.781,56775,2.2223370413384047,0.2990576838397182,-0.37489363425967215,-0.11067447056744653,-0.07018308648783506,-65.4343925526623,0.0,0.0
ret_96 & ema200_rel,-0.0475..0.849 & 0.541..1.36,69117,2.7054384726761165,0.31793914666435175,-0.375285238806816,-0.05322996513472273,-0.07057469103497893,-70.66797256797594,0.0,0.0
bb_width_pctile & ema200_rel,0.36..0.49 & -1.57..-0.716,43874,1.7173547397918303,0.2917673337284041,-0.37582363892511683,-0.13551912014368206,-0.07111309115327974,-58.39289791091966,0.0,0.0
dist_low_20 & dist_high_20,1.08..1.46 & 0.241..0.463,43869,1.7171590253892466,0.29676992865121155,-0.37602307488844317,-0.11655468784089935,-0.07131252711660607,-58.025158791750655,0.0,0.0
ret_96 & ema200_rel,-0.984..-0.0475 & -1.57..-0.716,64439,2.5223280776187664,0.3030618103943264,-0.37611198745268726,-0.10724058180502172,-0.07140143968085017,-70.49753143519948,0.0,0.0
dd_30d & ret_16,-16.2..-12.2 & -0.793..-0.331,43755,1.7126967370103372,0.2980687921380414,-0.3762852026747596,-0.12036086859840821,-0.07157465490292253,-58.13408558375397,0.0,0.0
dist_low_20 & ret_96,0.777..1.08 & -0.0475..0.849,43448,1.7006798726916954,0.3064122629350028,-0.3765158388481168,-0.08884890191578679,-0.0718052910762797,-57.29225017312119,0.0,0.0
bb_width_pctile & ret_16,0.109..0.233 & 0.332..0.781,57110,2.2354499063115156,0.29700577832253544,-0.3766097164522161,-0.11379559466218078,-0.07189916868037899,-65.84621461755009,0.0,0.0
dist_high_20 & ret_96,0.708..1 & -0.0475..0.849,42130,1.6490895561706207,0.302492285782103,-0.37662889612424344,-0.09939066279627616,-0.07191834835240635,-56.6159950909189,0.0,0.0
dist_low_20 & bb_width_pctile,0.524..0.777 & 0.233..0.36,48206,1.8869216981903856,0.3060199975106833,-0.3775644469804642,-0.09001598538983586,-0.07285389920862712,-60.39811661899807,0.0,0.0
bb_width_pctile & ret_16,0.36..0.49 & 0.332..0.781,51867,2.030223783762202,0.299284708967166,-0.37757312360079776,-0.11116703274906808,-0.07286257582896066,-63.02418043223619,0.0,0.0
bb_width_pctile & ema200_rel,0.233..0.36 & 0.541..1.36,46394,1.815994798694037,0.30523343535802044,-0.3781050150863,-0.08989610091266588,-0.07339446731446292,-58.94069138628817,0.0,0.0
dist_low_20 & dd_30d,0.288..0.524 & -25.7..-20.5,38501,1.5070400427753399,0.2932391366458014,-0.3781116024295702,-0.12897404352398026,-0.07340105465773311,-54.68696115223849,0.0,0.0
bb_width_pctile & ema200_rel,0.49..0.62 & -0.0818..0.541,37948,1.4853940298495778,0.30760514388110044,-0.378505552753278,-0.08510228249740152,-0.07379500498144093,-53.519657913937266,0.0,0.0
dist_high_20 & dd_30d,0.463..0.708 & -4.52..inf,46503,1.8202613726703625,0.3181730210954132,-0.3786150028025193,-0.050152723424703755,-0.07390445503068221,-58.302416058742445,0.0,0.0
ret_96 & ema200_rel,2.07..4.36 & -0.716..-0.0818,13076,0.5118323056370053,0.27202508412358517,-0.3786986042748025,-0.20332091981943415,-0.07398805650296542,-33.11582237200092,0.0,0.0
dist_high_20 & ema200_rel,0.708..1 & -1.57..-0.716,50486,1.9761674657685724,0.3007962603494038,-0.3788745420441622,-0.1104638331547837,-0.07416399427232512,-62.659784958075754,0.0,0.0
dd_30d & bb_width_pctile,-4.52..inf & 0.49..0.62,39941,1.5634057907194578,0.31351243083548236,-0.3791332509270379,-0.06435569624933063,-0.07442270315520083,-54.28024164282997,0.0,0.0
dd_30d & bb_width_pctile,-12.2..-8.28 & 0.36..0.49,39973,1.5646583628959938,0.2967503064568584,-0.3792846708125034,-0.11747755860628056,-0.0745741230406663,-55.73632738968412,0.0,0.0
dist_high_20 & bb_width_pctile,0.463..0.708 & 0.36..0.49,40323,1.5783583710768558,0.3034496441237011,-0.3795718686400853,-0.10080384722405858,-0.0748613208682482,-55.68031004842169,0.0,0.0
atr_pct & dd_30d,0.373..0.461 & -16.2..-12.2,51475,2.014879774599637,0.28986886838271003,-0.3800773672278217,-0.13897640478025308,-0.07536681945598461,-64.32182344860284,0.0,0.0
bb_width_pctile & ret_16,0.36..0.49 & -0.331..0,40791,1.5966772391586943,0.30528793116128555,-0.3802910194013446,-0.096633883856894,-0.07558047162950748,-55.992611320743336,0.0,0.0
dd_30d & bb_width_pctile,-20.5..-16.2 & 0.109..0.233,44697,1.7495693304571145,0.29353200438508176,-0.3809828499906714,-0.12470142102594005,-0.0762723022188343,-59.26094352243393,0.0,0.0
dist_low_20 & bb_width_pctile,0.288..0.524 & 0.49..0.62,33107,1.2959033452679976,0.30217174615640197,-0.3810430895013914,-0.10330557740455559,-0.07633254172955428,-50.57402818426595,0.0,0.0
dist_low_20 & ret_16,0.288..0.524 & -0.793..-0.331,66519,2.6037452690936034,0.3002600760684917,-0.38169789679197363,-0.10688341976924293,-0.07698734902013654,-72.17605102307279,0.0,0.0
dist_high_20 & ret_16,0.463..0.708 & 0..0.332,54704,2.1412721357882183,0.3014404796724188,-0.38247188447883,-0.10399202831243988,-0.07776133670699292,-65.55695837531097,0.0,0.0
ret_16 & ema200_rel,0.332..0.781 & 0.541..1.36,61465,2.405917150961956,0.31611486211665174,-0.38270630627712876,-0.058173952953661276,-0.07799575850529167,-68.29018307275508,0.0,0.0
bb_width_pctile & ret_96,0.49..0.62 & -0.0475..0.849,38293,1.4988983236278561,0.3072624239417126,-0.38275081652334153,-0.08965363168633114,-0.07804026875150444,-54.48193239600302,0.0,0.0
ret_96 & ema200_rel,-2.24..-0.984 & -1.57..-0.716,113622,4.447492370074015,0.3039112143774973,-0.38308607383545773,-0.10345856390924899,-0.07837552606362064,-94.80050246083204,0.0,0.0
bb_width_pctile & ema200_rel,0.49..0.62 & -0.716..-0.0818,38185,1.4946708925320473,0.30189865130286764,-0.38317922956634975,-0.10724052834070844,-0.07846868179451266,-54.97626548061803,0.0,0.0
ret_16 & ema200_rel,-0.793..-0.331 & -0.0818..0.541,43646,1.7084301630340117,0.3102689822664162,-0.38351128993125155,-0.0772805251491211,-0.07880074215941446,-57.955955706669805,0.0,0.0
atr_pct & bb_width_pctile,0.271..0.373 & 0.751..0.879,22096,0.8649010878980782,0.3126357711803041,-0.3838534173485445,-0.0749144027036425,-0.07914286957670741,-41.92422576349061,0.07142857142857142,0.0
dd_30d & ret_96,-12.2..-8.28 & -2.24..-0.984,45896,1.7965016441966961,0.30115914240892455,-0.3842856481036714,-0.1100705537563417,-0.07957510033183429,-60.464070844211264,0.0,0.0
dd_30d & ret_16,-8.28..-4.52 & -0.793..-0.331,42964,1.681734718521589,0.3101433758495485,-0.3844232979443984,-0.08005944328474171,-0.0797127501725613,-57.837713572306626,0.0,0.0
bb_width_pctile & ret_16,0.36..0.49 & 0..0.332,37219,1.456858869952868,0.30890136758107417,-0.3853429825750031,-0.0834237826646385,-0.08063243480316601,-53.83412394046802,0.0,0.0
dd_30d & ret_16,-16.2..-12.2 & 0.332..0.781,41994,1.643766124420343,0.2960661046816212,-0.3853787816079361,-0.12310258882465976,-0.080668233836099,-58.25851026428092,0.0,0.0
ret_16 & ema200_rel,0.332..0.781 & -0.716..-0.0818,42903,1.6793470028100674,0.304897093443349,-0.38772131546120847,-0.0937248765808455,-0.08301076768937138,-58.64400168548975,0.0,0.0
ret_96 & ret_16,-2.24..-0.984 & 0..0.332,38913,1.5231669095482403,0.3092539768200858,-0.3883049938902083,-0.07920478092558124,-0.08359444611837119,-55.47776196089837,0.0,0.0
dist_low_20 & dd_30d,0.288..0.524 & -20.5..-16.2,41607,1.628617829660361,0.29841132501742496,-0.38834829625725,-0.11430423895195695,-0.08363774848541289,-58.07579146945732,0.0,0.0
dd_30d & ema200_rel,-12.2..-8.28 & 0.541..1.36,44442,1.7395878959253435,0.3014940821745196,-0.38911175648697743,-0.10357006855585545,-0.08440120871514034,-59.91264778678517,0.0,0.0
bb_width_pctile & ret_96,0.36..0.49 & 0.849..2.07,42920,1.680012431778852,0.29587604846225535,-0.38928843319280915,-0.12075225390608677,-0.08457788542097205,-59.274411089166875,0.0,0.0
ret_16 & ema200_rel,0.332..0.781 & -1.57..-0.716,35728,1.3984968351023959,0.28770152261531573,-0.38930631442081454,-0.14776866484242437,-0.08459576664897744,-54.894528091295165,0.0,0.0
atr_pct & bb_width_pctile,0.271..0.373 & 0.879..inf,11613,0.4545662714410021,0.3132696116421252,-0.38943245387103637,-0.08013708758857724,-0.08472190609919927,-31.044042762830014,0.07692307692307693,0.0
dd_30d & ret_16,-20.5..-16.2 & -0.331..0,43132,1.6883107224484029,0.2983399795975146,-0.38986624020460187,-0.11458502260495987,-0.08515569243276477,-59.38103130933897,0.0,0.0
dd_30d & ema200_rel,-8.28..-4.52 & -1.57..-0.716,44023,1.7231870289888258,0.3093383004338641,-0.3899716556002231,-0.0886639272463264,-0.08526110782838603,-59.72314953225901,0.07142857142857142,0.0
ret_16 & ema200_rel,-0.793..-0.331 & -1.57..-0.716,60077,2.351586832804709,0.30079731011868105,-0.39045904009467247,-0.10961682427223567,-0.08574849232283538,-70.34626541594112,0.0,0.0
dd_30d & ret_16,-12.2..-8.28 & -0.793..-0.331,43366,1.697470156489322,0.3008116957985519,-0.39061069330079023,-0.10956203985094998,-0.08590014552895314,-59.73179553696089,0.0,0.0
dist_low_20 & bb_width_pctile,0.524..0.777 & 0.109..0.233,55278,2.163740149204832,0.30129527117478927,-0.3909250419405542,-0.10125375667828844,-0.08621449416871713,-67.03620059127567,0.0,0.0
dist_high_20 & ret_16,0.241..0.463 & 0.332..0.781,68146,2.6674307356943534,0.3005165380213072,-0.390925609751152,-0.10377363899327578,-0.08621506197931489,-74.78934533560323,0.0,0.0
dd_30d & ret_96,-20.5..-16.2 & -0.984..-0.0475,41622,1.6292049728681124,0.29868819374369326,-0.3909626662688848,-0.11607432137670493,-0.08625211849704773,-58.77809645355846,0.0,0.0
bb_width_pctile & ema200_rel,-inf..0.109 & 0.541..1.36,48382,1.8938108451613334,0.3142904385928651,-0.39117771141309815,-0.05940207430536189,-0.08646716364126106,-61.37484210430733,0.0,0.0
dist_low_20 & ema200_rel,0.524..0.777 & -1.57..-0.716,48310,1.8909925577641273,0.2919685365348789,-0.39180897637235135,-0.1337151312815149,-0.08709842860051425,-63.95907382489686,0.0,0.0
dist_high_20 & ret_96,0.463..0.708 & 0.849..2.07,49150,1.9238725773981962,0.300528992878942,-0.3926319988528766,-0.10479284552834034,-0.08792145108103949,-63.63759693183838,0.0,0.0
bb_width_pctile & ret_96,-inf..0.109 & -2.24..-0.984,45204,1.7694147708791061,0.3066985222546677,-0.39405948706439897,-0.0833902904601945,-0.08934893929256188,-60.49303114404213,0.0,0.0
ret_16 & ema200_rel,-0.331..0 & 0.541..1.36,47573,1.8621442548232836,0.3117524646333004,-0.3942688135456473,-0.07200932258733223,-0.08955826577381021,-61.931401030684974,0.0,0.0
dist_high_20 & dd_30d,0.463..0.708 & -16.2..-12.2,44401,1.737983037824157,0.29575910452467286,-0.3945809312861294,-0.12130739990297958,-0.08987038351429233,-61.16923463141076,0.0,0.0
bb_width_pctile & ema200_rel,0.109..0.233 & -1.57..-0.716,47188,1.8470742458243354,0.2925531914893617,-0.3951426695211174,-0.12955203866396975,-0.09043212174928028,-63.26037265082269,0.0,0.0
dist_high_20 & bb_width_pctile,-inf..0.241 & 0.49..0.62,37220,1.4568980128333848,0.30975282106394414,-0.39533272935964775,-0.07758367605730918,-0.09062218158781066,-55.021423032292,0.0,0.0
dist_low_20 & ema200_rel,0.524..0.777 & 0.541..1.36,49687,1.9448923042356903,0.313140258015175,-0.39567797174818425,-0.06582670676196554,-0.09096742397634716,-63.606344649696226,0.0,0.0
dist_low_20 & ema200_rel,0.524..0.777 & -0.716..-0.0818,48976,1.917061716188282,0.30755880431231625,-0.39579975743934237,-0.08547023676280413,-0.09108920966750528,-63.89467972315542,0.0,0.0
dd_30d & ret_16,-12.2..-8.28 & 0.332..0.781,43487,1.7022064450318486,0.29965276979327155,-0.3960940737430626,-0.10657235399697787,-0.09138352597122551,-60.54554467823829,0.0,0.0
atr_pct & dist_low_20,0.271..0.373 & 1.46..2.04,22820,0.8932405333922042,0.304250657318142,-0.3961781605073734,-0.09367539908374671,-0.09146761273553633,-43.81057168830413,0.0,0.0
dist_high_20 & ret_96,0.241..0.463 & -2.24..-0.984,40024,1.566654649802348,0.30971417149710173,-0.39650043978787447,-0.07723582273089953,-0.09178989201603738,-57.431000116481044,0.0,0.0
dist_low_20 & bb_width_pctile,0.524..0.777 & -inf..0.109,63665,2.492031488098803,0.29845283907955705,-0.3965762661443257,-0.10789572291355042,-0.09186571837248858,-73.017762320309,0.0,0.0
dd_30d & ret_96,-20.5..-16.2 & 0.849..2.07,40252,1.5755792265601667,0.2868677332803339,-0.3966556813396714,-0.15005521237826408,-0.09194513356783429,-59.18328812769817,0.0,0.0
dist_low_20 & ret_96,0.524..0.777 & -0.984..-0.0475,48608,1.9026571361581184,0.309825543120474,-0.39668438040151377,-0.07898348826523446,-0.09197383262967668,-63.70656119658336,0.0,0.0
atr_pct & dd_30d,0.271..0.373 & -4.52..inf,42705,1.671596712467751,0.3076923076923077,-0.39704530666315263,-0.08248347597819197,-0.09233475889131554,-59.961532235660364,0.07692307692307693,0.0
bb_width_pctile & ema200_rel,0.233..0.36 & -1.57..-0.716,46279,1.8114933674346108,0.28857581192333454,-0.3970884144092006,-0.14489890998571486,-0.09237786663736353,-63.500444550523746,0.0,0.0
ret_96 & ema200_rel,-0.0475..0.849 & -1.57..-0.716,30694,1.2014515745810832,0.2833126995504007,-0.397102288620457,-0.16696154721159465,-0.0923917408486199,-52.4140020633204,0.0,0.0
dist_high_20 & dd_30d,0.463..0.708 & -8.28..-4.52,44342,1.7356736078736688,0.31169094763429706,-0.3973317396084484,-0.07299246308073495,-0.09262119183661133,-60.59349802503069,0.0,0.0
dist_low_20 & bb_width_pctile,-inf..0.288 & 0.49..0.62,34348,1.3444796599892828,0.3048212414114359,-0.397529082147376,-0.09305780048217677,-0.09281853437553889,-53.33883844205879,0.0,0.0
bb_width_pctile & ema200_rel,0.36..0.49 & -0.0818..0.541,42237,1.6532778443859129,0.3096100575324952,-0.3981177873280187,-0.08022464577389038,-0.09340723955618163,-59.136181588898815,0.0,0.0
atr_pct & ret_96,0.271..0.373 & -0.984..-0.0475,61643,2.412884583693937,0.30791817400191424,-0.3985558612829069,-0.08444087745190307,-0.09384531351106978,-72.38414069681683,0.0,0.0
atr_pct & ret_96,0.271..0.373 & -2.24..-0.984,57252,2.241008195344894,0.30619017676238386,-0.3993497590304263,-0.08858687452873239,-0.0946392112585892,-69.9748975598433,0.0,0.0
dist_high_20 & ema200_rel,0.708..1 & -0.716..-0.0818,47061,1.8421030999987082,0.3006735938462846,-0.3993846641624488,-0.10704976586505197,-0.09467411639061168,-63.64487607356284,0.0,0.0
dist_low_20 & ret_96,0.777..1.08 & 0.849..2.07,47090,1.843238243533694,0.2951582076874071,-0.40004002735391336,-0.12246367653395673,-0.09532947958207627,-64.02133225597258,0.0,0.0
dist_high_20 & ema200_rel,0.241..0.463 & 0.541..1.36,55175,2.1597084325116067,0.3124241051200725,-0.4009078447893684,-0.06803073333949823,-0.09619729701753132,-67.81314864259146,0.0,0.0
dist_low_20 & ret_96,0.288..0.524 & -2.24..-0.984,49392,1.9333451544832494,0.30247813411078717,-0.4011998819925279,-0.1018651698661871,-0.09648933422069078,-65.32415978776254,0.0,0.0
dist_high_20 & ret_96,0.241..0.463 & -4.32..-2.24,27054,1.058971489500118,0.2833592075109041,-0.40150325874977294,-0.16337564137174856,-0.09679271097793585,-49.411410985922274,0.0,0.0
bb_width_pctile & ret_96,0.233..0.36 & -0.984..-0.0475,46384,1.8156033698888694,0.3102362883753018,-0.4020153459375689,-0.07719839370478039,-0.09730479816573179,-62.51765671581005,0.0,0.0
dist_high_20 & bb_width_pctile,0.463..0.708 & 0.109..0.233,55341,2.1662061506773873,0.3001029977774164,-0.4022174076774191,-0.10570967687907912,-0.097506859905582,-69.11491174697022,0.0,0.0
dist_high_20 & dd_30d,0.463..0.708 & -12.2..-8.28,44450,1.7399010389694776,0.3021597300337458,-0.4026454566129602,-0.10182566814502671,-0.0979349088411231,-62.09785701325152,0.0,0.0
dd_30d & ret_16,-20.5..-16.2 & 0..0.332,36833,1.4417497180734031,0.29612032688078627,-0.4034681903441034,-0.12145367050222519,-0.09875764257226632,-56.72061008940201,0.0,0.0
dd_30d & ema200_rel,-16.2..-12.2 & -1.57..-0.716,46669,1.8267590908361429,0.2888855557222139,-0.4039552330356844,-0.14883666782543337,-0.09924468526384733,-65.36784370652433,0.0,0.0
dd_30d & ret_96,-8.28..-4.52 & 0.849..2.07,45344,1.774894774151451,0.3040975652787579,-0.4049170885068627,-0.09656162919232496,-0.1002065407350256,-63.025788929552704,0.0,0.0
dist_low_20 & dist_high_20,0.524..0.777 & 0.463..0.708,40456,1.5835643741855834,0.3021554281194384,-0.40522922307071324,-0.10036415198093154,-0.10051867529887615,-59.75305007110593,0.0,0.0
dist_low_20 & dd_30d,0.524..0.777 & -12.2..-8.28,44360,1.7363781797229703,0.30009017132551846,-0.4060830066739032,-0.10971826142298534,-0.10137245890206609,-63.021716492076294,0.0,0.0
dist_high_20 & ema200_rel,0.463..0.708 & -1.57..-0.716,44965,1.760059622435603,0.2993439341710219,-0.40631929457262234,-0.11505559148819486,-0.10160874680078524,-63.535491516046534,0.0,0.0
dd_30d & ema200_rel,-12.2..-8.28 & -1.57..-0.716,46959,1.838110526186,0.29440575821461273,-0.4063363363380319,-0.12986029718114975,-0.10162578856619481,-65.1149240481647,0.0,0.0
atr_pct & ema200_rel,0.373..0.461 & -3.06..-1.57,46038,1.8020599332300744,0.2828967374777358,-0.40635014462303265,-0.16665699374670676,-0.10163959685119556,-65.90472038662881,0.0,0.0
ret_96 & ema200_rel,2.07..4.36 & -1.57..-0.716,8042,0.31478704511569267,0.25279781148967917,-0.4064331883581547,-0.25782992953786354,-0.10172264058631758,-28.526248529392493,0.0,0.0
dd_30d & ret_16,-4.52..inf & -0.793..-0.331,36489,1.4282845671756415,0.3124777330154293,-0.4065592334453431,-0.0702592026337762,-0.10184868567350602,-55.86327477347928,0.0,0.0
dist_high_20 & bb_width_pctile,0.463..0.708 & 0.233..0.36,47269,1.850244819146192,0.29585986587404006,-0.4066371638784796,-0.11931702886823557,-0.1019266161066425,-64.89804094441273,0.0,0.0
dist_low_20 & dd_30d,0.524..0.777 & -16.2..-12.2,43848,1.716337024898395,0.2908456486042693,-0.4066634601896072,-0.13833524959503654,-0.1019529124177701,-63.223539307107565,0.0,0.0
dd_30d & ema200_rel,-20.5..-16.2 & -0.716..-0.0818,45117,1.7660093402741488,0.2941241660571403,-0.4070295448530172,-0.12840567934282107,-0.10231899708118009,-63.93166553633935,0.0,0.0
atr_pct & ret_16,0.271..0.373 & -1.65..-0.793,33631,1.3164142146587738,0.3028158544200291,-0.4071973402083648,-0.10081165008232507,-0.1024867924365277,-54.99110710300673,0.07142857142857142,0.0
dist_high_20 & ema200_rel,0.241..0.463 & -3.06..-1.57,22126,0.8660753743135806,0.27659766790201573,-0.4087717522158816,-0.1855983218471636,-0.10406120444404449,-46.16686755658504,0.0,0.0
bb_width_pctile & ret_96,-inf..0.109 & -4.32..-2.24,33277,1.302557634955845,0.27637707726057037,-0.40921095609243746,-0.17568556875257177,-0.10450040832060037,-55.75819015449733,0.0,0.0
dist_high_20 & dd_30d,0.241..0.463 & -20.5..-16.2,39551,1.548140067317926,0.2923819878132032,-0.41049664475673553,-0.13156416762933124,-0.10578609698489844,-60.29461942607217,0.0,0.0
dist_low_20 & bb_width_pctile,0.288..0.524 & 0.36..0.49,38974,1.525554625259762,0.3011238261405039,-0.4106342144276831,-0.10439626162994557,-0.10592366665584602,-59.07155790865759,0.0,0.0
dd_30d & bb_width_pctile,-25.7..-20.5 & -inf..0.109,44847,1.7554407625346267,0.29014203848640935,-0.41090938632420915,-0.13258097639805025,-0.10619883855237205,-63.80612803644555,0.0,0.0
dd_30d & bb_width_pctile,-8.28..-4.52 & 0.36..0.49,39398,1.5421512065988634,0.29663942332098076,-0.41143654943516894,-0.11811633226941139,-0.10672600166333185,-59.985083544108235,0.0,0.0
dist_low_20 & dd_30d,-inf..0.288 & -20.5..-16.2,39659,1.5523674984137348,0.2980407978012557,-0.41155391148897985,-0.11303350874168226,-0.10684336371714276,-59.53365139701337,0.0,0.0
dist_low_20 & ret_16,0.777..1.08 & 0.332..0.781,82292,3.22114592348428,0.30151169007923007,-0.4116823210661342,-0.10052395120578629,-0.10697177329429713,-86.29125829358003,0.0,0.0
atr_pct & bb_width_pctile,0.271..0.373 & 0.49..0.62,36487,1.4282062814146081,0.30139501740345875,-0.4120740826059053,-0.1019174643908884,-0.10736353483406819,-57.90517821165899,0.07142857142857142,0.0
bb_width_pctile & ret_96,0.109..0.233 & 0.849..2.07,47646,1.8650016851010063,0.29836712420769845,-0.41236906582304195,-0.1088283390022924,-0.10765851805120485,-65.50808637837898,0.0,0.0
dd_30d & ret_96,-4.52..inf & -2.24..-0.984,25146,0.9842868734741615,0.3200509027280681,-0.412420474852125,-0.05243560503393779,-0.10770992708028793,-47.044380696238676,0.07142857142857142,0.0
dd_30d & bb_width_pctile,-16.2..-12.2 & 0.109..0.233,41496,1.624272969923002,0.2925583188741083,-0.41244001194997487,-0.12873428809522022,-0.10772946417813778,-61.64873702644722,0.0,0.0
dd_30d & ret_16,-8.28..-4.52 & 0.332..0.781,44786,1.7530530468231051,0.30402357879694547,-0.4124686997206193,-0.09533904762902257,-0.10775815194878219,-63.730876834764516,0.0,0.0
dist_low_20 & dist_high_20,0.777..1.08 & 0.241..0.463,42023,1.6449012679553285,0.29945506032410824,-0.4127337712701248,-0.1052829214607761,-0.10802322349828769,-62.01614766915621,0.0,0.0
dist_high_20 & bb_width_pctile,0.463..0.708 & -inf..0.109,65550,2.565815817872874,0.2964607170099161,-0.413052225851836,-0.11462796522596948,-0.1083416780799989,-77.34765716260357,0.0,0.0
dist_low_20 & dist_high_20,1.08..1.46 & -inf..0.241,45346,1.7749730599124844,0.30179067613460947,-0.41325700121120196,-0.09949360287198168,-0.10854645343936487,-64.38654713473308,0.0,0.0
dist_high_20 & ret_96,-inf..0.241 & -4.32..-2.24,21664,0.8479913635148428,0.27963441654357457,-0.413271050093989,-0.17414391479619384,-0.10856050232215192,-45.57207437588405,0.0,0.0
ret_96 & ema200_rel,0.849..2.07 & 0.541..1.36,113491,4.442364652726321,0.30537223215937825,-0.4134046586298276,-0.0917765935741544,-0.10869411085799052,-101.00247733621607,0.0,0.0
dist_low_20 & dd_30d,0.524..0.777 & -8.28..-4.52,44839,1.7551276194904928,0.30654118066861435,-0.41368284128777155,-0.09010544838092191,-0.10897229351593446,-64.03332003653165,0.0,0.0
dist_high_20 & bb_width_pctile,0.241..0.463 & 0.36..0.49,38680,1.5140466183878378,0.29930196483971044,-0.41389132308284127,-0.10816103338900816,-0.10918077531100417,-59.410203064469435,0.0,0.0
ret_96 & ret_16,0.849..2.07 & 0.332..0.781,55402,2.1685938663889086,0.3018302588354211,-0.41429086771283863,-0.09986676562400602,-0.10958031994100154,-71.14647751221388,0.0,0.0
atr_pct & ema200_rel,0.271..0.373 & -0.0818..0.541,61271,2.3983234321417064,0.3014476669223613,-0.4151271847971359,-0.10102932399558026,-0.1104166370252988,-75.41613867545286,0.07142857142857142,0.0
bb_width_pctile & ema200_rel,0.36..0.49 & -0.716..-0.0818,42217,1.6524949867755778,0.2963261245469834,-0.4154660903549008,-0.11987898188866464,-0.11075554258306369,-62.60436084703377,0.0,0.0
dd_30d & bb_width_pctile,-4.52..inf & 0.36..0.49,37071,1.4510657236363893,0.3124544792425346,-0.4156167275021313,-0.06626785168203995,-0.11090617973029421,-57.11351130379697,0.0,0.0
dist_high_20 & ret_96,0.463..0.708 & -0.984..-0.0475,51360,2.0103783433402107,0.31300623052959503,-0.41572882371918624,-0.06939278734954368,-0.11101827594734914,-68.03106271202086,0.0,0.0
dist_high_20 & ret_16,0.708..1 & -0.793..-0.331,81159,3.176797039858804,0.301359060609421,-0.4159155415059455,-0.10389348980046152,-0.11120499373410841,-86.76008091527066,0.0,0.0
atr_pct & ema200_rel,0.271..0.373 & -0.716..-0.0818,62949,2.4640051856488108,0.3006084290457354,-0.41652763897553,-0.10288056361112555,-0.11181709120369293,-76.88315060142972,0.0,0.0
bb_width_pctile & ret_96,0.36..0.49 & -0.0475..0.849,42173,1.650772700032841,0.3020890142982477,-0.41809412437612453,-0.1011173516003701,-0.11338357660428744,-62.189237879346926,0.0,0.0
dd_30d & ret_16,-4.52..inf & 0.332..0.781,47595,1.8630053981946522,0.3140245824141191,-0.4184944697078112,-0.06286019968077225,-0.11378392193597409,-65.36261961402236,0.0,0.0
ret_96 & ema200_rel,0.849..2.07 & -1.57..-0.716,17083,0.6686778278676172,0.2622490194930633,-0.4188645303794051,-0.23105479076284965,-0.11415398260756798,-42.3063326734063,0.0,0.0
dd_30d & ret_96,-20.5..-16.2 & -0.0475..0.849,39205,1.534596630659131,0.2916464736640735,-0.41936987821386973,-0.13550609525170068,-0.11465933044203264,-61.170354619132624,0.0,0.0
bb_width_pctile & ema200_rel,-inf..0.109 & -3.06..-1.57,32554,1.2742573323422357,0.2688763285617743,-0.4199148333787058,-0.20120218351789093,-0.11520428560686868,-57.42171821457898,0.0,0.0
bb_width_pctile & ret_96,0.233..0.36 & 0.849..2.07,45101,1.7653830541858808,0.2900379149021086,-0.42018387698884807,-0.1355783154764954,-0.11547332921701098,-65.69685112158983,0.0,0.0
dist_low_20 & ema200_rel,0.288..0.524 & -1.57..-0.716,52551,2.0569975140356584,0.2940001141748016,-0.4205337184214609,-0.12823611207229163,-0.11582317064962383,-71.26432256090513,0.0,0.0
ret_16 & ema200_rel,0.332..0.781 & -0.0818..0.541,53342,2.0879595325244065,0.31181807956207114,-0.42057302556074166,-0.07186852419748471,-0.11586247778890457,-70.00282176563447,0.0,0.0
atr_pct & dd_30d,0.271..0.373 & -8.28..-4.52,52108,2.039657217966739,0.30091348737238044,-0.4208557417419513,-0.10709251542377819,-0.11614519397011419,-71.0518320315314,0.07142857142857142,0.0
dd_30d & ema200_rel,-16.2..-12.2 & -0.0818..0.541,42357,1.6579749900479226,0.29907689401987864,-0.4211102411895944,-0.11097353814702647,-0.1163996934177573,-62.9640807870773,0.0,0.0
dist_high_20 & dd_30d,-inf..0.241 & -20.5..-16.2,35763,1.399866835920482,0.29449430976148533,-0.4213630022011758,-0.12519145276078494,-0.11665245442933869,-58.29180541632246,0.0,0.0
atr_pct & dist_high_20,0.271..0.373 & 1..1.39,44136,1.7276101744872185,0.29746692042776873,-0.42149227173164805,-0.11439699645688514,-0.11678172395981096,-65.42944100705664,0.0,0.0
atr_pct & ret_16,0.271..0.373 & -0.793..-0.331,58684,2.297060800244878,0.2988719242042124,-0.4216949624809947,-0.10998166610297717,-0.1169844147091576,-75.28547019920694,0.0,0.0
ret_96 & ema200_rel,0.849..2.07 & -0.0818..0.541,65401,2.5599835286758785,0.2985428357364566,-0.42173848082287063,-0.11243308305100173,-0.11702793305103354,-78.95578400686213,0.0,0.0
dd_30d & ret_96,-12.2..-8.28 & 0.849..2.07,42769,1.674101856820823,0.293109495195118,-0.42252893091751187,-0.1287944177762624,-0.11781838314567478,-64.38778367340434,0.0,0.0
dd_30d & ret_96,-16.2..-12.2 & -0.984..-0.0475,44164,1.7287061751416875,0.2968707544606467,-0.4238841214976463,-0.11898371652198228,-0.11917357372580922,-65.397267137051,0.0,0.0
ret_16 & ema200_rel,0..0.332 & -1.57..-0.716,38150,1.493300891713961,0.2925294888597641,-0.4238935511724006,-0.1314749056071134,-0.11918300340056348,-61.11096043605082,0.0,0.0
atr_pct & dist_low_20,0.271..0.373 & -inf..0.288,57189,2.2385421938723384,0.29822168598856424,-0.4240341829546163,-0.10936266266896337,-0.11932363518277922,-74.50598323962234,0.0,0.0
bb_width_pctile & ret_16,0.233..0.36 & 0..0.332,49280,1.9289611518653735,0.30243506493506495,-0.42446426490839545,-0.09913620295660706,-0.11975371713655836,-68.46968271322508,0.0,0.0
atr_pct & ema200_rel,0.271..0.373 & 1.36..2.88,37036,1.449695722818303,0.2947132519710552,-0.4248134330507057,-0.11757152718004485,-0.12010288527886859,-60.14459774616106,0.07142857142857142,0.0
atr_pct & dist_high_20,0.271..0.373 & 0.708..1,59131,2.3145576678358646,0.2972214236187448,-0.42496394120029835,-0.11468217475350193,-0.12025339342846125,-76.24480108045582,0.0,0.0
atr_pct & dd_30d,0.271..0.373 & -33.6..-25.7,21085,0.8253276356956453,0.29414275551339814,-0.4251006550103408,-0.12025972491722813,-0.12039010723850369,-45.43257800496104,0.21428571428571427,0.0
ret_96 & ema200_rel,0.849..2.07 & -0.716..-0.0818,31491,1.2326484503529318,0.27490394080848496,-0.4256951004683935,-0.18831033414431747,-0.12098455269655639,-57.26612090368032,0.0,0.0
dd_30d & ret_96,-12.2..-8.28 & -0.984..-0.0475,47596,1.8630445410751688,0.30924867635935793,-0.42623711842950807,-0.0807829588256256,-0.12152657065767097,-67.2799622786222,0.0,0.0
dist_low_20 & dist_high_20,0.288..0.524 & 0.708..1,42564,1.6660775663148897,0.2952730006578329,-0.42635441478598435,-0.1206912121892151,-0.12164386701414726,-64.85199764030416,0.0,0.0
atr_pct & ret_96,0.271..0.373 & -0.0475..0.849,59385,2.3244999594871185,0.2975835648732845,-0.4265186775974241,-0.11222805189427779,-0.12180812982558703,-76.67516330464687,0.0,0.0
ret_96 & ret_16,-0.984..-0.0475 & -0.793..-0.331,53173,2.081344385717076,0.3036127357869595,-0.42710082056285464,-0.09651730056225674,-0.12239027279101755,-71.78824000016435,0.0,0.0
atr_pct & ret_16,0.271..0.373 & 0.781..1.63,38500,1.507000899894823,0.29514285714285715,-0.427140752019221,-0.1195090080947301,-0.12243020424738393,-61.81512298898754,0.0,0.0
atr_pct & dist_high_20,0.271..0.373 & 0.463..0.708,66291,2.594820692335785,0.2967823686473277,-0.42733453675110816,-0.11483728457189192,-0.12262398897927107,-81.16444025102241,0.0,0.0
atr_pct & dist_low_20,0.271..0.373 & 0.524..0.777,65585,2.56718581869096,0.29718685675078144,-0.42818299060866283,-0.11570140500252023,-0.12347244283682574,-81.07177292262982,0.0,0.0
dd_30d & ret_96,-8.28..-4.52 & -0.984..-0.0475,51010,1.9966783351593487,0.3231327190746912,-0.42833540772135825,-0.04079924537969028,-0.12362485994952116,-68.83061873818255,0.0,0.0
ret_96 & ret_16,-0.0475..0.849 & 0.332..0.781,51373,2.0108872007869283,0.3097152200572285,-0.4284824571931901,-0.07679923231528078,-0.12377190942135302,-70.05360039785457,0.0,0.0
atr_pct & bb_width_pctile,0.271..0.373 & 0.62..0.751,29349,1.1488044002860562,0.29585335105114313,-0.42848850440261427,-0.11868143481864549,-0.12377795663077718,-54.4920815902677,0.0,0.0
bb_width_pctile & ret_16,0.233..0.36 & -0.331..0,54315,2.126045555267203,0.2965847371812575,-0.4288741615341936,-0.1179302041526298,-0.12416361376235652,-72.92371047427342,0.0,0.0
ret_96 & ema200_rel,-0.984..-0.0475 & -0.0818..0.541,71587,2.8021213875524857,0.31593725117688964,-0.42954354607926915,-0.058803759815095016,-0.12483299830743205,-81.95823607436404,0.0,0.0
bb_width_pctile & ret_16,0.109..0.233 & -0.331..0,72108,2.8225148283017116,0.3047650746103068,-0.4309083084256596,-0.09039716260980836,-0.1261977606538225,-83.33076458553681,0.0,0.0
dist_low_20 & ema200_rel,0.524..0.777 & -0.0818..0.541,52247,2.0450980783585666,0.30832392290466437,-0.4326543232862948,-0.08048531104240501,-0.12794377551445768,-71.52916440025277,0.0,0.0
atr_pct & dist_high_20,0.271..0.373 & 0.241..0.463,65763,2.5741532514229415,0.2949226768851786,-0.4328771644800495,-0.11883512108362801,-0.1281666167082124,-81.86060127496216,0.0,0.0
dd_30d & ema200_rel,-20.5..-16.2 & -0.0818..0.541,39116,1.5311129142931403,0.28686471009305653,-0.4329098422829201,-0.1480400661233771,-0.12819929451108303,-63.172870658672956,0.0,0.0
dist_high_20 & ema200_rel,0.463..0.708 & -0.716..-0.0818,53513,2.0946529650927705,0.30818679573187824,-0.4329758864148194,-0.08201741349185417,-0.12826533864298229,-72.4879386985486,0.0,0.0
atr_pct & ema200_rel,0.271..0.373 & 0.541..1.36,59304,2.321329386165262,0.2943477674355861,-0.43319100614042744,-0.1212447740513289,-0.12848045836859034,-77.84893797809845,0.0,0.0
dist_high_20 & ema200_rel,-inf..0.241 & -3.06..-1.57,15654,0.6127426516091834,0.26753545419701036,-0.43332905873235694,-0.21555119791059008,-0.12861851096051985,-41.57459119396285,0.0,0.0
dd_30d & bb_width_pctile,-12.2..-8.28 & 0.109..0.233,40846,1.5988300975871155,0.2979483915193654,-0.4333887430402316,-0.10844892404873815,-0.12867819526839452,-63.710533902170305,0.0,0.0
atr_pct & dist_high_20,0.271..0.373 & 1.39..1.96,22096,0.8649010878980782,0.29272266473569875,-0.43343603717408286,-0.1306658753382718,-0.12872548940224576,-48.00588496221115,0.07142857142857142,0.0
bb_width_pctile & ema200_rel,0.233..0.36 & -0.0818..0.541,47563,1.8617528260181162,0.30551058595967456,-0.4336364680022353,-0.08864246584500332,-0.12892592023039823,-68.17809771952238,0.0,0.0
dd_30d & ema200_rel,-12.2..-8.28 & -0.0818..0.541,46922,1.8366622396068801,0.31051532330250203,-0.4337575773924029,-0.07509696964327503,-0.1290470296205658,-67.24736043872777,0.0,0.0
dist_low_20 & dist_high_20,-inf..0.288 & 1..1.39,46529,1.821279087563798,0.29398869522233445,-0.43379003239994735,-0.12272373167059131,-0.12907948462811025,-68.8870950112713,0.0,0.0
ret_16 & ema200_rel,-0.331..0 & -1.57..-0.716,52959,2.072967809286492,0.294076549783795,-0.4343362884609394,-0.12861458103154394,-0.12962574068910232,-73.67379625644833,0.0,0.0
atr_pct & dd_30d,0.271..0.373 & -12.2..-8.28,53624,2.0989978248301298,0.294140683276145,-0.43503282516726133,-0.12217015183177976,-0.13032227739542424,-74.5147958517322,0.0,0.0
atr_pct & dist_low_20,0.271..0.373 & 1.08..1.46,44528,1.742954183649784,0.2924676607977003,-0.43508882973409846,-0.12754252776150626,-0.13037828196226137,-67.98627015259106,0.0,0.0
atr_pct & ret_16,0.271..0.373 & 0.332..0.781,60559,2.3704537012137816,0.2929374659423042,-0.4371261024090227,-0.1251927203279884,-0.13241555463718563,-79.58302308382409,0.0,0.0
atr_pct & bb_width_pctile,0.271..0.373 & 0.36..0.49,42578,1.6666255666421241,0.29282728169477196,-0.43755964384341484,-0.12735979027372912,-0.13284909607157774,-66.81354362681678,0.07142857142857142,0.0
dd_30d & bb_width_pctile,-8.28..-4.52 & 0.233..0.36,38411,1.5035171835288323,0.2962172294394835,-0.43816038807214097,-0.11532728206182283,-0.13344984030030388,-62.69266690058301,0.0,0.0
dd_30d & bb_width_pctile,-12.2..-8.28 & 0.233..0.36,40671,1.5919800934966843,0.284920459295321,-0.43883078146931676,-0.15012628977410716,-0.13412023369747966,-65.68261161772524,0.0,0.0
atr_pct & bb_width_pctile,0.271..0.373 & 0.109..0.233,57720,2.259327063426732,0.2918052668052668,-0.43899847509988643,-0.1273530525404149,-0.13428792732804934,-77.92214484427464,0.07142857142857142,0.0
dist_low_20 & bb_width_pctile,0.288..0.524 & 0.233..0.36,45756,1.7910216409243513,0.29913016872104203,-0.43946572883240675,-0.10742505391328797,-0.13475518106056966,-68.42931674411133,0.0,0.0
dist_low_20 & dd_30d,0.524..0.777 & -4.52..inf,39660,1.5524066412942514,0.31502773575390824,-0.4396552453936634,-0.06139827125151705,-0.13494469762182632,-63.00339119353752,0.0,0.0
dist_high_20 & ret_16,0.463..0.708 & -0.331..0,78042,3.054788681288098,0.3040029727582584,-0.4399515420653323,-0.09511461319146672,-0.13524099429349523,-89.59575326376212,0.0,0.0
ret_96 & ret_16,-0.0475..0.849 & -0.793..-0.331,43998,1.722208456975907,0.29296786217555343,-0.4403335437310636,-0.1294872435687374,-0.1356229959592265,-68.02263361551947,0.0,0.0
dist_high_20 & ema200_rel,0.463..0.708 & -0.0818..0.541,50299,1.9688477471119403,0.2999463210004175,-0.44090877620402336,-0.10665714997750954,-0.13619822843218626,-72.15506893462275,0.0,0.0
dist_low_20 & ret_96,0.524..0.777 & 0.849..2.07,47779,1.8702076882097338,0.29473199522802906,-0.4411658554476065,-0.1219128101899882,-0.1364553076757694,-71.02430625873109,0.0,0.0
dist_high_20 & ret_96,0.463..0.708 & -0.0475..0.849,49112,1.9223851479385599,0.30043573871966117,-0.44142406873128615,-0.10492699436673959,-0.13671352095944905,-71.18411371977179,0.0,0.0
atr_pct & dd_30d,0.271..0.373 & -20.5..-16.2,49496,1.9374160140569912,0.29060934216906414,-0.4416583972754725,-0.1323203075482569,-0.13694784950363542,-72.86532526543756,0.0,0.0
atr_pct & ret_16,0.271..0.373 & -0.331..0,63340,2.4793100519308595,0.2919797916008841,-0.4420085763488563,-0.12860344023035908,-0.13729802857701923,-82.40622787242376,0.0,0.0
atr_pct & ret_96,0.271..0.373 & 2.07..4.36,37411,1.4643743030120837,0.2894335890513485,-0.4422579205118354,-0.13523095706928714,-0.13754737273999829,-63.34593279786322,0.07142857142857142,0.0
bb_width_pctile & ret_96,0.109..0.233 & -0.984..-0.0475,50544,1.9784377528385437,0.3076923076923077,-0.4425075777007038,-0.08033625754150372,-0.13779702992886672,-71.47083669358189,0.0,0.0
dist_low_20 & ret_16,0.777..1.08 & 0.781..1.63,10939,0.4281839699727135,0.3010330011884084,-0.44328009694242904,-0.10252065389730403,-0.13856954917059194,-33.92889644981532,0.0,0.0
dist_high_20 & ret_96,-inf..0.241 & -2.24..-0.984,33850,1.3249865054919419,0.3004135893648449,-0.4439905593894519,-0.10611581185271587,-0.13928001161761483,-59.42197716780839,0.0,0.0
dist_low_20 & ret_16,0.524..0.777 & 0..0.332,67372,2.63713414617439,0.30028795345247283,-0.444591917585523,-0.10291630157350425,-0.13988136981368593,-84.31055826841177,0.0,0.0
atr_pct & dist_low_20,0.271..0.373 & 0.777..1.08,59351,2.3231691015495493,0.289868746946134,-0.44548462970764086,-0.13510499394663986,-0.14077408193580376,-80.60476008099774,0.0,0.0
dist_high_20 & dd_30d,0.241..0.463 & -16.2..-12.2,43073,1.6860012924979146,0.28950850881062384,-0.4455817019499608,-0.13945970758491044,-0.14087115417812368,-68.0850296346655,0.0,0.0
bb_width_pctile & ema200_rel,0.109..0.233 & -0.716..-0.0818,53499,2.094104964765536,0.3045851324323819,-0.44562503566117834,-0.088595756486258,-0.14091448788934124,-74.14656420447106,0.0,0.0
dist_high_20 & bb_width_pctile,-inf..0.241 & 0.36..0.49,39990,1.5653237918647787,0.30037509377344335,-0.4456548066073542,-0.10423745194290336,-0.1409442588355171,-64.6880257090942,0.0,0.0
atr_pct & bb_width_pctile,0.271..0.373 & -inf..0.109,70027,2.741058493946358,0.28993102660402414,-0.4461563635672353,-0.1328482661695886,-0.14144581579539822,-87.2011562525016,0.0,0.0
atr_pct & ret_16,0.271..0.373 & 0..0.332,57018,2.231848761303975,0.29046967624259007,-0.4469210154968358,-0.13325793101006891,-0.14221046772499873,-79.15777506728593,0.0,0.0
dist_low_20 & bb_width_pctile,-inf..0.288 & 0.36..0.49,38489,1.506570328209139,0.29663020603289253,-0.44805226674535753,-0.11464136130090273,-0.14334171897352044,-63.93953972863771,0.0,0.0
bb_width_pctile & ema200_rel,0.233..0.36 & -0.716..-0.0818,46900,1.8358010962355118,0.2931130063965885,-0.44856431719491574,-0.1262636174608009,-0.14385376942307865,-71.2916960075784,0.0,0.0
dd_30d & ret_16,-16.2..-12.2 & -0.331..0,45703,1.7889470682569637,0.2898496816401549,-0.44866543778587176,-0.14018205714015114,-0.14395489001403466,-70.59206338262338,0.0,0.0
atr_pct & dist_low_20,0.271..0.373 & 0.288..0.524,64358,2.51915750429691,0.29014263960968334,-0.4492048902041818,-0.13524353560985525,-0.1444943424323447,-84.66100439745354,0.0,0.0
bb_width_pctile & ret_96,-inf..0.109 & 0.849..2.07,48795,1.9099768548147504,0.295563069986679,-0.44942354277433133,-0.11519140178988958,-0.14471299500249424,-71.85170261187552,0.0,0.0
ret_16 & ema200_rel,-0.793..-0.331 & -0.716..-0.0818,55585,2.175757013523474,0.2970225780336422,-0.4496678034966612,-0.1157639900411619,-0.1449572557248241,-77.71471363715887,0.0,0.0
dist_low_20 & ret_96,-inf..0.288 & -2.24..-0.984,52784,2.0661178051960607,0.3025916944528645,-0.45007925782413316,-0.09947834636017461,-0.14536871005229607,-74.94936105527032,0.0,0.0
atr_pct & bb_width_pctile,0.271..0.373 & 0.233..0.36,49236,1.9272388651226366,0.2884677877975465,-0.45016916926448775,-0.13918501945157638,-0.14545862149265065,-74.22653886356795,0.0,0.0
atr_pct & dist_high_20,0.271..0.373 & -inf..0.241,56805,2.2235113277539074,0.28918229029134757,-0.45024619475193134,-0.1358544129177432,-0.14553564698009425,-79.50278386795888,0.0,0.0
bb_width_pctile & ema200_rel,-inf..0.109 & -1.57..-0.716,50134,1.9623891718266768,0.2834403797821837,-0.4509586260028746,-0.15391391448833808,-0.14624807823103753,-74.6853123439291,0.0,0.0
dist_high_20 & ret_96,0.241..0.463 & 0.849..2.07,53160,2.080835528270358,0.2948081264108352,-0.45142424535679887,-0.1194828965555475,-0.14671369758496178,-76.18656426913262,0.0,0.0
ret_16 & ema200_rel,0..0.332 & 0.541..1.36,52409,2.05143922500228,0.30775248526016524,-0.4522039533712536,-0.0818811470505656,-0.14749340559941648,-74.44795716766328,0.0,0.0
dd_30d & ema200_rel,-12.2..-8.28 & -0.716..-0.0818,49564,1.9400777299321301,0.30110564119118716,-0.45305918107736487,-0.10407565245765323,-0.14834863330552778,-73.22500332604069,0.0,0.0
dd_30d & ret_16,-16.2..-12.2 & 0..0.332,39754,1.5560860720628258,0.2910902047592695,-0.45354730395412857,-0.13249818264853327,-0.14883675618229147,-66.46743431688108,0.0,0.0
dd_30d & bb_width_pctile,-20.5..-16.2 & -inf..0.109,45768,1.7914913554905523,0.2860513896171998,-0.4535883008704662,-0.14487264384728993,-0.1488777530986291,-71.40416035976668,0.0,0.0
atr_pct & ema200_rel,0.271..0.373 & -1.57..-0.716,60712,2.376442561932844,0.2883285017788905,-0.4540547404665008,-0.14291563480959443,-0.1493441926946637,-83.42852019215373,0.0,0.0
dist_low_20 & ema200_rel,0.288..0.524 & 0.541..1.36,44087,1.7256921733418977,0.30526005398416767,-0.4557840258602243,-0.08785355704072863,-0.15107347808838723,-68.97836771497919,0.0,0.0
dist_low_20 & ret_96,0.524..0.777 & -0.0475..0.849,50435,1.9741711788622183,0.29993060374739766,-0.4577169616482193,-0.1065278607949889,-0.1530064138763822,-75.12531790366413,0.0,0.0
atr_pct & dd_30d,0.271..0.373 & -16.2..-12.2,52656,2.061107516489917,0.28642509875417804,-0.45773476652284595,-0.1474724042197212,-0.15302421875100886,-78.35131777005208,0.0,0.0
dd_30d & ret_96,-4.52..inf & 0.849..2.07,55857,2.1864038770240293,0.3053153588628104,-0.45827909076257295,-0.08941106353174756,-0.15356854299073586,-78.19283012385715,0.07142857142857142,0.0
dist_low_20 & dd_30d,0.288..0.524 & -16.2..-12.2,43335,1.696256727193303,0.28503519095419405,-0.45866325683603615,-0.1533318734299318,-0.15395270906419906,-71.00076726334608,0.0,0.0
atr_pct & ret_96,0.271..0.373 & -4.32..-2.24,32028,1.253668177190426,0.2848132883726739,-0.4592196163710375,-0.15248977459552182,-0.15450906859920038,-61.4732480105849,0.0,0.0
ret_96 & ret_16,0.849..2.07 & -0.331..0,48218,1.8873914127565865,0.29206935169438797,-0.4599510358703372,-0.13068522029317448,-0.1552404880985001,-74.16741652447529,0.0,0.0
dist_low_20 & ema200_rel,-inf..0.288 & 0.541..1.36,32993,1.2914410568890882,0.310187009365623,-0.4613111708025529,-0.07356674171951524,-0.1566006230307158,-59.873691617242926,0.0,0.0
dist_low_20 & bb_width_pctile,0.288..0.524 & 0.109..0.233,56875,2.2262513293900796,0.2999208791208791,-0.46214867300973217,-0.1023745947252379,-0.15743812523789508,-79.69229300675778,0.0,0.0
dd_30d & ema200_rel,-8.28..-4.52 & -0.716..-0.0818,54186,2.1209961236805426,0.31177795002399145,-0.4652358584160898,-0.07307201750181469,-0.16052531064425268,-77.32266052059313,0.0,0.0
dist_high_20 & ema200_rel,-inf..0.241 & -1.57..-0.716,27520,1.0772120718209228,0.28630087209302324,-0.4656619283482707,-0.14896319523611648,-0.1609513805764336,-57.26801462506731,0.0,0.0
dist_high_20 & bb_width_pctile,0.241..0.463 & 0.233..0.36,45102,1.7654221970663977,0.29118442641124564,-0.4661691334365497,-0.12996590612599848,-0.1614585856647126,-72.61081769812468,0.0,0.0
dist_high_20 & ema200_rel,0.241..0.463 & -1.57..-0.716,37344,1.4617517300174616,0.28478470437017994,-0.4665673298697121,-0.15357258143521124,-0.16185678209787502,-66.93854384650965,0.0,0.0
bb_width_pctile & ret_16,0.109..0.233 & 0..0.332,64704,2.5327009409557046,0.2977868447082097,-0.46670325558796,-0.10965245884406603,-0.1619927078161229,-85.97815003183757,0.0,0.0
dist_high_20 & dd_30d,0.241..0.463 & -4.52..inf,55604,2.176500728253292,0.317171426516078,-0.4691302871708897,-0.05209859567286997,-0.16441973939905263,-78.51947475479558,0.0,0.0
dist_high_20 & dd_30d,0.241..0.463 & -12.2..-8.28,47530,1.8604611109610634,0.2948032821375973,-0.46972843105544104,-0.1181854269740995,-0.16501788328360395,-74.77320241291397,0.0,0.0
atr_pct & dd_30d,0.271..0.373 & -25.7..-20.5,40577,1.58830066272811,0.28077482317569064,-0.47013492121406897,-0.16059227866365675,-0.16542437344223188,-70.64901370284197,0.07142857142857142,0.0
dist_high_20 & ret_96,0.241..0.463 & -0.984..-0.0475,54377,2.1284724138592415,0.3155562094267797,-0.47073266627685556,-0.05658479417358036,-0.16602211850501847,-78.48242025036409,0.0,0.0
bb_width_pctile & ret_96,0.233..0.36 & -0.0475..0.849,45915,1.7972453589265143,0.2928672547097898,-0.47087095074232754,-0.12581933307370818,-0.16616040297049045,-73.67225781375268,0.0,0.0
dist_low_20 & ema200_rel,-inf..0.288 & -1.57..-0.716,58166,2.276784788137202,0.2934532200942131,-0.4731760764499919,-0.12640006737188733,-0.16846552867815479,-83.54648807105934,0.0,0.0
dd_30d & ret_96,-12.2..-8.28 & -0.0475..0.849,46512,1.8206136585950132,0.3005245958032336,-0.4734987147887093,-0.10607057362087277,-0.16878816701687221,-74.01332072010726,0.0,0.0
dist_low_20 & dd_30d,0.288..0.524 & -8.28..-4.52,48490,1.8980382762571422,0.3049494741183749,-0.47528487788130236,-0.09245974310916043,-0.17057433010946527,-76.03762691266165,0.0,0.0
dist_high_20 & dd_30d,0.241..0.463 & -8.28..-4.52,49815,1.949902592941834,0.3046672688949112,-0.47557749562688795,-0.08845656387283662,-0.17086694785505085,-76.78777214776603,0.0,0.0
dist_low_20 & ret_16,0.288..0.524 & -0.331..0,72371,2.8328094058776165,0.293957524422766,-0.4756095858559731,-0.12086112442178483,-0.17089903808413603,-93.85957897780338,0.0,0.0
dd_30d & bb_width_pctile,-4.52..inf & 0.233..0.36,34096,1.334615654099062,0.30689816987329893,-0.4761536593828413,-0.08019620954069949,-0.17144311161100423,-62.834272059139785,0.0,0.0
dist_high_20 & bb_width_pctile,0.241..0.463 & 0.109..0.233,53839,2.1074135441412305,0.2968851575995097,-0.47679599264519745,-0.1111664269381202,-0.17208544487336036,-80.36472924870685,0.0,0.0
dd_30d & ema200_rel,-16.2..-12.2 & -0.716..-0.0818,45758,1.7910999266853849,0.28209274880895147,-0.47694084390197705,-0.1631819384827073,-0.17223029613013996,-75.8299119033371,0.0,0.0
dist_low_20 & dist_high_20,0.524..0.777 & 0.241..0.463,39605,1.5502537828658303,0.2994823885872996,-0.477388178733243,-0.10340207021257236,-0.17267763096140593,-69.61274274984278,0.0,0.0
dist_low_20 & dd_30d,0.288..0.524 & -12.2..-8.28,45543,1.782684207374284,0.2917462617745867,-0.47842255217824226,-0.13336879671515328,-0.17371200440640516,-75.23178236178668,0.0,0.0
dd_30d & ret_96,-16.2..-12.2 & -0.0475..0.849,42814,1.6758632864440768,0.2830849722053534,-0.478713458146921,-0.1597730696218157,-0.17400291037508392,-73.27282232781276,0.0,0.0
dist_high_20 & ret_16,0.241..0.463 & 0..0.332,68165,2.668174450424172,0.30027140027873545,-0.47939740509212253,-0.1027670122351318,-0.17468685732028544,-91.27992536357344,0.0,0.0
dist_low_20 & bb_width_pctile,-inf..0.288 & 0.233..0.36,44722,1.7505479024700332,0.2978847099861366,-0.48023023088879613,-0.10943267642457255,-0.17551968311695904,-73.24520950820066,0.0,0.0
ret_96 & ret_16,0.849..2.07 & 0..0.332,48999,1.9179620024401671,0.2960672666789118,-0.4802623555057661,-0.11636296892339502,-0.17555180773392903,-77.38417408730965,0.0,0.0
dist_low_20 & ret_96,-inf..0.288 & 0.849..2.07,37945,1.4852766012080276,0.3018052444327316,-0.481057530694793,-0.09943262840488824,-0.17634698292295592,-67.58846647563381,0.0,0.0
atr_pct & ret_96,0.271..0.373 & 0.849..2.07,60857,2.3821182796077727,0.2772729513449562,-0.4823668897343183,-0.17048965875313155,-0.1776563419624812,-89.3461542791987,0.0,0.0
dist_high_20 & dd_30d,-inf..0.241 & -16.2..-12.2,40451,1.5833686597829997,0.2884724728684087,-0.48237709278765234,-0.139789563818778,-0.17766654501581525,-71.17151418819579,0.0,0.0
dist_low_20 & ret_16,-inf..0.288 & -0.793..-0.331,83971,3.286866819871901,0.2974598373247907,-0.4846321310459551,-0.11061358418505432,-0.179921583274118,-102.30012707042357,0.0,0.0
dd_30d & ema200_rel,-4.52..inf & 0.541..1.36,61387,2.4028640062816495,0.304820238812778,-0.4854075598882315,-0.09268628452842288,-0.18069701211639438,-87.00846363435971,0.0,0.0
dd_30d & bb_width_pctile,-8.28..-4.52 & 0.109..0.233,38153,1.4934183203555114,0.2945246769585616,-0.48593293159043366,-0.11788553248656637,-0.18122238381859657,-68.88497883054596,0.0,0.0
dist_low_20 & dd_30d,-inf..0.288 & -16.2..-12.2,42186,1.6512815574795585,0.2891954676907031,-0.4861007785280835,-0.14034819912037141,-0.18139023075624638,-73.09749186223868,0.0,0.0
atr_pct & ema200_rel,0.271..0.373 & -3.06..-1.57,30773,1.2045438621419062,0.27628115555844407,-0.4864370012912208,-0.18096345411568643,-0.1817264535193837,-64.74021720775679,0.0,0.0
dist_low_20 & ret_96,0.288..0.524 & -0.984..-0.0475,57031,2.2323576187506924,0.3018709123108485,-0.48729301675730236,-0.09965875333145487,-0.18258246898546526,-84.74006485114802,0.0,0.0
ret_96 & ema200_rel,-0.0475..0.849 & -0.716..-0.0818,67442,2.6398741478105627,0.29321491058984017,-0.48853446133665057,-0.12756410098285337,-0.18382391356481348,-92.31756207726012,0.0,0.0
dist_high_20 & ema200_rel,-inf..0.241 & 0.541..1.36,63659,2.4917966308157022,0.3096498531236746,-0.48951779919829413,-0.07599612550076096,-0.18480725142645704,-88.66386661534789,0.0,0.0
bb_width_pctile & ema200_rel,0.109..0.233 & -0.0818..0.541,54462,2.131799558703165,0.2979325033968639,-0.4903621202410242,-0.10821347706450213,-0.18565157246918712,-82.38080035810674,0.0,0.0
bb_width_pctile & ret_96,0.109..0.233 & -0.0475..0.849,52168,2.042005790797744,0.29866968256402393,-0.49101759277140844,-0.1062259564948039,-0.18630704499957135,-80.5511078866092,0.0,0.0
dd_30d & ret_16,-12.2..-8.28 & -0.331..0,48834,1.9115034271549036,0.2924396936560593,-0.49156187726945133,-0.12918032318010667,-0.18685132949761424,-79.31879381200142,0.0,0.0
dist_low_20 & ret_96,0.288..0.524 & 0.849..2.07,45522,1.7818622068834322,0.2890250867712315,-0.49298050522791,-0.1375864266395307,-0.1882699574560729,-77.220837540148,0.0,0.0
ret_96 & ema200_rel,-0.984..-0.0475 & -0.716..-0.0818,106355,4.163041057358803,0.30463071787880214,-0.4933284902233846,-0.09181784654410878,-0.1886179424515475,-116.00119167468937,0.0,0.0
ret_96 & ret_16,-0.984..-0.0475 & 0..0.332,51702,2.023765208476939,0.3128699083207613,-0.4937847851834398,-0.06581530551723465,-0.18907423741160273,-80.04978503860846,0.0,0.0
dist_high_20 & ret_96,-inf..0.241 & 0.849..2.07,58260,2.2804642189057764,0.3025231719876416,-0.4944385809800473,-0.09517283988854054,-0.1897280332082102,-86.02178234516275,0.0,0.0
dist_high_20 & bb_width_pctile,-inf..0.241 & 0.233..0.36,43631,1.7078430198262604,0.2939194609337398,-0.496710977103934,-0.12095643056909577,-0.19200042933209693,-75.53907105039472,0.0,0.0
dist_low_20 & dist_high_20,0.288..0.524 & 0.463..0.708,39341,1.5399200624094087,0.2924429983986172,-0.4969427119639287,-0.12484768987460534,-0.1922321641920916,-72.64342518040276,0.0,0.0
dd_30d & ret_16,-8.28..-4.52 & -0.331..0,50346,1.9706874624962276,0.30604218805863426,-0.49786252860141633,-0.08762093539434802,-0.19315198082957924,-79.43052986317612,0.0,0.0
dist_low_20 & bb_width_pctile,0.288..0.524 & -inf..0.109,75077,2.9387300405559387,0.29300584733007445,-0.4984183211987989,-0.12225644967586602,-0.19370777342696183,-99.45877797732477,0.0,0.0
dist_low_20 & dist_high_20,0.777..1.08 & -inf..0.241,42045,1.645762411326697,0.30122487810679033,-0.49901459550027244,-0.09946787977912276,-0.19430404772843535,-74.76753217585366,0.0,0.0
dd_30d & ret_16,-12.2..-8.28 & 0..0.332,43573,1.705572732756289,0.29093704817203314,-0.5002830358329463,-0.13187047045999084,-0.19557248806110922,-76.22591350995678,0.0,0.0
atr_pct & ret_16,-inf..0.271 & 0.781..1.63,14638,0.5729734850041668,0.3186910780161224,-0.503136236488158,-0.04553924239399571,-0.19842568871632088,-43.775307193735266,0.0,0.16666666666666666
atr_pct & dist_low_20,-inf..0.271 & 1.08..1.46,14056,0.550192328543419,0.31502561183836086,-0.5031845246323039,-0.05780450364186331,-0.1984739768604668,-43.127393051529246,0.0,0.0
dist_high_20 & ret_16,-inf..0.241 & 0.332..0.781,85784,3.3578328622487663,0.2988202928284995,-0.503194822089226,-0.10796354814422553,-0.19848427431738885,-107.52939506874151,0.0,0.0
dist_high_20 & ema200_rel,0.241..0.463 & -0.0818..0.541,60120,2.3532699766669287,0.3064537591483699,-0.5036972425227462,-0.08304569314205157,-0.19898669475090908,-88.69832824063494,0.0,0.0
dd_30d & bb_width_pctile,-16.2..-12.2 & -inf..0.109,43141,1.6886630083730536,0.27778679214668184,-0.5044071647659961,-0.16734773089567376,-0.19969661699415903,-77.48656029935667,0.0,0.0
dd_30d & ema200_rel,-8.28..-4.52 & -0.0818..0.541,55928,2.1891830215407184,0.3005471320268917,-0.5070619615183342,-0.10559487536784441,-0.20235141374649707,-85.74064798866482,0.0,0.0
dist_high_20 & ema200_rel,0.241..0.463 & -0.716..-0.0818,56423,2.208558747396509,0.3030678978430782,-0.5104628378388305,-0.0926093784500727,-0.20575229006699342,-87.56459291366215,0.0,0.0
dist_low_20 & ema200_rel,0.288..0.524 & -0.716..-0.0818,57567,2.2533382027076696,0.2897667066201122,-0.5117469329376116,-0.13361322138441006,-0.20703638516577455,-90.27130902710601,0.0,0.0
dist_low_20 & ret_16,0.524..0.777 & 0.332..0.781,46267,1.8110236528684098,0.30401798257937623,-0.5117746714292277,-0.09032748854493751,-0.20706412365739063,-79.84514821778264,0.0,0.0
ret_16 & ema200_rel,0..0.332 & -0.716..-0.0818,52879,2.069836378845152,0.3024262939919439,-0.513547782243481,-0.09682707373312213,-0.20883723447164387,-84.86906409466789,0.0,0.0
atr_pct & ema200_rel,-inf..0.271 & 1.36..2.88,17888,0.7001878466835999,0.32094141323792486,-0.5142959651419738,-0.03667896536677853,-0.20958541737013675,-49.227733547200415,0.15384615384615385,0.0
dist_high_20 & bb_width_pctile,0.241..0.463 & -inf..0.109,73991,2.8962208723147493,0.29371139733210794,-0.515019920096476,-0.12007725025423992,-0.21030937232463892,-101.93708494731706,0.0,0.0
dd_30d & ret_16,-8.28..-4.52 & 0..0.332,48300,1.89060112895896,0.30389233954451345,-0.5164815474953597,-0.092733199888314,-0.2117709997235226,-80.79483258526137,0.0,0.0
dist_low_20 & dist_high_20,-inf..0.288 & 0.708..1,42481,1.6628287072319994,0.2936842353051953,-0.5166818396951224,-0.12148005972342173,-0.2119712919232853,-78.23775815797691,0.0,0.0
dist_high_20 & dd_30d,-inf..0.241 & -12.2..-8.28,47745,1.8688768302721643,0.2948162111215834,-0.5175580281119698,-0.119512880521127,-0.21284748034013273,-81.60931216474289,0.0,0.0
bb_width_pctile & ret_96,-inf..0.109 & -0.984..-0.0475,61218,2.3962488594743188,0.30360351530595575,-0.5178720605630082,-0.08871326981662427,-0.21316151279117107,-90.97263184458005,0.0,0.0
dist_high_20 & ret_96,0.241..0.463 & -0.0475..0.849,58643,2.295455942143691,0.3023378749381853,-0.5180281806224194,-0.09570712075101724,-0.2133176328505823,-90.19690992471348,0.0,0.0
bb_width_pctile & ret_16,-inf..0.109 & -0.331..0,104089,4.0743432901078505,0.2930569032270461,-0.5185739553367228,-0.12115412251435011,-0.2138634075648857,-120.08231717730614,0.0,0.0
ret_96 & ret_16,-0.984..-0.0475 & -0.331..0,62496,2.446273460774724,0.30504352278545827,-0.521661068346053,-0.08761584998010874,-0.21695052057421588,-93.14381648150757,0.0,0.0
dist_low_20 & bb_width_pctile,-inf..0.288 & 0.109..0.233,53396,2.090073248072311,0.2986178739980523,-0.5281389209103057,-0.105633917835832,-0.22342837313846858,-87.58175152540696,0.0,0.0
dist_high_20 & ret_16,0.463..0.708 & -0.793..-0.331,35646,1.3952871189000224,0.29683554957077934,-0.535891729959522,-0.11384878097594937,-0.23118118218768485,-73.8117583494019,0.0,0.0
dist_low_20 & ema200_rel,0.288..0.524 & -0.0818..0.541,58592,2.293459655237337,0.301406335335882,-0.536030292503217,-0.09873067496243706,-0.2313197447313799,-93.44460662729352,0.0,0.0
dist_low_20 & dd_30d,-inf..0.288 & -12.2..-8.28,47365,1.8540025356757999,0.2951968753298849,-0.5366249123125655,-0.11953399840447174,-0.2319143645407284,-84.11168516314689,0.0,0.0
bb_width_pctile & ret_16,-inf..0.109 & 0..0.332,91213,3.5703395605741948,0.2932367096795413,-0.5368898314127746,-0.12090836567978268,-0.23217928364093748,-116.00329824344436,0.0,0.0
ret_16 & ema200_rel,-0.331..0 & -0.716..-0.0818,67151,2.6284835695801885,0.3006656639513931,-0.538862793212713,-0.09994700694633753,-0.23415224544087593,-99.84965703676598,0.0,0.0
bb_width_pctile & ema200_rel,-inf..0.109 & -0.716..-0.0818,66786,2.6141964181915753,0.2932800287485401,-0.5453602738343388,-0.11863099618966118,-0.24064972606250173,-100.7071529213928,0.0,0.0
dd_30d & ret_96,-4.52..inf & -0.984..-0.0475,43866,1.7170415967476964,0.3141841061414307,-0.5466629314098562,-0.061806381292947056,-0.24195238363801913,-81.21073841906251,0.07142857142857142,0.0
atr_pct & ret_96,-inf..0.271 & 2.07..4.36,17229,0.6743926884230625,0.30802716350339543,-0.548380243989521,-0.07537917964631438,-0.24366969621768392,-52.23689345967625,0.0,0.0
ret_16 & ema200_rel,-0.331..0 & -0.0818..0.541,62764,2.4567637527532122,0.2998056210566567,-0.5492780446974173,-0.10364489012964387,-0.24456749692558016,-98.20986916247033,0.0,0.0
dd_30d & ret_16,-4.52..inf & -0.331..0,51206,2.0043503397406313,0.31146740616334023,-0.5504315523805338,-0.06766147837410111,-0.24572100460869667,-88.12592237072693,0.0,0.0
dist_high_20 & bb_width_pctile,-inf..0.241 & 0.109..0.233,49257,1.9280608656134883,0.29291268246137603,-0.5511862051476226,-0.1210076324171466,-0.24647565737578553,-88.26507812274197,0.0,0.0
dist_high_20 & ret_96,-inf..0.241 & -0.984..-0.0475,52733,2.064121518289707,0.312347107124571,-0.5521075298757855,-0.06349171313316909,-0.2473969821039484,-89.0830609679483,0.0,0.0
dd_30d & ret_96,-8.28..-4.52 & -0.0475..0.849,52053,2.0375043595383175,0.2909342401014351,-0.5523188897937725,-0.1304983605100353,-0.24760834202193543,-90.0364438767265,0.0,0.0
dd_30d & bb_width_pctile,-12.2..-8.28 & -inf..0.109,41963,1.6425526951243237,0.2820580034792555,-0.5524196804176286,-0.15528061435893975,-0.24770913264579147,-82.41023411788409,0.0,0.0
dd_30d & bb_width_pctile,-4.52..inf & 0.109..0.233,31920,1.2494407460946169,0.30275689223057645,-0.5524231933641874,-0.09333780212767782,-0.24771264559235034,-70.55157647478453,0.0,0.0
dd_30d & ret_16,-4.52..inf & 0..0.332,52703,2.062947231874204,0.3138531013414796,-0.5529795301339645,-0.06064288402981531,-0.2482689823621274,-89.43077357580147,0.0,0.0
atr_pct & dist_low_20,-inf..0.271 & 0.777..1.08,33317,1.3041233501765148,0.3058498664345529,-0.554072815309194,-0.08343211237858923,-0.24936226753735685,-73.6922631554295,0.0,0.0
dist_low_20 & ret_96,0.288..0.524 & -0.0475..0.849,57210,2.2393641943631906,0.29070092641146655,-0.5582853829134689,-0.13126482863941596,-0.25357483514163176,-97.38844718449873,0.0,0.0
dist_low_20 & dd_30d,0.288..0.524 & -4.52..inf,44814,1.754149047477574,0.3059758111304503,-0.559987946731839,-0.08682360802034743,-0.25527739896000196,-85.07862903926454,0.07142857142857142,0.0
ret_96 & ema200_rel,-0.0475..0.849 & -0.0818..0.541,106946,4.186174499744201,0.2949338918706637,-0.5661019263100471,-0.1191137297491527,-0.26139137853821,-132.60478639599194,0.0,0.0
bb_width_pctile & ema200_rel,-inf..0.109 & -0.0818..0.541,67132,2.6277398548503705,0.29912709289161654,-0.5661399879217311,-0.10116879366584443,-0.26142944014989405,-102.96119920317557,0.0,0.0
dist_high_20 & dd_30d,-inf..0.241 & -4.52..inf,71325,2.7918659528570977,0.31565369786189973,-0.5714726954785344,-0.053696120604978984,-0.2667621477066973,-106.65251069406749,0.07142857142857142,0.0
dist_high_20 & dd_30d,-inf..0.241 & -8.28..-4.52,54078,2.1167686925847335,0.29949332445726545,-0.5722983248106457,-0.10161504857374726,-0.2675877770388086,-93.66557765661891,0.0,0.0
dist_low_20 & dist_high_20,0.288..0.524 & 0.241..0.463,36837,1.4419062895954702,0.3010288568558786,-0.5730116625743242,-0.09671041490543847,-0.26830111480248714,-80.17456552014401,0.0,0.0
atr_pct & bb_width_pctile,-inf..0.271 & 0.879..inf,8917,0.34903706556784775,0.3096332847370192,-0.5740762581134657,-0.07100121409216668,-0.26936571034162865,-39.44121646151282,0.1111111111111111,0.0
dd_30d & ret_96,-4.52..inf & -0.0475..0.849,53992,2.113402404860293,0.31136094236183137,-0.5787944688862886,-0.07022911473159343,-0.2740839211144515,-95.21102067854298,0.0,0.0
dd_30d & ema200_rel,-4.52..inf & -0.0818..0.541,53522,2.0950052510174215,0.3186540114345503,-0.5844232495127384,-0.048096085804503884,-0.2797127017409013,-95.27117679787546,0.14285714285714285,0.0
atr_pct & bb_width_pctile,-inf..0.271 & 0.62..0.751,23911,0.935945416035977,0.31416502864790263,-0.5854471892896336,-0.057718723446647566,-0.2807366415177965,-65.19013890862632,0.15384615384615385,0.0
dist_low_20 & dd_30d,-inf..0.288 & -8.28..-4.52,52011,2.035860358556614,0.3014362346426717,-0.5860544638830828,-0.09770732496838916,-0.2813439161112457,-93.71493377093,0.0,0.0
ret_96 & ret_16,-0.0475..0.849 & -0.331..0,60720,2.3767557049769783,0.2888998682476943,-0.5893399505436221,-0.13565493945241108,-0.284629402771785,-104.53515391790638,0.0,0.0
ret_16 & ema200_rel,0..0.332 & -0.0818..0.541,63086,2.4693677602796056,0.30041530609009925,-0.5898810382115643,-0.09986054828592017,-0.28517049043972725,-104.93496236164094,0.0,0.0
atr_pct & bb_width_pctile,-inf..0.271 & 0.751..0.879,16521,0.6466795290172045,0.30924278191392773,-0.590420317362991,-0.07072931676141586,-0.28570976959115396,-55.184106234745656,0.08333333333333333,0.0
atr_pct & dist_low_20,-inf..0.271 & 0.524..0.777,59994,2.3483379737218186,0.3039303930393039,-0.5955541630712249,-0.08718883747522213,-0.2908436152993878,-106.11756605683507,0.0,0.0
atr_pct & dist_high_20,-inf..0.271 & 0.708..1,33356,1.305649922516668,0.29005276412039815,-0.5967692270268814,-0.13134329992436938,-0.2920586792550443,-80.73316576675174,0.0,0.0
dd_30d & ema200_rel,-4.52..inf & -1.57..-0.716,10848,0.4246219678456894,0.277009587020649,-0.5990847916511568,-0.18440409198269397,-0.2943742438793197,-47.23817467713508,0.07142857142857142,0.0
ret_96 & ret_16,-0.0475..0.849 & 0..0.332,59884,2.3440322568649763,0.2978257965399773,-0.5993534262643895,-0.1083371969680253,-0.2946428784925524,-103.87156869331822,0.0,0.0
atr_pct & dist_high_20,-inf..0.271 & 1..1.39,13638,0.5338306044874181,0.27943980055726647,-0.6046354850290833,-0.16191849605116893,-0.29992493725724617,-52.83159357657213,0.0,0.16666666666666666
dist_low_20 & ret_96,-inf..0.288 & -0.984..-0.0475,66887,2.618149849123767,0.2972027449280129,-0.6057456654920503,-0.10852114797853653,-0.30103511772021324,-112.14328810107004,0.0,0.0
dd_30d & bb_width_pctile,-8.28..-4.52 & -inf..0.109,37956,1.485707172893712,0.2937875434713879,-0.6072130268985627,-0.11571083099421528,-0.3025024791267256,-82.88935646565135,0.0,0.0
dist_high_20 & ema200_rel,-inf..0.241 & -0.716..-0.0818,49477,1.936672299327173,0.2920144713705358,-0.6103645053482649,-0.12316070585687068,-0.3056539575764278,-96.60592987143033,0.0,0.0
bb_width_pctile & ret_96,-inf..0.109 & -0.0475..0.849,64349,2.518805218372259,0.2873393525928919,-0.6106844348486223,-0.13727575922824217,-0.30597388707678524,-109.95896651539081,0.0,0.0
atr_pct & ret_16,-inf..0.271 & 0.332..0.781,56640,2.2170527524686436,0.30457274011299434,-0.6109740473595057,-0.08632542796359444,-0.3062634995876686,-105.52201623341935,0.0,0.0
dist_low_20 & dist_high_20,0.524..0.777 & -inf..0.241,38423,1.5039868980950335,0.3020066106238451,-0.6126057711577065,-0.09298352814342285,-0.30789522338586944,-87.25906357437763,0.0,0.0
atr_pct & ret_16,-inf..0.271 & -1.65..-0.793,10994,0.4303368284011347,0.2788793887575041,-0.6128519748672558,-0.16471725527363948,-0.30814142709541875,-48.10287897374724,0.0,0.16666666666666666
atr_pct & bb_width_pctile,-inf..0.271 & 0.49..0.62,31037,1.2148775825983278,0.3082449979057254,-0.6136171419229692,-0.07658482306622351,-0.30890659415113214,-78.07455338223721,0.0,0.0
dist_low_20 & ret_16,0.288..0.524 & 0..0.332,64710,2.5329357982388054,0.2972647195178489,-0.6144586475571602,-0.10841344512958823,-0.3097480997853231,-113.09118133847808,0.0,0.0
dd_30d & ema200_rel,-4.52..inf & -0.716..-0.0818,31462,1.231513306817946,0.30735490432903184,-0.616266024777571,-0.08266649027434085,-0.3115554770057339,-77.99285163295325,0.07142857142857142,0.0
atr_pct & dist_high_20,-inf..0.271 & 0.463..0.708,59959,2.3469679729037325,0.29733651328407745,-0.617170180627928,-0.1098313462900663,-0.31245963285609085,-110.56726304947382,0.0,0.0
dist_low_20 & dist_high_20,-inf..0.288 & 0.463..0.708,38872,1.5215620514470536,0.3007306030047335,-0.6175503814771844,-0.09998107895663523,-0.31283983370534735,-88.44239130730863,0.0,0.0
dist_high_20 & ret_16,0.241..0.463 & -0.331..0,65710,2.572078678755554,0.29517577233297826,-0.6182494755569444,-0.11469993035502883,-0.31353892778510734,-114.76913676028352,0.0,0.0
atr_pct & ema200_rel,-inf..0.271 & 0.541..1.36,63199,2.473790905777998,0.30734663523157013,-0.6210811429096585,-0.07867975443600791,-0.31637059513782145,-112.6919292558776,0.0,0.0
atr_pct & ret_96,-inf..0.271 & -2.24..-0.984,42971,1.6820087186852064,0.29678155034790904,-0.6216489832675033,-0.10921836893778525,-0.3169384354956662,-94.0947368042997,0.0,0.0
atr_pct & dd_30d,-inf..0.271 & -20.5..-16.2,26079,1.020807180996288,0.2868208136815062,-0.6267907986087344,-0.14011090196360132,-0.32208025083689734,-74.08459131391034,0.0,0.0
dist_low_20 & ema200_rel,-inf..0.288 & -0.716..-0.0818,69252,2.7107227615458775,0.29420088950499623,-0.6275113285769993,-0.11643900788517327,-0.3228007808051622,-118.03974929319092,0.0,0.0
atr_pct & bb_width_pctile,-inf..0.271 & 0.36..0.49,38504,1.50715747141689,0.30363079160606693,-0.6330297961466437,-0.08911716297451783,-0.3283192483748066,-89.95046616205347,0.0,0.16666666666666666
atr_pct & ema200_rel,-inf..0.271 & -3.06..-1.57,8698,0.3404647747346798,0.2732812140722005,-0.6331800767114963,-0.1824147230812876,-0.32846952893965925,-44.626878643659815,0.0,0.0
atr_pct & ret_96,-inf..0.271 & 0.849..2.07,60313,2.3608245526066614,0.29831048032762425,-0.6409703029970648,-0.10591686709142767,-0.3362597552252277,-114.59715383169952,0.0,0.0
dist_high_20 & ema200_rel,-inf..0.241 & -0.0818..0.541,69005,2.701054470058241,0.30047098036374176,-0.645183991902592,-0.09821435853445086,-0.3404734441307549,-118.96002640461163,0.0,0.0
atr_pct & ret_16,-inf..0.271 & -0.793..-0.331,49168,1.9245771492474977,0.28766677513830136,-0.6467820417895866,-0.1372700159363232,-0.34207149401774956,-106.03088292532001,0.0,0.0
dist_high_20 & ret_96,-inf..0.241 & -0.0475..0.849,67230,2.6315758571410117,0.29888442659527,-0.6535255907952435,-0.10311557903545501,-0.34881504302340643,-118.63619095430403,0.0,0.0
atr_pct & ema200_rel,-inf..0.271 & -1.57..-0.716,41160,1.6111209620693745,0.2803206997084548,-0.6595610381173262,-0.1588711632116322,-0.35485049034548916,-99.61977838199743,0.0,0.0
dist_low_20 & ret_16,0.288..0.524 & 0.332..0.781,7133,0.27920616672596815,0.29903266507780735,-0.6623202878591822,-0.10114705562197944,-0.3576097400873451,-40.279114936721285,0.0,0.0
atr_pct & dd_30d,-inf..0.271 & -25.7..-20.5,16860,0.6599489655123822,0.2675563463819692,-0.66359871578658,-0.19674209582736943,-0.35888816801474294,-64.86981041519829,0.0,0.0
atr_pct & dist_high_20,-inf..0.271 & 0.241..0.463,90675,3.549280690856184,0.2979983457402812,-0.6677570570151187,-0.1034053531200474,-0.3630465092432816,-145.9773201295874,0.0,0.0
atr_pct & ret_96,-inf..0.271 & -4.32..-2.24,11101,0.4345251166164268,0.26457075939104585,-0.6723508076527102,-0.2073954176955399,-0.36764025988087307,-53.62784001203555,0.0,0.0
dist_low_20 & ema200_rel,-inf..0.288 & -0.0818..0.541,59822,2.3416053982729377,0.29128079970579385,-0.67290205164121,-0.12439206882746451,-0.3681915038693729,-116.0519822998606,0.0,0.0
dist_low_20 & bb_width_pctile,-inf..0.288 & -inf..0.109,74487,2.915635741051057,0.28960758253117996,-0.6729650416824349,-0.12753121331558154,-0.3682544939105978,-129.1025867146442,0.0,0.0
atr_pct & bb_width_pctile,-inf..0.271 & 0.233..0.36,48019,1.8796019795337535,0.2926758158229034,-0.6741519088385849,-0.11998499489054773,-0.3694413610667478,-108.03743905994844,0.0,0.0
atr_pct & dd_30d,-inf..0.271 & -8.28..-4.52,76829,3.007308367221282,0.30258105663226126,-0.6748232900043039,-0.0880244826387199,-0.37011274223246676,-133.07752493179166,0.0,0.0
atr_pct & ret_96,-inf..0.271 & -0.984..-0.0475,87704,3.432987192840924,0.3039998175681839,-0.676669458536116,-0.08372875385264225,-0.37195891076427895,-143.83762747358446,0.0,0.0
dd_30d & bb_width_pctile,-4.52..inf & -inf..0.109,27253,1.066760922722951,0.30139801122812165,-0.6789981350325263,-0.0922681574229255,-0.37428758726068917,-78.93343502073643,0.0,0.0
atr_pct & dist_low_20,-inf..0.271 & 0.288..0.524,89175,3.490566370081061,0.29350154191197086,-0.6794104684369633,-0.11787824711748852,-0.3746999206651262,-148.20998865104457,0.0,0.0
atr_pct & dd_30d,-inf..0.271 & -12.2..-8.28,58796,2.3014448028627537,0.2892883869650997,-0.6799034404269866,-0.1305943200780015,-0.3751928926551495,-120.45097002249416,0.0,0.0
dist_low_20 & dd_30d,-inf..0.288 & -4.52..inf,50886,1.9918246179752719,0.3049561765515073,-0.6938852273885596,-0.08525821755621305,-0.38917467961672253,-111.04475444973005,0.07142857142857142,0.0
atr_pct & bb_width_pctile,-inf..0.271 & 0.109..0.233,61697,2.4149982992418417,0.2923156717506524,-0.6955289533549952,-0.1212875952925795,-0.3908184055831581,-125.64906880364552,0.0,0.0
dist_high_20 & bb_width_pctile,-inf..0.241 & -inf..0.109,64941,2.5419778036381744,0.2851819343711985,-0.6984400381006256,-0.13997469680575875,-0.3937294903287885,-125.30527731870411,0.0,0.0
dist_low_20 & ret_16,-inf..0.288 & -0.331..0,77968,3.051892108129859,0.29215832136261033,-0.6995375546385983,-0.12153561845170838,-0.39482700686676125,-139.45978923384985,0.0,0.0
atr_pct & dd_30d,-inf..0.271 & -4.52..inf,98062,3.838429149233406,0.3091819461157227,-0.7039151723542514,-0.07147958047901219,-0.3992046245824143,-157.3650728321807,0.0,0.0
dist_low_20 & ret_96,-inf..0.288 & -0.0475..0.849,62154,2.4328865956379957,0.28072207742060046,-0.7051501446254389,-0.1569095696268008,-0.4004395968536018,-125.51509638308282,0.0,0.0
atr_pct & ema200_rel,-inf..0.271 & -0.716..-0.0818,88163,3.450953774998111,0.29271916790490343,-0.7111209452942167,-0.11813503321914365,-0.40641039752237956,-152.723738712088,0.0,0.0
dist_high_20 & ret_16,-inf..0.241 & 0..0.332,69497,2.720312767272481,0.29278961681799215,-0.7195395158071967,-0.11814576193990949,-0.41482896803535957,-135.07825140681476,0.0,0.0
atr_pct & dd_30d,-inf..0.271 & -16.2..-12.2,36991,1.4479342931950494,0.2666864913086967,-0.725228785069708,-0.19705717122168892,-0.4205182372978709,-104.99537985277392,0.0,0.0
atr_pct & ret_16,-inf..0.271 & -0.331..0,94621,3.7037384973752743,0.2925354836664166,-0.7299923136700889,-0.11948102639304244,-0.4252817658982518,-161.73783707165867,0.0,0.0
atr_pct & ret_16,-inf..0.271 & 0..0.332,92550,3.622673591825088,0.2951701782820097,-0.7318707418009535,-0.11034843895389206,-0.42716019402911637,-159.87265964537306,0.0,0.0
atr_pct & ema200_rel,-inf..0.271 & -0.0818..0.541,99297,3.886770606671591,0.29380545232987904,-0.739280217825886,-0.11529627424408198,-0.43456967005404895,-167.18774682292403,0.0,0.0
atr_pct & dist_high_20,-inf..0.271 & -inf..0.241,117752,4.609152466608188,0.296156328554929,-0.7623307901290753,-0.10703888476168887,-0.45762024235723825,-186.27476244456562,0.0,0.0
atr_pct & ret_96,-inf..0.271 & -0.0475..0.849,98433,3.85295115790512,0.28715979397153396,-0.7625819667480986,-0.1357778265760027,-0.45787141897626155,-172.51843644795198,0.0,0.0
atr_pct & bb_width_pctile,-inf..0.271 & -inf..0.109,90726,3.551276977762538,0.2820911315389194,-0.7734135927810044,-0.14910134527971358,-0.4687030450091673,-167.78364573829953,0.0,0.0
atr_pct & dist_low_20,-inf..0.271 & -inf..0.288,118902,4.654166779202448,0.2868580848093388,-0.7898803248339298,-0.13554144720510575,-0.4851697770620927,-196.05484229555788,0.0,0.0
dist_low_20 & dist_high_20,0.288..0.524 & -inf..0.241,32323,1.2652153269428668,0.2888964514432448,-0.8239962709939718,-0.12874397156871842,-0.5192857232221346,-108.14633241830886,0.0,0.0
dist_low_20 & dist_high_20,-inf..0.288 & 0.241..0.463,33159,1.2979387750548685,0.2902379444494707,-0.8248761046025054,-0.1242694216444366,-0.5201655568306682,-109.33573300606636,0.07142857142857142,0.0
dist_high_20 & ret_16,-inf..0.241 & -0.331..0,18561,0.7265310052713717,0.27945692581218684,-0.9110541809122511,-0.15326173418931696,-0.606343633140414,-86.68475225247055,0.0,0.0
dist_low_20 & ret_16,-inf..0.288 & 0..0.332,21643,0.847169363023991,0.2848958092685857,-0.9152926853590693,-0.13600756681730083,-0.6105821375872322,-93.99579299800791,0.0,0.0
dist_low_20 & dist_high_20,-inf..0.288 & -inf..0.241,19807,0.7753030343952405,0.2693492199727369,-1.213873392989857,-0.17225247482707468,-0.90916284521802,-119.38339720974083,0.0,0.0
