feature,bucket,n,coverage_pct,win_rate,expectancy_r,gross_r,lift_r,t_stat,coins_positive,years_positive
dow & ema200_rel,4 & 5.97..230,11475,1.7972850423595417,0.42440087145969496,0.1662509278752412,0.2449824565364385,0.37034810697965814,12.393416559491172,1.0,0.8333333333333334
dow & ema200_rel,4 & 2.69..5.97,10906,1.7081647644421054,0.43324775353016687,0.14053949625439138,0.2673569414730479,0.34463667535880826,10.18875570782609,0.7857142857142857,0.8333333333333334
dow & dist_low_20,4 & 6.59..2.4e+03,11997,1.879043891345309,0.4045177961156956,0.08253322870344662,0.14816173859809825,0.28663040780786353,6.51179824869535,0.7857142857142857,0.5
dow & ret_4,4 & 1.63..91.8,12407,1.9432606118130573,0.4058192955589586,0.07442850618491055,0.15771168982356648,0.2785256852893275,5.9254285475905935,0.7857142857142857,0.6666666666666666
dd_30d & dow,-86.5..-33.6 & 0,11749,1.8402006067696954,0.3896501829942974,0.060735967716777854,0.1365432967774035,0.26483314682119474,4.61597453816528,0.7142857142857143,0.6666666666666666
dd_30d & dow,-4.52..0 & 4,11484,1.7986946776868824,0.4212817833507489,0.045759824588849043,0.22901935068493362,0.24985700369326597,3.3983353676579386,0.7142857142857143,0.6666666666666666
dd_30d & bb_width_pctile,-86.5..-33.6 & 0.879..1,11114,1.7407430031184266,0.3879791254273889,0.032153063167993344,0.07877266240966312,0.23625024227241026,2.491202069215917,0.7142857142857143,0.5
dow & dist_low_20,4 & 4.3..6.59,12232,1.9158510360036525,0.39020601700457813,0.027651973363205552,0.11910509627208923,0.23174915246762245,2.199665696871316,0.5714285714285714,0.6666666666666666
dow & ema200_rel,0 & -57.7..-6.51,11893,1.8627547720071485,0.3818212393845119,0.026664916796237254,0.10031867360268899,0.23076209590065416,2.0623948063847366,0.7142857142857143,0.5
atr_pct & dow,2.18..340 & 4,11835,1.8536704554531742,0.37583438952260245,0.0019334081882856288,0.04809280899057103,0.20603058729270254,0.15616435688706548,0.42857142857142855,0.5
bb_width_pctile & dow,0.879..1 & 4,12745,1.996200249662079,0.3921537857983523,-0.0030793787023972604,0.08631158405635782,0.20101780040201964,-0.25676368959477486,0.42857142857142855,0.5
atr_pct & dow,2.18..340 & 6,8409,1.31706927417877,0.3591390177191105,-0.013752579191389724,0.031550499298852105,0.19034459991302718,-0.9105160168640415,0.42857142857142855,0.3333333333333333
dd_30d & dist_low_20,-86.5..-33.6 & 6.59..2.4e+03,18064,2.829294728120502,0.3646479185119575,-0.016012623820188532,0.03343229253447628,0.18808455528422838,-1.5766729800833414,0.5,0.6666666666666666
dow & ema200_rel,3 & 5.97..230,11071,1.7340080787766872,0.3601300695510794,-0.018383048535167385,0.0567798224662663,0.1857141305692495,-1.3758531835633145,0.35714285714285715,0.5
atr_pct & bb_width_pctile,2.18..340 & 0.879..1,26371,4.130388135256076,0.36995184103750334,-0.022684353168028287,0.01937101650778687,0.18141282593638863,-2.7586131393707634,0.2857142857142857,0.16666666666666666
atr_pct & dist_low_20,2.18..340 & 4.3..6.59,13854,2.169898647219964,0.36061787209470186,-0.023728052985353798,0.02463810196100665,0.1803691261190631,-2.039092475457486,0.5,0.3333333333333333
dist_low_20 & ema200_rel,6.59..2.4e+03 & -57.7..-6.51,15321,2.3996692055765174,0.37530187324587166,-0.02409918432019177,0.020204430211450644,0.17999799478422512,-2.2521724079538443,0.35714285714285715,0.16666666666666666
ret_4 & ema200_rel,1.63..91.8 & -57.7..-6.51,11522,1.8046464712912103,0.36972747786842564,-0.026126208059838292,0.028520324724727587,0.17797097104457862,-2.076527190569691,0.42857142857142855,0.16666666666666666
dd_30d & ret_4,-86.5..-33.6 & 1.63..91.8,14576,2.282982725702194,0.36107299670691545,-0.026631311784256897,0.03503366275519423,0.17746586732016,-2.3318856629284257,0.42857142857142855,0.5
atr_pct & ema200_rel,2.18..340 & -57.7..-6.51,29637,4.64192913293331,0.3658602422647366,-0.030360671509191226,0.013615226054327453,0.1737365075952257,-3.88305992117482,0.2857142857142857,0.5
dow & dist_high_20,6 & 6.43..90.6,7204,1.128334766462583,0.359106052193226,-0.03088628597688756,0.02736598006930169,0.17321089312752935,-1.899208368585539,0.5714285714285714,0.3333333333333333
ret_4 & dist_high_20,1.63..91.8 & 6.43..90.6,8314,1.3021897901679502,0.36733221072889105,-0.033008142587730716,0.010768841844567391,0.1710890365166862,-2.253161903793712,0.42857142857142855,0.6666666666666666
dd_30d & ema200_rel,-86.5..-33.6 & -57.7..-6.51,39087,6.122046226641168,0.3584823598638934,-0.0381023685822537,0.023337726173453012,0.1659948105221632,-5.478598231513622,0.42857142857142855,0.3333333333333333
dd_30d & dow,-86.5..-33.6 & 4,11320,1.773007989499783,0.3695229681978799,-0.0385692041732729,0.033940141383110765,0.16552797493114402,-3.0385284273705087,0.2857142857142857,0.6666666666666666
atr_pct & dd_30d,2.18..340 & -86.5..-33.6,28868,4.521483625519411,0.3570042954136068,-0.040023513686408045,0.0035097034867958205,0.16407366541800886,-5.025650879434805,0.2857142857142857,0.6666666666666666
dow & dist_low_20,2 & 6.59..2.4e+03,13335,2.0886096766766435,0.3574053243344582,-0.041779016814889776,0.023687529045304547,0.16231816228952714,-3.5088445590784674,0.35714285714285715,0.3333333333333333
atr_pct & ret_4,2.18..340 & -40.3..-1.65,26136,4.093580990597732,0.35541016222834404,-0.042945054565917955,0.0007825316664591739,0.16115212453849895,-5.143787219850268,0.2857142857142857,0.3333333333333333
bb_width_pctile & dow,0.75..0.879 & 4,11867,1.8586824921726082,0.3812252464818404,-0.04297994571533127,0.06706594127479328,0.16111723338908562,-3.464993716000789,0.35714285714285715,0.3333333333333333
dd_30d & bb_width_pctile,-86.5..-33.6 & 0.75..0.879,9958,1.5596831766288728,0.3564972886121711,-0.04342274001484594,0.01928872437660183,0.16067443908957096,-3.149283345635087,0.2857142857142857,0.5
dd_30d & dow,-8.28..-4.52 & 4,11029,1.72742978058243,0.39169462326593524,-0.04381296899329229,0.12364581566307041,0.16028421011112462,-3.3043488680543107,0.6428571428571429,0.3333333333333333
dow & dist_high_20,4 & 1.02..1.54,11078,1.7351044618090634,0.38219895287958117,-0.04622159055520092,0.10709131216333986,0.157875588549216,-3.4886770109439604,0.42857142857142855,0.3333333333333333
atr_pct & dd_30d,2.18..340 & -8.28..-4.52,6600,1.0337325733832659,0.3437878787878788,-0.0463810926960623,0.0014968594706185026,0.1577160864083546,-2.7192512118158985,0.5,0.16666666666666666
atr_pct & dow,2.18..340 & 2,12872,2.016091770392333,0.3540242386575513,-0.04697630861106916,-0.0010955911610915352,0.15712087049334775,-3.942282107541022,0.21428571428571427,0.5
atr_pct & bb_width_pctile,2.18..340 & 0.358..0.489,6591,1.032322938055925,0.3463814292216659,-0.04737912509708752,0.0015771233892130027,0.15671805400732938,-2.7904945959532377,0.2857142857142857,0.5
atr_pct & dd_30d,1.37..1.66 & -4.52..0,7161,1.1215998421208433,0.35134757715402876,-0.047548271454949005,0.04142683471638105,0.1565489076494679,-2.849173601881816,0.2857142857142857,0.3333333333333333
dd_30d & ema200_rel,-86.5..-33.6 & -3.59..-1.84,8073,1.2644428886247128,0.35600148643626905,-0.04909693185357179,0.049283831494213955,0.1550002472508451,-3.1383917355750777,0.42857142857142855,0.3333333333333333
dd_30d & dist_low_20,-8.28..-4.52 & 6.59..2.4e+03,7843,1.2284188747037807,0.34757108249394364,-0.04977501889028125,0.017177432273425153,0.15432216021413567,-3.158795045323695,0.2857142857142857,0.3333333333333333
ret_4 & ema200_rel,1.63..91.8 & 2.69..5.97,12356,1.9352726782914593,0.3569925542246682,-0.05083116456958499,0.05421318284174337,0.1532660145348319,-3.9998092119197093,0.2857142857142857,0.16666666666666666
dow & ema200_rel,4 & 0.891..2.69,11082,1.7357309663989926,0.38170005414185165,-0.05172040292413294,0.1136705714214883,0.15237677618028397,-3.869569219649979,0.5,0.5
bb_width_pctile & ret_4,0.879..1 & -40.3..-1.65,16973,2.6584156012172984,0.3651092912272433,-0.0517259157519394,0.012247760554794228,0.15237126335247753,-5.025189784044657,0.07142857142857142,0.3333333333333333
ret_4 & dist_high_20,1.63..91.8 & 4.22..6.43,6748,1.056913243210648,0.3518079430942502,-0.05176438285764195,0.009099664019275956,0.15233279624677495,-3.1056076065826277,0.42857142857142855,0.16666666666666666
atr_pct & dd_30d,2.18..340 & -12.2..-8.28,6699,1.0492385619840148,0.34467831019555156,-0.055002550586918254,-0.008683107251157568,0.14909462851749866,-3.3167024878534677,0.42857142857142855,0.3333333333333333
atr_pct & dow,2.18..340 & 0,11467,1.796032033179683,0.3456876253597279,-0.057491742152473775,-0.01209149494727209,0.14660543695194314,-4.511592469130256,0.42857142857142855,0.3333333333333333
dow & dist_high_20,4 & 2.18..3.01,11114,1.7407430031184266,0.37097354687781176,-0.05795168733307399,0.06275806771979765,0.14614549177134292,-4.455090470527224,0.35714285714285715,0.16666666666666666
atr_pct & ret_4,2.18..340 & 1.63..91.8,23412,3.6669313648559116,0.34691611139586537,-0.05829639064782855,-0.014078520906783503,0.14580078845658836,-6.579745014807177,0.21428571428571427,0.3333333333333333
dd_30d & ret_4,-8.28..-4.52 & 1.63..91.8,7569,1.185503310293627,0.3509050072664817,-0.05839142868057727,0.033889339049542735,0.14570575042383965,-3.6098266274344786,0.14285714285714285,0.16666666666666666
dd_30d & dist_high_20,-86.5..-33.6 & 3.01..4.22,10541,1.6509962206110613,0.35167441419220186,-0.05914758252491283,0.024099099769309792,0.14494959657950407,-4.361542280221235,0.35714285714285715,0.3333333333333333
atr_pct & dist_high_20,2.18..340 & 6.43..90.6,42066,6.588635519990978,0.35334949840726476,-0.05916742560827711,-0.01669297450950464,0.1449297534961398,-9.087482702687907,0.21428571428571427,0.5
atr_pct & dist_high_20,2.18..340 & 4.22..6.43,14451,2.263404457266905,0.3435748391114802,-0.05948985919220304,-0.01087886604190962,0.14460731991221387,-5.238177072562998,0.2857142857142857,0.3333333333333333
atr_pct & dist_high_20,2.18..340 & 3.01..4.22,8093,1.2675754115743592,0.3410354627455826,-0.059818705634697364,-0.010378113890643905,0.14427847346971956,-3.930445980230885,0.35714285714285715,0.3333333333333333
atr_pct & dist_low_20,2.18..340 & 3.09..4.3,8530,1.3360210380241297,0.3481828839390387,-0.06008976595044717,-0.011060883891507006,0.14400741315396975,-4.097354679958045,0.35714285714285715,0.16666666666666666
atr_pct & ema200_rel,2.18..340 & 5.97..230,27073,4.24033969078866,0.3379751043475049,-0.06084860424101542,-0.016408384014489675,0.14324857486340148,-7.3053715536042105,0.38461538461538464,0.16666666666666666
atr_pct & dow,1.17..1.37 & 4,11966,1.8741884807733573,0.3640314223633629,-0.061666965302652706,0.04403677412392734,0.1424302138017642,-4.918985688792228,0.2857142857142857,0.3333333333333333
dist_low_20 & ema200_rel,4.3..6.59 & -57.7..-6.51,11387,1.783501941381098,0.3545270922982348,-0.061923753531179786,0.0028683316488190874,0.14217342557323712,-4.850862751664582,0.42857142857142855,0.0
bb_width_pctile & ret_4,0.879..1 & 1.63..91.8,18773,2.9403426666854617,0.35391253395834443,-0.06211922579389596,0.007982350779656658,0.14197795331052093,-6.2393436667965245,0.21428571428571427,0.16666666666666666
dd_30d & ret_4,-86.5..-33.6 & -40.3..-1.65,19414,3.0407400272216245,0.3487689296384053,-0.062319602800012856,-0.0012834820223172811,0.14177757630440405,-6.343072492084438,0.07142857142857142,0.3333333333333333
dow & dist_high_20,4 & 1.54..2.18,10750,1.6837310854348646,0.37534883720930234,-0.062353492325365044,0.0725208438756575,0.14174368677905186,-4.683012099528374,0.2857142857142857,0.3333333333333333
dd_30d & bb_width_pctile,-86.5..-33.6 & 0.358..0.489,9937,1.5563940275317443,0.3494012277347288,-0.06415277297084042,0.016528457141635998,0.1399444061335765,-4.605241271719565,0.21428571428571427,0.16666666666666666
atr_pct & dd_30d,2.18..340 & -25.7..-20.5,7371,1.1544913330921291,0.3521910188576855,-0.06494069698455189,-0.018049916125488757,0.13915648211986503,-4.179332967765334,0.35714285714285715,0.3333333333333333
dd_30d & dist_high_20,-86.5..-33.6 & 6.43..90.6,25728,4.029677522424949,0.349580223880597,-0.06505860989889825,-0.012889773242222222,0.13903856920551866,-7.710736472393739,0.14285714285714285,0.3333333333333333
atr_pct & dow,1.66..2.18 & 4,13648,2.1376336608386075,0.3579279015240328,-0.06509875086547869,0.006034006502886301,0.1389984282389382,-5.662081490432084,0.21428571428571427,0.3333333333333333
atr_pct & dist_low_20,1.17..1.37 & 6.59..2.4e+03,6604,1.034359077973195,0.3529678982434888,-0.06548304988074877,0.039314766164638706,0.13861412922366814,-3.7843477543238087,0.14285714285714285,0.16666666666666666
dow & ret_4,2 & 1.63..91.8,12957,2.0294049929283293,0.3490777186077024,-0.06822191529687067,0.015579389856842634,0.13587526380754622,-5.5833062181998665,0.14285714285714285,0.16666666666666666
ret_4 & dist_low_20,-40.3..-1.65 & 6.59..2.4e+03,9073,1.4210690361070257,0.3485065579191006,-0.06902149745724415,-0.026474775703687618,0.13507568164717276,-4.959877428633368,0.21428571428571427,0.3333333333333333
bb_width_pctile & ema200_rel,0.879..1 & -57.7..-6.51,22021,3.4490643937080145,0.363244176013805,-0.06943388517343713,-0.008366861319364077,0.13466329393097978,-7.771930981349019,0.2857142857142857,0.16666666666666666
dow & ret_4,5 & -40.3..-1.65,7819,1.2246598471642054,0.35030054994244786,-0.06983194035315868,0.004336680041494805,0.13426523875125823,-4.521681480581154,0.14285714285714285,0.16666666666666666
bb_width_pctile & dist_high_20,0.879..1 & 6.43..90.6,30922,4.843193732448082,0.3602289631977233,-0.07006266170891946,-0.009704588955290984,0.13403451739549743,-9.29237390978098,0.0,0.16666666666666666
atr_pct & bb_width_pctile,2.18..340 & 0.489..0.618,8569,1.34212945777594,0.34064651651301203,-0.07049059524383271,-0.022368520720319047,0.13360658386058422,-4.797908063339647,0.14285714285714285,0.16666666666666666
bb_width_pctile & dow,0.879..1 & 2,11881,1.8608752582373607,0.36040737311674104,-0.07164406290237883,0.02228765735391022,0.1324531162020381,-5.712303938646986,0.14285714285714285,0.3333333333333333
ret_4 & dist_high_20,1.63..91.8 & 2.18..3.01,7272,1.13898534449138,0.3433718371837184,-0.07169667418531532,0.0009711185512261142,0.1324005049191016,-4.415621050788697,0.07142857142857142,0.0
dd_30d & dist_low_20,-86.5..-33.6 & 3.09..4.3,11469,1.7963452854746478,0.3460633010724562,-0.07237390711420985,0.0073800085728745034,0.13172327199020706,-5.596706799816404,0.2857142857142857,0.16666666666666666
dow & ret_4,4 & 0.785..1.63,12286,1.9243088479676975,0.36643333875956374,-0.07323532329749236,0.04602291771365195,0.13086185580692455,-5.946403968321042,0.07142857142857142,0.3333333333333333
ret_4 & dist_low_20,-40.3..-1.65 & 4.3..6.59,6606,1.0346723302681595,0.3469573115349682,-0.07415083645171898,-0.014073639208105932,0.12994634265269794,-4.439518541506707,0.07142857142857142,0.16666666666666666
ret_4 & dist_high_20,1.63..91.8 & 3.01..4.22,6690,1.0478289266566738,0.34379671150971597,-0.07421972693589389,-0.006951438988427889,0.12987745216852303,-4.425191662193128,0.14285714285714285,0.16666666666666666
bb_width_pctile & ret_4,0.358..0.489 & 1.63..91.8,8989,1.4079124397185114,0.34720213594393146,-0.07580414128023291,0.017573319341735318,0.128293037824184,-5.144538503562347,0.07142857142857142,0.0
dow & ema200_rel,1 & -57.7..-6.51,12053,1.8878149556043184,0.34398075168007963,-0.0763601200184419,-0.006577274141230924,0.127737059085975,-6.0914299595543095,0.21428571428571427,0.3333333333333333
dd_30d & dist_low_20,-4.52..0 & 6.59..2.4e+03,14295,2.2389707782596644,0.3364812871633438,-0.07650945898252015,-0.002673652324720186,0.12758772012189676,-6.54723862476168,0.35714285714285715,0.16666666666666666
dow & dist_high_20,2 & 6.43..90.6,11254,1.7626706637659504,0.34858716900657544,-0.0767587289744412,-0.016918226747722576,0.1273384501299757,-6.045480279995516,0.35714285714285715,0.5
dow & dist_low_20,0 & 6.59..2.4e+03,11911,1.8655740426618301,0.3432961128368735,-0.07687834506505456,-0.010778816578488977,0.12721883403936235,-6.105419417375895,0.35714285714285715,0.3333333333333333
dow & ema200_rel,2 & -57.7..-6.51,10211,1.599309591941898,0.3442366075800607,-0.0769566671004272,-0.007349587678577079,0.1271405120039897,-5.662780288752845,0.21428571428571427,0.3333333333333333
dd_30d & ret_4,-4.52..0 & 1.63..91.8,13498,2.114139738716261,0.34168024892576676,-0.0771335435508745,0.014839094256790145,0.1269636355535424,-6.375892775372266,0.42857142857142855,0.0
atr_pct & bb_width_pctile,2.18..340 & 0.75..0.879,15151,2.373042760504524,0.34037357270147184,-0.07726999677703945,-0.03177724444246857,0.12682718232737744,-7.059213038272615,0.2857142857142857,0.0
ret_4 & dist_high_20,-40.3..-1.65 & 6.43..90.6,37364,5.852179374529142,0.34677764693287655,-0.07887675439845904,-0.019821405577820903,0.12522042470595787,-11.301009871483085,0.0,0.16666666666666666
dist_low_20 & dist_high_20,6.59..2.4e+03 & 6.43..90.6,15145,2.3721030036196304,0.35318586992406736,-0.07903689933842836,-0.04234995116494133,0.12506027976598855,-7.485029789303904,0.21428571428571427,0.16666666666666666
dd_30d & dist_low_20,-86.5..-33.6 & 4.3..6.59,12932,2.025489339241272,0.3444169502010517,-0.07943855810807805,-0.008264495846875896,0.12465862099633886,-6.582423658396475,0.14285714285714285,0.16666666666666666
bb_width_pctile & ema200_rel,0.879..1 & 5.97..230,23094,3.6171242499565364,0.3413440720533472,-0.07965436281117276,-0.007450512391716045,0.12444281629324415,-8.798740049060855,0.2857142857142857,0.16666666666666666
bb_width_pctile & ema200_rel,0.75..0.879 & 2.69..5.97,10941,1.7136466796039864,0.35536057033177954,-0.08007002778685747,0.04316398712541647,0.12402715131755944,-5.98028421822218,0.2857142857142857,0.16666666666666666
dist_low_20 & dist_high_20,6.59..2.4e+03 & 4.22..6.43,8586,1.3447921022831393,0.3403214535290007,-0.08008730511090952,-0.030302157841382706,0.1240098739935074,-5.4867989677586815,0.21428571428571427,0.0
dist_low_20 & dist_high_20,-0.001..0.662 & 6.43..90.6,10382,1.6260926631613735,0.34511654787131574,-0.08021698694475773,-0.00037295913392734607,0.12388019215965917,-5.9410530386140135,0.21428571428571427,0.5
dist_high_20 & ema200_rel,6.43..90.6 & 5.97..230,12239,1.9169474190360287,0.33711904567366613,-0.08024924658023211,-0.037942986888877345,0.1238479325241848,-6.610575784102255,0.2857142857142857,0.16666666666666666
atr_pct & dow,0.807..0.984 & 4,10601,1.66039378946,0.3751532874257146,-0.08083938622270105,0.06824488334552577,0.12325779288171586,-6.0616998066830865,0.21428571428571427,0.3333333333333333
dd_30d & dow,-86.5..-33.6 & 1,11837,1.853983707748139,0.34299231224127735,-0.08120193857261158,-0.009083199119566772,0.12289524053180532,-6.405432558426237,0.21428571428571427,0.3333333333333333
dist_low_20 & ema200_rel,6.59..2.4e+03 & 2.69..5.97,9590,1.5020447543553817,0.340563086548488,-0.08137214111480136,0.0016817873014680635,0.12272503798961555,-5.74595276183704,0.21428571428571427,0.3333333333333333
atr_pct & dist_low_20,2.18..340 & 6.59..2.4e+03,39126,6.128154646392979,0.34051525839595154,-0.08187565616903908,-0.03957758024457731,0.12222152293537783,-12.108923814721916,0.14285714285714285,0.3333333333333333
ret_4 & ema200_rel,-40.3..-1.65 & -57.7..-6.51,25732,4.0303040270148776,0.3454842219804135,-0.08246555673404855,-0.016284315407094192,0.12163162237036836,-9.710124664232545,0.14285714285714285,0.16666666666666666
ret_4 & ema200_rel,-40.3..-1.65 & 5.97..230,10505,1.645357679301698,0.3382198952879581,-0.08257728040249773,-0.028499621353130836,0.12151989870191918,-6.2484024288713025,0.14285714285714285,0.16666666666666666
dist_low_20 & dist_high_20,6.59..2.4e+03 & 3.01..4.22,8309,1.3014066594305387,0.33638223612949814,-0.08290456714575295,-0.02559066568307719,0.12119261195866396,-5.543970096952002,0.21428571428571427,0.16666666666666666
atr_pct & ret_4,2.18..340 & -1.65..-0.796,7951,1.2453344986318706,0.3407118601433782,-0.08298901737042712,-0.03468051597142862,0.12110816173398979,-5.50018014253201,0.21428571428571427,0.16666666666666666
dd_30d & ema200_rel,-16.2..-12.2 & 2.69..5.97,9400,1.4722857863337422,0.3473404255319149,-0.08333871369189641,0.025151657586227495,0.1207584654125205,-5.755384753825425,0.42857142857142855,0.3333333333333333
bb_width_pctile & ret_4,0.75..0.879 & 1.63..91.8,14042,2.199344362946639,0.34368323600626693,-0.08342150689946147,-0.0018115679332180456,0.12067567220495544,-7.174365809643867,0.14285714285714285,0.0
dd_30d & dow,-86.5..-33.6 & 5,11358,1.778959783104111,0.3435463990139109,-0.08366631434083902,-0.003916746797866232,0.1204308647635779,-6.495224664801033,0.14285714285714285,0.16666666666666666
dow & ret_4,4 & -1.65..-0.796,10767,1.686393729942064,0.3625893935172286,-0.08375864763493683,0.030414787420291,0.12033853146948008,-6.414927123352678,0.07142857142857142,0.16666666666666666
atr_pct & dow,1.37..1.66 & 4,12423,1.9457666301727743,0.35458423891169605,-0.08425254522422725,0.0046521358721428605,0.11984463388018966,-6.968263452263406,0.2857142857142857,0.16666666666666666
dow & dist_high_20,4 & 0.556..1.02,11209,1.7556224871292463,0.37621554108305827,-0.08468766278472102,0.09352773601974897,0.11940951631969589,-6.429441762755737,0.35714285714285715,0.16666666666666666
atr_pct & dow,0.984..1.17 & 4,11286,1.7676827004853843,0.36310473152578415,-0.08478870806517648,0.039738811707090746,0.11930847103924043,-6.589725540924708,0.14285714285714285,0.3333333333333333
dist_high_20 & ema200_rel,6.43..90.6 & -57.7..-6.51,36160,5.663601492960438,0.3474557522123894,-0.08538668886967518,-0.025656885252681623,0.11871049023474173,-12.074682014219306,0.07142857142857142,0.16666666666666666
dist_low_20 & dist_high_20,4.3..6.59 & 6.43..90.6,9172,1.4365750247077749,0.3470344526820759,-0.08544914086255634,-0.034173118257825916,0.11864803824186057,-6.123801856019884,0.35714285714285715,0.0
atr_pct & ret_4,1.17..1.37 & 1.63..91.8,10507,1.6456709315966627,0.34481774055391645,-0.08655860314950985,0.018716293863320972,0.11753857595490706,-6.339858906256476,0.14285714285714285,0.0
dist_low_20 & dist_high_20,6.59..2.4e+03 & 2.18..3.01,8709,1.3640571184234638,0.3360891032265472,-0.08673825992208771,-0.022344486321303966,0.1173589191823292,-5.899709276477387,0.14285714285714285,0.16666666666666666
atr_pct & dd_30d,1.66..2.18 & -86.5..-33.6,18794,2.9436318157825903,0.33707566244546133,-0.08696845379668369,-0.016356012170912464,0.11712872530773322,-8.657235234016039,0.21428571428571427,0.16666666666666666
dd_30d & dist_high_20,-86.5..-33.6 & 1.54..2.18,7053,1.1046842181927536,0.3424074861760953,-0.08735887315781928,0.006665619726761481,0.11673830594659763,-5.265496097583879,0.2857142857142857,0.16666666666666666
dow & dist_low_20,2 & 4.3..6.59,12363,1.9363690613238356,0.34498099166868884,-0.08754886259532044,0.005417634496815991,0.11654831650909647,-7.012616510320581,0.07142857142857142,0.16666666666666666
bb_width_pctile & ema200_rel,0.75..0.879 & -57.7..-6.51,14027,2.1969949707344045,0.3450488343908177,-0.08757545716549456,-0.01674632440966989,0.11652172193892235,-7.639599992535986,0.14285714285714285,0.16666666666666666
dow & ret_4,2 & -40.3..-1.65,12037,1.8853089372446015,0.34468721442219824,-0.08758229278103785,-0.009057997847011796,0.11651488632337906,-7.017125665338226,0.07142857142857142,0.3333333333333333
atr_pct & ret_4,0.984..1.17 & 1.63..91.8,7710,1.2075875970886332,0.3498054474708171,-0.08790745936053103,0.035920047287917624,0.11618971974388588,-5.47687030281381,0.14285714285714285,0.0
ret_4 & dist_low_20,1.63..91.8 & 4.3..6.59,22906,3.5876785342298616,0.3434034750720335,-0.08845850855480461,0.004454100421808539,0.1156386705496123,-9.64980932520167,0.14285714285714285,0.0
dow & dist_high_20,4 & -0.001..0.556,11202,1.75452610409687,0.38082485270487415,-0.08855911813590228,0.1108805800624239,0.11553806096851463,-6.639697690202077,0.42857142857142855,0.16666666666666666
ret_4 & ema200_rel,1.63..91.8 & 5.97..230,25440,3.9845691919500426,0.3324685534591195,-0.08934263682297874,-0.01669369977655049,0.11475454228143817,-10.252119749142322,0.14285714285714285,0.0
bb_width_pctile & dist_low_20,0.75..0.879 & 6.59..2.4e+03,17937,2.809403207390248,0.3375146345542733,-0.08948458449860741,-0.021307797349044928,0.1146125946058095,-8.757025279099008,0.14285714285714285,0.0
ret_4 & dist_low_20,1.63..91.8 & 6.59..2.4e+03,36947,5.786866271029018,0.3372939616206999,-0.08990123185408333,-0.025934888529513044,0.11419594725033358,-12.649214389678793,0.0,0.16666666666666666
atr_pct & dist_high_20,1.66..2.18 & 2.18..3.01,9100,1.4252979420890481,0.33494505494505494,-0.0902862951202753,-0.018728356979207564,0.1138108839841416,-6.248247190927125,0.21428571428571427,0.3333333333333333
atr_pct & dd_30d,2.18..340 & -16.2..-12.2,6278,0.9832989538939609,0.3359350111500478,-0.09039065935795242,-0.04462314649438449,0.1137065197464645,-5.348401744353651,0.2857142857142857,0.16666666666666666
bb_width_pctile & dow,0.618..0.75 & 4,11789,1.8464656526689878,0.3638985494952922,-0.09047801054181895,0.030217068671922004,0.11361916856259796,-7.2691504861303455,0.2857142857142857,0.16666666666666666
bb_width_pctile & dow,0.358..0.489 & 5,10158,1.5910084061253353,0.3566646977751526,-0.0907334126789552,0.0527877948581521,0.11336376642546171,-6.509768407194907,0.14285714285714285,0.0
ret_4 & dist_high_20,1.63..91.8 & 1.54..2.18,8347,1.3073584530348665,0.3386845573259854,-0.0913295278492634,-0.011918926942970105,0.1127676512551535,-6.043088124613815,0.07142857142857142,0.0
bb_width_pctile & dist_low_20,0.879..1 & 6.59..2.4e+03,34960,5.475650115981662,0.3446796338672769,-0.0914354506941829,-0.026885359683842074,0.11266172841023402,-12.719687922411886,0.14285714285714285,0.16666666666666666
atr_pct & bb_width_pctile,1.66..2.18 & 0.75..0.879,13842,2.1680191334501764,0.3399075278138997,-0.09189832400601064,-0.020895589178807832,0.11219885509840627,-7.929751658498909,0.07142857142857142,0.16666666666666666
atr_pct & dd_30d,1.37..1.66 & -8.28..-4.52,7165,1.1222263467107725,0.3397069085833915,-0.09209286731958626,-0.003147441595079274,0.11200431178483065,-5.612289667690435,0.35714285714285715,0.0
dd_30d & ret_4,-86.5..-33.6 & 0.333..0.785,6868,1.0757083809085257,0.34405940594059403,-0.09257256036003132,-0.001908156528809584,0.11152461874438559,-5.5485059248885165,0.14285714285714285,0.16666666666666666
bb_width_pctile & dist_low_20,0.75..0.879 & 4.3..6.59,15131,2.369910237554878,0.3482254973233759,-0.0927631596705589,0.006859562732174365,0.11133401943385801,-8.27550867725587,0.14285714285714285,0.0
atr_pct & bb_width_pctile,2.18..340 & 0.618..0.75,12063,1.8893812170791415,0.33242145403299345,-0.0943318173826059,-0.047184873163897044,0.109765361721811,-7.663542953730359,0.07142857142857142,0.0
dd_30d & dist_low_20,-33.6..-25.7 & 4.3..6.59,11916,1.8663571733992417,0.34122188653910707,-0.0944075652137334,-0.00836616026522263,0.1096896138906835,-7.475468952270021,0.07142857142857142,0.0
dd_30d & bb_width_pctile,-86.5..-33.6 & 0.618..0.75,10494,1.6436347916793925,0.33781208309510197,-0.09448837850653746,-0.02455183171435529,0.10960880059787945,-7.081067267685484,0.21428571428571427,0.3333333333333333
bb_width_pctile & ema200_rel,0.879..1 & 2.69..5.97,9359,1.4658641142869673,0.3526017736937707,-0.09463719243574042,0.029362994587974988,0.10945998666867648,-6.573961898546697,0.21428571428571427,0.3333333333333333
dd_30d & dist_low_20,-86.5..-33.6 & 2.27..3.09,9656,1.5123820800892143,0.3394780447390224,-0.09583882400062188,-0.010887695650664499,0.10825835510379503,-6.821647671248642,0.07142857142857142,0.16666666666666666
atr_pct & ret_4,2.18..340 & 0.785..1.63,7091,1.1106360117970815,0.3350726272740093,-0.09651832307928182,-0.04829492170259063,0.10757885602513509,-6.056146705187083,0.07142857142857142,0.0
dow & dist_high_20,4 & 3.01..4.22,11331,1.7747308771220884,0.359368105198129,-0.09657100620593662,0.008652550968228895,0.1075261728984803,-7.650876133482354,0.21428571428571427,0.3333333333333333
dd_30d & dist_low_20,-8.28..-4.52 & 4.3..6.59,8054,1.2614669918225487,0.33958281599205364,-0.09665780311263944,0.0022420097827871173,0.10743937599177747,-6.23241263328065,0.21428571428571427,0.16666666666666666
atr_pct & bb_width_pctile,1.66..2.18 & 0.107..0.231,6050,0.9475881922679936,0.3295867768595041,-0.09682205118066835,-0.025378572038451844,0.10727512792374856,-5.423042700387747,0.21428571428571427,0.0
bb_width_pctile & dist_low_20,0.618..0.75 & 6.59..2.4e+03,11387,1.783501941381098,0.3327478703785018,-0.09700219095256012,-0.03132886006067541,0.1070949881518568,-7.539348824584299,0.07142857142857142,0.16666666666666666
bb_width_pctile & ret_4,0.75..0.879 & -40.3..-1.65,13515,2.11680238322346,0.34384017758046614,-0.09811185113774104,-0.021244951821784062,0.10598532796667587,-8.40824345862549,0.07142857142857142,0.0
bb_width_pctile & ema200_rel,0.75..0.879 & 5.97..230,14750,2.3102356753641167,0.33376271186440676,-0.09840260351612155,-0.021824296370027446,0.10569457558829536,-8.676290433036357,0.21428571428571427,0.16666666666666666
dow & dist_low_20,4 & 3.09..4.3,12061,1.889067964784177,0.3541994859464389,-0.09840944195791554,0.008046096310755835,0.10568773714650137,-7.992401211579493,0.07142857142857142,0.3333333333333333
dd_30d & dist_high_20,-86.5..-33.6 & 2.18..3.01,8614,1.349177634412644,0.337822149988391,-0.09912859126977608,-0.009506763504844785,0.10496858783464083,-6.634943244621915,0.35714285714285715,0.16666666666666666
atr_pct & dow,1.66..2.18 & 1,11912,1.8657306688093123,0.3306749496306246,-0.09957518535439101,-0.028440000097210615,0.1045219937500259,-7.885791036981377,0.21428571428571427,0.16666666666666666
bb_width_pctile & ret_4,0.618..0.75 & 1.63..91.8,12101,1.8953330106834696,0.33848442277497726,-0.0995891876204269,-0.012993790463975604,0.10450799148399001,-7.942541722159211,0.0,0.0
bb_width_pctile & dow,0.231..0.358 & 4,11437,1.7913332487552136,0.36067150476523563,-0.09960947585912926,0.041826492839284746,0.10448770324528765,-7.769496659155381,0.2857142857142857,0.16666666666666666
atr_pct & dow,2.18..340 & 3,12178,1.9073932240396076,0.3347019214977829,-0.0997872248867349,-0.05377444914782562,0.10430995421768201,-8.240231620794692,0.2857142857142857,0.16666666666666666
dd_30d & ema200_rel,-86.5..-33.6 & -6.51..-3.59,15639,2.4494763204758927,0.33966366135942194,-0.0998746679548831,-0.008778788298682642,0.1042225111495338,-9.03460605109264,0.14285714285714285,0.3333333333333333
dist_low_20 & ema200_rel,4.3..6.59 & 2.69..5.97,15101,2.3652114531304087,0.3413681213164691,-0.09993169338663846,0.009325134842764385,0.10416548571777845,-8.775034353686294,0.2857142857142857,0.16666666666666666
dd_30d & bb_width_pctile,-4.52..0 & 0.879..1,15457,2.420970361634112,0.34605680274309375,-0.10092964603372809,0.020776259476737797,0.10316753307068882,-8.92598628580175,0.2857142857142857,0.16666666666666666
dist_low_20 & dist_high_20,4.3..6.59 & 3.01..4.22,7751,1.214009269135408,0.3347955102567411,-0.1015425170438609,-0.025276026807673747,0.10255466206055601,-6.52940186102189,0.0,0.0
dow & dist_high_20,0 & 6.43..90.6,13396,2.098163871673065,0.3351746790086593,-0.10169730513618079,-0.03604130488162815,0.10239987396823612,-8.625072375426841,0.2857142857142857,0.16666666666666666
atr_pct & dist_low_20,1.66..2.18 & 2.27..3.09,9514,1.4901411671467257,0.33445448812276646,-0.10180251780523564,-0.030187497966693507,0.10229466129918127,-7.282682221964536,0.0,0.16666666666666666
atr_pct & bb_width_pctile,1.17..1.37 & 0.75..0.879,10190,1.5960204428447693,0.34582924435721296,-0.10275820210430311,0.002770471124657003,0.1013389770001138,-7.531278315308814,0.21428571428571427,0.0
dist_low_20 & dist_high_20,3.09..4.3 & 6.43..90.6,8816,1.3808161162040713,0.33813520871143377,-0.10275877822654421,-0.04497396605655094,0.1013384008778727,-7.211605550261087,0.14285714285714285,0.16666666666666666
dow & dist_high_20,1 & 6.43..90.6,13059,2.0453808599715253,0.3335630599586492,-0.10349310414269948,-0.04288018618085233,0.10060407496171743,-8.72877280856463,0.21428571428571427,0.0
dd_30d & ret_4,-8.28..-4.52 & -40.3..-1.65,7071,1.107503488847435,0.3415358506576156,-0.1035123228714137,-0.012974970463733521,0.10058485623300321,-6.3490044395630365,0.21428571428571427,0.16666666666666666
atr_pct & dd_30d,1.17..1.37 & -4.52..0,7564,1.1847201795562154,0.3387096774193548,-0.10373077603767981,0.0019417670394700026,0.1003664030667371,-6.459201941489614,0.21428571428571427,0.16666666666666666
dist_low_20 & ema200_rel,4.3..6.59 & 0.891..2.69,8681,1.359671586293959,0.3415505126137542,-0.10398065959914309,0.005318648549628132,0.10011651950527382,-6.9622639481883475,0.14285714285714285,0.16666666666666666
bb_width_pctile & dow,0.75..0.879 & 2,12150,1.9030076919101029,0.3469135802469136,-0.10408802651753259,0.00826446333576982,0.10000915258688432,-8.283997872652433,0.21428571428571427,0.3333333333333333
dd_30d & dow,-12.2..-8.28 & 4,11387,1.783501941381098,0.3628699394045842,-0.10458546847972171,0.04432879329297836,0.0995117106246952,-8.16188117196999,0.42857142857142855,0.16666666666666666
dd_30d & dist_high_20,-86.5..-33.6 & 4.22..6.43,14120,2.2115612024502593,0.33604815864022664,-0.1047411452152462,-0.029753197699133295,0.0993560338891707,-9.116466193827625,0.21428571428571427,0.16666666666666666
atr_pct & dd_30d,1.37..1.66 & -86.5..-33.6,12989,2.0344170296477633,0.33505273693124954,-0.10496767610459856,-0.016426324916982614,0.09912950299981835,-8.638259486243788,0.07142857142857142,0.16666666666666666
dd_30d & bb_width_pctile,-8.28..-4.52 & 0.879..1,9748,1.526791685657587,0.34981534673779235,-0.10526022902837386,0.009382520671096715,0.09883695007604305,-7.533317254185802,0.21428571428571427,0.3333333333333333
dow & ret_4,4 & -40.3..-1.65,12030,1.8842125542122252,0.35278470490440567,-0.10531353534274494,-0.02629653916839042,0.09878364376167197,-8.772010002274635,0.14285714285714285,0.16666666666666666
dd_30d & ema200_rel,-8.28..-4.52 & 5.97..230,16344,2.5598977544509234,0.32862212432697013,-0.10624931071893223,-0.03201087324009799,0.09784786838548468,-9.828099523372074,0.21428571428571427,0.16666666666666666
dow & ema200_rel,6 & 5.97..230,11299,1.7697188404026545,0.33135675723515357,-0.10698898607450093,-0.02329801244602661,0.09710819302991598,-8.19358441670278,0.2857142857142857,0.16666666666666666
dist_low_20 & ema200_rel,4.3..6.59 & 5.97..230,18096,2.834306764839936,0.3327807250221043,-0.10703831092074598,-0.020908767895745386,0.09705886818367093,-10.39776128483658,0.21428571428571427,0.16666666666666666
dd_30d & bb_width_pctile,-86.5..-33.6 & 0.489..0.618,10107,1.5830204726037373,0.33461957059463737,-0.10750157902176503,-0.031840078547360075,0.09659560008265188,-7.909061245175125,0.21428571428571427,0.0
dd_30d & ret_4,-86.5..-33.6 & -1.65..-0.796,10608,1.6614901724923763,0.3342760180995475,-0.10756403590344059,-0.024969999261584983,0.09653314320097632,-8.058978579992248,0.07142857142857142,0.3333333333333333
atr_pct & dd_30d,2.18..340 & -20.5..-16.2,6566,1.0284072843688672,0.33429789826378314,-0.10824417799547939,-0.06196377815956462,0.09585300110893752,-6.631222665844198,0.14285714285714285,0.3333333333333333
dd_30d & ema200_rel,-16.2..-12.2 & 0.891..2.69,10212,1.5994662180893804,0.34802193497845674,-0.10851494207895707,0.031967089542320096,0.09558223702545984,-7.805145340048297,0.2857142857142857,0.3333333333333333
bb_width_pctile & dist_high_20,0.75..0.879 & 6.43..90.6,18988,2.974017288394159,0.3343164103644407,-0.10939267003889341,-0.04456827204112551,0.0947045090655235,-11.190351548410078,0.0,0.16666666666666666
dist_high_20 & ema200_rel,3.01..4.22 & -57.7..-6.51,9767,1.529767582459751,0.3385891266509675,-0.1095574612347007,-0.025879635605019585,0.09453971786971621,-7.924530031721494,0.07142857142857142,0.16666666666666666
dist_low_20 & ema200_rel,6.59..2.4e+03 & 5.97..230,34758,5.444011634190235,0.324702226825479,-0.10962084449146284,-0.04530283206190633,0.09447633461295407,-14.899411035230818,0.35714285714285715,0.0
bb_width_pctile & ema200_rel,0.489..0.618 & 5.97..230,8984,1.4071293089811,0.32747105966162066,-0.10962966984092119,-0.02927248513061203,0.09446750926349572,-7.4876539740586034,0.21428571428571427,0.0
atr_pct & dow,2.18..340 & 1,13149,2.0594772132449335,0.32983496843866456,-0.10963402602359819,-0.06404998444141866,0.09446315308081872,-9.388877540878214,0.14285714285714285,0.0
bb_width_pctile & dow,0.879..1 & 3,13047,2.0435013462017375,0.3449068751437112,-0.10991708842909012,-0.01859032403517643,0.09418009067532679,-9.269461254935685,0.14285714285714285,0.16666666666666666
bb_width_pctile & dist_low_20,0.879..1 & 4.3..6.59,12216,1.9133450176439355,0.34847740667976423,-0.11008346570200489,-0.009951962692367393,0.09401371340241202,-8.960758227798152,0.14285714285714285,0.16666666666666666
dd_30d & bb_width_pctile,-8.28..-4.52 & 0.75..0.879,10467,1.6394058856973701,0.35100792968376804,-0.11044876459822875,0.026606336508795778,0.09364841450618816,-8.128445606202469,0.21428571428571427,0.16666666666666666
dist_low_20 & dist_high_20,6.59..2.4e+03 & 1.54..2.18,9237,1.4467557242941251,0.32867814225397857,-0.11079527415064148,-0.03885684540458171,0.09330190495377542,-7.765065885261775,0.07142857142857142,0.16666666666666666
dist_high_20 & ema200_rel,4.22..6.43 & -57.7..-6.51,17090,2.676740860472729,0.3369221767115272,-0.11083670901385578,-0.03059980482285884,0.09326047009056113,-10.649435816313478,0.0,0.0
atr_pct & dist_high_20,1.17..1.37 & -0.001..0.556,6593,1.0326361903508896,0.3362657363870772,-0.1109879394640969,-0.005033195726243224,0.09310923964032002,-6.4521668002658155,0.14285714285714285,0.0
atr_pct & dist_high_20,1.37..1.66 & 1.54..2.18,9272,1.4522376394560061,0.3346635030198447,-0.11103339293825516,-0.02173618430317494,0.09306378616616175,-7.747341715939868,0.0,0.0
dd_30d & bb_width_pctile,-20.5..-16.2 & 0.879..1,7683,1.2033586911066108,0.3524664844461799,-0.11113235994270303,-0.02138484408662553,0.09296481916171388,-7.336820699215825,0.14285714285714285,0.0
ret_4 & dist_low_20,1.63..91.8 & 3.09..4.3,13419,2.101766273065158,0.34108353826663684,-0.11217316542138285,-0.0034226569456679767,0.09192401368303406,-9.382487419837572,0.0,0.0
ret_4 & dist_high_20,1.63..91.8 & 1.02..1.54,10158,1.5910084061253353,0.3313644418192558,-0.1124565119451288,-0.024166839449831615,0.0916406671592881,-8.20856010466963,0.0,0.0
dow & ret_4,0 & 1.63..91.8,13212,2.069344660536319,0.3345443536179231,-0.11247787269050676,-0.022427899816120356,0.09161930641391015,-9.34347123673089,0.07142857142857142,0.3333333333333333
atr_pct & dist_low_20,0.984..1.17 & 4.3..6.59,10717,1.6785624225679483,0.34225996080992815,-0.11251296371082141,0.011539484998641178,0.0915842153935955,-8.32462553926899,0.07142857142857142,0.16666666666666666
atr_pct & ema200_rel,1.37..1.66 & 2.69..5.97,11539,1.8073091157984096,0.3304445792529682,-0.11285277491855084,-0.023665537987937715,0.09124440418586607,-8.749921493014137,0.14285714285714285,0.16666666666666666
dd_30d & ret_4,-12.2..-8.28 & 1.63..91.8,7638,1.1963105144699067,0.3358208955223881,-0.11294733742332723,-0.019078902676769725,0.09114984168108968,-7.167457476605359,0.14285714285714285,0.16666666666666666
atr_pct & dist_high_20,1.66..2.18 & 3.01..4.22,12512,1.9597063572987001,0.3297634271099744,-0.1130153092332006,-0.0414744970743676,0.0910818698712163,-9.257701465131152,0.14285714285714285,0.0
atr_pct & ret_4,1.37..1.66 & 1.63..91.8,13509,2.1158626263385663,0.33362943223036495,-0.11305946639984443,-0.02438764171706472,0.09103771270457248,-9.529483846600227,0.07142857142857142,0.0
dow & ema200_rel,4 & -0.491..0.891,11129,1.7430923953306612,0.3745170275855872,-0.1135240181204504,0.07248630752607343,0.0905731609839665,-8.684662310145914,0.21428571428571427,0.16666666666666666
bb_width_pctile & dist_low_20,0.231..0.358 & 4.3..6.59,7498,1.1743828538223828,0.3286209655908242,-0.11392437824202248,-0.027889080536576814,0.09017280086239443,-7.127761093489426,0.07142857142857142,0.0
dd_30d & bb_width_pctile,-86.5..-33.6 & 0.231..0.358,9563,1.4978158483733592,0.33357732928997175,-0.11404516861419572,-0.027583396246567027,0.09005201049022118,-8.108971188471978,0.14285714285714285,0.16666666666666666
dow & ret_4,6 & -40.3..-1.65,9214,1.443153322902032,0.33221185153028,-0.11474131642395277,-0.0271384451453884,0.08935586268046414,-7.953975032773791,0.0,0.16666666666666666
atr_pct & ema200_rel,1.66..2.18 & -57.7..-6.51,20958,3.282570798934316,0.3324267582784617,-0.11490091008945633,-0.044263161051458624,0.08919626901496058,-12.289983093655986,0.35714285714285715,0.0
dist_low_20 & ema200_rel,-0.001..0.662 & -57.7..-6.51,8285,1.297647631890963,0.3336149668074834,-0.1150861528455796,-0.02328093989168249,0.0890110262588373,-7.574317436900642,0.14285714285714285,0.0
atr_pct & dist_high_20,1.37..1.66 & 1.02..1.54,7447,1.1663949203007848,0.332214314489056,-0.11541755904378018,-0.026047809528146285,0.08867962006063673,-7.201814334045933,0.0,0.0
dd_30d & dist_high_20,-20.5..-16.2 & 6.43..90.6,8606,1.3479246252327857,0.340227748082733,-0.11584330615674931,-0.047849003589150306,0.0882538729476676,-8.106153391877932,0.2857142857142857,0.16666666666666666
dow & dist_low_20,2 & 3.09..4.3,11770,1.843489755866824,0.33848768054375533,-0.11585285183392147,-0.007543888117404248,0.08824432727049544,-9.050338645206354,0.07142857142857142,0.16666666666666666
bb_width_pctile & ema200_rel,0.618..0.75 & 5.97..230,11441,1.791959753345143,0.32567083296914606,-0.11602287747290986,-0.038203739808764126,0.08807430163150705,-9.005037648566391,0.14285714285714285,0.0
dd_30d & ret_4,-86.5..-33.6 & 0.785..1.63,9362,1.4663339927294143,0.33422345652638324,-0.11663617227855952,-0.03318004048065356,0.08746100682585739,-8.243232073124297,0.07142857142857142,0.0
bb_width_pctile & dow,0.618..0.75 & 2,12410,1.9437304902555042,0.342143432715552,-0.11698113057285615,0.001731139952746633,0.08711604853156076,-9.365726929064554,0.14285714285714285,0.0
ret_4 & dist_low_20,-40.3..-1.65 & 2.27..3.09,7253,1.1360094476892162,0.33268992141182957,-0.11730513008779077,-0.04588532675008096,0.08679204901662614,-7.383612326006918,0.07142857142857142,0.16666666666666666
dow & dist_high_20,4 & 4.22..6.43,11978,1.876067994543145,0.3497244949073301,-0.11780291169089706,-0.029171588527479118,0.08629426741351985,-9.734443122243128,0.14285714285714285,0.0
dow & dist_high_20,3 & 6.43..90.6,12829,2.0093568460505935,0.33463247330267365,-0.1178960894591007,-0.05554768244929783,0.08620108964531621,-10.017339487123369,0.14285714285714285,0.3333333333333333
atr_pct & ema200_rel,1.66..2.18 & 2.69..5.97,9728,1.5236591627079408,0.3262746710526316,-0.11798814357125921,-0.04647730442967422,0.0861090355331577,-8.508848057613182,0.0,0.0
bb_width_pctile & ema200_rel,0.489..0.618 & -57.7..-6.51,9224,1.444719584376855,0.3313096270598439,-0.11806942041120906,-0.04141942361678414,0.08602775869320785,-8.323000588997433,0.07142857142857142,0.0
dist_low_20 & dist_high_20,6.59..2.4e+03 & 1.02..1.54,9377,1.468683384941649,0.3280366855070918,-0.11858717745941331,-0.04063255628195842,0.0855100016450036,-8.368389107910442,0.07142857142857142,0.0
dist_low_20 & dist_high_20,4.3..6.59 & 4.22..6.43,7701,1.2061779617612924,0.33411245292819114,-0.11865889160463271,-0.05148248771536293,0.0854382874997842,-7.760528637841881,0.0,0.16666666666666666
bb_width_pctile & dist_high_20,0.75..0.879 & -0.001..0.556,7707,1.2071177186461863,0.35837550278967173,-0.11890895806509842,0.05708702181700415,0.08518822103931849,-7.392775976715353,0.21428571428571427,0.0
atr_pct & ret_4,1.66..2.18 & 1.63..91.8,17060,2.6720420760482595,0.3271981242672919,-0.11909625567139383,-0.04830671530403562,0.08500092343302308,-11.410788360254022,0.0,0.0
atr_pct & ema200_rel,1.37..1.66 & 5.97..230,13388,2.0969108624932065,0.32790558709291906,-0.11916433885539907,-0.03055643197249394,0.08493284024901784,-9.950080353519377,0.21428571428571427,0.3333333333333333
atr_pct & dd_30d,2.18..340 & -33.6..-25.7,11876,1.8600921274999491,0.3323509599191647,-0.11993427308209387,-0.07275292045261345,0.08416290602232304,-9.894021421830075,0.14285714285714285,0.16666666666666666
dist_high_20 & ema200_rel,3.01..4.22 & 5.97..230,10164,1.5919481630102292,0.3231995277449823,-0.11999741446622401,-0.0485294411786991,0.0840997646381929,-8.805758525969123,0.21428571428571427,0.16666666666666666
dow & ret_4,3 & 1.63..91.8,11367,1.7803694184314518,0.33139790621975895,-0.12008934247215919,-0.03838807399032007,0.08400783663225772,-9.389314239110943,0.0,0.16666666666666666
bb_width_pctile & dow,0.489..0.618 & 4,11668,1.827513888823628,0.35455947891669526,-0.12011613261158899,0.005907332180165158,0.08398104649282792,-9.637594169352,0.21428571428571427,0.0
ret_4 & ema200_rel,1.63..91.8 & 0.891..2.69,7462,1.1687443125130195,0.33730903243098365,-0.12015195934522754,-0.010329325122566964,0.08394521975918937,-7.4954358743126415,0.14285714285714285,0.16666666666666666
dd_30d & ret_4,-86.5..-33.6 & -0.333..0,6450,1.0102386512609187,0.33209302325581397,-0.12044938108424284,-0.027446331478607595,0.08364779802017407,-7.023747864972864,0.21428571428571427,0.16666666666666666
atr_pct & dd_30d,1.17..1.37 & -8.28..-4.52,7164,1.1220697205632904,0.3351479620323841,-0.12050523418194532,-0.014732998687891996,0.08359194492247159,-7.377267996355685,0.21428571428571427,0.0
atr_pct & dow,1.37..1.66 & 5,10637,1.6660323307693632,0.3312964181630159,-0.12097483945666594,-0.03210023986774643,0.08312233964775097,-9.082556450955302,0.07142857142857142,0.5
dist_low_20 & dist_high_20,4.3..6.59 & 2.18..3.01,8800,1.3783100978443543,0.32738636363636364,-0.12131183959572768,-0.03593729152466375,0.08278533950868923,-8.26775002062767,0.14285714285714285,0.0
dist_low_20 & dist_high_20,4.3..6.59 & -0.001..0.556,13247,2.0748265756982,0.33909564429682193,-0.12173909157735151,0.002523231276834817,0.0823580875270654,-10.023066334670956,0.07142857142857142,0.0
dist_high_20 & ema200_rel,4.22..6.43 & 5.97..230,10742,1.6824780762550062,0.3199590392850493,-0.12224822981995422,-0.062115825393218284,0.0818489492844627,-9.276469936097214,0.14285714285714285,0.16666666666666666
ret_4 & dist_low_20,-40.3..-1.65 & 3.09..4.3,6584,1.0312265550235487,0.33125759416767925,-0.12247583356097874,-0.05649253387073752,0.08162134554343817,-7.396111893685247,0.07142857142857142,0.16666666666666666
atr_pct & dist_low_20,1.37..1.66 & 6.59..2.4e+03,11235,1.7596947669637866,0.33030707610146864,-0.1226329974140255,-0.03442771068920159,0.08146418169039141,-9.462058031140291,0.14285714285714285,0.16666666666666666
bb_width_pctile & ema200_rel,0.618..0.75 & 2.69..5.97,11043,1.7296225466471824,0.3402155211446165,-0.12300314187265905,0.0028676669348830616,0.08109403723175786,-9.265555484620485,0.07142857142857142,0.0
atr_pct & dd_30d,1.17..1.37 & -86.5..-33.6,8926,1.3980449924271259,0.3331839569796101,-0.12333254044963474,-0.018250363142743458,0.08076463865478217,-8.390817867004785,0.21428571428571427,0.16666666666666666
dist_low_20 & dist_high_20,3.09..4.3 & 2.18..3.01,9104,1.4259244466789776,0.33238137082601055,-0.1234832871355597,-0.02535717744353965,0.08061389196885721,-8.545921097360194,0.07142857142857142,0.16666666666666666
dd_30d & dist_low_20,-4.52..0 & 4.3..6.59,10412,1.630791447585843,0.33326930464848253,-0.12359985565188665,-0.011868994195865446,0.08049732345253026,-9.0479400627261,0.14285714285714285,0.0
bb_width_pctile & ema200_rel,0.618..0.75 & -57.7..-6.51,11550,1.809032003420715,0.32926406926406926,-0.1237396493200038,-0.04981111011658553,0.08035752978441311,-9.776002008288266,0.0,0.0
dd_30d & ret_4,-86.5..-33.6 & -0.796..-0.333,7461,1.1685876863655373,0.3302506366438815,-0.1241310604638679,-0.03444618853255145,0.079966118640549,-7.806116423426963,0.14285714285714285,0.3333333333333333
dow & ret_4,4 & -0.796..-0.333,10594,1.6592974064276238,0.357844062676987,-0.12420916107704927,0.020445927628933862,0.07988801802736764,-9.408120733854396,0.14285714285714285,0.16666666666666666
dist_low_20 & dist_high_20,4.3..6.59 & 1.54..2.18,10025,1.5701771285101878,0.3313715710723192,-0.12433098544151343,-0.029412202936123066,0.07976619366290348,-9.044472593180412,0.07142857142857142,0.0
atr_pct & ret_4,1.66..2.18 & -40.3..-1.65,18258,2.8596802007320705,0.32982802059371236,-0.12453371423839746,-0.05381859346140131,0.07956346486601945,-12.453389445840592,0.14285714285714285,0.16666666666666666
atr_pct & dist_low_20,1.17..1.37 & 4.3..6.59,13776,2.1576818077163438,0.33355110336817656,-0.12533450443372843,-0.019929254130071142,0.07876267467068848,-10.643395604061098,0.14285714285714285,0.0
dist_low_20 & dist_high_20,6.59..2.4e+03 & 0.556..1.02,9555,1.4965628391935006,0.326007326007326,-0.12545245814009787,-0.041720912739987015,0.07864472096431904,-8.916342209661645,0.0,0.0
atr_pct & dow,1.37..1.66 & 2,11880,1.8607186320898783,0.328030303030303,-0.12564082014184988,-0.036561141400092076,0.07845635896256703,-9.936268031819813,0.14285714285714285,0.3333333333333333
dow & dist_low_20,5 & 4.3..6.59,10737,1.6816949455175947,0.3351960510384651,-0.12572895423693403,-0.02919099437567732,0.07836822486748288,-9.527863514398943,0.14285714285714285,0.16666666666666666
dd_30d & dow,-16.2..-12.2 & 4,11486,1.799007929981847,0.35390910673863835,-0.12577662578473978,0.00694694945096401,0.07832055331967713,-9.97554927265408,0.2857142857142857,0.16666666666666666
bb_width_pctile & ema200_rel,0.358..0.489 & -57.7..-6.51,7584,1.1878527025058618,0.3280590717299578,-0.12610393164765218,-0.047481987266003695,0.07799324745676472,-8.047649601720904,0.07142857142857142,0.16666666666666666
dow & ema200_rel,5 & -57.7..-6.51,12220,1.9139715222338647,0.33821603927986904,-0.12673475898388592,-0.0504581652592231,0.07736242012053099,-10.524157848218362,0.07142857142857142,0.3333333333333333
atr_pct & dist_high_20,0.984..1.17 & -0.001..0.556,8344,1.3068885745924197,0.336529242569511,-0.12679170429107584,-0.0018425642281791159,0.07730547481334107,-8.280845028927873,0.14285714285714285,0.0
dd_30d & dist_high_20,-25.7..-20.5 & 6.43..90.6,10520,1.6477070715139326,0.33745247148288976,-0.12684175338028694,-0.05774113888541931,0.07725542572412997,-9.824549339576997,0.2857142857142857,0.3333333333333333
atr_pct & ret_4,1.37..1.66 & 0.785..1.63,11540,1.807465741945892,0.32989601386481804,-0.127130548500605,-0.038025591358258996,0.0769666306038119,-9.973878964446625,0.0,0.0
bb_width_pctile & dow,0.107..0.231 & 4,10746,1.6831045808449354,0.35306160431788575,-0.12742103980501357,0.026210522736687565,0.07667613929940334,-9.598722811131974,0.07142857142857142,0.16666666666666666
dd_30d & dist_low_20,-86.5..-33.6 & 1.65..2.27,8145,1.2757199712434393,0.32940454266421115,-0.1274612219490413,-0.0377499951421587,0.0766359571553756,-8.373537523499095,0.07142857142857142,0.16666666666666666
ret_4 & dist_high_20,1.63..91.8 & -0.001..0.556,19563,3.0640773231964893,0.3336911516638552,-0.1277081931492233,-0.015394908487130867,0.07638898595519361,-12.856247646751024,0.0,0.0
atr_pct & dow,1.66..2.18 & 0,11159,1.7477911797551307,0.3213549601218747,-0.1278921716403459,-0.056564400516706484,0.07620500746407102,-9.865185322045242,0.21428571428571427,0.16666666666666666
dd_30d & dist_high_20,-12.2..-8.28 & 6.43..90.6,7428,1.1634190234986208,0.3247172859450727,-0.12820194628648077,-0.06728772629570506,0.07589523281793614,-8.280810488997044,0.14285714285714285,0.16666666666666666
atr_pct & ret_4,1.66..2.18 & -1.65..-0.796,10730,1.6805985624852184,0.32479030754892824,-0.12853532224592518,-0.05720139271671931,0.07556185685849173,-9.820544759376745,0.14285714285714285,0.0
ret_4 & dist_low_20,0..0.333 & 4.3..6.59,6325,0.9906603828256296,0.33438735177865614,-0.12877450283336367,-0.025189020804892145,0.07532267627105324,-7.445523599817555,0.14285714285714285,0.0
dd_30d & ret_4,-33.6..-25.7 & 1.63..91.8,11208,1.755465860981764,0.33021056388294073,-0.1294023537489449,-0.050422438264386575,0.074694825355472,-10.117524230217018,0.0,0.0
atr_pct & dist_high_20,1.37..1.66 & 3.01..4.22,13939,2.1832118697559606,0.32857450319248155,-0.12946870190635007,-0.040388872954350334,0.07462847719806684,-11.176644873157636,0.14285714285714285,0.16666666666666666
bb_width_pctile & dist_low_20,0.879..1 & 3.09..4.3,7314,1.1455636426856373,0.34591194968553457,-0.12952039225625925,-0.0207683353614074,0.07457678684815766,-8.1753745034111,0.07142857142857142,0.16666666666666666
dist_high_20 & ema200_rel,2.18..3.01 & 5.97..230,10162,1.5916349107152645,0.32159023814209803,-0.13022571286560258,-0.04993864207692065,0.07387146623881433,-9.538253587666272,0.14285714285714285,0.0
atr_pct & ema200_rel,0.984..1.17 & 2.69..5.97,13029,2.040682075547056,0.33463811497428814,-0.13027519813023833,-0.005825522702217039,0.07382198097417858,-10.62602715429504,0.21428571428571427,0.0
dd_30d & ret_4,-25.7..-20.5 & 1.63..91.8,9033,1.4148039902077332,0.3313406398760102,-0.130523308527178,-0.041942695720823556,0.07357387057723891,-9.121227078001315,0.07142857142857142,0.0
atr_pct & dd_30d,1.66..2.18 & -4.52..0,7269,1.1385154660489332,0.3199889943596093,-0.13065899939719136,-0.0593119296993885,0.07343817970722555,-8.109451713157357,0.2857142857142857,0.16666666666666666
ret_4 & ema200_rel,-40.3..-1.65 & 2.69..5.97,6679,1.0461060390343684,0.3271447821530169,-0.13128654389362704,-0.05267793704997606,0.07281063521078987,-7.912091286344841,0.0,0.16666666666666666
ret_4 & dist_low_20,-1.65..-0.796 & 4.3..6.59,6472,1.0136844265055296,0.326946847960445,-0.13142090405557236,-0.04847706721272793,0.07267627504884455,-7.748991770423889,0.0,0.0
dow & dist_low_20,1 & 6.59..2.4e+03,12120,1.8983089074856334,0.32103960396039605,-0.13163044512788769,-0.06843104895954676,0.07246673397652922,-10.718208437799605,0.14285714285714285,0.0
ret_4 & dist_high_20,1.63..91.8 & 0.556..1.02,12657,1.9824171486836355,0.3278818045350399,-0.1320043536396213,-0.033565832926816516,0.07209282546479562,-10.768082036816795,0.0,0.0
atr_pct & bb_width_pctile,1.66..2.18 & 0.231..0.358,7785,1.2193345581498067,0.3220295439948619,-0.1323272033997015,-0.06089692361882933,0.07176997570471541,-8.585117169828699,0.35714285714285715,0.0
dist_low_20 & dist_high_20,2.27..3.09 & 6.43..90.6,9284,1.4541171532257937,0.3264756570443774,-0.13301942272589098,-0.06962495185663374,0.07107775637852592,-9.62179350677073,0.0,0.16666666666666666
ret_4 & dist_low_20,0.333..0.785 & 4.3..6.59,9305,1.4574063023229225,0.33132724341751746,-0.1330442670804834,-0.02966360998404066,0.07105291202393352,-9.344185695141162,0.0,0.0
dd_30d & ema200_rel,-4.52..0 & 2.69..5.97,21768,3.409437978394989,0.3531789783167953,-0.13305645117335443,0.04742829558449011,0.07104072793106248,-13.853592140531655,0.2857142857142857,0.16666666666666666
dow & dist_low_20,4 & 2.27..3.09,12405,1.9429473595180926,0.3486497380088674,-0.13339212481912643,-0.009774040450356899,0.07070505428529048,-11.055351221016759,0.0,0.16666666666666666
bb_width_pctile & dist_low_20,0.618..0.75 & 4.3..6.59,14553,2.279380324310101,0.3287981859410431,-0.13343971697374266,-0.03774828770152568,0.07065746213067425,-11.742432148651915,0.0,0.0
dd_30d & ema200_rel,-4.52..0 & 5.97..230,29922,4.686567584965769,0.32424303188289555,-0.13352569898801686,-0.04043703080199282,0.07057148011640005,-16.702198821557666,0.21428571428571427,0.0
bb_width_pctile & dist_low_20,0.489..0.618 & 6.59..2.4e+03,6949,1.088395098854593,0.32018995538926465,-0.13392017657942767,-0.069740322355968,0.07017700252498923,-8.220098186448125,0.07142857142857142,0.16666666666666666
dd_30d & dow,-33.6..-25.7 & 4,11925,1.8677668087265824,0.34071278825995804,-0.13452778584381306,-0.04067943913439012,0.06956939326060385,-11.037250697795072,0.07142857142857142,0.16666666666666666
ret_4 & dist_high_20,0.785..1.63 & 2.18..3.01,8127,1.2729007005887576,0.329395841023748,-0.1345564396597212,-0.03155533497769955,0.06954073944469571,-8.817466468669709,0.07142857142857142,0.0
bb_width_pctile & ret_4,0.489..0.618 & 1.63..91.8,10430,1.6336107182405246,0.3274209012464046,-0.1347324669043764,-0.04472862786548176,0.06936471220004051,-10.058359736052015,0.07142857142857142,0.0
dd_30d & dow,-33.6..-25.7 & 2,11349,1.7775501477767701,0.32760595647193586,-0.1347939214403509,-0.04004333620172587,0.069303257664066,-10.411088653734257,0.07142857142857142,0.0
dow & ret_4,4 & 0.333..0.785,11743,1.8392608498848015,0.35502001192199606,-0.13498093735830705,0.015643259921974552,0.06911624174610986,-10.786238577907636,0.0,0.0
dow & ema200_rel,2 & -6.51..-3.59,12182,1.9080197286295368,0.33229354785749465,-0.1350011071171821,-0.02864343104019612,0.0690960719872348,-10.828658483627144,0.07142857142857142,0.0
dd_30d & dist_high_20,-4.52..0 & 3.01..4.22,7579,1.18706957176845,0.32919910278400843,-0.13522348363809913,-0.03795491688378673,0.06887369546631777,-8.568855835421967,0.21428571428571427,0.0
atr_pct & dow,1.66..2.18 & 2,11924,1.8676101825791,0.3217041261321704,-0.13533380192939093,-0.06445904039541657,0.06876337717502598,-10.8514781231883,0.2857142857142857,0.16666666666666666
atr_pct & bb_width_pctile,1.66..2.18 & 0.879..1,15017,2.352054856741894,0.32969301458347205,-0.13546983394840037,-0.06480402877152597,0.06862734515601654,-12.443726468599031,0.21428571428571427,0.0
dist_low_20 & ema200_rel,3.09..4.3 & -3.59..-1.84,8285,1.297647631890963,0.3388050694025347,-0.13554512376311664,-0.020427831576916376,0.06855205534130027,-9.014361017889957,0.14285714285714285,0.0
bb_width_pctile & dist_high_20,0.618..0.75 & 1.54..2.18,8102,1.2689850469016999,0.3439891384843249,-0.13581560505987006,0.00853913202449249,0.06828157404454685,-8.80631351120797,0.0,0.16666666666666666
dd_30d & dist_low_20,-20.5..-16.2 & 4.3..6.59,9123,1.4289003434811414,0.3344294639921079,-0.1358400413901466,-0.03791514494537666,0.0682571377142703,-9.543327834793507,0.0,0.3333333333333333
dist_high_20 & ema200_rel,1.54..2.18 & 2.69..5.97,11190,1.7526465903270825,0.33386952636282397,-0.13589563675565647,-0.01067357371016258,0.06820154234876044,-10.289897846967765,0.21428571428571427,0.0
atr_pct & dist_high_20,1.17..1.37 & 1.02..1.54,9319,1.4595990683876747,0.3290052580749007,-0.13597598249782752,-0.030076980672659508,0.06812119660658938,-9.497369676860439,0.0,0.0
atr_pct & dd_30d,1.66..2.18 & -8.28..-4.52,7384,1.156527473009399,0.3194745395449621,-0.13616960524430186,-0.06511512025306997,0.06792757386011505,-8.586517856362061,0.2857142857142857,0.0
dist_high_20 & ema200_rel,1.54..2.18 & 5.97..230,9664,1.5136350892690729,0.3210885761589404,-0.1362533064576297,-0.04835461899392195,0.0678438726467872,-9.701344479895951,0.07142857142857142,0.0
bb_width_pctile & dow,0.879..1 & 0,13586,2.1279228396947043,0.33460915648461653,-0.1364295426280027,-0.039952693367082515,0.06766763647641422,-11.658562419747497,0.0,0.16666666666666666
dd_30d & dist_high_20,-8.28..-4.52 & 4.22..6.43,10593,1.6591407802801414,0.32663079392051353,-0.13680881202636816,-0.049912517840589754,0.06728836707804875,-10.335950105557203,0.07142857142857142,0.16666666666666666
bb_width_pctile & ret_4,0.489..0.618 & -40.3..-1.65,11006,1.7238273791903367,0.3262765764128657,-0.13705678649155822,-0.05056256659321035,0.06704039261285868,-10.546941616132841,0.0,0.0
atr_pct & bb_width_pctile,1.17..1.37 & 0.489..0.618,10955,1.715839445668739,0.32943861250570516,-0.13716858622224642,-0.031465253105738986,0.06692859288217048,-10.409528795766485,0.14285714285714285,0.0
atr_pct & dist_low_20,1.66..2.18 & 3.09..4.3,12227,1.915067905266241,0.32256481557209454,-0.13724218536890612,-0.0658638040230279,0.06685499373551079,-11.241894654652345,0.0,0.16666666666666666
bb_width_pctile & dow,0.358..0.489 & 4,11865,1.8583692398776437,0.3521281078803203,-0.13771090558144178,-0.0010886564255413484,0.06638627352297513,-11.117111201584576,0.21428571428571427,0.16666666666666666
bb_width_pctile & dist_high_20,0.75..0.879 & 2.18..3.01,7646,1.197563523649765,0.3420088935391054,-0.13773420418405496,-0.010202251652244922,0.06636297492036194,-8.785758643610212,0.14285714285714285,0.0
dow & ema200_rel,1 & -6.51..-3.59,11501,1.8013573221940817,0.33205808190592123,-0.1378822500781869,-0.027915201698687088,0.06621492902623,-10.714731929693516,0.07142857142857142,0.0
atr_pct & dd_30d,1.66..2.18 & -16.2..-12.2,7184,1.1252022435129365,0.32697661469933187,-0.13791880091787204,-0.06643794981189527,0.06617837818654487,-8.745753348281442,0.21428571428571427,0.0
dow & dist_high_20,2 & 4.22..6.43,11772,1.8438030081617884,0.3261128100577642,-0.13798250965264974,-0.04798128351366924,0.06611466945176717,-10.940553297752171,0.07142857142857142,0.0
dist_high_20 & ema200_rel,0.556..1.02 & 5.97..230,8603,1.3474547467903386,0.3239567592700221,-0.1382552216698908,-0.03580806048659231,0.06584195743452612,-9.234412363578166,0.21428571428571427,0.16666666666666666
atr_pct & dow,2.18..340 & 5,9898,1.550285607779934,0.3213780561729642,-0.13837379878623662,-0.09327963654168632,0.06572338031818029,-10.469821879984071,0.07142857142857142,0.16666666666666666
dd_30d & bb_width_pctile,-4.52..0 & 0.75..0.879,11327,1.7741043725321592,0.3492539948794915,-0.13863811670251297,0.0247263564077202,0.06545906240190394,-10.584279275006892,0.35714285714285715,0.16666666666666666
bb_width_pctile & dist_high_20,0.879..1 & 2.18..3.01,6036,0.9453954262032412,0.3349900596421471,-0.13891529689076915,-0.029081441721223383,0.06518188221364776,-7.902499768318032,0.21428571428571427,0.3333333333333333
atr_pct & dd_30d,0.984..1.17 & -8.28..-4.52,8211,1.286057296977272,0.33442942394349046,-0.13904098179139154,-0.014263355745026919,0.06505619731302537,-9.097599528022235,0.14285714285714285,0.3333333333333333
ret_4 & dist_high_20,0.785..1.63 & 1.54..2.18,9220,1.4440930797869258,0.3325379609544469,-0.13922373113305905,-0.02755115940254089,0.06487344797135786,-9.718599598518821,0.07142857142857142,0.0
dist_low_20 & dist_high_20,4.3..6.59 & 1.02..1.54,11114,1.7407430031184266,0.32769479935216844,-0.13939541694142515,-0.034561037331730146,0.06470176216299175,-10.649800916117151,0.14285714285714285,0.0
atr_pct & bb_width_pctile,0.984..1.17 & 0.618..0.75,10015,1.5686108670353647,0.3357963055416875,-0.13953496740807803,-0.015047768672553828,0.06456221169633888,-10.0849796611373,0.14285714285714285,0.16666666666666666
atr_pct & dow,0.984..1.17 & 2,12017,1.8821764142949553,0.33261213281184987,-0.13996381833653024,-0.015505038883740233,0.06413336076788667,-11.014464298037472,0.07142857142857142,0.16666666666666666
dow & dist_low_20,4 & 1.65..2.27,11848,1.8557065953704444,0.3516205266711681,-0.14045519929030006,-0.0020772890368682823,0.06364197981411684,-11.380474883520753,0.07142857142857142,0.16666666666666666
dist_low_20 & dist_high_20,6.59..2.4e+03 & -0.001..0.556,10857,1.7004900832154721,0.32209634337293913,-0.14058034270316705,-0.05237468196049308,0.06351683640124986,-10.675025829462081,0.07142857142857142,0.0
dist_low_20 & ema200_rel,4.3..6.59 & -3.59..-1.84,6503,1.0185398370774814,0.3333845917268953,-0.14096093933796416,-0.04425544696270743,0.06313623976645275,-8.392997563961929,0.14285714285714285,0.16666666666666666
dist_low_20 & dist_high_20,3.09..4.3 & 3.01..4.22,8602,1.3472981206428563,0.3253894443152755,-0.14099410397367904,-0.053604302856384727,0.06310307513073787,-9.591335901831952,0.14285714285714285,0.16666666666666666
bb_width_pctile & dist_high_20,0.489..0.618 & 6.43..90.6,7609,1.1917683561929195,0.3189643842817716,-0.14108790821215755,-0.07960869937822042,0.06300927089225936,-9.158846515627108,0.14285714285714285,0.16666666666666666
atr_pct & dow,0.597..0.807 & 4,10854,1.7000202047730253,0.3681592039800995,-0.1411446746528452,0.04892841423153086,0.06295250445157172,-10.835461953507714,0.2857142857142857,0.0
dd_30d & dist_low_20,-86.5..-33.6 & 0.662..1.14,6382,0.9995880732321215,0.3263867126292698,-0.14164826547342568,-0.04697005206595653,0.062448913630991226,-8.258289384478857,0.14285714285714285,0.3333333333333333
bb_width_pctile & dist_high_20,0.75..0.879 & 0.556..1.02,6718,1.0522144587861786,0.33953557606430484,-0.1417566599632439,0.001436876986989359,0.062340519141173,-8.362153057003212,0.21428571428571427,0.0
dd_30d & ret_4,-16.2..-12.2 & 1.63..91.8,8028,1.2573947119880087,0.32673143996013954,-0.14189460314641916,-0.04715241674976322,0.06220257595799775,-9.320859138417577,0.21428571428571427,0.0
atr_pct & dist_low_20,1.37..1.66 & 3.09..4.3,13257,2.076392837173023,0.3249603982801539,-0.14194802701248566,-0.052986078473613495,0.06214915209193125,-11.971961142250562,0.0,0.16666666666666666
dist_low_20 & dist_high_20,0.662..1.14 & 6.43..90.6,8762,1.3723583042400265,0.32424104085825156,-0.14210281347600293,-0.06593256425250836,0.06199436562841398,-9.863938694253008,0.14285714285714285,0.0
ret_4 & dist_low_20,0.785..1.63 & 6.59..2.4e+03,10546,1.6517793513484729,0.3224919400720652,-0.14212270303200514,-0.06766737602201274,0.06197447607241177,-10.806850250189516,0.0,0.0
dd_30d & ret_4,-4.52..0 & 0.785..1.63,10746,1.6831045808449354,0.34040573236553134,-0.14219931814659972,0.010271156157492786,0.061897860957817186,-10.506840406615146,0.14285714285714285,0.0
dd_30d & dist_low_20,-25.7..-20.5 & 6.59..2.4e+03,7581,1.1873828240634148,0.32871652816251157,-0.142383055072622,-0.07415322905345936,0.06171412403179491,-9.34062258602232,0.14285714285714285,0.0
dow & dist_low_20,4 & 1.14..1.65,11178,1.7507670765572947,0.3553408480944713,-0.14241292640750308,0.01316139752605574,0.06168425269691383,-11.171963639057836,0.21428571428571427,0.16666666666666666
dd_30d & dow,-86.5..-33.6 & 2,11315,1.7722248587623715,0.31922227132125497,-0.14245692491513715,-0.0688307068220114,0.061640254189279764,-11.143909612092427,0.2857142857142857,0.16666666666666666
bb_width_pctile & ret_4,0.618..0.75 & -40.3..-1.65,12630,1.978188242701613,0.3250197941409343,-0.1426820502693222,-0.06068532260829601,0.0614151288350947,-11.84372419291075,0.0,0.0
ret_4 & dist_low_20,0.785..1.63 & 4.3..6.59,15367,2.406874008360704,0.3278453829634932,-0.1427303027917512,-0.04241528712989575,0.061366876312665714,-12.919620013709352,0.0,0.0
atr_pct & dist_high_20,0.984..1.17 & 0.556..1.02,9587,1.5015748759129346,0.33159486805048505,-0.14332911898064904,-0.01840768345430749,0.06076806012376787,-10.096705454550115,0.0,0.0
bb_width_pctile & dist_high_20,0.879..1 & 3.01..4.22,7436,1.1646720326784794,0.3356643356643357,-0.14363162100042529,-0.036825809692229504,0.06046555810399162,-9.171013307589053,0.07142857142857142,0.16666666666666666
dd_30d & dist_low_20,-12.2..-8.28 & 4.3..6.59,8310,1.301563285578021,0.32683513838748496,-0.14385810238532423,-0.04480642277159635,0.06023907671909268,-9.592077006608228,0.14285714285714285,0.16666666666666666
dist_low_20 & ema200_rel,2.27..3.09 & 2.69..5.97,12601,1.973646084424626,0.335925720180938,-0.14387789984231267,-0.00701663273634665,0.06021927926210424,-11.599226655143488,0.07142857142857142,0.0
bb_width_pctile & dist_low_20,0.358..0.489 & 4.3..6.59,10642,1.666815461506775,0.321931967675249,-0.1438850147183699,-0.05445203321258721,0.06021216438604701,-10.837385988362813,0.0,0.0
dist_low_20 & ema200_rel,3.09..4.3 & 2.69..5.97,14408,2.256669532925166,0.3319683509161577,-0.14388951708339712,-0.019219621962937635,0.06020766202101979,-12.421352564657253,0.14285714285714285,0.16666666666666666
bb_width_pctile & ema200_rel,0.75..0.879 & -0.491..0.891,6390,1.00084108241198,0.35039123630672925,-0.14390279100350825,0.011638297399471304,0.06019438810090866,-8.377873807099476,0.21428571428571427,0.0
bb_width_pctile & dow,0.75..0.879 & 5,8910,1.3955389740674087,0.3367003367003367,-0.14402509643690312,-0.028167920560743485,0.06007208266751379,-10.02076940643828,0.0,0.16666666666666666
ret_4 & ema200_rel,0.785..1.63 & 5.97..230,11793,1.8470921572589172,0.3195115746629356,-0.14412986968844615,-0.0553571918334525,0.059967309415970754,-11.373957316998576,0.0,0.0
atr_pct & ema200_rel,1.17..1.37 & 5.97..230,10005,1.5670446055605416,0.3243378310844578,-0.14418119837306573,-0.039164789026133046,0.05991598073135118,-10.413646414465239,0.07142857142857142,0.0
dow & dist_high_20,5 & 6.43..90.6,9401,1.4724424124812245,0.3286884374002766,-0.14434693983611444,-0.08541147642049393,0.059750239268302474,-10.725594891232797,0.07142857142857142,0.0
atr_pct & dist_high_20,1.66..2.18 & 1.54..2.18,7055,1.1049974704877181,0.317363571934798,-0.14435007997917595,-0.07275751915080968,0.059747099125240954,-8.930821447657898,0.0,0.0
atr_pct & dd_30d,1.66..2.18 & -12.2..-8.28,7181,1.1247323650704897,0.3175045258320568,-0.14437478616702326,-0.07316551430950849,0.05972239293739365,-9.04909118092329,0.21428571428571427,0.16666666666666666
dd_30d & bb_width_pctile,-86.5..-33.6 & 0.00039..0.107,9047,1.4169967562724857,0.3230905272466011,-0.1448294597077023,-0.038898052143200613,0.0592677193967146,-9.916233208887046,0.21428571428571427,0.16666666666666666
dist_high_20 & ema200_rel,-0.001..0.556 & 2.69..5.97,13328,2.0875132936442675,0.3480642256902761,-0.1450856623625992,0.03634086152062316,0.059011516741817704,-11.819599663451248,0.2857142857142857,0.0
bb_width_pctile & dow,0.489..0.618 & 2,12289,1.9247787264101444,0.3328179672878184,-0.14516776493812963,-0.01885825791445635,0.058929414166287275,-11.574285662153772,0.0,0.0
atr_pct & dist_high_20,1.66..2.18 & 4.22..6.43,17976,2.815511627142058,0.320260347129506,-0.14517768519857988,-0.07398929807377952,0.058919493905837034,-14.45414333073815,0.0,0.0
dist_low_20 & ema200_rel,0.662..1.14 & -57.7..-6.51,7537,1.180491273574193,0.32360355579142897,-0.14527175468071143,-0.05494180680046943,0.058825424423705475,-9.214837804029562,0.07142857142857142,0.0
bb_width_pctile & ret_4,0.879..1 & 0.785..1.63,9003,1.410105205783264,0.33422192602465844,-0.1455634998586305,-0.046237477215756995,0.058533679245786396,-10.268742022593484,0.0,0.0
ret_4 & ema200_rel,-1.65..-0.796 & 5.97..230,7801,1.2218405765095237,0.31854890398666835,-0.1456669099524639,-0.07007619881578457,0.05843026915195301,-9.46669165909325,0.07142857142857142,0.0
bb_width_pctile & dist_high_20,0.75..0.879 & 1.02..1.54,6426,1.0064796237213434,0.33769063180827885,-0.14599026945759191,-0.011324022486565052,0.058106909646824995,-8.449774474119119,0.21428571428571427,0.0
dd_30d & dist_high_20,-4.52..0 & 1.54..2.18,11250,1.7620441591760212,0.33884444444444445,-0.14602208342825257,0.00834105699087315,0.05807509567616434,-11.045587152969093,0.21428571428571427,0.0
dow & ret_4,2 & 0.785..1.63,11622,1.8203090860394415,0.330665978316985,-0.14613066091696278,-0.02723893397724831,0.05796651818745413,-11.394463531565245,0.0,0.0
dd_30d & ema200_rel,-16.2..-12.2 & 5.97..230,7283,1.1407082321136854,0.31786351778113414,-0.1462304694253605,-0.07622177314004734,0.05786670967905641,-9.222477250383987,0.21428571428571427,0.16666666666666666
dd_30d & ema200_rel,-12.2..-8.28 & 5.97..230,10685,1.6735503858485143,0.31474029012634536,-0.1466694377663996,-0.07743984315280492,0.05742774133801731,-11.200999965977362,0.14285714285714285,0.16666666666666666
dist_low_20 & dist_high_20,1.65..2.27 & 6.43..90.6,9245,1.4480087334739835,0.323526230394808,-0.14703427799214588,-0.07849595766642677,0.057062901112271025,-10.579718289681095,0.0,0.16666666666666666
dow & ret_4,1 & 1.63..91.8,11968,1.8745017330683218,0.3200200534759358,-0.1470442175938266,-0.06483486658750008,0.057052961510590305,-11.847492733437278,0.07142857142857142,0.0
ret_4 & dist_low_20,-40.3..-1.65 & 1.65..2.27,8404,1.3162861434413584,0.3252022846263684,-0.14716699401272337,-0.07019378727869066,0.056930185091693536,-10.035922493842056,0.0,0.16666666666666666
bb_width_pctile & ret_4,0.618..0.75 & 0.785..1.63,10236,1.6032252456289557,0.3324540836264166,-0.14748180263651875,-0.028103201827028215,0.05661537646789816,-10.86225119522816,0.0,0.0
atr_pct & dist_low_20,1.37..1.66 & 4.3..6.59,15759,2.4682714581737706,0.3233073164540897,-0.14792065247610886,-0.059061203349183716,0.05617652662830805,-13.635778137120562,0.0,0.0
atr_pct & dist_low_20,1.66..2.18 & 4.3..6.59,16570,2.595295263781926,0.3184067592033796,-0.1479287367646046,-0.0769451637492837,0.0561684423398123,-14.136048753347499,0.07142857142857142,0.0
dist_high_20 & ema200_rel,1.02..1.54 & 5.97..230,9317,1.4592858160927102,0.3201674358699152,-0.14834491174543732,-0.05305861761156409,0.05575226735897959,-10.386597418317459,0.14285714285714285,0.16666666666666666
atr_pct & bb_width_pctile,1.37..1.66 & 0.231..0.358,9662,1.5133218369741082,0.3228110122127924,-0.14844089400467883,-0.05918292198637542,0.05565628509973808,-10.689737586872004,0.21428571428571427,0.0
atr_pct & dist_high_20,1.66..2.18 & 6.43..90.6,20530,3.2155348078118857,0.32235752557233316,-0.14858691860863438,-0.07842919903703413,0.05551026049578253,-15.951531971747501,0.14285714285714285,0.16666666666666666
dow & dist_high_20,5 & 4.22..6.43,9332,1.4616352083049449,0.3262966138019717,-0.14868786661316216,-0.060084898545819394,0.05540931249125475,-10.650617526213754,0.14285714285714285,0.0
dd_30d & ret_4,-20.5..-16.2 & 1.63..91.8,8184,1.2818283909952495,0.3268572825024438,-0.14894311208690814,-0.05684857914292872,0.05515406701750877,-9.950161543185107,0.0,0.0
dist_low_20 & dist_high_20,1.14..1.65 & 6.43..90.6,8969,1.4047799167688653,0.3212175270375739,-0.14898039282224296,-0.07672070025243462,0.05511678628217395,-10.524995368672622,0.0,0.0
atr_pct & bb_width_pctile,1.37..1.66 & 0.879..1,10845,1.6986105694456843,0.3292761641309359,-0.14958998587958267,-0.06119792508520901,0.054507193224834244,-11.626386917677968,0.07142857142857142,0.0
atr_pct & dd_30d,0.984..1.17 & -4.52..0,7302,1.1436841289158495,0.3284031772117228,-0.149607636912566,-0.025016449413650797,0.0544895421918509,-9.202384265576944,0.14285714285714285,0.16666666666666666
dd_30d & dist_low_20,-16.2..-12.2 & 4.3..6.59,8813,1.3803462377616245,0.3256552819698173,-0.1496512911160123,-0.04998057657198424,0.054445887988404607,-10.308067035921148,0.21428571428571427,0.0
atr_pct & ret_4,1.37..1.66 & 0.333..0.785,8193,1.2832380263225904,0.32308067862809714,-0.14969541428766223,-0.0604534677383744,0.05440176481675468,-9.963282025947194,0.0,0.0
atr_pct & dist_low_20,1.66..2.18 & 6.59..2.4e+03,18925,2.9641498411027736,0.3164068692206077,-0.14979126463242995,-0.07951140939337413,0.05430591447198696,-15.237646319504105,0.0,0.0
bb_width_pctile & dist_low_20,0.489..0.618 & 4.3..6.59,13120,2.0549350549679466,0.3231707317073171,-0.15004561052773985,-0.056977553128900224,0.05405156857667706,-12.59318170961288,0.07142857142857142,0.0
dd_30d & dist_low_20,-4.52..0 & 3.09..4.3,8842,1.3848883960386116,0.33386111739425467,-0.1501452205356899,-0.011153807230991911,0.053951958568727004,-10.102492724655157,0.2857142857142857,0.0
bb_width_pctile & dist_low_20,0.489..0.618 & 3.09..4.3,12358,1.935585930586424,0.32853212493931055,-0.15031290590835814,-0.03744694948861825,0.053784273196058774,-12.167625712093344,0.0,0.0
dist_low_20 & ema200_rel,3.09..4.3 & -57.7..-6.51,10701,1.6760564042082313,0.3214652836183534,-0.1504035446074736,-0.07724650227108826,0.05369363449694331,-11.595736229707489,0.07142857142857142,0.0
atr_pct & ema200_rel,1.17..1.37 & 2.69..5.97,12880,2.0173447795721913,0.32111801242236027,-0.15054741715784486,-0.04479244610307956,0.053549761946572044,-12.34624886309508,0.14285714285714285,0.16666666666666666
bb_width_pctile & ret_4,0.879..1 & -1.65..-0.796,8655,1.355599306459419,0.33575967648757943,-0.1511179535619292,-0.05635683533519662,0.05297922554248771,-10.53328656847219,0.07142857142857142,0.0
atr_pct & dist_low_20,1.37..1.66 & 2.27..3.09,11033,1.7280562851723593,0.3217619867669718,-0.15115885565920134,-0.06201584651969326,0.05293832344521557,-11.717442609102257,0.14285714285714285,0.16666666666666666
bb_width_pctile & ema200_rel,0.358..0.489 & 5.97..230,7416,1.1615395097288332,0.31526429341963325,-0.15132367832869756,-0.06849838616767168,0.05277350077571935,-9.477270291343327,0.07142857142857142,0.0
dist_low_20 & dist_high_20,4.3..6.59 & 0.556..1.02,11964,1.8738752284783926,0.3271481109996657,-0.15134038581812556,-0.036351014312176404,0.05275679328629135,-12.005554579818293,0.14285714285714285,0.0
ret_4 & dist_high_20,-1.65..-0.796 & 6.43..90.6,10933,1.712393670424128,0.32250983261684807,-0.15147150476675658,-0.08206898230266838,0.05262567433766033,-11.894733632212633,0.0,0.0
atr_pct & ret_4,1.66..2.18 & -0.796..-0.333,6794,1.0641180459948345,0.31571975272299085,-0.1514792846999059,-0.08007100567729182,0.052617894404511006,-9.239242347548245,0.0,0.0
dd_30d & dist_high_20,-33.6..-25.7 & 6.43..90.6,14824,2.3218260102778077,0.3248785752833243,-0.151484670067886,-0.08552004186636236,0.05261250903653092,-13.940231019745914,0.07142857142857142,0.16666666666666666
atr_pct & ema200_rel,1.17..1.37 & -3.59..-1.84,10247,1.6049481332512612,0.3288767444129989,-0.15208058999292837,-0.04607149023410198,0.05201658911148854,-11.275858786443443,0.14285714285714285,0.0
dd_30d & bb_width_pctile,-33.6..-25.7 & 0.879..1,9680,1.5161411076287898,0.33078512396694215,-0.15243601427911058,-0.08472218861780804,0.05166116482530633,-11.498760400721729,0.07142857142857142,0.0
dist_high_20 & ema200_rel,-0.001..0.556 & 5.97..230,8876,1.39021368505301,0.32018927444794953,-0.15246743057717044,-0.04648807006355065,0.05162974852724647,-10.353937473315316,0.2857142857142857,0.16666666666666666
atr_pct & bb_width_pctile,1.37..1.66 & 0.618..0.75,11401,1.7856947074458505,0.32023506709937727,-0.15283868059144215,-0.06388460665435859,0.05125849851297476,-12.013987752634206,0.07142857142857142,0.16666666666666666
dd_30d & bb_width_pctile,-86.5..-33.6 & 0.107..0.231,9323,1.4602255729776041,0.31792341520969647,-0.15291850870165108,-0.0596256546608307,0.05117867040276583,-10.739338194493968,0.07142857142857142,0.0
dow & ema200_rel,5 & 2.69..5.97,11135,1.744032152215555,0.3323753929052537,-0.15317048216665585,-0.009338969971359997,0.05092669693776106,-11.533929394579456,0.21428571428571427,0.16666666666666666
atr_pct & dist_high_20,0.984..1.17 & 1.02..1.54,11086,1.7363574709889218,0.32834205303987013,-0.1536044171871487,-0.028761371009433434,0.0504927619172682,-11.673044450311929,0.0,0.0
dist_low_20 & dist_high_20,2.27..3.09 & 1.54..2.18,10090,1.580357828096538,0.33042616451932605,-0.1536581874327615,-0.029251275961158126,0.050438991671655414,-11.19831634197561,0.07142857142857142,0.0
dd_30d & dow,-86.5..-33.6 & 6,11036,1.7285261636148062,0.3169626676332004,-0.1537359802041577,-0.06549283173586155,0.050361198900259196,-11.746962700254203,0.07142857142857142,0.16666666666666666
ret_4 & dist_low_20,-1.65..-0.796 & 3.09..4.3,7279,1.1400817275237562,0.3214727297705729,-0.153796577763183,-0.06068166501559956,0.0503006013412339,-9.633864347137497,0.0,0.0
atr_pct & dow,1.37..1.66 & 1,11828,1.852574072420798,0.3178897531281704,-0.15394710637327505,-0.06483494329941031,0.05015007273114186,-12.255448940087584,0.14285714285714285,0.0
bb_width_pctile & ret_4,0.231..0.358 & 1.63..91.8,7202,1.1280215141676182,0.3190780338794779,-0.1541835636921291,-0.05866310376524255,0.04991361541228781,-9.537567367999086,0.0,0.0
dd_30d & bb_width_pctile,-33.6..-25.7 & 0.489..0.618,10039,1.57236989457494,0.322542085865126,-0.15442903230319305,-0.058685935646119375,0.04966814680122386,-11.342018075225823,0.07142857142857142,0.0
dist_high_20 & ema200_rel,1.02..1.54 & 2.69..5.97,11580,1.8137307878451845,0.33177892918825563,-0.15465484759180534,-0.014704359874341518,0.04944233151261157,-11.923455172097833,0.21428571428571427,0.0
dd_30d & bb_width_pctile,-20.5..-16.2 & 0.75..0.879,9077,1.4216955406969551,0.3306158422386251,-0.15465607576508278,-0.04867114469527291,0.04944110333933413,-10.913408682773595,0.0,0.0
dist_high_20 & ema200_rel,4.22..6.43 & 2.69..5.97,7278,1.139925101376274,0.31863149216817804,-0.15472131026229624,-0.07246705411788734,0.04937586884212067,-9.734293115060467,0.14285714285714285,0.16666666666666666
dd_30d & bb_width_pctile,-33.6..-25.7 & 0.618..0.75,9721,1.5225627796755645,0.3218804649727394,-0.15510894030299877,-0.06511046738008461,0.048988238801418144,-11.261906388219549,0.14285714285714285,0.0
bb_width_pctile & dist_high_20,0.618..0.75 & 6.43..90.6,12474,1.9537545636943723,0.31385281385281383,-0.1551264780640852,-0.09207691364290028,0.048970701040331716,-12.935355948126123,0.07142857142857142,0.0
dd_30d & ret_4,-33.6..-25.7 & -40.3..-1.65,13838,2.167392628860247,0.32208411620176325,-0.15518455150500324,-0.07641529845729007,0.04891262759941367,-13.594184824481621,0.0,0.0
atr_pct & bb_width_pctile,1.37..1.66 & 0.358..0.489,10619,1.6632130601146817,0.3182973914681232,-0.15561100721151788,-0.06659820305436774,0.04848617189289903,-11.751513680881136,0.0,0.0
atr_pct & bb_width_pctile,1.66..2.18 & 0.618..0.75,12058,1.88859808634173,0.3136506883396915,-0.1557546353646372,-0.08463786559487683,0.0483425437397797,-12.691304884327032,0.0,0.16666666666666666
atr_pct & ema200_rel,1.37..1.66 & 0.891..2.69,7147,1.119407076056091,0.31957464670491115,-0.15606475890056454,-0.06669510195076389,0.04803242020385237,-9.692109097365881,0.07142857142857142,0.3333333333333333
bb_width_pctile & dist_low_20,0.107..0.231 & 3.09..4.3,8772,1.3739245657148496,0.32067943456452347,-0.15639018488702036,-0.05193319002673894,0.04770699421739655,-10.631223769839293,0.14285714285714285,0.0
bb_width_pctile & dow,0.489..0.618 & 5,9227,1.445189462819302,0.33304432643329357,-0.1564497925678821,-0.020982242598454284,0.0476473865365348,-10.85993926244388,0.14285714285714285,0.0
ret_4 & ema200_rel,-0.796..-0.333 & 5.97..230,6085,0.9530701074298745,0.3155299917830731,-0.15697666814338526,-0.07154589351950212,0.04712051096103165,-8.975610782480091,0.14285714285714285,0.0
atr_pct & dow,1.17..1.37 & 2,12568,1.9684774215577097,0.3222469764481222,-0.15706210501103363,-0.051267366775001585,0.04703507409338328,-12.803706282121396,0.21428571428571427,0.16666666666666666
bb_width_pctile & dow,0.618..0.75 & 5,9062,1.4193461484847203,0.3290664312513794,-0.15738076822817681,-0.03048164725693372,0.046716410876240094,-10.879708594373732,0.07142857142857142,0.0
ret_4 & dist_low_20,-40.3..-1.65 & -0.001..0.662,19295,3.022101515671229,0.3258875356309925,-0.15816480888021545,-0.052592058019844706,0.04593237022420146,-16.09513789657996,0.0,0.0
dd_30d & dist_high_20,-4.52..0 & 2.18..3.01,9509,1.4893580364093142,0.32863602902513406,-0.15820832008825292,-0.035838027062358856,0.04588885901616399,-11.193263724555209,0.2857142857142857,0.0
dow & dist_high_20,2 & -0.001..0.556,10582,1.657417892657836,0.34983934983934983,-0.1585704663155621,0.040277087243432076,0.04552671278885481,-11.523893775362728,0.21428571428571427,0.0
bb_width_pctile & dist_high_20,0.75..0.879 & 1.54..2.18,6843,1.0717927272214678,0.3345024112231477,-0.1587488056766023,-0.023658188745394014,0.045348373427814614,-9.569999152375946,0.07142857142857142,0.0
atr_pct & dist_high_20,1.37..1.66 & 2.18..3.01,11185,1.7518634595896707,0.31640590075994635,-0.15901422414271235,-0.06984465936271878,0.04508295496170456,-12.351195709705234,0.14285714285714285,0.0
dow & ret_4,4 & -0.333..0,11318,1.7726947372048185,0.3537727513694999,-0.15929968963876284,0.014607233288125108,0.04479748946565407,-12.448306373990592,0.14285714285714285,0.0
bb_width_pctile & ema200_rel,0.00039..0.107 & 2.69..5.97,7284,1.1408648582611678,0.32935200439319057,-0.1596707058593249,-0.015384739604287932,0.044426473245091996,-9.702635625714214,0.21428571428571427,0.16666666666666666
bb_width_pctile & dow,0.75..0.879 & 1,12568,1.9684774215577097,0.3237587523870146,-0.15967401772831186,-0.05189248720757011,0.04442316137610505,-13.108391024940829,0.0,0.0
atr_pct & dd_30d,1.66..2.18 & -33.6..-25.7,14306,2.24069366588197,0.31651055501188313,-0.15979311603109436,-0.08851543499282453,0.04430406307332255,-14.274624417494499,0.0,0.16666666666666666
bb_width_pctile & dow,0.00039..0.107 & 4,8865,1.3884907974307046,0.34438804286520025,-0.15980846362980644,0.010248225645393912,0.04428871547461047,-10.851332757675992,0.07142857142857142,0.0
dd_30d & dow,-33.6..-25.7 & 1,11188,1.7523333380321178,0.318019306399714,-0.1598660567907747,-0.06558115193155589,0.04423112231364221,-12.37577334090075,0.07142857142857142,0.0
dow & dist_low_20,6 & 4.3..6.59,8140,1.2749368405060277,0.3160933660933661,-0.15992864522213632,-0.06787199626608198,0.04416853388228059,-10.4841205446719,0.14285714285714285,0.0
dd_30d & dow,-25.7..-20.5 & 4,11312,1.7717549803199246,0.33910891089108913,-0.16026249527314385,-0.0495840212866117,0.043834683831273064,-12.909384329584615,0.2857142857142857,0.0
bb_width_pctile & ret_4,0.75..0.879 & 0.785..1.63,9937,1.5563940275317443,0.33068330482036834,-0.16028551925376744,-0.04693502102473863,0.04381165985064947,-11.79149290656971,0.0,0.0
bb_width_pctile & dist_high_20,0.358..0.489 & 4.22..6.43,10276,1.6094902915282483,0.31704943557804594,-0.16030455158903226,-0.07302928532268611,0.04379262751538465,-11.952670314487836,0.0,0.0
dow & dist_low_20,1 & 4.3..6.59,12120,1.8983089074856334,0.3174917491749175,-0.1603188490299319,-0.06833943727274423,0.043778330074485006,-12.94892769395463,0.07142857142857142,0.16666666666666666
dd_30d & dow,-33.6..-25.7 & 5,11570,1.8121645263703614,0.3261019878997407,-0.1604169322360892,-0.053045175216401765,0.04368024686832772,-12.674004738672473,0.07142857142857142,0.3333333333333333
dd_30d & dist_low_20,-20.5..-16.2 & 6.59..2.4e+03,6979,1.0930938832790624,0.3185270096002293,-0.16053550060892574,-0.08989256034811424,0.04356167849549117,-10.094550685550061,0.21428571428571427,0.16666666666666666
ret_4 & ema200_rel,0.785..1.63 & -57.7..-6.51,7738,1.211973129218138,0.3225639700180925,-0.16080275588358234,-0.08590901092628705,0.04329442322083457,-10.649285638864837,0.0,0.0
atr_pct & ema200_rel,1.66..2.18 & -6.51..-3.59,10562,1.6542853697081898,0.31641734519977277,-0.16084590528853668,-0.08900203589991913,0.04325127381588023,-12.339727425417513,0.07142857142857142,0.3333333333333333
atr_pct & ema200_rel,1.37..1.66 & -3.59..-1.84,8372,1.3112741067219245,0.3219063545150502,-0.16085544109097283,-0.07160256620619347,0.04324173801344408,-10.908688026212209,0.21428571428571427,0.16666666666666666
dd_30d & dist_low_20,-33.6..-25.7 & 2.27..3.09,10986,1.7206948562406905,0.3228654651374477,-0.1613241145022611,-0.05757373363854195,0.0427730646021558,-12.398850295859638,0.14285714285714285,0.0
dd_30d & dist_high_20,-8.28..-4.52 & 2.18..3.01,9608,1.5048640250100633,0.335970024979184,-0.16151281874687742,-0.014928244435238882,0.042584360357539486,-11.45165247864267,0.07142857142857142,0.0
atr_pct & dist_low_20,1.66..2.18 & 1.65..2.27,7478,1.1712503308727367,0.3154586787911206,-0.1615707060413414,-0.09007777574402803,0.0425264730630755,-10.405888704158198,0.07142857142857142,0.16666666666666666
ret_4 & dist_low_20,-0.796..-0.333 & 4.3..6.59,6298,0.9864314768436072,0.3210543029533185,-0.16185488926261468,-0.0675428643538526,0.04224228984180223,-9.450079995424822,0.0,0.0
dd_30d & ema200_rel,-20.5..-16.2 & 0.891..2.69,8228,1.2887199414844712,0.32839086047642196,-0.16205258870854253,-0.03089540671215322,0.04204459039587438,-10.638998350704917,0.14285714285714285,0.0
dow & ret_4,1 & -40.3..-1.65,12166,1.9055137102698199,0.3166200887719875,-0.1620930676311461,-0.08408072532015406,0.04200411147327082,-13.242566586205939,0.0,0.0
ret_4 & ema200_rel,-1.65..-0.796 & -57.7..-6.51,11403,1.786007959740815,0.31912654564588266,-0.1621299550680991,-0.08010684480027566,0.04196722403631781,-12.864469486436892,0.0,0.0
atr_pct & bb_width_pctile,1.17..1.37 & 0.879..1,8117,1.2713344391139345,0.3296784526302821,-0.16219899379208533,-0.05683905144126741,0.04189818531233158,-10.857038087078204,0.07142857142857142,0.0
dow & ret_4,4 & 0..0.333,10157,1.590851779977853,0.35404154770109286,-0.16221226923148285,0.016139405201628296,0.041884909872934056,-12.039264263063949,0.07142857142857142,0.0
dd_30d & bb_width_pctile,-4.52..0 & 0.618..0.75,10281,1.6102734222656598,0.3462698181110787,-0.16221760785759495,0.025080549231610273,0.041879571246821956,-11.737153934765864,0.21428571428571427,0.0
atr_pct & dist_high_20,0.984..1.17 & 1.54..2.18,12548,1.9653448986080635,0.32547019445329933,-0.1623080891724019,-0.03760674095731462,0.04178908993201502,-13.187177788913804,0.07142857142857142,0.0
bb_width_pctile & ema200_rel,0.489..0.618 & 2.69..5.97,11017,1.7255502668126423,0.3266769537986748,-0.16232791457593942,-0.036249358317098725,0.041769264528477484,-12.321702873134516,0.07142857142857142,0.0
atr_pct & bb_width_pctile,1.37..1.66 & 0.75..0.879,11981,1.876537872985592,0.32059093564810953,-0.1624032017595963,-0.07369154257554475,0.04169397734482061,-13.211479159506398,0.0,0.16666666666666666
dow & dist_high_20,5 & 1.54..2.18,11788,1.8463090265215056,0.3307600950118765,-0.16252295413172005,-0.01804575348023621,0.04157422497269686,-12.716696158868814,0.07142857142857142,0.0
dist_low_20 & dist_high_20,2.27..3.09 & 4.22..6.43,9176,1.437201529297704,0.31920226678291197,-0.16281773010165865,-0.0780296434836903,0.04127944900275826,-11.581858721315507,0.14285714285714285,0.0
dd_30d & dist_low_20,-12.2..-8.28 & 6.59..2.4e+03,7131,1.116901057696374,0.3151030710980227,-0.16284924587899474,-0.09346901870490944,0.04124793322542217,-10.29859211758091,0.21428571428571427,0.0
atr_pct & dist_high_20,1.17..1.37 & 0.556..1.02,7700,1.20602133561381,0.31805194805194803,-0.16305729453832987,-0.057105682708494254,0.04103988456608704,-10.4135142808482,0.07142857142857142,0.0
atr_pct & bb_width_pctile,0.984..1.17 & 0.75..0.879,9079,1.4220087929919196,0.3317545985240665,-0.16346866376223373,-0.03914399788085405,0.040628515342183175,-11.414649896466162,0.0,0.16666666666666666
dd_30d & bb_width_pctile,-25.7..-20.5 & 0.75..0.879,9347,1.4639846005171795,0.3263079062800899,-0.16354090703702412,-0.0659612530631528,0.04055627206739279,-11.783342895807145,0.07142857142857142,0.0
ret_4 & ema200_rel,-1.65..-0.796 & 2.69..5.97,8943,1.400707636934325,0.32047411383204744,-0.1638260990165205,-0.054635955222916956,0.0402710800878964,-11.27154838969655,0.0,0.16666666666666666
atr_pct & dist_high_20,1.17..1.37 & 1.54..2.18,10904,1.707851512147141,0.31905722670579606,-0.16392205446947877,-0.058018382283043624,0.040175124634938136,-12.466950644590751,0.0,0.0
dist_low_20 & ema200_rel,4.3..6.59 & -0.491..0.891,6014,0.9419496509586304,0.32208180911207185,-0.1640798925368738,-0.05806069936170561,0.04001728656754311,-9.339380322999347,0.0,0.16666666666666666
ret_4 & ema200_rel,1.63..91.8 & -6.51..-3.59,7209,1.1291178971999944,0.32057150783742544,-0.16417552761769216,-0.08246125281554867,0.039921651486724746,-10.436043962106213,0.14285714285714285,0.0
bb_width_pctile & dist_high_20,0.879..1 & 4.22..6.43,11784,1.8456825219315762,0.33129667345553293,-0.16428812136771181,-0.06923196854214846,0.039809057736705095,-13.419390283841159,0.07142857142857142,0.0
ret_4 & ema200_rel,0.785..1.63 & 2.69..5.97,13192,2.066212137586673,0.32633414190418436,-0.1643463966910067,-0.03287840438605966,0.03975078241341021,-13.623572487200908,0.14285714285714285,0.0
dd_30d & dow,-20.5..-16.2 & 2,11801,1.8483451664387756,0.3279383103126854,-0.16451004216686602,-0.04374162161299245,0.03958713693755089,-13.01870680286537,0.07142857142857142,0.0
dow & dist_low_20,4 & 0.662..1.14,10210,1.5991529657944157,0.35670910871694417,-0.1645363465616147,0.008570053596225612,0.03956083254280221,-12.381373921393266,0.14285714285714285,0.0
atr_pct & dist_low_20,0.807..0.984 & 4.3..6.59,6584,1.0312265550235487,0.33171324422843257,-0.16466146082282224,-0.017326223380366677,0.03943571828159467,-9.615759943914659,0.14285714285714285,0.0
ret_4 & dist_high_20,0.785..1.63 & 1.02..1.54,10758,1.6849840946147232,0.32561814463654953,-0.16471044901439058,-0.04291034727578222,0.03938673009002633,-12.426235395443634,0.0,0.0
dow & ema200_rel,1 & -3.59..-1.84,11252,1.7623574114709857,0.3296302879488091,-0.16489176501351488,-0.026204112036993063,0.03920541409090203,-12.590314550442807,0.07142857142857142,0.0
dist_low_20 & ema200_rel,1.65..2.27 & -57.7..-6.51,8785,1.3759607056321197,0.31895276038702336,-0.16492325292530627,-0.08212896360726839,0.03917392617911064,-11.46931531104154,0.07142857142857142,0.0
dow & dist_low_20,3 & 3.09..4.3,11663,1.8267307580862164,0.32513075538026237,-0.16521088291097555,-0.058565677921190946,0.03888629619344136,-13.094316087806613,0.0,0.16666666666666666
ret_4 & dist_high_20,0.785..1.63 & 3.01..4.22,7231,1.1325636724446053,0.31862812888950354,-0.16528874651679912,-0.07109402844404476,0.03880843258761779,-10.387169443907531,0.0,0.0
bb_width_pctile & dow,0.75..0.879 & 0,13635,2.135597520921338,0.324972497249725,-0.16555107576862046,-0.04972849616863886,0.038546103335796444,-14.048919183692494,0.0,0.16666666666666666
ret_4 & dist_low_20,-40.3..-1.65 & 1.14..1.65,9977,1.5626590734310368,0.32043700511175705,-0.1656838478810583,-0.0816026206655068,0.038413331223358604,-12.312685143684446,0.0,0.0
bb_width_pctile & dist_high_20,0.489..0.618 & 4.22..6.43,12637,1.9792846257339893,0.3171638838331883,-0.165804508721315,-0.07525760134514897,0.03829267038310191,-13.748118678816205,0.0,0.0
bb_width_pctile & ema200_rel,0.75..0.879 & 0.891..2.69,8185,1.2819850171427318,0.3403787416004887,-0.16597750617220122,-0.004636558907073189,0.03811967293221569,-10.88996421793971,0.21428571428571427,0.0
bb_width_pctile & ema200_rel,0.231..0.358 & -57.7..-6.51,6476,1.014310931095459,0.3147004323656578,-0.16598115108024447,-0.08290875839388986,0.03811602802417244,-9.836807360776682,0.14285714285714285,0.0
dist_low_20 & dist_high_20,3.09..4.3 & 1.54..2.18,10007,1.567357857855506,0.3219746177675627,-0.16599115329223474,-0.056544802301547195,0.03810602581218217,-12.121662005162081,0.07142857142857142,0.0
dd_30d & dist_low_20,-33.6..-25.7 & 6.59..2.4e+03,11111,1.7402731246759797,0.31860318603186033,-0.16624770707371636,-0.10172645654764938,0.03784947203070055,-13.30753855921227,0.07142857142857142,0.0
bb_width_pctile & dist_high_20,0.618..0.75 & 2.18..3.01,9323,1.4602255729776041,0.3299367156494691,-0.16672316236413656,-0.03582751670021871,0.03737401674028035,-11.742408762997263,0.0,0.0
bb_width_pctile & ret_4,0.75..0.879 & -1.65..-0.796,9821,1.5382253944237958,0.32501781895937276,-0.16675884487995984,-0.0595039674775644,0.037338334224457065,-12.224843920471846,0.0,0.0
dd_30d & dow,-86.5..-33.6 & 3,11153,1.7468514228702368,0.31534116381242716,-0.16676018554649832,-0.09290639752470416,0.037336993557918585,-13.14513989003846,0.0,0.3333333333333333
bb_width_pctile & ret_4,0.75..0.879 & -0.796..-0.333,8439,1.3217680586032394,0.3301339021211044,-0.1668953481950946,-0.03702170295303082,0.0372018309093223,-11.239390149753856,0.0,0.0
atr_pct & dist_low_20,1.17..1.37 & -0.001..0.662,6727,1.0536240941135195,0.3216887171101531,-0.1669447915564109,-0.06104017953668171,0.03715238754800601,-10.047031116871382,0.14285714285714285,0.16666666666666666
atr_pct & ema200_rel,1.17..1.37 & -1.84..-0.491,7542,1.1812744043116046,0.32352161230442855,-0.16717798667263975,-0.0611133536196231,0.03691919243177716,-10.703763000959146,0.14285714285714285,0.16666666666666666
bb_width_pctile & dist_low_20,0.75..0.879 & 1.65..2.27,7376,1.1552744638295407,0.3359544468546638,-0.1673686019288685,-0.03384373454024319,0.03672857717554842,-10.636117661867342,0.0,0.16666666666666666
ret_4 & dist_high_20,-40.3..-1.65 & 4.22..6.43,22949,3.594413458571601,0.3180966490914637,-0.1675825469047352,-0.07851711927229899,0.03651463219968171,-18.821356308304686,0.0,0.0
dd_30d & ret_4,-33.6..-25.7 & 0.785..1.63,10323,1.616851720459917,0.3191901578998353,-0.16830470529532318,-0.06681411549061571,0.03579247380909373,-12.565373252129357,0.0,0.0
atr_pct & bb_width_pctile,1.37..1.66 & 0.107..0.231,7719,1.208997232415974,0.31234615882886385,-0.1685492776648674,-0.07928378584168216,0.0355479014395495,-10.866701807507482,0.14285714285714285,0.16666666666666666
dow & ema200_rel,0 & -6.51..-3.59,11217,1.756875496309105,0.32138718017295176,-0.1688773198334948,-0.054704290877345796,0.03521985927092211,-12.987067349581382,0.07142857142857142,0.0
bb_width_pctile & dow,0.879..1 & 1,12130,1.8998751689604565,0.32052761747732894,-0.1688985068158625,-0.07529320520313078,0.03519867228855442,-13.841253874452564,0.07142857142857142,0.16666666666666666
dist_low_20 & dist_high_20,-0.001..0.662 & 4.22..6.43,12985,2.0337905250578343,0.3224489795918367,-0.1691726010540801,-0.051323913045277794,0.0349245780503368,-14.06110968501438,0.0,0.0
dow & dist_low_20,2 & 2.27..3.09,11310,1.77144172802496,0.3237842617152962,-0.16918540264976928,-0.0458304297974029,0.03491177645464763,-13.070916870660007,0.0,0.0
atr_pct & ema200_rel,1.37..1.66 & -57.7..-6.51,13827,2.1656697412379415,0.3180010125117524,-0.16923103375272244,-0.08096832151985482,0.034866145351694466,-14.76262498997246,0.0,0.0
ret_4 & ema200_rel,-0.333..0 & 2.69..5.97,9279,1.4533340224883822,0.33063907748679816,-0.16949490211577825,-0.019107018863840364,0.03460227698863866,-11.726874211746638,0.07142857142857142,0.0
bb_width_pctile & dist_high_20,0.618..0.75 & -0.001..0.556,8518,1.334141524254342,0.3453862409016201,-0.16952345158285864,0.022648035676430072,0.03457372752155827,-11.126429675702438,0.07142857142857142,0.0
dist_high_20 & ema200_rel,3.01..4.22 & 2.69..5.97,9493,1.4868520180495972,0.31581165068998207,-0.16958522908336304,-0.07096469499464468,0.03451195002105387,-12.081838740388243,0.0,0.16666666666666666
bb_width_pctile & dist_low_20,0.75..0.879 & 2.27..3.09,8274,1.2959247442686577,0.33127870437515106,-0.16990628261287086,-0.04194064179661854,0.03419089649154605,-11.416132059744912,0.07142857142857142,0.0
atr_pct & dist_high_20,0.807..0.984 & -0.001..0.556,10478,1.6411287733196755,0.3302156900171789,-0.1701281094405732,-0.020457121779769213,0.03396906966384372,-12.525406303583077,0.0,0.0
bb_width_pctile & dist_high_20,0.489..0.618 & 3.01..4.22,12461,1.9517184237771021,0.32284728352459674,-0.17019068927963202,-0.05875889510091668,0.03390648982478489,-13.919583240152772,0.14285714285714285,0.0
atr_pct & dd_30d,0.597..0.807 & -4.52..0,11411,1.7872609689206735,0.3465953904127596,-0.17021107250244386,0.022071263078859663,0.033886106601973054,-13.007547458481985,0.38461538461538464,0.0
bb_width_pctile & dist_low_20,0.879..1 & 2.27..3.09,6076,0.9516604721025338,0.33640552995391704,-0.17022043626386157,-0.055564717527801476,0.033876742840555335,-10.000309579210063,0.0,0.0
dist_high_20 & ema200_rel,2.18..3.01 & 2.69..5.97,10346,1.6204541218520103,0.31751401507829113,-0.17046711333442482,-0.05907813256543045,0.033630065769992085,-12.600365739269451,0.07142857142857142,0.0
dd_30d & bb_width_pctile,-8.28..-4.52 & 0.618..0.75,10283,1.6105866745606245,0.3322960225615093,-0.1707378226503484,-0.02164733991046632,0.03335935645406851,-12.57337527172135,0.21428571428571427,0.0
dist_high_20 & ema200_rel,2.18..3.01 & -57.7..-6.51,6191,0.9696724790629997,0.3170731707317073,-0.17088924815981288,-0.08429102709050826,0.03320793094460403,-9.966243315484672,0.07142857142857142,0.16666666666666666
atr_pct & bb_width_pctile,1.17..1.37 & 0.618..0.75,11018,1.7257068929601245,0.31911417680159737,-0.17109071981839585,-0.06565088385600988,0.033006459286021056,-13.171930100593551,0.0,0.0
atr_pct & ret_4,1.37..1.66 & -40.3..-1.65,13059,2.0453808599715253,0.31671644076881844,-0.17122312921697375,-0.08275426790893005,0.03287404988744316,-14.534344425053076,0.07142857142857142,0.0
dow & ema200_rel,2 & 2.69..5.97,11819,1.8511644370934572,0.3219392503595905,-0.17129456296033407,-0.05132140687279919,0.032802616144082836,-13.52613441929201,0.21428571428571427,0.16666666666666666
atr_pct & bb_width_pctile,0.984..1.17 & 0.489..0.618,10492,1.6433215393844278,0.32472359893252,-0.1717038001738769,-0.0472888179574133,0.03239337893054001,-12.83249885438548,0.0,0.0
dow & ema200_rel,3 & 2.69..5.97,11788,1.8463090265215056,0.32312521208008144,-0.171743646926966,-0.05099298452818323,0.032353532177450905,-13.594480225062716,0.07142857142857142,0.0
dd_30d & ret_4,-20.5..-16.2 & -40.3..-1.65,9411,1.4740086739560476,0.3209010732121985,-0.17178670797727982,-0.08245525672845992,0.032310471127137086,-12.482021669709596,0.0,0.0
dow & dist_high_20,2 & 2.18..3.01,12093,1.894080001503611,0.32291408252708176,-0.17182090789853283,-0.05028845071130332,0.03227627120588408,-13.744205629793203,0.0,0.0
dd_30d & bb_width_pctile,-25.7..-20.5 & 0.879..1,8081,1.2656958978045714,0.3304046528894939,-0.17245039662248396,-0.0921471384642705,0.03164678248193295,-11.923567564496643,0.07142857142857142,0.16666666666666666
dd_30d & dow,-4.52..0 & 3,10732,1.680911814780183,0.3426202012672382,-0.17258085159876843,0.013961745524213193,0.03151632750564848,-12.687331624999828,0.2857142857142857,0.0
dd_30d & ret_4,-25.7..-20.5 & -40.3..-1.65,11132,1.7435622737731082,0.32060725835429393,-0.17261248958145053,-0.08633276407960536,0.031484689522966375,-13.637784152491145,0.07142857142857142,0.0
bb_width_pctile & ret_4,0.75..0.879 & 0.333..0.785,8498,1.3310090013046958,0.3329018592610026,-0.17263869919918168,-0.036213261774411615,0.03145847990523523,-11.680273383067362,0.0,0.0
dist_low_20 & ema200_rel,3.09..4.3 & -1.84..-0.491,7354,1.1518286885849298,0.3277128093554528,-0.17270256383252278,-0.04967697364032725,0.03139461527189413,-10.882102591430908,0.14285714285714285,0.0
dow & ret_4,6 & 1.63..91.8,8902,1.3942859648875503,0.30948101550213436,-0.1727746966630976,-0.08368276091558963,0.0313224824413193,-11.910884165463912,0.07142857142857142,0.0
dd_30d & ema200_rel,-8.28..-4.52 & 2.69..5.97,15862,2.4844039513644485,0.3208926995334762,-0.17284768987480487,-0.050870022892557376,0.031249489229612043,-15.810048687673419,0.14285714285714285,0.0
dd_30d & ret_4,-12.2..-8.28 & -40.3..-1.65,7998,1.2526959275635392,0.31757939484871217,-0.17311393623041002,-0.0843806354176059,0.03098324287400689,-11.555604581259036,0.0,0.16666666666666666
bb_width_pctile & dist_low_20,0.75..0.879 & -0.001..0.662,6917,1.083383062135159,0.3397426630041926,-0.17319693127372537,-0.01297086099334961,0.030900247830691535,-10.471554196666782,0.0,0.0
atr_pct & dist_low_20,1.17..1.37 & 3.09..4.3,13186,2.065272380701779,0.31677536781434856,-0.17332899251390282,-0.06768137295903368,0.030768186590514085,-14.570462551510142,0.0,0.0
atr_pct & ret_4,0.984..1.17 & 0.785..1.63,12448,1.9496822838598322,0.3238271208226221,-0.17347061396698407,-0.04902324024202481,0.030626565137432837,-14.110052054037125,0.0,0.0
dd_30d & dow,-25.7..-20.5 & 2,11837,1.853983707748139,0.3199290360733294,-0.1734849132765715,-0.06299635079882136,0.030612265827845403,-13.825012355824912,0.14285714285714285,0.0
dd_30d & ret_4,-33.6..-25.7 & 0..0.333,6741,1.0558168601782718,0.32176234979973295,-0.17358146545839684,-0.0563522795496865,0.03051571364602007,-10.398602393812157,0.07142857142857142,0.0
dd_30d & dist_low_20,-86.5..-33.6 & 1.14..1.65,7170,1.1230094774481842,0.31492329149232917,-0.17360455337322453,-0.08159141550981662,0.03049262573119238,-10.822591264213798,0.07142857142857142,0.0
atr_pct & bb_width_pctile,1.37..1.66 & 0.489..0.618,11383,1.7828754367911688,0.3133620310990073,-0.17378013439126952,-0.08478568703078208,0.03031704471314739,-13.692295027087592,0.0,0.16666666666666666
ret_4 & ema200_rel,-40.3..-1.65 & -6.51..-3.59,13039,2.042248337021879,0.32218728430094334,-0.17400785199276517,-0.07620905796827765,0.030089327111651742,-14.757201916421128,0.0,0.0
dist_high_20 & ema200_rel,0.556..1.02 & 2.69..5.97,11890,1.8622848935647014,0.3302775441547519,-0.17468522298631398,-0.01768493813993229,0.029411956118102933,-13.65035707015701,0.14285714285714285,0.0
bb_width_pctile & dist_high_20,0.75..0.879 & 4.22..6.43,15272,2.391994524349884,0.32294394971189105,-0.17499362625352405,-0.07801653663445783,0.02910355285089286,-16.19095538106821,0.0,0.0
dd_30d & dow,-16.2..-12.2 & 2,11714,1.8347186916078144,0.3275567696773092,-0.17499854671643875,-0.04599023343069022,0.029098632387978163,-13.793430250193145,0.07142857142857142,0.0
ret_4 & dist_low_20,-0.333..0 & 4.3..6.59,6495,1.0172868278976228,0.3187066974595843,-0.17541237759717143,-0.07471941212325645,0.028684801507245478,-10.445691120218488,0.0,0.0
ret_4 & ema200_rel,-0.796..-0.333 & 2.69..5.97,9172,1.4365750247077749,0.3237025730484082,-0.17542106809185792,-0.04287879338888453,0.028676111012558986,-12.147684375007302,0.14285714285714285,0.0
atr_pct & dist_low_20,1.37..1.66 & 1.65..2.27,9330,1.4613219560099802,0.3142550911039657,-0.17542366969713305,-0.08626772259209223,0.02867350940728386,-12.564233789809041,0.0,0.16666666666666666
dd_30d & dist_low_20,-16.2..-12.2 & 3.09..4.3,9751,1.527261564100034,0.3240693262229515,-0.1758289954020023,-0.05919651301019177,0.0282681837024146,-12.73654199454184,0.14285714285714285,0.0
atr_pct & bb_width_pctile,0.984..1.17 & 0.879..1,6339,0.992853148890382,0.32670768259977917,-0.1758404831054224,-0.051702242581055824,0.028256695998994497,-10.277152609726324,0.0,0.0
dd_30d & dist_low_20,-20.5..-16.2 & 3.09..4.3,10012,1.5681409885929176,0.32221334398721535,-0.17584915195945278,-0.06281133289039635,0.028248027144964133,-12.954498438714937,0.07142857142857142,0.0
atr_pct & ret_4,1.66..2.18 & 0.785..1.63,10145,1.5889722662080652,0.30842779694430755,-0.1758523811364754,-0.10453521226856476,0.02824479796794152,-13.235701922696885,0.0,0.0
ret_4 & dist_low_20,-1.65..-0.796 & 2.27..3.09,8016,1.2555151982182209,0.3176147704590818,-0.17598097252938485,-0.07557631260225302,0.028116206575032054,-11.663915912735291,0.0,0.0
ret_4 & ema200_rel,0.333..0.785 & 5.97..230,7405,1.1598166221065278,0.31087103308575287,-0.1759999135974241,-0.08219624376071326,0.02809726550699282,-11.111227432123806,0.07142857142857142,0.0
atr_pct & ret_4,1.66..2.18 & 0.333..0.785,6607,1.0348289564156419,0.30785530497956715,-0.176015409732563,-0.10439952642147354,0.028081769371853915,-10.7150004680051,0.0,0.0
atr_pct & ret_4,1.37..1.66 & -0.333..0,7004,1.0970095369661201,0.31382067390062823,-0.17604190102467773,-0.08694180869203458,0.028055278079739177,-10.91759147211759,0.07142857142857142,0.16666666666666666
atr_pct & dow,1.66..2.18 & 5,9842,1.5415145435209245,0.30938833570412516,-0.17613649339153978,-0.10491457751132537,0.02796068571287713,-13.11816691318085,0.07142857142857142,0.16666666666666666
dow & dist_high_20,4 & 6.43..90.6,12632,1.9785014949965778,0.3246516782773908,-0.17617052909846295,-0.11411346460130646,0.027926650005953957,-15.546641741477965,0.07142857142857142,0.16666666666666666
atr_pct & ret_4,1.37..1.66 & -0.796..-0.333,8548,1.3388403086788114,0.31340664482919983,-0.17628675953248288,-0.08707130855739269,0.02781041957193403,-12.064135588608885,0.07142857142857142,0.0
dow & ema200_rel,4 & -57.7..-6.51,12417,1.9448268732878804,0.33196424257066925,-0.1764050522583716,-0.10663205711960184,0.0276921268460453,-15.42998598547868,0.0,0.3333333333333333
dd_30d & dist_high_20,-20.5..-16.2 & 4.22..6.43,10214,1.5997794703843449,0.3207362443704719,-0.1764837890670087,-0.07707671747804878,0.027613390037408203,-13.279968841341933,0.07142857142857142,0.0
dd_30d & dist_low_20,-25.7..-20.5 & 4.3..6.59,10209,1.5989963396469333,0.3170731707317073,-0.1766588182396345,-0.08185930188262613,0.027438360864782407,-13.235989251428288,0.07142857142857142,0.0
dow & dist_low_20,3 & 2.27..3.09,11354,1.7783332785141817,0.3234102518936058,-0.1773350895651226,-0.05479120363861726,0.02676208953929432,-13.883119419945617,0.07142857142857142,0.0
dow & dist_high_20,3 & 1.54..2.18,11515,1.803550088258834,0.3267911419887104,-0.17742776134828567,-0.040547386116729235,0.026669417756131242,-13.87390618844412,0.07142857142857142,0.0
dist_low_20 & ema200_rel,2.27..3.09 & 5.97..230,6561,1.0276241536314557,0.30925163846974546,-0.17759140515477823,-0.08530668123763492,0.026505773949638683,-10.557552266304679,0.14285714285714285,0.0
atr_pct & dd_30d,1.37..1.66 & -25.7..-20.5,12177,1.9072365978921253,0.31625195039829185,-0.17772597544065746,-0.08861430866041106,0.026371203663759446,-14.605514074262386,0.21428571428571427,0.0
bb_width_pctile & ret_4,0.489..0.618 & 0.785..1.63,10508,1.645827557744145,0.3220403502093643,-0.17831639921897496,-0.05476962013075319,0.025780779885441946,-13.359362726614881,0.0,0.0
dd_30d & dist_high_20,-16.2..-12.2 & 6.43..90.6,8032,1.2580212165779379,0.3142430278884462,-0.17844296247418354,-0.1120570708145316,0.025654216630233373,-12.22924141333128,0.21428571428571427,0.0
dist_low_20 & ema200_rel,1.14..1.65 & -57.7..-6.51,7980,1.2498766569088577,0.3142857142857143,-0.17863216127800552,-0.09162528084351443,0.02546501782641139,-11.82568126609258,0.0,0.0
bb_width_pctile & dist_low_20,0.358..0.489 & 3.09..4.3,12742,1.9957303712196321,0.3171401663789044,-0.17881091257399848,-0.06868557923131394,0.025286266530418433,-14.781532494261,0.0,0.0
atr_pct & dd_30d,1.17..1.37 & -33.6..-25.7,14137,2.214223846957459,0.31520124496003393,-0.17923934545486725,-0.0738148185791284,0.02485783364954966,-15.592116953313896,0.14285714285714285,0.0
dow & ret_4,5 & 1.63..91.8,8988,1.407755813571029,0.31019136626613264,-0.17928082068891185,-0.09656424899348663,0.024816358415505058,-12.646779297571046,0.0,0.0
atr_pct & dd_30d,1.66..2.18 & -25.7..-20.5,9922,1.5540446353195094,0.31112678895383994,-0.1793179702666261,-0.10789321504464867,0.024779208837790806,-13.502550052223961,0.14285714285714285,0.16666666666666666
dd_30d & dist_low_20,-16.2..-12.2 & 6.59..2.4e+03,6750,1.0572264955056128,0.3085925925925926,-0.17937427040004242,-0.10869970020395779,0.02472290870437449,-11.113442942865614,0.14285714285714285,0.0
dd_30d & dist_high_20,-33.6..-25.7 & 1.02..1.54,8171,1.2797922510779796,0.3181985069146983,-0.17955611710950625,-0.059277047146285844,0.024541061994910657,-11.787720190354953,0.07142857142857142,0.0
atr_pct & bb_width_pctile,1.66..2.18 & 0.358..0.489,9635,1.5090929309920857,0.3058640373637779,-0.179734168269799,-0.10833138656478053,0.02436301083461792,-13.186943281770704,0.07142857142857142,0.0
dow & ema200_rel,2 & -1.84..-0.491,11404,1.7861645858882973,0.33760084180989125,-0.17977151392997073,-0.012977108310641852,0.024325665174446176,-13.842164772840924,0.07142857142857142,0.16666666666666666
dd_30d & bb_width_pctile,-33.6..-25.7 & 0.75..0.879,10225,1.6015023580066503,0.3141320293398533,-0.17980228445643398,-0.09494339735331321,0.02429489464798293,-13.608328496032108,0.07142857142857142,0.0
atr_pct & ema200_rel,1.37..1.66 & -6.51..-3.59,13770,2.15674205083145,0.31539578794480755,-0.17999195420975497,-0.0908251603087617,0.024105224894661936,-15.78626903329243,0.07142857142857142,0.0
dd_30d & dow,-20.5..-16.2 & 4,11351,1.7778634000717348,0.3347722667606378,-0.18072130680782247,-0.05774718251020505,0.023375872296594435,-14.63611999952102,0.07142857142857142,0.0
dow & ema200_rel,2 & -3.59..-1.84,12193,1.9097426162518423,0.32567866808824736,-0.18076623111120627,-0.04572382103754509,0.023330947993210643,-14.509426087004927,0.0,0.0
dow & ret_4,5 & -1.65..-0.796,9736,1.5249121718877994,0.3200493015612161,-0.1808346329954028,-0.06620517230761638,0.0232625461090141,-13.11600897346584,0.0,0.0
bb_width_pctile & ret_4,0.358..0.489 & -1.65..-0.796,10689,1.6741768904384435,0.3217326223220133,-0.18087204292234088,-0.05635893848780561,0.023225136182076028,-13.654932239606918,0.0,0.0
dd_30d & ret_4,-8.28..-4.52 & -1.65..-0.796,9245,1.4480087334739835,0.3283937263385614,-0.18097838414693482,-0.0425530711951697,0.02311879495748209,-12.71064188768431,0.14285714285714285,0.0
dow & dist_low_20,6 & 6.59..2.4e+03,7614,1.192551486930331,0.30102442868400314,-0.1810207933370263,-0.12080588579149021,0.0230763857673906,-11.780335383019604,0.21428571428571427,0.16666666666666666
dow & dist_low_20,3 & 6.59..2.4e+03,12425,1.946079882467739,0.30784708249496984,-0.1810678967006519,-0.11457675808752626,0.023029282403765006,-15.191854574952977,0.0,0.16666666666666666
dd_30d & ret_4,-8.28..-4.52 & 0.785..1.63,9420,1.4754183092833884,0.32590233545647557,-0.18118275915156704,-0.039274263050744586,0.022914419952849874,-12.783818100682574,0.07142857142857142,0.16666666666666666
atr_pct & dist_high_20,1.37..1.66 & 4.22..6.43,16762,2.6253674840985304,0.31428230521417494,-0.18118499715324185,-0.0924494936200409,0.02291218195117506,-17.485430765773273,0.0,0.16666666666666666
bb_width_pctile & dow,0.75..0.879 & 6,7392,1.1577804821892577,0.31804653679653677,-0.18125547667668881,-0.06788204019661982,0.022841702427728094,-11.4233721631147,0.07142857142857142,0.0
atr_pct & dd_30d,1.37..1.66 & -16.2..-12.2,8341,1.3064186961499726,0.3126723414458698,-0.1813329298017552,-0.09210672856452158,0.022764249302661715,-12.31421887005967,0.07142857142857142,0.16666666666666666
dow & ema200_rel,3 & -57.7..-6.51,10616,1.6627431816722347,0.31339487565938207,-0.1814355050420662,-0.11076579701183689,0.0226616740623507,-14.116152333608927,0.07142857142857142,0.16666666666666666
dist_low_20 & ema200_rel,1.65..2.27 & 2.69..5.97,10351,1.6212372525894219,0.32711815283547485,-0.18146595616991787,-0.03687753503160637,0.02263122293449904,-13.381360263072645,0.07142857142857142,0.0
dist_low_20 & dist_high_20,2.27..3.09 & 3.01..4.22,9135,1.4307798572509292,0.3147235905856596,-0.18154301934833492,-0.08360829615266274,0.022554159756081993,-12.842359068973117,0.07142857142857142,0.0
dd_30d & bb_width_pctile,-16.2..-12.2 & 0.489..0.618,9713,1.5213097704957061,0.3265726346134047,-0.18155125310212758,-0.04651515494190464,0.02254592600228933,-13.098445459115997,0.14285714285714285,0.0
dow & dist_high_20,2 & 3.01..4.22,11820,1.8513210632409396,0.31573604060913707,-0.18186628419959605,-0.07624107126748458,0.022230894904820858,-14.509906622009167,0.0,0.0
dow & dist_low_20,0 & 4.3..6.59,12165,1.9053570841223375,0.31097410604192355,-0.1818805940839753,-0.08375719916539656,0.022216585020441604,-14.6930950048097,0.0,0.0
atr_pct & ema200_rel,1.17..1.37 & -0.491..0.891,7373,1.1548045853870936,0.3145259731452597,-0.18200374250613285,-0.07602924888546764,0.022093436598284055,-11.527324508400902,0.21428571428571427,0.0
dist_low_20 & dist_high_20,3.09..4.3 & 4.22..6.43,8278,1.2965512488585869,0.31070306837400335,-0.1822489812913622,-0.1059785633143413,0.02184819781305472,-12.473520389487073,0.0,0.0
dist_low_20 & ema200_rel,-0.001..0.662 & -6.51..-3.59,11616,1.8193693291545476,0.32971763085399447,-0.18241438644596367,-0.03833361736394154,0.021682792658453243,-14.269992816920174,0.07142857142857142,0.0
dd_30d & dist_low_20,-4.52..0 & 2.27..3.09,8373,1.3114307328694066,0.3346470798996775,-0.18246001877698542,-0.01024877244982651,0.021637160327431487,-12.03341653695835,0.14285714285714285,0.0
atr_pct & ema200_rel,1.66..2.18 & 5.97..230,18584,2.9107403248113046,0.3017649591046061,-0.1825308594419289,-0.11205450717240963,0.02156631966248801,-18.436055499200453,0.07142857142857142,0.0
atr_pct & ret_4,1.37..1.66 & -1.65..-0.796,12050,1.8873450771618716,0.3100414937759336,-0.18254246210784977,-0.09356288240720893,0.021554716996567136,-14.867300587772233,0.07142857142857142,0.0
ret_4 & dist_low_20,-40.3..-1.65 & 0.662..1.14,12565,1.9680075431152628,0.3159570234779148,-0.1825989589138993,-0.08926896652862826,0.021498220190517614,-15.237527253648125,0.0,0.0
dd_30d & bb_width_pctile,-8.28..-4.52 & 0.489..0.618,9755,1.5278880686899632,0.332752434648898,-0.1826942881940058,-0.021964334024241913,0.021402890910411115,-13.034397654792599,0.14285714285714285,0.0
bb_width_pctile & dist_low_20,0.618..0.75 & -0.001..0.662,8183,1.2816717648477671,0.3385066601490896,-0.18276424290339457,-0.009880502500502339,0.021332936201022334,-11.954379294029925,0.0,0.0
ret_4 & dist_high_20,0.333..0.785 & 1.54..2.18,9941,1.5570205321216735,0.323810481842873,-0.18276783002981412,-0.04720206492673886,0.021329349074602794,-13.262817402218795,0.0,0.0
dist_low_20 & ema200_rel,2.27..3.09 & -57.7..-6.51,9796,1.534309740736738,0.3121682319314006,-0.1837734458453824,-0.10531955980655304,0.0203237332590345,-13.675002762765628,0.0,0.0
atr_pct & dist_high_20,1.17..1.37 & 2.18..3.01,12566,1.968164169262745,0.3131465860257839,-0.18415728760476838,-0.07835221767819534,0.019939891499648532,-15.173917402864076,0.07142857142857142,0.0
bb_width_pctile & dist_high_20,0.489..0.618 & 1.54..2.18,9394,1.4713460294488483,0.32797530338513947,-0.184193239781827,-0.03941332454266406,0.01990393932258991,-12.988663259070782,0.07142857142857142,0.0
dd_30d & dist_high_20,-33.6..-25.7 & 2.18..3.01,10306,1.6141890759527178,0.3163205899476033,-0.18428473236746312,-0.07670613128963152,0.019812446736953787,-13.746764457467139,0.0,0.0
atr_pct & ret_4,0.984..1.17 & 0..0.333,8480,1.328189730650014,0.31886792452830187,-0.18434174362374744,-0.059500241232356775,0.019755435480669464,-12.376946712328957,0.0,0.0
atr_pct & dd_30d,1.17..1.37 & -20.5..-16.2,10819,1.6945382896111443,0.3150938164340512,-0.1843546479793722,-0.07850751713585266,0.019742531125044704,-14.16062207344399,0.07142857142857142,0.16666666666666666
dow & ret_4,0 & -40.3..-1.65,14133,2.2135973423675295,0.3094176749451638,-0.1844908250021778,-0.09880315265294908,0.0196063541022391,-16.24622290281214,0.0,0.16666666666666666
dow & dist_low_20,3 & 4.3..6.59,12017,1.8821764142949553,0.3129732878422235,-0.18470203180225625,-0.09264390535743594,0.01939514730216066,-15.067866566143314,0.07142857142857142,0.0
dd_30d & dow,-25.7..-20.5 & 0,10792,1.6903093836291219,0.31829132690882134,-0.1847691884132227,-0.0657988397914118,0.019327990691194202,-13.995654042992399,0.14285714285714285,0.16666666666666666
atr_pct & dd_30d,1.37..1.66 & -33.6..-25.7,15185,2.3783680495189228,0.31030622324662493,-0.18478163690922453,-0.09585415801849873,0.01931554219519238,-16.917854134540928,0.14285714285714285,0.0
ret_4 & dist_high_20,0.333..0.785 & 2.18..3.01,8612,1.3488643821176796,0.3190896423594984,-0.18509098013952285,-0.062423526689586714,0.019006198964894055,-12.588179546669961,0.0,0.0
dow & ret_4,2 & -1.65..-0.796,11599,1.8167066846473483,0.318906802310544,-0.18513356185815957,-0.06924913405035413,0.018963617246257336,-14.619295898577912,0.0,0.0
bb_width_pctile & dist_low_20,0.00039..0.107 & 2.27..3.09,8709,1.3640571184234638,0.3136984728441842,-0.1851659747758374,-0.06704807260153847,0.018931204328579504,-12.526658212840529,0.0,0.0
bb_width_pctile & dist_high_20,0.231..0.358 & 1.54..2.18,12125,1.899092038223045,0.3263505154639175,-0.1852466148269081,-0.038270463699954134,0.018850564277508808,-14.795794947585753,0.0,0.0
dist_low_20 & dist_high_20,3.09..4.3 & 1.02..1.54,11013,1.724923762222713,0.3190774539180968,-0.18540368758393086,-0.062240113654769176,0.01869349152048605,-14.214184207118175,0.0,0.0
dd_30d & dow,-4.52..0 & 5,12249,1.9185136805108518,0.3438648052902278,-0.18542168062719422,0.022807149765340654,0.01867549847722269,-14.600457850505881,0.2857142857142857,0.16666666666666666
dd_30d & dist_high_20,-33.6..-25.7 & 1.54..2.18,9456,1.4810568505927517,0.3154610829103215,-0.18557245892008756,-0.07130547794488776,0.018524720184329352,-13.200011788131311,0.07142857142857142,0.0
bb_width_pctile & dow,0.107..0.231 & 0,9204,1.4415870614272088,0.33148631029986964,-0.18571312093817133,-0.013013302926418675,0.01838405816624558,-12.690608247132895,0.0,0.0
bb_width_pctile & ret_4,0.231..0.358 & -40.3..-1.65,7417,1.1616961358763154,0.31131185115275717,-0.18575684766597628,-0.09415952990016485,0.018340331438440632,-11.84225285232836,0.0,0.0
bb_width_pctile & dist_high_20,0.231..0.358 & 4.22..6.43,7510,1.1762623675921706,0.30785619174434087,-0.18586557592121716,-0.10213977150645534,0.018231603183199746,-11.945907928480274,0.0,0.0
dd_30d & dist_high_20,-33.6..-25.7 & 3.01..4.22,11495,1.8004175653091878,0.31230969986950846,-0.1860648054572147,-0.08729651811654796,0.0180323736472022,-14.735549931039284,0.07142857142857142,0.0
dd_30d & ema200_rel,-33.6..-25.7 & -57.7..-6.51,21986,3.4435824785461335,0.31274447375602654,-0.18616269831210683,-0.10779591472695489,0.01793448079231008,-20.79190311136639,0.0,0.0
dow & ret_4,1 & 0.785..1.63,11418,1.7883573519530498,0.3159922928709056,-0.18624277381963805,-0.06802794193251804,0.017854405284778857,-14.552705031715142,0.0,0.0
bb_width_pctile & dist_high_20,0.618..0.75 & 3.01..4.22,11582,1.814044040140149,0.3199792781902953,-0.1866427952288795,-0.07283094285657926,0.01745438387553741,-14.835921355507743,0.07142857142857142,0.0
ret_4 & dist_high_20,-1.65..-0.796 & 3.01..4.22,17531,2.745812991512429,0.31698134732759115,-0.18669180218341375,-0.07156296427361505,0.017405376921003163,-18.149574715917815,0.0,0.0
atr_pct & dow,1.37..1.66 & 0,11764,1.84254999898193,0.30805848350901055,-0.18672970098454023,-0.09782171560881933,0.017367478119876684,-14.96636382734725,0.14285714285714285,0.16666666666666666
dd_30d & dow,-25.7..-20.5 & 1,11556,1.809971760305609,0.31490134994807895,-0.18682865459866815,-0.07579155309559502,0.017268524505748756,-14.743910484514652,0.2857142857142857,0.0
dd_30d & bb_width_pctile,-16.2..-12.2 & 0.75..0.879,9356,1.4653942358445204,0.3230012825994015,-0.18691444000283272,-0.0731631190453842,0.017182739101584188,-13.48250128674711,0.0,0.0
atr_pct & dist_low_20,0.984..1.17 & 2.27..3.09,12858,2.0138990043275804,0.31925649401151035,-0.18714493133469506,-0.06261305448352106,0.016952247769721845,-15.539843495323597,0.0,0.0
atr_pct & ema200_rel,0.984..1.17 & -1.84..-0.491,9858,1.5440205618806415,0.32075471698113206,-0.18716961082918188,-0.062211129929017825,0.016927568275235033,-13.651657684225642,0.0,0.0
dd_30d & ema200_rel,-33.6..-25.7 & -3.59..-1.84,12075,1.8912607308489293,0.3170186335403727,-0.1873059626106149,-0.06872174056177716,0.016791216493801997,-15.082283923861427,0.07142857142857142,0.0
atr_pct & dd_30d,1.66..2.18 & -20.5..-16.2,7693,1.2049249525814338,0.3075523202911738,-0.18746185902385162,-0.11621319272800876,0.016635320080565286,-12.40295816767563,0.14285714285714285,0.0
ret_4 & dist_low_20,-0.796..-0.333 & 3.09..4.3,7563,1.184563553408733,0.31455771519238396,-0.187464664278326,-0.0780421132806895,0.016632514826090905,-11.99689418056501,0.07142857142857142,0.0
dow & dist_low_20,3 & 1.65..2.27,11235,1.7596947669637866,0.32719181130396086,-0.18755683446401297,-0.05044423057797946,0.016540344640403937,-14.59291905927828,0.0,0.0
atr_pct & ema200_rel,0.984..1.17 & -0.491..0.891,9438,1.47823757993807,0.31839372748463657,-0.18764529614921113,-0.06282293200490267,0.016451882955205777,-13.32350987520894,0.14285714285714285,0.0
bb_width_pctile & dist_high_20,0.358..0.489 & 1.54..2.18,10973,1.7186587163234204,0.3270755490750023,-0.18792809520014553,-0.039885267474543934,0.01616908390427138,-14.337185819870683,0.0,0.0
dist_low_20 & ema200_rel,3.09..4.3 & 5.97..230,10592,1.6589841541326593,0.3057968277945619,-0.18806506141345777,-0.09868805474307278,0.016032117690959136,-14.272241894567033,0.07142857142857142,0.0
ret_4 & dist_low_20,-0.796..-0.333 & 2.27..3.09,8723,1.3662498844882163,0.31869769574687606,-0.1882098697771549,-0.06665397077464369,0.01588730932726201,-12.90811517792312,0.07142857142857142,0.0
bb_width_pctile & dist_low_20,0.618..0.75 & 2.27..3.09,9826,1.5390085251612076,0.32220639120700184,-0.18842155758451215,-0.05816820618223838,0.01567562151990476,-13.72215612606975,0.14285714285714285,0.0
atr_pct & bb_width_pctile,1.66..2.18 & 0.489..0.618,10736,1.6815383193701123,0.3039307004470939,-0.1886005098018343,-0.1174893943434631,0.015496669302582616,-14.655371063738981,0.0,0.0
atr_pct & ema200_rel,0.984..1.17 & 0.891..2.69,10269,1.608393908495872,0.3150258058233518,-0.18865539907184628,-0.06392004916276176,0.015441780032570629,-13.908536396366992,0.07142857142857142,0.0
atr_pct & ema200_rel,1.17..1.37 & 0.891..2.69,8969,1.4047799167688653,0.3104024974913591,-0.18869580089717825,-0.08273163928679465,0.015401378207238664,-13.105731450678856,0.0,0.16666666666666666
dow & dist_low_20,5 & 3.09..4.3,11279,1.7665863174530083,0.3133256494370068,-0.1887442005902998,-0.07617929421476706,0.0153529785141171,-14.726960988701524,0.0,0.0
bb_width_pctile & ret_4,0.358..0.489 & -40.3..-1.65,9505,1.488731531819385,0.31025775907417147,-0.18896243617397876,-0.0994315947997917,0.01513474293043815,-13.707671428135253,0.0,0.0
bb_width_pctile & dist_low_20,0.75..0.879 & 0.662..1.14,6699,1.0492385619840148,0.33004926108374383,-0.18918060125977237,-0.04967087767227157,0.014916577844644535,-11.448021448213519,0.14285714285714285,0.0
ret_4 & dist_low_20,0.785..1.63 & 3.09..4.3,17299,2.7094757252965325,0.3173593849355454,-0.18918184204691874,-0.07221698273456598,0.014915337057498174,-18.285732419444955,0.0,0.0
atr_pct & dow,0.984..1.17 & 5,10898,1.706911755262247,0.31648008808955774,-0.18966270798587517,-0.06501318212233995,0.014434471118541736,-14.465945808498507,0.07142857142857142,0.0
ret_4 & ema200_rel,0.785..1.63 & 0.891..2.69,11218,1.7570321224565872,0.3263505081119629,-0.189696914360397,-0.03420629583674296,0.014400264744019897,-14.540241558741105,0.0,0.16666666666666666
atr_pct & ret_4,1.17..1.37 & 0.333..0.785,9564,1.4979724745208414,0.31231702216645757,-0.1898541209003131,-0.08406949907120465,0.01424305820410382,-13.677202459947202,0.07142857142857142,0.0
dd_30d & dist_high_20,-25.7..-20.5 & 1.54..2.18,10450,1.6367432411901708,0.3230622009569378,-0.18986981018378407,-0.05626146214909535,0.014227368920632838,-14.19806909646989,0.07142857142857142,0.0
bb_width_pctile & ema200_rel,0.618..0.75 & 0.891..2.69,9852,1.5430808049957476,0.32896873731222087,-0.1900831970381333,-0.024059138810749926,0.014013982066283598,-13.634240210103936,0.07142857142857142,0.0
ret_4 & dist_high_20,-40.3..-1.65 & 3.01..4.22,13531,2.119308401583177,0.3155716502845318,-0.19013837160364747,-0.08407655331932903,0.013958807500769443,-16.358339491006717,0.0,0.0
dow & dist_high_20,0 & 4.22..6.43,12275,1.922585960345392,0.31038696537678206,-0.19015382131841435,-0.0961418136453508,0.013943357786002558,-15.594302390982833,0.0,0.0
ret_4 & ema200_rel,0.333..0.785 & 2.69..5.97,11251,1.7622007853235035,0.32423784552484225,-0.19017587392102972,-0.04043498598426875,0.01392130518338719,-14.575693244045633,0.07142857142857142,0.0
ret_4 & dist_high_20,-1.65..-0.796 & 4.22..6.43,15474,2.423633006141311,0.31207186247899704,-0.190361994831155,-0.09377411082602002,0.013735184273261897,-17.61283828086989,0.0,0.0
dist_high_20 & ema200_rel,6.43..90.6 & -6.51..-3.59,10674,1.671827498226209,0.3108487914558741,-0.19039738018717017,-0.11254426069347867,0.013699798917246736,-14.898332618332761,0.07142857142857142,0.16666666666666666
atr_pct & ret_4,1.17..1.37 & -1.65..-0.796,12455,1.9507786668922082,0.31208350060216783,-0.1906576971529039,-0.08495096947236601,0.01343948195151301,-15.689095785080596,0.0,0.0
bb_width_pctile & ret_4,0.879..1 & -0.796..-0.333,6967,1.0912143695092746,0.32309458877565667,-0.1907012190060752,-0.07548659663331235,0.013395960098341708,-11.89848126990548,0.0,0.0
dist_low_20 & dist_high_20,1.65..2.27 & 1.54..2.18,10070,1.5772253051468919,0.32293942403177756,-0.1907719221982125,-0.050845564090180546,0.013325256906204397,-13.953377128972729,0.0,0.0
atr_pct & bb_width_pctile,0.807..0.984 & 0.75..0.879,7674,1.2019490557792698,0.32890278863695593,-0.1907952376454452,-0.041888647552266074,0.013301941458971706,-12.255954579375183,0.14285714285714285,0.0
dd_30d & ema200_rel,-25.7..-20.5 & 0.891..2.69,6673,1.0451662821494745,0.3153004645586693,-0.191003071338014,-0.0697560797539366,0.013094107766402907,-11.410353650457129,0.21428571428571427,0.16666666666666666
ret_4 & dist_high_20,-0.796..-0.333 & 4.22..6.43,9394,1.4713460294488483,0.31158186076218863,-0.19106165761147548,-0.0913972281201921,0.013035521492941432,-13.73734520443637,0.0,0.0
atr_pct & dow,1.37..1.66 & 3,12536,1.9634653848382757,0.310067007019783,-0.19119874648795301,-0.10234444497539409,0.012898432616463895,-15.948161973114322,0.14285714285714285,0.16666666666666666
ret_4 & ema200_rel,0.785..1.63 & -6.51..-3.59,9149,1.4329726233156816,0.3158815171056946,-0.19125175520420856,-0.08466318996444351,0.012845423900208347,-13.608958114876815,0.07142857142857142,0.0
atr_pct & dow,1.17..1.37 & 0,11535,1.8066826112084804,0.3107932379713914,-0.1914214859945306,-0.08584523074874269,0.01267569310988631,-15.078350346327207,0.0,0.16666666666666666
bb_width_pctile & dist_high_20,0.75..0.879 & 3.01..4.22,9822,1.5383820205712782,0.3223376094481776,-0.19172030456498523,-0.07667308660455248,0.012376874539431676,-14.17181686914315,0.07142857142857142,0.0
bb_width_pctile & ema200_rel,0.489..0.618 & -6.51..-3.59,10719,1.678875674862913,0.31728706036010823,-0.1918285169130602,-0.08105691680269166,0.012268662191356722,-14.718594228346507,0.0,0.0
ret_4 & dist_low_20,-1.65..-0.796 & 1.65..2.27,9197,1.4404906783948326,0.3144503642492117,-0.19237072964672686,-0.08514934193055258,0.011726449457690052,-13.663451196921116,0.0,0.0
dd_30d & ret_4,-16.2..-12.2 & -40.3..-1.65,8566,1.3416595793334931,0.31496614522530936,-0.1924662148258173,-0.10283997620068157,0.01163096427859961,-13.407967065226146,0.0,0.0
dist_low_20 & dist_high_20,2.27..3.09 & 2.18..3.01,9489,1.486225513459668,0.3142586152386974,-0.19252886792653917,-0.08247805692813717,0.011568311177877738,-13.842767101529597,0.07142857142857142,0.0
bb_width_pctile & dist_high_20,0.489..0.618 & 1.02..1.54,8702,1.3629607353910878,0.32957940703286603,-0.19281860454038796,-0.031232209190386467,0.011278574564028948,-13.014770667404914,0.0,0.0
atr_pct & ret_4,0.984..1.17 & 0.333..0.785,10960,1.7166225764061505,0.3166970802919708,-0.19307149570398982,-0.06832269573572805,0.011025683400427089,-14.788918876564587,0.07142857142857142,0.0
atr_pct & dd_30d,0.984..1.17 & -33.6..-25.7,11733,1.8376945884099782,0.3143271115656695,-0.1930742754116385,-0.0691969457821735,0.011022903692778419,-15.239239374097156,0.14285714285714285,0.16666666666666666
dist_low_20 & ema200_rel,3.09..4.3 & -6.51..-3.59,10170,1.5928879198951231,0.31465093411996065,-0.19327055461059575,-0.09298017477242093,0.010826624493821158,-14.526960963411055,0.2857142857142857,0.0
dow & dist_high_20,0 & 1.54..2.18,10665,1.670417862898868,0.32076887013595873,-0.19330133677417674,-0.047051458676662376,0.010795842330240168,-14.387186636264886,0.07142857142857142,0.16666666666666666
dd_30d & dow,-33.6..-25.7 & 0,11282,1.7670561958954552,0.30756957986172667,-0.1933251547559577,-0.09688513446191951,0.010772024348459197,-15.14311761987943,0.07142857142857142,0.16666666666666666
atr_pct & ret_4,1.17..1.37 & -40.3..-1.65,9589,1.5018881282078993,0.31306705600166856,-0.19341264707711558,-0.08823640422421068,0.010684532027301324,-14.01928713436605,0.07142857142857142,0.16666666666666666
atr_pct & dd_30d,1.37..1.66 & -20.5..-16.2,9215,1.4433099490495143,0.312316874660879,-0.19351345578688597,-0.10441045145742134,0.010583723317530935,-14.002606912762904,0.07142857142857142,0.0
atr_pct & dow,1.17..1.37 & 5,10205,1.5983698350570041,0.31268985791278786,-0.1935817294741136,-0.08794216062622154,0.01051544963030332,-14.432906529914998,0.07142857142857142,0.0
bb_width_pctile & dist_high_20,0.618..0.75 & 4.22..6.43,14989,2.3476693246123896,0.30909333511241577,-0.19362097570236012,-0.10059554630033063,0.010476203402056794,-17.650758960743925,0.0,0.0
dow & dist_low_20,1 & 3.09..4.3,11719,1.835501822345226,0.31325198395767556,-0.1936264498208209,-0.08509572777345827,0.01047072928359602,-15.455141606515502,0.07142857142857142,0.16666666666666666
ret_4 & dist_high_20,0.785..1.63 & 4.22..6.43,6943,1.087455341969699,0.31211291948725334,-0.19368066563961298,-0.11095355015545752,0.010416513464803934,-12.150418718365616,0.07142857142857142,0.0
atr_pct & dist_low_20,0.984..1.17 & 3.09..4.3,13116,2.054308550378017,0.316254955779201,-0.1938149668707254,-0.06953198130659698,0.010282212233691496,-16.259396990657144,0.0,0.0
dow & ret_4,3 & 0.785..1.63,11522,1.8046464712912103,0.31652490886998785,-0.19385845942671615,-0.07539616046592273,0.010238719677700764,-15.37451990336013,0.07142857142857142,0.0
bb_width_pctile & dist_low_20,0.231..0.358 & 3.09..4.3,11605,1.8176464415322422,0.3116760017233951,-0.19398785117000475,-0.08600000153023525,0.01010932793441216,-15.388062806317611,0.0,0.0
ret_4 & ema200_rel,-1.65..-0.796 & -0.491..0.891,8360,1.3093945929521367,0.32547846889952153,-0.1941519466314481,-0.048626929911380186,0.009945232472968801,-13.000223330628968,0.0,0.0
bb_width_pctile & ret_4,0.489..0.618 & -1.65..-0.796,10539,1.6506829683160966,0.318246512951893,-0.19437967414758708,-0.07401695909624365,0.009717504956829826,-14.6982536261599,0.0,0.0
bb_width_pctile & dow,0.358..0.489 & 2,12460,1.9515617976296198,0.3173354735152488,-0.19445670677587645,-0.0610404682829382,0.009640472328540456,-15.787355386421211,0.0,0.0
dd_30d & dist_low_20,-25.7..-20.5 & 2.27..3.09,10909,1.7086346428845525,0.3165276377303144,-0.19485246967258843,-0.0771574118296962,0.00924470943182848,-15.040928717327159,0.14285714285714285,0.0
atr_pct & bb_width_pctile,0.807..0.984 & 0.489..0.618,9868,1.5455868233554646,0.32498986623429266,-0.1949568094227251,-0.046158824024976064,0.009140369681691796,-14.113734857263728,0.07142857142857142,0.0
bb_width_pctile & ret_4,0.879..1 & 0.333..0.785,6838,1.0710095964840562,0.32538754021643757,-0.19507581611456545,-0.07670898925886258,0.009021362989851456,-12.092906870881537,0.07142857142857142,0.0
dow & dist_low_20,0 & 3.09..4.3,11964,1.8738752284783926,0.3117686392510866,-0.19515373652532725,-0.07996499708639171,0.008943442579089661,-15.613486213251925,0.0,0.16666666666666666
dd_30d & ema200_rel,-25.7..-20.5 & -57.7..-6.51,12185,1.908489607071984,0.3181780878128847,-0.19519856118858822,-0.10708813624624329,0.008898617915828688,-16.4108899713621,0.07142857142857142,0.0
bb_width_pctile & dist_high_20,0.618..0.75 & 0.556..1.02,7483,1.1720334616101482,0.3279433382333289,-0.19520038663517675,-0.0385306116987791,0.008896792469240161,-12.299964613870506,0.0,0.0
bb_width_pctile & ema200_rel,0.489..0.618 & 0.891..2.69,10443,1.6356468581577945,0.33122665900603276,-0.1952166428488515,-0.024680306212986548,0.008880536255565397,-14.386374407462338,0.0,0.0
dow & dist_high_20,6 & 4.22..6.43,9104,1.4259244466789776,0.3020650263620387,-0.19536407515124926,-0.10399663336103734,0.008733103953167648,-13.69567829435325,0.0,0.0
atr_pct & ema200_rel,0.807..0.984 & 2.69..5.97,11721,1.8358150746401907,0.3211330091289139,-0.19539829598225691,-0.04670698846286986,0.008698883122159995,-15.28050517148946,0.14285714285714285,0.0
dist_high_20 & ema200_rel,2.18..3.01 & 0.891..2.69,9198,1.440647304542315,0.31680800173950857,-0.19542377161220698,-0.06361424443933743,0.008673407492209934,-13.63821304984017,0.0,0.16666666666666666
dd_30d & dow,-33.6..-25.7 & 3,11141,1.744971909100449,0.31065433982586843,-0.19555820086194228,-0.09982576678785679,0.008538978242474626,-15.35155017905055,0.07142857142857142,0.16666666666666666
dow & dist_high_20,1 & 4.22..6.43,12563,1.9676942908202981,0.30454509273262753,-0.1955584852969801,-0.10431569793579927,0.008538693807436798,-16.219485134267263,0.07142857142857142,0.0
bb_width_pctile & ret_4,0.75..0.879 & 0..0.333,7110,1.1136119085992453,0.3309423347398031,-0.19562459776424124,-0.040785071976627084,0.008472581340175672,-12.143330664442614,0.0,0.0
bb_width_pctile & ret_4,0.231..0.358 & 0.785..1.63,10790,1.6899961313341572,0.31742354031510656,-0.19572428214103696,-0.06450542510463332,0.00837289696337995,-14.852388846882453,0.0,0.0
atr_pct & dd_30d,0.984..1.17 & -25.7..-20.5,12816,2.0073207061333234,0.31530898876404495,-0.19581089847152663,-0.07157859206131761,0.008286280632890275,-16.2508526501175,0.0,0.0
dd_30d & dist_low_20,-33.6..-25.7 & 3.09..4.3,11273,1.7656465605681144,0.3093231615364144,-0.1959776029118727,-0.09902047989518459,0.00811957619254422,-15.439086543156535,0.0,0.0
atr_pct & ret_4,1.17..1.37 & 0..0.333,6988,1.0945035186064032,0.3105323411562679,-0.19633777774808234,-0.09047916813524781,0.007759401356334572,-12.126991473069438,0.0,0.0
dist_low_20 & dist_high_20,1.65..2.27 & 3.01..4.22,10250,1.6054180116937082,0.31326829268292683,-0.19658695233549706,-0.08884204223415666,0.007510226768919853,-14.74853853084626,0.14285714285714285,0.0
bb_width_pctile & ret_4,0.75..0.879 & -0.333..0,8060,1.2624067487074426,0.32803970223325063,-0.19662043151051764,-0.0471917203795807,0.007476747593899269,-12.992766808019459,0.0,0.0
dd_30d & bb_width_pctile,-12.2..-8.28 & 0.75..0.879,9665,1.513791715416555,0.3205380237972064,-0.19664176271661,-0.0714807858464514,0.007455416387806918,-14.317747503729139,0.0,0.16666666666666666
dow & dist_high_20,0 & 3.01..4.22,11745,1.839574102179766,0.31179225202213706,-0.1966457532591851,-0.08284413334394905,0.007451425845231813,-15.617723115182203,0.0,0.0
ret_4 & dist_low_20,0.785..1.63 & 2.27..3.09,17192,2.692716727515925,0.31869474174034434,-0.196687440806008,-0.062274111643687256,0.007409738298408908,-18.901345796973693,0.0,0.0
bb_width_pctile & dist_low_20,0.618..0.75 & 3.09..4.3,11796,1.847562035701364,0.31502204136995593,-0.19671039775275012,-0.08212625301785831,0.007386781351666788,-15.83523710795208,0.0,0.0
atr_pct & dist_high_20,0.807..0.984 & 0.556..1.02,12244,1.9177305497734403,0.3221986278993793,-0.19694906910570747,-0.0471464044903398,0.007148109998709434,-15.81729871238146,0.07142857142857142,0.0
atr_pct & dow,1.66..2.18 & 6,7985,1.2506597876462693,0.29442705072010017,-0.19708088766034415,-0.12566465723392833,0.007016291444072759,-13.047788624574732,0.0,0.16666666666666666
atr_pct & ret_4,1.17..1.37 & 0.785..1.63,12534,1.963152132543311,0.3100367001755226,-0.19713051365510603,-0.09144134986357101,0.006966665449310877,-16.300969008571514,0.0,0.0
atr_pct & ema200_rel,0.597..0.807 & 2.69..5.97,9459,1.4815267290351986,0.33439052753990905,-0.19727016939537564,-0.00839980634717224,0.006827009709041265,-13.724554540602323,0.23076923076923078,0.0
dd_30d & bb_width_pctile,-33.6..-25.7 & 0.00039..0.107,10060,1.5756590436720688,0.31461232604373757,-0.19741668907766186,-0.06523501424213499,0.006680490026755054,-14.329912195167722,0.14285714285714285,0.0
dd_30d & ema200_rel,-20.5..-16.2 & 2.69..5.97,6917,1.083383062135159,0.30634668208761023,-0.1976189003452302,-0.09375716166265631,0.0064782787591867175,-12.088968463936727,0.14285714285714285,0.0
bb_width_pctile & ret_4,0.879..1 & -0.333..0,6326,0.990817008973112,0.3248498261144483,-0.197754674388523,-0.06783959350883893,0.0063425047158938985,-11.673981998129515,0.0,0.0
dow & ema200_rel,5 & 5.97..230,13077,2.048200130626207,0.3009099946470903,-0.1982605283824955,-0.11482439122326572,0.00583665072192141,-16.83132852500652,0.14285714285714285,0.16666666666666666
atr_pct & ret_4,1.17..1.37 & -0.796..-0.333,9790,1.5333699838518442,0.30888661899897857,-0.19826904880387528,-0.0923749478398671,0.005828130300541634,-14.500682247246631,0.0,0.0
bb_width_pctile & dist_low_20,0.231..0.358 & 2.27..3.09,12283,1.9238389695252505,0.31572091508589106,-0.19828540808793224,-0.07121254002424753,0.005811771016484668,-16.10527255548586,0.0,0.0
atr_pct & dist_low_20,0.984..1.17 & 1.65..2.27,12158,1.9042607010899613,0.3158414212863958,-0.19848109148149295,-0.0738988967398203,0.005616087622923954,-16.090438230493053,0.0,0.0
bb_width_pctile & dow,0.879..1 & 6,6536,1.0237084999443977,0.30951652386780903,-0.1985757197725566,-0.11263986743292885,0.005521459331860296,-12.016349031467907,0.07142857142857142,0.0
ret_4 & ema200_rel,-0.796..-0.333 & -57.7..-6.51,7185,1.1253588696604189,0.30883785664578983,-0.19865369295989033,-0.11306775578048482,0.0054434861445265825,-12.665639641955368,0.0,0.0
dist_high_20 & ema200_rel,3.01..4.22 & -6.51..-3.59,14693,2.301307984957625,0.3158646974749881,-0.1986925263555058,-0.081353955867386,0.00540465274891111,-17.83501813063982,0.07142857142857142,0.0
bb_width_pctile & dist_low_20,0.75..0.879 & 1.14..1.65,6887,1.0786842777106895,0.32568607521417164,-0.19873023851613705,-0.06603065984079297,0.005366940588279856,-12.272995282169656,0.0,0.0
dd_30d & bb_width_pctile,-25.7..-20.5 & 0.107..0.231,10604,1.6608636679024469,0.31808751414560543,-0.19877178946960383,-0.06011273194449208,0.005325389634813077,-14.860579406775061,0.07142857142857142,0.0
bb_width_pctile & dist_high_20,0.618..0.75 & 1.02..1.54,7524,1.178455133656923,0.3253588516746411,-0.198778977373604,-0.04739681125813175,0.005318201730812905,-12.61404034748544,0.0,0.0
dd_30d & bb_width_pctile,-25.7..-20.5 & 0.231..0.358,10368,1.6238998970966212,0.3177083333333333,-0.19879354701991223,-0.07087477215583839,0.005303632084504684,-14.896036117182273,0.0,0.0
dd_30d & ret_4,-4.52..0 & -1.65..-0.796,6293,0.9856483461061957,0.32146829810901,-0.19880319813807315,-0.05523780953993278,0.005293980966343759,-11.482249812777313,0.07142857142857142,0.0
dd_30d & bb_width_pctile,-20.5..-16.2 & 0.618..0.75,9899,1.5504422339274162,0.31417314880290936,-0.1988119030427699,-0.08338383927567862,0.0052852760616469985,-14.64610606503617,0.0,0.0
atr_pct & dist_low_20,1.37..1.66 & 0.662..1.14,6187,0.9690459744730705,0.30612574753515437,-0.19898911816650258,-0.109715775489871,0.005108060937914327,-11.709116796364867,0.0,0.0
atr_pct & dist_low_20,1.37..1.66 & 1.14..1.65,7494,1.1737563492324536,0.3066453162530024,-0.19903187887281304,-0.10982518447447258,0.00506530023160387,-12.856631791254742,0.07142857142857142,0.0
ret_4 & ema200_rel,0.785..1.63 & -0.491..0.891,9113,1.4273340820063183,0.3229452430593657,-0.20036047649141156,-0.04650395320512272,0.0037367026130053493,-13.931760804679298,0.0,0.16666666666666666
bb_width_pctile & dow,0.618..0.75 & 1,12821,2.0081038368707347,0.3129241088838624,-0.20051750514481975,-0.08021724372723645,0.003579673959597157,-16.67568820538568,0.0,0.0
atr_pct & ret_4,0.807..0.984 & 0.785..1.63,11758,1.8416102420970362,0.32182343936043545,-0.20074175840282815,-0.051950540156734844,0.003355420701588757,-15.86802907962401,0.07142857142857142,0.0
atr_pct & dow,1.66..2.18 & 3,13338,2.0890795551190906,0.3016194331983806,-0.20074425748368363,-0.12975281664334792,0.003352921620733279,-17.521317327068438,0.14285714285714285,0.0
dd_30d & dist_high_20,-8.28..-4.52 & 3.01..4.22,8745,1.3696956597328271,0.317095483133219,-0.20085453386068533,-0.07671999207346777,0.003242645243731579,-13.8512956962695,0.07142857142857142,0.0
ret_4 & ema200_rel,-40.3..-1.65 & -3.59..-1.84,8123,1.2722741959988284,0.3133078911732119,-0.2013242045882421,-0.0971547796511612,0.0027729745161748087,-13.598833782937126,0.07142857142857142,0.0
dist_low_20 & ema200_rel,3.09..4.3 & 0.891..2.69,10116,1.5844301079310783,0.3154408857255832,-0.2013361575081882,-0.06825996822190639,0.0027610215962287077,-14.762470954884641,0.07142857142857142,0.0
dow & ret_4,3 & -40.3..-1.65,12402,1.9424774810756458,0.3097887437510079,-0.20139966433933787,-0.12160406710560827,0.00269751476507904,-17.032762833949665,0.0,0.0
dd_30d & dist_high_20,-16.2..-12.2 & 4.22..6.43,9241,1.4473822288840543,0.3129531435991776,-0.20157891881486056,-0.10092231631086478,0.0025182602895563455,-14.481258317598337,0.07142857142857142,0.0
dd_30d & dist_low_20,-33.6..-25.7 & 1.65..2.27,9971,1.561719316546143,0.3107010329956875,-0.20160273696283024,-0.09254796919059155,0.0024944421415866724,-14.879819686656091,0.07142857142857142,0.0
bb_width_pctile & dist_low_20,0.107..0.231 & 2.27..3.09,11985,1.8771643775755211,0.3118064246975386,-0.20162003482570276,-0.07671029975757022,0.0024771442787141496,-16.114418424853117,0.0,0.0
dist_low_20 & ema200_rel,2.27..3.09 & -3.59..-1.84,9747,1.5266350595101048,0.3179439827639274,-0.2016810132634774,-0.07371686074351592,0.0024161658409395104,-14.687014747255173,0.0,0.0
bb_width_pctile & ema200_rel,0.618..0.75 & -6.51..-3.59,10729,1.680441936337736,0.3139155559698015,-0.20184525270266887,-0.0944584252475953,0.002251926401748039,-15.597191414303255,0.0,0.0
dd_30d & dist_high_20,-8.28..-4.52 & 1.54..2.18,9946,1.557803662859085,0.32867484415845566,-0.20184880693932622,-0.03172006846934039,0.0022483721650906896,-14.588826951694548,0.21428571428571427,0.0
ret_4 & dist_low_20,0..0.333 & 3.09..4.3,7934,1.2426718541246713,0.31421729266448195,-0.20192183817681966,-0.07824878617510174,0.002175340927597247,-13.241511319512352,0.0,0.0
dow & dist_low_20,5 & 2.27..3.09,11499,1.801044069899117,0.3162014088181581,-0.2019864792402965,-0.07213108584533545,0.0021106998641204078,-15.951862534644286,0.0,0.0
dd_30d & dist_low_20,-8.28..-4.52 & 1.65..2.27,10351,1.6212372525894219,0.33001642353395805,-0.20205446081340914,-0.03314942770993898,0.0020427182910077724,-14.943543648453161,0.0,0.0
atr_pct & dow,0.984..1.17 & 0,11588,1.8149837970250429,0.3110113910942354,-0.20210246131103135,-0.07762779077176661,0.0019947177933855587,-15.851172120405584,0.0,0.0
dow & dist_high_20,5 & 2.18..3.01,10715,1.6782491702729838,0.3129258049463369,-0.2022129867033881,-0.0778221495672164,0.0018841924010288003,-15.348711073412984,0.0,0.0
dd_30d & dist_high_20,-33.6..-25.7 & 4.22..6.43,13521,2.117742140108354,0.3058945344279269,-0.20225508128721745,-0.11343755424652535,0.0018420978171994618,-17.618777337474796,0.07142857142857142,0.0
atr_pct & ret_4,1.17..1.37 & -0.333..0,8377,1.312057237459336,0.3088217739047392,-0.2023517219656675,-0.09648065359610822,0.0017454571387494067,-13.699766977395026,0.0,0.0
bb_width_pctile & dist_low_20,0.618..0.75 & 1.65..2.27,8418,1.3184789095061107,0.32323592302209553,-0.20235860469209668,-0.05668538616024495,0.0017385744123202262,-13.65285207364297,0.0,0.0
bb_width_pctile & ret_4,0.618..0.75 & -0.333..0,8917,1.396635357099785,0.32892228327912976,-0.20240078041049378,-0.040074768802469365,0.001696398693923129,-13.949069482256172,0.0,0.0
atr_pct & dd_30d,0.807..0.984 & -25.7..-20.5,11435,1.7910199964602491,0.32173152601661564,-0.20240911424649963,-0.05338230546425261,0.0016880648579172819,-15.750354547414938,0.07142857142857142,0.16666666666666666
bb_width_pctile & ret_4,0.618..0.75 & -1.65..-0.796,10191,1.5961770689922516,0.312040035325287,-0.20245684952528453,-0.08770042638352636,0.0016403295791323769,-15.130381034945323,0.0,0.0
bb_width_pctile & dist_high_20,0.489..0.618 & 2.18..3.01,10613,1.6622733032297878,0.31734665033449544,-0.2025036193695253,-0.07272632953177888,0.0015935597348916142,-15.347832649836118,0.0,0.0
dd_30d & dist_high_20,-12.2..-8.28 & 4.22..6.43,8379,1.3123704897543005,0.30886740661176754,-0.20262697147902572,-0.10353019912852633,0.0014702076253911844,-13.849885217531977,0.07142857142857142,0.16666666666666666
bb_width_pctile & ema200_rel,0.75..0.879 & -6.51..-3.59,10450,1.6367432411901708,0.3158851674641148,-0.2029762630182649,-0.09593823741028203,0.0011209160861520018,-15.566888404756076,0.07142857142857142,0.0
dd_30d & dist_high_20,-16.2..-12.2 & 3.01..4.22,9812,1.536815759096455,0.31430900937627393,-0.20308437071749802,-0.08390925066860902,0.0010128083869188897,-14.858255544487037,0.0,0.0
dd_30d & bb_width_pctile,-25.7..-20.5 & 0.618..0.75,9639,1.509719435582015,0.3116505861603901,-0.20323941595363154,-0.09655038865643165,0.0008577631507853678,-14.84222909523889,0.07142857142857142,0.0
bb_width_pctile & ret_4,0.618..0.75 & 0.333..0.785,9105,1.42608107282646,0.32114222954420646,-0.2033028595209406,-0.05643526468152869,0.0007943195834763106,-14.24082050389198,0.0,0.0
dist_high_20 & ema200_rel,4.22..6.43 & -6.51..-3.59,16130,2.526379758889709,0.3134531928084315,-0.2036182103548926,-0.09856000323313036,0.0004789687495243,-19.29273806736472,0.0,0.0
dow & ema200_rel,2 & 5.97..230,10326,1.617321598902364,0.2987604106139841,-0.20378761022812023,-0.13060847281517,0.00030956887629668417,-15.516694777377712,0.07142857142857142,0.0
dd_30d & dist_low_20,-8.28..-4.52 & 2.27..3.09,9020,1.4127678502904633,0.31984478935698446,-0.20391169097238745,-0.060032089886578335,0.00018548813202945436,-14.191909337818046,0.0,0.0
dd_30d & ema200_rel,-33.6..-25.7 & -6.51..-3.59,17803,2.7884153036276182,0.30994776161321125,-0.20412443037646377,-0.09843716945586023,-2.7251272046863173e-05,-20.21014204302992,0.07142857142857142,0.0
bb_width_pctile & ema200_rel,0.618..0.75 & -0.491..0.891,8138,1.274623588211063,0.33005652494470383,-0.2042728314465885,-0.03037752638943703,-0.00017565234217159498,-13.465844082132373,0.0,0.0
bb_width_pctile & dist_high_20,0.358..0.489 & 1.02..1.54,10103,1.5823939680138082,0.32782341878649907,-0.20431092690791886,-0.03642840015593352,-0.00021374780350194578,-14.8867078442615,0.07142857142857142,0.0
dow & ret_4,3 & 0.333..0.785,11087,1.7365140971364041,0.3231712816812483,-0.20440486536486127,-0.054657733553235846,-0.000307686260444362,-15.806851721215475,0.0,0.0
bb_width_pctile & dow,0.489..0.618 & 6,8480,1.328189730650014,0.31580188679245286,-0.20478691915430275,-0.06083754897384442,-0.0006897400498858397,-13.625402004767352,0.0,0.0
bb_width_pctile & dow,0.00039..0.107 & 0,6131,0.960274910214061,0.3284945359647692,-0.20480372098461344,-0.018494727393473933,-0.0007065418801965317,-11.410887904644289,0.14285714285714285,0.16666666666666666
dist_low_20 & dist_high_20,1.65..2.27 & 1.02..1.54,9917,1.5532615045820979,0.3246949682363618,-0.20480532179964128,-0.043416354975542665,-0.000708142695224373,-14.827003179993284,0.07142857142857142,0.0
atr_pct & ema200_rel,0.807..0.984 & 0.891..2.69,12210,1.9124052607590416,0.3194103194103194,-0.204959868897487,-0.0554266473487298,-0.0008626897930700816,-16.44040988169054,0.21428571428571427,0.0
ret_4 & ema200_rel,-1.65..-0.796 & 0.891..2.69,8206,1.2852741662398603,0.3144040945649525,-0.2051924204455345,-0.07433612714700882,-0.0010952413411176032,-13.63348231756155,0.0,0.0
ret_4 & dist_low_20,0.333..0.785 & 3.09..4.3,11681,1.8295500287408981,0.31332933824158893,-0.20528544531928763,-0.08274403670221749,-0.0011882662148707257,-16.351851882339425,0.0,0.0
dist_low_20 & ema200_rel,2.27..3.09 & 0.891..2.69,11565,1.8113813956329499,0.32140077821011676,-0.20530423524351116,-0.049081093336718964,-0.001207056139094248,-16.046440648913325,0.0,0.0
dd_30d & bb_width_pctile,-12.2..-8.28 & 0.879..1,8812,1.380189611614142,0.3150249659555152,-0.20543115368989973,-0.1009882144564281,-0.0013339745854828167,-14.616137834441796,0.07142857142857142,0.0
bb_width_pctile & dist_low_20,0.75..0.879 & 3.09..4.3,10201,1.5977433304670747,0.31536123909420644,-0.20547676112910238,-0.08838221000078732,-0.0013795820246854662,-15.461504645846471,0.0,0.0
dd_30d & bb_width_pctile,-33.6..-25.7 & 0.358..0.489,9882,1.547779589420217,0.3058085407812184,-0.20553311973736527,-0.1040009856202041,-0.001435940632948357,-15.113731558419241,0.07142857142857142,0.0
bb_width_pctile & dow,0.231..0.358 & 3,11215,1.7565622440141402,0.3211769950958538,-0.20573952522808198,-0.06397259542589397,-0.0016423461236650672,-15.967989328483986,0.07142857142857142,0.0
bb_width_pctile & dow,0.618..0.75 & 3,12438,1.948116022385009,0.3140376266280753,-0.20577049935710284,-0.08492320088558007,-0.0016733202526859337,-17.04768219667099,0.0,0.0
dd_30d & dist_low_20,-4.52..0 & 1.65..2.27,8416,1.3181656572111462,0.33947243346007605,-0.20597702364147916,0.0020486878561423796,-0.0018798445370622474,-13.57441044121292,0.14285714285714285,0.0
bb_width_pctile & ema200_rel,0.358..0.489 & 2.69..5.97,10807,1.6926587758413565,0.311464791338947,-0.2060217683700754,-0.0790258509566686,-0.0019245892656584995,-15.668266444032286,0.0,0.0
atr_pct & ret_4,0.984..1.17 & -1.65..-0.796,12439,1.9482726485324913,0.3128868880135059,-0.20607700607314408,-0.08168281456390367,-0.001979826968727172,-16.903700387643642,0.0,0.0
dd_30d & dist_low_20,-25.7..-20.5 & 3.09..4.3,10954,1.7156828195212566,0.31084535329559976,-0.20620601769911567,-0.0979137689561024,-0.0021088385946987642,-16.118894460368903,0.0,0.0
dd_30d & ret_4,-25.7..-20.5 & 0.785..1.63,10110,1.5834903510461844,0.31266073194856575,-0.20653593546886925,-0.09076918397308358,-0.0024387563644523436,-15.439508356745993,0.0,0.0
bb_width_pctile & ema200_rel,0.231..0.358 & -3.59..-1.84,11309,1.7712851018774776,0.32204438942435226,-0.20669698873109954,-0.056602665187572496,-0.002599809626682631,-16.082628451374344,0.0,0.0
dist_low_20 & dist_high_20,0.662..1.14 & 4.22..6.43,11791,1.8467789049639525,0.31049105249766773,-0.20706542101282288,-0.09843608786178297,-0.002968241908405972,-16.70830034622244,0.07142857142857142,0.0
dd_30d & bb_width_pctile,-4.52..0 & 0.358..0.489,9212,1.4428400706070672,0.3391228831958315,-0.20721765332218203,0.007408709579126717,-0.0031204742177651235,-14.151663400417364,0.21428571428571427,0.0
dd_30d & ema200_rel,-16.2..-12.2 & -0.491..0.891,11352,1.7780200262192172,0.327431289640592,-0.20729366327106133,-0.0387632215521042,-0.00319648416664442,-16.033858603144953,0.2857142857142857,0.0
dist_low_20 & ema200_rel,2.27..3.09 & -1.84..-0.491,9394,1.4713460294488483,0.31945922929529486,-0.2074022204728519,-0.06777891197714968,-0.0033050413684349855,-14.817745188480473,0.0,0.0
dow & dist_high_20,1 & 3.01..4.22,12098,1.8948631322410225,0.30467845924946274,-0.20752108580355824,-0.099190048380674,-0.0034239066991413325,-16.801675951364043,0.0,0.0
ret_4 & dist_low_20,-1.65..-0.796 & 1.14..1.65,10805,1.6923455235463918,0.3119851920407219,-0.20771036185569466,-0.09070582612056037,-0.003613182751277755,-15.992788620214647,0.0,0.0
dow & ret_4,0 & 0.333..0.785,10434,1.6342372228304538,0.3233659191106,-0.2078274604902974,-0.04344581600429406,-0.003730281385880496,-15.288597318696839,0.0,0.0
dow & ret_4,2 & 0.333..0.785,11082,1.7357309663989926,0.3189857426457318,-0.20788460274303575,-0.05683818976677276,-0.0037874236386188365,-15.910638363897004,0.0,0.0
atr_pct & bb_width_pctile,0.984..1.17 & 0.358..0.489,10971,1.718345464028456,0.31182207638319204,-0.20791637354010495,-0.0835648868517014,-0.003819194435688039,-16.044256329226283,0.07142857142857142,0.0
atr_pct & dow,1.17..1.37 & 3,11877,1.8602487536474315,0.30639050265218487,-0.20804973227739199,-0.10242726734918098,-0.003952553172975076,-16.809726102853805,0.07142857142857142,0.0
dow & ret_4,3 & -1.65..-0.796,12319,1.9294775108346138,0.31285006899910706,-0.2080901145257628,-0.0932897568601658,-0.003992935421345878,-17.19120335978173,0.0,0.0
atr_pct & ret_4,0.984..1.17 & -0.333..0,10024,1.5700205023627054,0.3118515562649641,-0.20815478636883433,-0.08337409083756027,-0.004057607264417423,-15.330608461440121,0.0,0.0
dd_30d & dow,-12.2..-8.28 & 2,11462,1.7952489024422715,0.32106089687663586,-0.2081625353699113,-0.060173571354502325,-0.0040653562654943964,-16.26668401290269,0.07142857142857142,0.16666666666666666
bb_width_pctile & dist_high_20,0.879..1 & -0.001..0.556,6023,0.9433592862859711,0.3161215341192097,-0.2085340340877782,-0.06193300478468178,-0.004436854983361299,-11.774226688189861,0.07142857142857142,0.0
ret_4 & dist_high_20,0.785..1.63 & 0.556..1.02,13552,2.1225975506803056,0.31463990554899646,-0.20868555566230973,-0.07138699772040151,-0.00458837655789282,-17.785164847013814,0.0,0.0
ret_4 & ema200_rel,0..0.333 & 2.69..5.97,8935,1.3994546277544666,0.32109681029658643,-0.2089423910744431,-0.04812430467644063,-0.004845211970026186,-14.316651111579626,0.14285714285714285,0.0
ret_4 & dist_high_20,0.333..0.785 & 1.02..1.54,11810,1.8497548017661165,0.3196443691786621,-0.20913976866327508,-0.05651563555421513,-0.005042589558858168,-16.565546461955304,0.07142857142857142,0.0
dist_high_20 & ema200_rel,1.54..2.18 & -6.51..-3.59,9498,1.4876351487870088,0.3130132659507265,-0.20941109014140039,-0.08266616190243624,-0.005313911036983476,-15.03730378244667,0.0,0.0
dow & dist_low_20,0 & 2.27..3.09,11513,1.8032368359638695,0.31208199426734995,-0.20951490478970067,-0.08081599782653354,-0.0054177256852837585,-16.440713287387496,0.0,0.0
dow & ema200_rel,4 & -3.59..-1.84,11393,1.7844416982659919,0.33459141578162027,-0.20959665367046162,-0.07261160024503786,-0.005499474566044715,-17.24603084704339,0.0,0.0
atr_pct & dist_low_20,1.17..1.37 & 2.27..3.09,11911,1.8655740426618301,0.30652338174796406,-0.20965706489827834,-0.10395737382740029,-0.0055598857938614354,-16.98025127667531,0.0,0.0
ret_4 & dist_low_20,-0.333..0 & 2.27..3.09,9618,1.5064302864848864,0.3154501975462674,-0.20971631502120894,-0.07385606101040842,-0.0056191359167920285,-15.118084925986368,0.0,0.0
dd_30d & dist_high_20,-4.52..0 & 1.02..1.54,13245,2.074513323403236,0.3299358248395621,-0.2097810578677598,-0.02348688848073935,-0.005683878763342892,-17.347355540831284,0.14285714285714285,0.0
atr_pct & ema200_rel,0.984..1.17 & -3.59..-1.84,12425,1.946079882467739,0.31517102615694165,-0.2098822456873066,-0.08505208879730021,-0.005785066582889686,-17.361506794428262,0.07142857142857142,0.0
dd_30d & bb_width_pctile,-25.7..-20.5 & 0.358..0.489,10414,1.6311046998808074,0.30967927789514116,-0.2101394631570948,-0.08960049825450968,-0.006042284052677899,-15.881132564398047,0.07142857142857142,0.0
dd_30d & dist_low_20,-12.2..-8.28 & 3.09..4.3,8957,1.4029004029990775,0.3102601317405381,-0.2101960094573669,-0.08971856309443696,-0.006098830352950002,-14.733193082592054,0.07142857142857142,0.16666666666666666
bb_width_pctile & dist_high_20,0.231..0.358 & 2.18..3.01,12595,1.972706327539732,0.31194918618499407,-0.21020520458472383,-0.08314334544846058,-0.006108025480306922,-17.360165742627135,0.0,0.0
bb_width_pctile & dist_low_20,0.489..0.618 & 1.65..2.27,9500,1.4879484010819735,0.3201052631578947,-0.2104142563927333,-0.06209307177932402,-0.006317077288316403,-15.019064803699615,0.07142857142857142,0.0
atr_pct & dd_30d,0.984..1.17 & -20.5..-16.2,13070,2.0471037475938307,0.3120122417750574,-0.21045498973063775,-0.08562035594759454,-0.0063578106262208445,-17.731601168158043,0.0,0.0
bb_width_pctile & ema200_rel,0.107..0.231 & 2.69..5.97,9179,1.437671407740151,0.310164505937466,-0.21113988372907141,-0.07512237921417186,-0.0070427046246545055,-14.711067770095068,0.14285714285714285,0.16666666666666666
ret_4 & dist_high_20,-0.333..0 & 4.22..6.43,7012,1.0982625461459787,0.30733029092983455,-0.21132618077494933,-0.11116922656963718,-0.00722900167053242,-13.232689797565337,0.0,0.0
dd_30d & dow,-25.7..-20.5 & 3,12106,1.8961161414208811,0.31133322319510986,-0.21152750700471723,-0.10107191713373291,-0.007430327900300321,-17.361780629558826,0.14285714285714285,0.0
dow & dist_high_20,5 & 3.01..4.22,10082,1.5791048189166796,0.3053957548105535,-0.21178194231686326,-0.10546693300180791,-0.007684763212446349,-15.811115115916369,0.0,0.0
dd_30d & bb_width_pctile,-12.2..-8.28 & 0.618..0.75,9828,1.539321777456172,0.31654456654456653,-0.21189169069306918,-0.0726928304007408,-0.00779451158865227,-15.482090416068365,0.07142857142857142,0.0
atr_pct & dd_30d,0.984..1.17 & -16.2..-12.2,11489,1.799477808424294,0.31238576029245363,-0.21194161131547865,-0.08710223280450664,-0.007844432211061736,-16.777066013949717,0.07142857142857142,0.0
ret_4 & ema200_rel,0.785..1.63 & -3.59..-1.84,8828,1.382695629973859,0.31694608065246943,-0.2121566686438529,-0.08562291153841818,-0.008059489539435999,-14.85546353362049,0.0,0.0
bb_width_pctile & ret_4,0.107..0.231 & 0.785..1.63,10075,1.5780084358843034,0.31205955334987595,-0.2122187072146578,-0.0768019826449461,-0.008121528110240889,-15.55495316445851,0.07142857142857142,0.0
ret_4 & dist_low_20,0.785..1.63 & 1.65..2.27,13182,2.06464587611185,0.32043695949021395,-0.2122615786683372,-0.058945957195286405,-0.008164399563920288,-17.834106266327346,0.0,0.0
dd_30d & bb_width_pctile,-25.7..-20.5 & 0.489..0.618,10173,1.59335779833757,0.3083652806448442,-0.21226595370939427,-0.09813454837752268,-0.008168774604977364,-15.892392042897079,0.0,0.0
dow & ema200_rel,0 & -3.59..-1.84,10875,1.7033093538701538,0.31641379310344825,-0.21227544691011593,-0.06642002154083804,-0.008178267805699024,-16.124872375870986,0.0,0.0
atr_pct & bb_width_pctile,1.17..1.37 & 0.358..0.489,11081,1.7355743402515103,0.30313148632794873,-0.21228556132053575,-0.10664915044396546,-0.008188382216118839,-16.562578924354852,0.07142857142857142,0.0
dd_30d & ema200_rel,-33.6..-25.7 & -1.84..-0.491,8098,1.2683585423117707,0.3114349222030131,-0.21253356336056842,-0.08937361009588465,-0.008436384256151508,-14.115724067572327,0.2857142857142857,0.0
atr_pct & ret_4,0.984..1.17 & -0.796..-0.333,11127,1.7427791430356967,0.3095173901321111,-0.2125936204490229,-0.08793336573884611,-0.008496441344606004,-16.52303580701504,0.07142857142857142,0.0
dd_30d & dow,-8.28..-4.52 & 3,11475,1.7972850423595417,0.3247058823529412,-0.2129556106915532,-0.053361145646434724,-0.008858431587136284,-16.833301646372366,0.21428571428571427,0.0
atr_pct & bb_width_pctile,0.984..1.17 & 0.00039..0.107,10418,1.6317312044707368,0.30504895373392205,-0.21296489760218054,-0.08810341604141661,-0.008867718497763633,-15.833959253287832,0.0,0.0
bb_width_pctile & dow,0.107..0.231 & 3,10468,1.6395625118448525,0.31887657623232707,-0.21298130048695996,-0.061485564756966475,-0.008884121382543048,-15.863996592543366,0.07142857142857142,0.0
bb_width_pctile & ema200_rel,0.489..0.618 & -3.59..-1.84,9966,1.5609361858087314,0.3192855709412001,-0.21300566184261768,-0.07502525213774673,-0.008908482738200774,-15.742341439519672,0.0,0.0
atr_pct & dist_low_20,0.984..1.17 & -0.001..0.662,7863,1.2315513976534271,0.30993259570138626,-0.21313484059125307,-0.08820108100618096,-0.009037661486836157,-13.90126741604372,0.0,0.0
dd_30d & ret_4,-12.2..-8.28 & 0.785..1.63,9699,1.5191170044309537,0.31518713269409215,-0.21320355424857704,-0.0768493855271055,-0.009106375144160128,-15.476660805276875,0.0,0.16666666666666666
bb_width_pctile & ret_4,0.231..0.358 & -1.65..-0.796,10614,1.6624299293772702,0.3109101187111362,-0.21322472510435947,-0.08548579739940057,-0.00912754599994256,-16.181040275550487,0.0,0.0
dd_30d & ret_4,-33.6..-25.7 & -0.333..0,8253,1.2926355951715292,0.30861504907306436,-0.21323556963535928,-0.09657694426419787,-0.00913839053094237,-14.311596278534497,0.07142857142857142,0.0
atr_pct & dist_low_20,0.807..0.984 & 3.09..4.3,11379,1.7822489322012396,0.318481413129449,-0.21326342353027916,-0.06497333245790392,-0.009166244425862252,-16.639017396074607,0.07142857142857142,0.0
bb_width_pctile & dist_high_20,0.358..0.489 & 2.18..3.01,11914,1.866043921104277,0.3110626154104415,-0.21337631334645324,-0.08524487063643224,-0.00927913424203633,-17.175561273885933,0.07142857142857142,0.0
dist_low_20 & dist_high_20,1.65..2.27 & 2.18..3.01,9886,1.5484060940101463,0.3098320857778677,-0.21360971352382663,-0.09079647881038971,-0.009512534419409718,-15.687152626136658,0.0,0.0
bb_width_pctile & dow,0.231..0.358 & 5,11371,1.780995923021381,0.318793421862633,-0.21397301734455298,-0.06061944317865152,-0.009875838240136076,-16.66609332073825,0.0,0.0
dow & ema200_rel,2 & 0.891..2.69,11584,1.8143572924351137,0.32026933701657456,-0.21398711525231903,-0.05172841777896907,-0.009889936147902123,-16.676794456250015,0.07142857142857142,0.0
ret_4 & ema200_rel,0.333..0.785 & 0.891..2.69,12795,2.004031557036195,0.3325517780382962,-0.21399213858050511,-0.010504903192386426,-0.009894959476088205,-17.326525492598922,0.0,0.0
bb_width_pctile & dow,0.489..0.618 & 1,13018,2.0389591879247506,0.309955446305116,-0.21399613269465156,-0.08721144613498266,-0.009898953590234655,-17.902804466413553,0.0,0.0
dd_30d & bb_width_pctile,-12.2..-8.28 & 0.358..0.489,10111,1.5836469771936668,0.3217288102067056,-0.2140240091507756,-0.05369285486845008,-0.009926830046358692,-15.74269951215195,0.0,0.16666666666666666
dow & dist_low_20,2 & 1.65..2.27,10934,1.7125502965716102,0.3120541430400585,-0.21410940880280344,-0.07702559297514228,-0.010012229698386527,-16.37743956782365,0.0,0.0
dd_30d & dist_low_20,-25.7..-20.5 & 1.65..2.27,10712,1.6777792918305368,0.31133308439133683,-0.21411105526798008,-0.08839335423058486,-0.010013876163563168,-16.385471626372997,0.07142857142857142,0.0
atr_pct & dd_30d,0.807..0.984 & -33.6..-25.7,7800,1.2216839503620414,0.3148717948717949,-0.21412250441326697,-0.06631509814327657,-0.010025325308850058,-13.767510336301491,0.21428571428571427,0.16666666666666666
dist_high_20 & ema200_rel,1.54..2.18 & 0.891..2.69,10334,1.6185746080822225,0.3138184633249468,-0.21487842469313215,-0.06400325713548798,-0.010781245588715238,-15.870030780098034,0.0,0.16666666666666666
dd_30d & ret_4,-33.6..-25.7 & -1.65..-0.796,11265,1.7643935513882558,0.3039502885042166,-0.21490246563206866,-0.11322533719127145,-0.010805286527651753,-16.966461703151996,0.0,0.0
bb_width_pctile & dist_high_20,0.107..0.231 & 3.01..4.22,9052,1.4177798870098972,0.2999337163057888,-0.21498244046564144,-0.11190320788513847,-0.01088526136122453,-15.079198335901877,0.0,0.0
dist_low_20 & ema200_rel,1.65..2.27 & -3.59..-1.84,10759,1.6851407207622056,0.3177804628682963,-0.21498293986775824,-0.07449293145330688,-0.010885760763341329,-16.52728954414237,0.07142857142857142,0.0
dd_30d & dist_high_20,-25.7..-20.5 & 2.18..3.01,10711,1.6776226656830544,0.30809448230790776,-0.2153869776224801,-0.09161250871275245,-0.011289798518063193,-16.41225845556051,0.07142857142857142,0.0
dd_30d & bb_width_pctile,-16.2..-12.2 & 0.618..0.75,9850,1.542767552700783,0.3131979695431472,-0.21539077124916195,-0.0904524811008078,-0.01129359214474504,-15.854578148597385,0.14285714285714285,0.0
bb_width_pctile & ema200_rel,0.358..0.489 & 0.891..2.69,10936,1.7128635488665749,0.3236100950987564,-0.2155203683566183,-0.04205831053660243,-0.011423189252201399,-16.31477892320792,0.07142857142857142,0.16666666666666666
dd_30d & ret_4,-4.52..0 & 0.333..0.785,11885,1.8615017628272899,0.33874631888935636,-0.21559540787484086,0.005441494916037205,-0.011498228770423946,-16.743774584511428,0.35714285714285715,0.0
ret_4 & dist_high_20,-1.65..-0.796 & 2.18..3.01,17638,2.7625719892930367,0.31262047851230296,-0.21585307566123504,-0.08400348053481914,-0.011755896556818135,-21.10828172698884,0.0,0.0
dow & dist_high_20,3 & 1.02..1.54,10703,1.676369656503196,0.32065775950668035,-0.21597642822915197,-0.06185190149003395,-0.011879249124735064,-16.355322099503557,0.07142857142857142,0.0
dd_30d & bb_width_pctile,-4.52..0 & 0.489..0.618,9693,1.5181772475460598,0.33126998865160423,-0.21601545524391694,-0.017095132073756993,-0.011918276139500028,-15.221039133658307,0.07142857142857142,0.0
atr_pct & dd_30d,0.984..1.17 & -12.2..-8.28,9480,1.484815878132327,0.3125527426160338,-0.21606599942040636,-0.0912071812627125,-0.011968820315989448,-15.633761720223557,0.0,0.0
ret_4 & dist_low_20,-0.333..0 & 3.09..4.3,8016,1.2555151982182209,0.30800898203592814,-0.2161218955266155,-0.0975445689764432,-0.0120247164221986,-14.306824911982165,0.0,0.0
dd_30d & bb_width_pctile,-33.6..-25.7 & 0.107..0.231,10097,1.5814542111289143,0.30464494404278497,-0.2162133044291714,-0.09802016458956352,-0.012116125324754479,-15.942423229824524,0.07142857142857142,0.0
bb_width_pctile & dist_high_20,0.358..0.489 & 3.01..4.22,12629,1.9780316165541307,0.3043788106738459,-0.2162686550213203,-0.10803677429741745,-0.012171475916903401,-18.052252615313545,0.0,0.0
ret_4 & dist_high_20,0..0.333 & 3.01..4.22,6684,1.0468891697717801,0.3076002393776182,-0.21635931931210303,-0.09961214653512683,-0.012262140207686123,-13.122218978123254,0.0,0.0
dd_30d & ret_4,-25.7..-20.5 & -1.65..-0.796,11436,1.7911766226077315,0.30779993004547046,-0.2164907558557049,-0.100797323465424,-0.012393576751287994,-17.191964695394592,0.0,0.0
bb_width_pctile & ema200_rel,0.231..0.358 & 2.69..5.97,9982,1.5634422041684484,0.30775395712282105,-0.21649436172832592,-0.08700339297198141,-0.012397182623909014,-15.82121314189534,0.07142857142857142,0.16666666666666666
bb_width_pctile & dist_low_20,0.489..0.618 & 2.27..3.09,10755,1.6845142161722761,0.31157601115760114,-0.2166211590499424,-0.08594533940896301,-0.012523979945525482,-16.580554353136982,0.07142857142857142,0.0
atr_pct & dist_high_20,1.17..1.37 & 3.01..4.22,14283,2.2370912644898766,0.3039977595743191,-0.2166475699499771,-0.11103581147332223,-0.0125503908455602,-19.263048307152527,0.0,0.16666666666666666
dd_30d & dist_low_20,-16.2..-12.2 & 1.65..2.27,10753,1.6842009638773117,0.3178647819213243,-0.21666729088126416,-0.0713665004483292,-0.012570111776847248,-16.519731966269312,0.07142857142857142,0.0
ret_4 & dist_high_20,0.333..0.785 & 3.01..4.22,7416,1.1615395097288332,0.30717367853290184,-0.21669895953889756,-0.10723002577862882,-0.012601780434480653,-13.93309909662263,0.0,0.0
ret_4 & dist_high_20,0.333..0.785 & 4.22..6.43,6120,0.9585520225917555,0.30522875816993467,-0.2169690680879726,-0.12397273689968606,-0.01287188898355568,-12.827240831607861,0.0,0.0
dist_low_20 & dist_high_20,2.27..3.09 & 1.02..1.54,10571,1.6556950050355306,0.31255321161668714,-0.21702795117644288,-0.07670429272373479,-0.012930772072025976,-16.347186601646797,0.0,0.0
dow & ret_4,5 & 0.785..1.63,10714,1.6780925441255015,0.30884823595295874,-0.21726403345952908,-0.09450791519855492,-0.013166854355112168,-16.641635748755995,0.0,0.0
dd_30d & ret_4,-33.6..-25.7 & 0.333..0.785,8795,1.3775269671069428,0.3054007959067652,-0.2173603169859503,-0.10588677028947827,-0.013263137881533382,-15.11931749826412,0.0,0.0
bb_width_pctile & ret_4,0.489..0.618 & 0..0.333,8236,1.2899729506643298,0.3274647887323944,-0.21749821314907136,-0.03874329725249295,-0.013401034044654453,-14.323660705513046,0.0,0.16666666666666666
dd_30d & bb_width_pctile,-33.6..-25.7 & 0.231..0.358,10039,1.57236989457494,0.3021217252714414,-0.2175728526801112,-0.11051491571950041,-0.013475673575694291,-16.14769191019193,0.07142857142857142,0.0
bb_width_pctile & ret_4,0.489..0.618 & 0.333..0.785,9480,1.484815878132327,0.3183544303797468,-0.21786540610183566,-0.0635885819581319,-0.013768226997418753,-15.54604580499961,0.0,0.0
bb_width_pctile & ema200_rel,0.879..1 & -6.51..-3.59,8003,1.253479058300951,0.31338248156941145,-0.21828849532600028,-0.11002133116452906,-0.014191316221583372,-14.922703769354476,0.0,0.0
bb_width_pctile & ret_4,0.00039..0.107 & 0.785..1.63,8240,1.290599455254259,0.3074029126213592,-0.2186180925357495,-0.08194233426925905,-0.014520913431332577,-14.430230554041444,0.0,0.0
dd_30d & ret_4,-16.2..-12.2 & 0.785..1.63,9957,1.5595265504813904,0.3107361655117003,-0.21869307032358037,-0.08983421749748549,-0.014595891219163465,-16.145188440691527,0.0,0.0
dist_low_20 & dist_high_20,1.14..1.65 & 4.22..6.43,11005,1.7236707530428546,0.30467969104952297,-0.21871551489055782,-0.11780489356416346,-0.014618335786140912,-17.17451329874859,0.07142857142857142,0.0
atr_pct & bb_width_pctile,0.984..1.17 & 0.107..0.231,11307,1.770971849582513,0.30565136641018836,-0.21873741301424107,-0.09408872542912328,-0.014640233909824163,-17.0666135645408,0.0,0.0
dist_high_20 & ema200_rel,2.18..3.01 & -1.84..-0.491,10203,1.5980565827620394,0.321572086641184,-0.2187745919032978,-0.06243223359324099,-0.014677412798880879,-16.282182468395174,0.07142857142857142,0.0
bb_width_pctile & ema200_rel,0.358..0.489 & -3.59..-1.84,11328,1.7742609986796416,0.3145303672316384,-0.21879591997641248,-0.07504950154240364,-0.014698740871995575,-17.166654896762545,0.0,0.0
dow & dist_high_20,3 & 0.556..1.02,10020,1.5693939977727762,0.32415169660678644,-0.21881671118841683,-0.04568511841051279,-0.014719532083999926,-15.909544279575202,0.07142857142857142,0.0
dow & dist_low_20,4 & -0.001..0.662,9363,1.4664906188768965,0.34540211470682475,-0.21886362324626432,-0.01699921109552575,-0.014766444141847412,-15.710782245587529,0.07142857142857142,0.0
dow & dist_high_20,1 & 2.18..3.01,11699,1.8323692993955798,0.3066074023420805,-0.2189180555010842,-0.09522960193518627,-0.014820876396667293,-17.407103851350865,0.0,0.0
dist_low_20 & ema200_rel,3.09..4.3 & -0.491..0.891,8149,1.2763464758333685,0.3091176831513069,-0.21892899170362046,-0.09189315938200404,-0.014831812599203548,-14.617421597183686,0.07142857142857142,0.0
bb_width_pctile & ret_4,0.489..0.618 & -0.796..-0.333,9370,1.4675870019092727,0.31643543223052295,-0.2189904719754128,-0.07273147054676524,-0.014893292870995889,-15.54885128961612,0.0,0.0
dd_30d & dow,-4.52..0 & 2,10788,1.6896828790391925,0.3283277715980719,-0.21900152101093115,-0.026032449802923845,-0.01490434190651424,-16.373283900433762,0.14285714285714285,0.0
dist_high_20 & ema200_rel,4.22..6.43 & -3.59..-1.84,10050,1.5740927821972455,0.3100497512437811,-0.2191177690520624,-0.11037266495565284,-0.01502058994764549,-16.53664946344111,0.07142857142857142,0.0
dd_30d & ema200_rel,-33.6..-25.7 & -0.491..0.891,6148,0.9629375547212603,0.30416395575797006,-0.2191805259248114,-0.10606924281885083,-0.0150833468203945,-12.756971271916232,0.21428571428571427,0.0
dd_30d & dow,-16.2..-12.2 & 3,11571,1.8123211525178435,0.31224613257281136,-0.21920774488929365,-0.0904761765316326,-0.01511056578487674,-17.505490712210218,0.0,0.0
atr_pct & dow,0.807..0.984 & 0,11613,1.8188994507121008,0.3130112804615517,-0.21949198404177586,-0.07049336797163205,-0.015394804937358952,-17.210542743734052,0.07142857142857142,0.0
atr_pct & bb_width_pctile,1.17..1.37 & 0.00039..0.107,7860,1.23108151921098,0.29834605597964375,-0.219494478233177,-0.11346775403014776,-0.015397299128760089,-14.308769986233548,0.07142857142857142,0.0
dow & ret_4,0 & 0.785..1.63,11920,1.8669836779891709,0.3086409395973154,-0.21962856367626557,-0.09074580545686871,-0.015531384571848661,-17.576658091064463,0.0,0.0
atr_pct & ema200_rel,1.17..1.37 & -6.51..-3.59,14638,2.2926935468460976,0.3041399098237464,-0.21970586515821622,-0.11404178382000862,-0.015608686053799309,-19.875492793156354,0.0,0.0
atr_pct & dd_30d,0.807..0.984 & -12.2..-8.28,11515,1.803550088258834,0.31524099001302647,-0.21973802419060176,-0.07026044505618333,-0.01564084508618485,-17.25687122623339,0.07142857142857142,0.16666666666666666
dow & ema200_rel,3 & -1.84..-0.491,11516,1.8037067144063164,0.32467870788468217,-0.2198403611765621,-0.05890796395644652,-0.0157431820721452,-17.42052691916912,0.07142857142857142,0.0
dist_low_20 & dist_high_20,3.09..4.3 & 0.556..1.02,11654,1.8253211227588757,0.31045134717693496,-0.219856431591557,-0.08206193169711049,-0.01575925248714008,-17.398228040552937,0.0,0.0
bb_width_pctile & dow,0.618..0.75 & 0,13608,2.131368614939315,0.30739271017048797,-0.21996197301707573,-0.09409227296146702,-0.015864793912658826,-18.851728606988857,0.0,0.16666666666666666
dow & dist_high_20,0 & 2.18..3.01,11328,1.7742609986796416,0.308350988700565,-0.22007914633931727,-0.08763583434178428,-0.015981967234900363,-17.146327485023107,0.0,0.0
bb_width_pctile & dist_low_20,0.358..0.489 & -0.001..0.662,9686,1.5170808645136837,0.33006400991121204,-0.22021991650607142,-0.023200862951674367,-0.016122737401654513,-15.610039619682178,0.0,0.0
dow & ema200_rel,5 & 0.891..2.69,11009,1.7242972576327837,0.3301843945862476,-0.22036393363937243,-0.019561191311025374,-0.01626675453495552,-16.612129121958574,0.07142857142857142,0.0
bb_width_pctile & ret_4,0.358..0.489 & 0.785..1.63,10818,1.694381663463662,0.30874468478461825,-0.22066750805601806,-0.09242622396830692,-0.016570328951601154,-16.998165255689102,0.0,0.0
dd_30d & bb_width_pctile,-16.2..-12.2 & 0.879..1,8555,1.3399366917111877,0.31279953243717123,-0.2208027485341857,-0.12170108755477121,-0.01670556942976878,-15.642323804038265,0.0,0.0
dist_low_20 & ema200_rel,1.14..1.65 & 0.891..2.69,12178,1.9073932240396076,0.3336344227295122,-0.22085625209305748,-0.012752240119041879,-0.016759072988640572,-17.556298269261344,0.0,0.16666666666666666
dd_30d & ema200_rel,-12.2..-8.28 & 2.69..5.97,12288,1.924622100262662,0.3033040364583333,-0.22092408470081795,-0.10583398023500283,-0.016826905596401043,-18.090690195188234,0.0,0.0
dd_30d & dist_low_20,-12.2..-8.28 & 2.27..3.09,9785,1.5325868531144327,0.31323454266734796,-0.22109113499857402,-0.08271850698286286,-0.016993955894157114,-16.132440576962352,0.0,0.16666666666666666
atr_pct & ret_4,0.807..0.984 & 0.333..0.785,12403,1.9426341072231281,0.31508506006611303,-0.22125061814712624,-0.07169936180507937,-0.01715343904270933,-18.058780938368688,0.07142857142857142,0.0
atr_pct & dd_30d,1.17..1.37 & -16.2..-12.2,10076,1.5781650620317857,0.3023025009924573,-0.2212967842107323,-0.11533656655170996,-0.01719960510631538,-16.567895912171345,0.0,0.0
dd_30d & dist_high_20,-33.6..-25.7 & 0.556..1.02,6758,1.0584795046854711,0.3049718851731281,-0.22135121066284646,-0.09863303858667626,-0.017254031558429556,-13.373486306657767,0.07142857142857142,0.0
bb_width_pctile & dist_low_20,0.358..0.489 & 2.27..3.09,11710,1.8340921870178852,0.3108454312553373,-0.22137750021109087,-0.09239436348771089,-0.017280321106673963,-17.75081507145358,0.0,0.0
atr_pct & dist_low_20,0.807..0.984 & 1.65..2.27,13076,2.048043504478725,0.31622820434383603,-0.22153375656161964,-0.07196862930379173,-0.01743657745720273,-18.614905191265052,0.07142857142857142,0.0
atr_pct & dist_high_20,0.984..1.17 & 2.18..3.01,13355,2.09174219962629,0.3072257581430176,-0.2216095340284507,-0.09712313863281846,-0.0175123549240338,-18.938784320219472,0.0,0.0
ret_4 & dist_high_20,0..0.333 & 2.18..3.01,8242,1.2909127075492237,0.31048289250181993,-0.22173082631293475,-0.08542427029596607,-0.017633647208517844,-14.843560392691431,0.07142857142857142,0.0
dd_30d & dist_low_20,-8.28..-4.52 & 3.09..4.3,8507,1.3324186366320365,0.30586575761137885,-0.22180132023840465,-0.10260729485199822,-0.017704141133987744,-15.141293506556037,0.0,0.0
dist_high_20 & ema200_rel,3.01..4.22 & 0.891..2.69,7486,1.172503340052595,0.3041677798557307,-0.22180240447194072,-0.10950194719526748,-0.017705225367523808,-14.25289344285145,0.07142857142857142,0.0
dist_low_20 & ema200_rel,2.27..3.09 & -6.51..-3.59,10396,1.628285429226126,0.30627164293959214,-0.2223887710504043,-0.11383336573867057,-0.018291591945987395,-16.994301842080212,0.07142857142857142,0.0
dd_30d & dist_high_20,-25.7..-20.5 & 1.02..1.54,9384,1.4697797679740252,0.3139386189258312,-0.22239728071768844,-0.07819622894308217,-0.01830010161327153,-15.785554713544116,0.07142857142857142,0.0
atr_pct & dow,0.984..1.17 & 1,11928,1.8682366871690295,0.30491281019450034,-0.222420536930429,-0.09801229422090908,-0.018323357826012104,-17.84295312733616,0.07142857142857142,0.0
bb_width_pctile & ema200_rel,0.231..0.358 & -1.84..-0.491,11855,1.8568029784028206,0.32855335301560523,-0.22252717345482173,-0.037999468555280726,-0.01842999435040482,-17.642761636327496,0.07142857142857142,0.0
bb_width_pctile & dist_high_20,0.231..0.358 & 3.01..4.22,11254,1.7626706637659504,0.3011373733783544,-0.22258085339362654,-0.1162017569746034,-0.018483674289209634,-17.552856669236423,0.0,0.0
bb_width_pctile & dist_low_20,0.489..0.618 & 0.662..1.14,8558,1.3404065701536345,0.323440056087871,-0.2226402476687804,-0.053324597345878404,-0.018543068564363496,-15.057815485571899,0.0,0.0
dd_30d & ret_4,-20.5..-16.2 & -1.65..-0.796,10969,1.7180322117334912,0.30896161910839637,-0.22272773691898054,-0.09743946185799264,-0.01863055781456363,-17.312173862172724,0.0,0.0
bb_width_pctile & ret_4,0.618..0.75 & 0..0.333,7893,1.2362501820778964,0.32180413024198656,-0.2229047519016484,-0.05312727308172342,-0.018807572797231498,-14.513884653829974,0.0,0.0
atr_pct & dow,1.17..1.37 & 6,9342,1.463201469779768,0.2960822093770071,-0.2229442823625729,-0.1172730499912621,-0.018847103258156,-15.855112297874594,0.0,0.0
bb_width_pctile & ema200_rel,0.358..0.489 & -6.51..-3.59,10637,1.6660323307693632,0.3077935508131992,-0.22310036532810193,-0.10826181698598504,-0.01900318622368502,-17.17926812838056,0.0,0.0
dow & dist_low_20,1 & 2.27..3.09,11320,1.773007989499783,0.30547703180212016,-0.22330223703704488,-0.10154443359410698,-0.019205057932627972,-17.53119770648308,0.0,0.16666666666666666
atr_pct & dow,0.984..1.17 & 3,11864,1.8582126137301613,0.30849629130141604,-0.22334289646483443,-0.0990277244569595,-0.019245717360417525,-18.036634469261504,0.0,0.0
atr_pct & dist_low_20,1.17..1.37 & 1.65..2.27,10801,1.6917190189564626,0.3014535691139709,-0.2233436101307904,-0.1174881940159004,-0.019246431026373495,-17.292332525637114,0.0,0.0
atr_pct & dow,0.807..0.984 & 3,11216,1.7567188701616225,0.31633380884450785,-0.22361575173523904,-0.0744836613427529,-0.01951857263082213,-17.468447488874066,0.07142857142857142,0.0
dd_30d & dow,-8.28..-4.52 & 1,11112,1.740429750823462,0.3147048236141109,-0.22383067640017154,-0.06242399265007758,-0.019733497295754632,-17.153240260032625,0.0,0.0
dow & dist_high_20,3 & 3.01..4.22,12171,1.9062968410072314,0.30490510229233425,-0.22405151840873744,-0.11706616054505828,-0.01995433930432053,-18.520856766928087,0.0,0.0
dow & dist_low_20,0 & 1.14..1.65,10770,1.686863608384511,0.3173630454967502,-0.22406010886429883,-0.06366016175413451,-0.019962929759881926,-16.87467582557024,0.0,0.0
dist_high_20 & ema200_rel,1.54..2.18 & -0.491..0.891,10626,1.6643094431470578,0.32204027856201767,-0.2242753591845182,-0.05063793220033918,-0.020178180080101304,-16.87901033425544,0.07142857142857142,0.16666666666666666
ret_4 & dist_low_20,-0.796..-0.333 & 1.65..2.27,10090,1.580357828096538,0.30981169474727455,-0.2243627728224794,-0.09063158215272091,-0.020265593718062497,-16.658835059631006,0.0,0.0
bb_width_pctile & ema200_rel,0.358..0.489 & -0.491..0.891,10682,1.6730805074060673,0.32821568994570305,-0.22438100306304512,-0.03164466558930972,-0.02028382395862821,-16.7968446382783,0.0,0.0
dd_30d & dist_high_20,-20.5..-16.2 & 1.54..2.18,10753,1.6842009638773117,0.3129359248581791,-0.22446187875938714,-0.081248940454538,-0.02036469965497023,-17.1329694568856,0.07142857142857142,0.0
dow & ema200_rel,6 & 2.69..5.97,11479,1.7979115469494709,0.3091732729331823,-0.22450246004020705,-0.07930565337339487,-0.020405280935790138,-17.499388124439978,0.07142857142857142,0.16666666666666666
dd_30d & ret_4,-20.5..-16.2 & 0.785..1.63,10165,1.5921047891577116,0.30850959173635023,-0.2252288210283622,-0.10049043949233709,-0.021131641923945288,-16.90873422606346,0.0,0.0
dd_30d & ema200_rel,-25.7..-20.5 & -3.59..-1.84,14807,2.3191633657706086,0.3129600864456,-0.22523287254139537,-0.08487357571482454,-0.021135693436978464,-20.241018668493567,0.07142857142857142,0.0
dow & ret_4,1 & 0..0.333,9849,1.5426109265533006,0.3210478221139202,-0.22554721127640034,-0.04731632095972798,-0.021450032171983435,-16.19435450715907,0.0,0.16666666666666666
dd_30d & dist_low_20,-25.7..-20.5 & 1.14..1.65,10137,1.5877192570282068,0.3114333629278879,-0.22563913031798252,-0.08850845362500788,-0.021541951213565613,-16.771137712946608,0.07142857142857142,0.0
atr_pct & dd_30d,1.17..1.37 & -25.7..-20.5,12944,2.027368853011059,0.3013751545117429,-0.22583409230098647,-0.12013555749448172,-0.021736913196569563,-19.228364807378178,0.14285714285714285,0.0
dow & dist_low_20,3 & 1.14..1.65,10959,1.716465950258668,0.31800346746965963,-0.2258550115183416,-0.0737630807549259,-0.021757832413924677,-17.467611472010457,0.0,0.0
dow & ema200_rel,6 & -57.7..-6.51,10398,1.6285986815210904,0.2912098480477015,-0.225920417341658,-0.14373748578856405,-0.021823238237241083,-17.18494251284626,0.07142857142857142,0.0
atr_pct & ema200_rel,0.807..0.984 & -1.84..-0.491,12782,2.0019954171189247,0.31403536222813333,-0.22597996918883015,-0.07623166751718767,-0.02188279008441324,-18.76758598389885,0.21428571428571427,0.0
dd_30d & ret_4,-12.2..-8.28 & -1.65..-0.796,9600,1.5036110158302047,0.3115625,-0.22608840513957973,-0.09105826973138577,-0.02199122603516282,-16.432620379649354,0.0,0.16666666666666666
atr_pct & bb_width_pctile,1.17..1.37 & 0.107..0.231,9855,1.5435506834381945,0.2967021816336885,-0.22611877191806093,-0.12027921678741244,-0.02202159281364402,-16.598229696580557,0.0,0.0
bb_width_pctile & dow,0.75..0.879 & 3,12900,2.0204773025218374,0.307984496124031,-0.2261363381347168,-0.11373260650591228,-0.022039159030299904,-19.359332829367343,0.0,0.0
dd_30d & dist_low_20,-16.2..-12.2 & 2.27..3.09,10224,1.601345731859168,0.3094679186228482,-0.22637615485992407,-0.09533028979903822,-0.022278975755507163,-16.973412392648132,0.07142857142857142,0.0
ret_4 & dist_high_20,0..0.333 & 1.54..2.18,9928,1.5549843922044033,0.3152699435938759,-0.22642675540518092,-0.06915974237187378,-0.022329576300764015,-16.51043736003345,0.0,0.0
atr_pct & dd_30d,0.807..0.984 & -4.52..0,8442,1.3222379370456863,0.31319592513622363,-0.2264330953661692,-0.07694247223131404,-0.022335916261752298,-15.240689946706437,0.15384615384615385,0.0
atr_pct & dist_high_20,0.807..0.984 & 1.54..2.18,13988,2.190886550982594,0.31426937374892766,-0.22653875046941638,-0.07723315340892968,-0.02244157136499947,-19.67885765301075,0.0,0.0
dd_30d & ema200_rel,-25.7..-20.5 & -1.84..-0.491,10519,1.6475504453664505,0.3138131001045727,-0.2268830619843296,-0.07695069706157384,-0.022785882879912678,-17.047661972152305,0.14285714285714285,0.0
dd_30d & dow,-16.2..-12.2 & 1,11295,1.7690923358127253,0.30783532536520586,-0.22689568599029797,-0.09468243802969466,-0.02279850688588106,-17.700413415611887,0.0,0.16666666666666666
atr_pct & ema200_rel,0.807..0.984 & -0.491..0.891,11442,1.7921163794926254,0.3137563363048418,-0.22704277730209566,-0.07728353816911776,-0.022945598197678746,-17.828745331358558,0.0,0.0
ret_4 & ema200_rel,0.785..1.63 & -1.84..-0.491,8770,1.3736113134198848,0.31334093500570126,-0.2271312969571406,-0.08456603050345647,-0.02303411785272369,-15.710745420852282,0.0,0.0
dd_30d & ret_4,-33.6..-25.7 & -0.796..-0.333,9350,1.4644544789596265,0.30171122994652405,-0.2272549866903774,-0.11396775887816753,-0.023157807585960477,-16.318796401979196,0.0,0.0
dist_high_20 & ema200_rel,2.18..3.01 & -0.491..0.891,8816,1.3808161162040713,0.31272686025408347,-0.22753048852280627,-0.08355953680859511,-0.023433309418389364,-15.782437886242024,0.0,0.0
bb_width_pctile & dist_low_20,0.618..0.75 & 1.14..1.65,8089,1.2669489069844297,0.3162319198912103,-0.22766988288401133,-0.07602001225606703,-0.023572703779594417,-15.106860962927323,0.0,0.0
atr_pct & dist_low_20,0.984..1.17 & 1.14..1.65,10946,1.714429810341398,0.30486022291247944,-0.22773471872545284,-0.10301345589744165,-0.02363753962103593,-17.62677901360474,0.0,0.0
ret_4 & dist_high_20,0.785..1.63 & -0.001..0.556,18682,2.926089687264571,0.31854191200085646,-0.2278413778320369,-0.054787830251091164,-0.023744198727619986,-22.61277093536832,0.0,0.0
dow & ret_4,1 & -1.65..-0.796,12002,1.8798270220827205,0.3017830361606399,-0.22798368079311573,-0.1119422087081456,-0.023886501688698825,-18.481780437504614,0.0,0.0
dd_30d & dist_high_20,-25.7..-20.5 & 4.22..6.43,11869,1.8589957444675729,0.2999410228325891,-0.22799039128518622,-0.1324844245412286,-0.023893212180769313,-18.75375383091894,0.14285714285714285,0.0
dd_30d & dow,-8.28..-4.52 & 2,10877,1.7036226061651185,0.3164475498758849,-0.2281445433185642,-0.06812506871523125,-0.0240473642141473,-17.39980277016579,0.0,0.0
dd_30d & dist_high_20,-12.2..-8.28 & 3.01..4.22,9360,1.4660207404344496,0.3072649572649573,-0.22830870791699123,-0.10768544323588637,-0.024211528812574323,-16.489496554147205,0.0,0.16666666666666666
dist_low_20 & dist_high_20,1.14..1.65 & 1.54..2.18,9938,1.5565506536792266,0.31525457838599313,-0.2283178939617989,-0.06787721320890859,-0.024220714857382003,-16.638256114912544,0.0,0.0
dow & dist_high_20,1 & -0.001..0.556,9332,1.4616352083049449,0.3275825117873982,-0.2287477441546415,-0.02630695707076173,-0.024650565050224588,-15.916703693361741,0.07142857142857142,0.0
ret_4 & ema200_rel,-1.65..-0.796 & -6.51..-3.59,13439,2.1048987960148042,0.30560309546841286,-0.22875230901670254,-0.10990062199642825,-0.024655129912285634,-19.73653092400756,0.0,0.0
dist_low_20 & ema200_rel,1.65..2.27 & 0.891..2.69,12508,1.959079852708771,0.3208346658138791,-0.22902395691383703,-0.04840227870514277,-0.024926777809420125,-18.573944458927073,0.0,0.16666666666666666
bb_width_pctile & ret_4,0.231..0.358 & -0.796..-0.333,10652,1.668381722981598,0.3173113030416823,-0.2290945650018861,-0.06735390657658867,-0.024997385897469193,-17.257651645474883,0.0,0.0
atr_pct & bb_width_pctile,1.17..1.37 & 0.231..0.358,10639,1.666345583064328,0.2969264028574114,-0.22913104770296727,-0.12344751748580413,-0.025033868598550363,-17.581302180253637,0.0,0.0
dd_30d & dist_low_20,-33.6..-25.7 & 1.14..1.65,8958,1.4030570291465598,0.30073677160080375,-0.22974911869238718,-0.11520371049340553,-0.02565193958797027,-16.140180742134465,0.0,0.0
atr_pct & dist_high_20,1.37..1.66 & 6.43..90.6,10383,1.6262492893088558,0.29827602812289317,-0.22986916627861675,-0.14210707934221348,-0.025771987174199845,-17.86589234798248,0.07142857142857142,0.0
dow & ret_4,0 & -0.796..-0.333,10451,1.6368998673376531,0.31355851114725863,-0.22994214826786208,-0.07082663752902493,-0.02584496916344517,-17.111003825684858,0.0,0.0
bb_width_pctile & ema200_rel,0.107..0.231 & -6.51..-3.59,9823,1.5385386467187605,0.3024534256337168,-0.2301249596779977,-0.10678453912309388,-0.026027780573580794,-16.82761451166704,0.07142857142857142,0.0
atr_pct & ret_4,0.807..0.984 & 0..0.333,10592,1.6589841541326593,0.31202794561933533,-0.23021869608087042,-0.08053889150956109,-0.026121516976453513,-17.409990453214913,0.07142857142857142,0.0
atr_pct & bb_width_pctile,0.984..1.17 & 0.231..0.358,11124,1.7423092645932496,0.30258899676375406,-0.23027139611338893,-0.10583785254145507,-0.026174217008972017,-17.976123551858155,0.0,0.0
ret_4 & ema200_rel,-1.65..-0.796 & -3.59..-1.84,12106,1.8961161414208811,0.3116636378655212,-0.23056394405553546,-0.0888549433899424,-0.02646676495111855,-18.742211783021357,0.0,0.0
dist_low_20 & dist_high_20,3.09..4.3 & -0.001..0.556,12301,1.9266582401799321,0.31355174376066985,-0.23065257872096834,-0.07275722962560646,-0.02655539961655143,-18.670545424363347,0.07142857142857142,0.0
bb_width_pctile & ema200_rel,0.231..0.358 & 5.97..230,6053,0.9480580707104406,0.2877911779283,-0.23072031885418431,-0.14416839035236442,-0.026623139749767405,-13.357420195122279,0.14285714285714285,0.0
bb_width_pctile & ret_4,0.618..0.75 & -0.796..-0.333,8922,1.3974184878371965,0.31158932974669357,-0.23073679217098528,-0.09203585243642737,-0.02663961306656837,-16.152263459418414,0.0,0.0
bb_width_pctile & dist_low_20,0.489..0.618 & -0.001..0.662,8727,1.3668763890781455,0.322676750315114,-0.23091182056889778,-0.04977273899022879,-0.02681464146448087,-15.605053515140607,0.07142857142857142,0.0
bb_width_pctile & dow,0.879..1 & 5,9205,1.4417436875746912,0.311352525801195,-0.23099473527024766,-0.14144578900884128,-0.026897556165830755,-17.377633807445637,0.0,0.0
dd_30d & dist_high_20,-16.2..-12.2 & 2.18..3.01,10364,1.6232733925066918,0.3087610961018912,-0.23101858190998134,-0.0954709356257603,-0.02692140280556443,-17.398422598178193,0.07142857142857142,0.0
dd_30d & ema200_rel,-8.28..-4.52 & 0.891..2.69,15948,2.4978738000479277,0.32386506144971156,-0.23107544134341154,-0.04642724163707222,-0.026978262238994632,-21.234362848907278,0.07142857142857142,0.16666666666666666
ret_4 & dist_high_20,-1.65..-0.796 & 1.54..2.18,13230,2.072163931191001,0.31179138321995464,-0.23110078001494422,-0.07836324385690172,-0.02700360091052731,-19.43379132517577,0.0,0.0
dd_30d & dist_high_20,-4.52..0 & 0.556..1.02,15439,2.41815109097943,0.3366150657425999,-0.23120876886880212,0.0007998840837448679,-0.027111589764385213,-20.47750842897803,0.21428571428571427,0.0
dist_low_20 & dist_high_20,1.14..1.65 & 3.01..4.22,11218,1.7570321224565872,0.30477803530041003,-0.23122831363054017,-0.11167751365659839,-0.027131134526123257,-18.230059685205465,0.0,0.0
bb_width_pctile & dow,0.00039..0.107 & 1,7022,1.0998288076208018,0.31358587297066365,-0.2312450334083739,-0.06087313047110729,-0.027147854303956998,-13.957559198428877,0.0,0.16666666666666666
atr_pct & bb_width_pctile,0.807..0.984 & 0.231..0.358,11818,1.8510078109459749,0.3113894059908614,-0.2317293147571412,-0.08253210860153053,-0.027632135652724293,-18.51178265901357,0.0,0.0
ret_4 & dist_high_20,-0.796..-0.333 & 1.54..2.18,15407,2.413139054259996,0.31492178879729993,-0.2318072214106155,-0.07073415879975764,-0.027710042306198585,-21.0211041039658,0.0,0.0
bb_width_pctile & dist_low_20,0.618..0.75 & 0.662..1.14,7743,1.2127562599555495,0.31718971974686816,-0.23182116209813156,-0.07715483605291076,-0.027723982993714646,-15.122401158405372,0.0,0.0
atr_pct & bb_width_pctile,0.597..0.807 & 0.618..0.75,7761,1.2155755306102312,0.3262466177039041,-0.23184105297371357,-0.04254144837647288,-0.027743873869296665,-14.924394155532855,0.07692307692307693,0.0
dd_30d & dow,-8.28..-4.52 & 5,11863,1.858055987582679,0.3259715080502402,-0.23196910629058579,-0.03760025252182398,-0.027871927186168877,-18.222535627929997,0.21428571428571427,0.0
atr_pct & dist_low_20,0.807..0.984 & 1.14..1.65,12674,1.9850797931908348,0.31158276787123246,-0.2320439643656516,-0.08250817041026395,-0.027946785261234702,-19.223113911901216,0.0,0.0
ret_4 & dist_low_20,-1.65..-0.796 & 0.662..1.14,13801,2.1615974614034017,0.3071516556771248,-0.23209231668832456,-0.09996629122245934,-0.027995137583907648,-20.19312410585013,0.0,0.0
atr_pct & dist_high_20,1.17..1.37 & 4.22..6.43,13816,2.163946853615636,0.30269253039953675,-0.2323075800609576,-0.1271056175890872,-0.028210400956540704,-20.562395631405597,0.0,0.0
bb_width_pctile & dow,0.358..0.489 & 6,10094,1.5809843326864674,0.3084010303150386,-0.23231683547630386,-0.07769331852556621,-0.028219656371886948,-16.904415094356086,0.07142857142857142,0.0
bb_width_pctile & dist_low_20,0.00039..0.107 & 1.65..2.27,12891,2.0190676671944967,0.3057171670157474,-0.23234227309421732,-0.09086303504492456,-0.028245093989800407,-19.24733955833108,0.07142857142857142,0.0
ret_4 & dist_low_20,0.333..0.785 & 1.65..2.27,14963,2.3435970447778494,0.3179175299071042,-0.2323430921476412,-0.06523944966137224,-0.028245913043224297,-20.799587930688304,0.0,0.0
dist_low_20 & dist_high_20,1.65..2.27 & 4.22..6.43,10252,1.6057312639886727,0.29682013265704255,-0.23265757793141134,-0.13924972945153608,-0.028560398826994432,-17.789967767535547,0.0,0.0
dd_30d & ret_4,-25.7..-20.5 & 0.333..0.785,9604,1.504237520420134,0.30841316118284046,-0.23272429788396956,-0.09845594068725742,-0.02862711877955265,-16.904882646924477,0.07142857142857142,0.0
atr_pct & ret_4,0.807..0.984 & -0.333..0,12119,1.898152281338151,0.3112468025414638,-0.2327327953929482,-0.0830760622704652,-0.028635616288531285,-18.839248769050602,0.07142857142857142,0.0
bb_width_pctile & dist_low_20,0.358..0.489 & 1.14..1.65,10421,1.6322010829131837,0.31993090874196334,-0.23273867588732772,-0.060671801924852914,-0.028641496782910808,-17.40530962499702,0.0,0.0
dd_30d & dist_high_20,-8.28..-4.52 & 1.02..1.54,10998,1.7225743700104783,0.32615020912893256,-0.2328112354587345,-0.034720056831857464,-0.02871405635431759,-17.711147066895766,0.14285714285714285,0.16666666666666666
dist_low_20 & ema200_rel,4.3..6.59 & -6.51..-3.59,8497,1.3308523751572134,0.2978698364128516,-0.2329137045168016,-0.14540062480682034,-0.02881652541238469,-16.403411624328193,0.0,0.0
ret_4 & dist_high_20,-0.333..0 & 1.54..2.18,13128,2.056188064147805,0.31611822059719685,-0.23302848118001307,-0.0683051411454351,-0.02893130207559616,-19.543582023964934,0.0,0.0
ret_4 & dist_high_20,-0.796..-0.333 & 2.18..3.01,13661,2.1396698007558776,0.3083961642632311,-0.23316128533554845,-0.09329881367377127,-0.029064106231131537,-20.09144878350389,0.0,0.0
dist_high_20 & ema200_rel,1.54..2.18 & -1.84..-0.491,11350,1.7777067739242525,0.3228193832599119,-0.233257417162533,-0.05479381672408235,-0.0291602380581161,-18.13835384769974,0.07142857142857142,0.0
dist_low_20 & ema200_rel,2.27..3.09 & -0.491..0.891,9714,1.5214663966431885,0.31243565987234917,-0.23364768406315436,-0.08345689110600424,-0.029550504958737456,-16.991715551874726,0.0,0.16666666666666666
atr_pct & ema200_rel,0.597..0.807 & 0.891..2.69,13838,2.167392628860247,0.32186732186732187,-0.23372577910508216,-0.04264692574048011,-0.02962860000066525,-19.89390914200132,0.0,0.0
dd_30d & dist_high_20,-4.52..0 & -0.001..0.556,20917,3.2761491268875407,0.3565998948223933,-0.23391721225026374,0.06566719586606433,-0.02982003314584683,-23.632462648194515,0.21428571428571427,0.0
dow & ema200_rel,4 & -6.51..-3.59,11979,1.8762246206906272,0.31613657233491943,-0.23397791666891526,-0.1256607032790959,-0.029880737564498355,-20.042985607560947,0.0,0.0
atr_pct & dd_30d,1.37..1.66 & -12.2..-8.28,7533,1.1798647689842638,0.2939068100358423,-0.23405993740605616,-0.14511573443497475,-0.029962758301639247,-15.396675380452926,0.14285714285714285,0.16666666666666666
dow & ret_4,3 & -0.796..-0.333,11433,1.7907067441652844,0.3108545438642526,-0.23408774285434555,-0.09238261776806987,-0.029990563749928645,-18.518471570721765,0.0,0.0
dist_high_20 & ema200_rel,0.556..1.02 & 0.891..2.69,13900,2.1771034500041506,0.3297841726618705,-0.23425438108614222,-0.021697594028706104,-0.030157201981725307,-19.846009245543495,0.14285714285714285,0.0
dist_low_20 & ema200_rel,1.14..1.65 & -6.51..-3.59,11325,1.7737911202371945,0.3049889624724062,-0.23437056619209692,-0.108619738896318,-0.030273387087680015,-18.553308476419282,0.0,0.0
bb_width_pctile & ret_4,0.358..0.489 & 0.333..0.785,10478,1.6411287733196755,0.315136476426799,-0.23448772075739882,-0.07297568957677365,-0.03039054165298191,-17.60357792184694,0.0,0.0
ret_4 & dist_high_20,-0.796..-0.333 & 3.01..4.22,11697,1.832056047100615,0.3037530990852355,-0.23457482242471853,-0.11513766894168265,-0.030477643320301617,-18.90147206034957,0.0,0.0
bb_width_pctile & ema200_rel,0.75..0.879 & -3.59..-1.84,8218,1.2871536800096481,0.3171087855926016,-0.23459917214767956,-0.10394050467015506,-0.03050199304326265,-16.148599698577105,0.0,0.0
atr_pct & dist_low_20,1.17..1.37 & 1.14..1.65,9071,1.4207557838120612,0.29754161613934516,-0.23473672079175453,-0.1288814569462626,-0.030639541687337624,-16.73041738452836,0.0,0.16666666666666666
dd_30d & dist_high_20,-25.7..-20.5 & 0.556..1.02,8540,1.337587299498953,0.31252927400468383,-0.235169112197143,-0.08043929374890496,-0.0310719330927261,-15.912438002629758,0.07142857142857142,0.0
atr_pct & dist_high_20,0.807..0.984 & 1.02..1.54,13597,2.1296457273170097,0.3104361256159447,-0.23522539357874742,-0.08552731600573056,-0.031128214474330507,-20.182772784408392,0.0,0.0
dow & dist_low_20,0 & 1.65..2.27,11220,1.7573453747515517,0.3086452762923351,-0.23533637688506545,-0.09108327625353564,-0.031239197780648542,-18.26285211065113,0.0,0.0
atr_pct & dow,0.807..0.984 & 2,11473,1.796971790064577,0.3099450884685784,-0.2353760355182174,-0.08642713022432792,-0.03127885641380049,-18.49729624752977,0.0,0.0
atr_pct & bb_width_pctile,0.807..0.984 & 0.618..0.75,8915,1.3963221048048202,0.3138530566461021,-0.2354139414237612,-0.08679156022141442,-0.0313167623193443,-16.4942501280631,0.14285714285714285,0.0
atr_pct & dist_low_20,0.807..0.984 & 2.27..3.09,13059,2.0453808599715253,0.3105903974270618,-0.23568129905114507,-0.08658202533779487,-0.03158411994672816,-19.84440262403144,0.07142857142857142,0.0
atr_pct & dist_low_20,1.17..1.37 & 0.662..1.14,7718,1.2088406062684918,0.2968385592122311,-0.23607312741615621,-0.13011541268673948,-0.031975948311739305,-15.5458238112538,0.0,0.0
bb_width_pctile & dist_high_20,0.358..0.489 & 0.556..1.02,9543,1.4946833254237128,0.3198155716231793,-0.23617814397061473,-0.051792840788872946,-0.032080964866197825,-16.787188985501544,0.07142857142857142,0.0
dow & ema200_rel,3 & 0.891..2.69,11129,1.7430923953306612,0.31422409920028754,-0.23619679719879422,-0.07691081637478567,-0.03209961809437731,-18.3084279195344,0.0,0.0
bb_width_pctile & dow,0.231..0.358 & 2,11407,1.7866344643307444,0.30577715437889014,-0.2363780746817604,-0.09633012463426935,-0.03228089557734348,-18.581616531761178,0.07142857142857142,0.0
dow & dist_high_20,2 & 1.54..2.18,11728,1.8369114576725667,0.3058492496589359,-0.23643602672684466,-0.10021017435453537,-0.03233884762242775,-18.859728555893767,0.07142857142857142,0.0
bb_width_pctile & dist_high_20,0.489..0.618 & -0.001..0.556,9205,1.4417436875746912,0.3249321021184139,-0.2364373885669963,-0.039169832531623275,-0.0323402094625794,-16.414176987069244,0.0,0.0
dd_30d & bb_width_pctile,-16.2..-12.2 & 0.231..0.358,10392,1.6276589246361965,0.31187451886066203,-0.23654285980655573,-0.0821274179846955,-0.032445680702138824,-17.653309605752433,0.0,0.0
dd_30d & dist_low_20,-33.6..-25.7 & -0.001..0.662,7535,1.1801780212792283,0.29966821499668217,-0.23665256335151444,-0.11613116140151962,-0.03255538424709753,-15.197040007671857,0.0,0.0
bb_width_pctile & ret_4,0.107..0.231 & -1.65..-0.796,10431,1.6337673443880067,0.302655545968747,-0.23673025897919825,-0.10458606023383847,-0.03263307987478134,-17.815967098938614,0.0,0.0
ret_4 & dist_high_20,0..0.333 & 1.02..1.54,11983,1.8768511252805566,0.32120504047400483,-0.23693415529722917,-0.05282662972966759,-0.032836976192812256,-18.850814025495424,0.0,0.0
bb_width_pctile & ret_4,0.231..0.358 & 0.333..0.785,10974,1.7188153424709027,0.3155640605066521,-0.2370336812962347,-0.06952036411867075,-0.03293650219181779,-18.161020520943723,0.0,0.0
bb_width_pctile & ret_4,0.358..0.489 & 0..0.333,9230,1.4456593412617489,0.3215601300108342,-0.23710386973171538,-0.048922638272797275,-0.03300669062729847,-16.547089083095905,0.0,0.0
bb_width_pctile & dist_low_20,0.231..0.358 & 1.65..2.27,12184,1.9083329809245015,0.3090938936309915,-0.23732528569982825,-0.08979567978716664,-0.03322810659541134,-19.3190284959729,0.0,0.0
dd_30d & bb_width_pctile,-20.5..-16.2 & 0.489..0.618,9571,1.4990688575532176,0.30362553547173754,-0.23736819830824762,-0.11324219741643539,-0.033271019203830715,-17.308868482630977,0.0,0.0
dow & dist_high_20,2 & 1.02..1.54,11266,1.7645501775357382,0.3095153559382212,-0.237820768594465,-0.0855501711154586,-0.033723589490048084,-18.448360983594313,0.07142857142857142,0.0
ret_4 & ema200_rel,-0.796..-0.333 & -6.51..-3.59,10935,1.7127069227190925,0.30480109739369,-0.2381231502629685,-0.10972961054445056,-0.034025971158551604,-18.506870853963857,0.0,0.0
bb_width_pctile & ema200_rel,0.231..0.358 & 0.891..2.69,11348,1.7773935216292878,0.31820585125132184,-0.2381911289341674,-0.055184733747130524,-0.0340939498297505,-18.357859542487866,0.0,0.16666666666666666
dd_30d & ret_4,-25.7..-20.5 & 0..0.333,8258,1.2934187259089407,0.30963913780576413,-0.23825772544260515,-0.0931304628760627,-0.03416054633818824,-15.98206275916694,0.07142857142857142,0.0
bb_width_pctile & ema200_rel,0.618..0.75 & -1.84..-0.491,8069,1.2638163840347836,0.3165200148717313,-0.23837838758399932,-0.08436678398053758,-0.03428120847958241,-15.938681719400002,0.0,0.0
ret_4 & ema200_rel,0.333..0.785 & -3.59..-1.84,10270,1.6085505346433544,0.3136319376825706,-0.23840603759225337,-0.0846865239011386,-0.03430885848783646,-17.890524600704676,0.0,0.0
dow & ret_4,5 & -0.796..-0.333,12070,1.8904776001115178,0.3124275062137531,-0.23845563225488792,-0.08202050095643229,-0.03435845315047101,-19.27865607475597,0.0,0.0
dist_high_20 & ema200_rel,1.54..2.18 & -3.59..-1.84,12793,2.00371830474123,0.31665754709606814,-0.2385251966607906,-0.07591363427563329,-0.0344280175563737,-19.88546713795002,0.07142857142857142,0.0
dist_high_20 & ema200_rel,2.18..3.01 & -3.59..-1.84,12611,1.975212345899449,0.31083974308143686,-0.23856446011510551,-0.0891110227849424,-0.034467281010688605,-19.795812308550012,0.07142857142857142,0.0
dow & dist_high_20,3 & 4.22..6.43,12750,1.9969833803994907,0.29654901960784313,-0.23858949960000375,-0.14812973080854164,-0.03449232049558684,-20.499606567124182,0.0,0.0
dow & ret_4,0 & -1.65..-0.796,11860,1.8575861091402321,0.30168634064080946,-0.23862659848665405,-0.11208306826289817,-0.034529419382237136,-19.201584744238755,0.0,0.0
dd_30d & dist_low_20,-33.6..-25.7 & 0.662..1.14,8023,1.2566115812505971,0.30038638913124766,-0.23898584826980934,-0.11878254778258569,-0.03488866916539243,-15.909871465440094,0.14285714285714285,0.0
dd_30d & ema200_rel,-20.5..-16.2 & -6.51..-3.59,14848,2.3255850378173832,0.3070447198275862,-0.23913939978846532,-0.11712449302890227,-0.035042220684048414,-21.96448561795661,0.0,0.0
atr_pct & bb_width_pctile,0.597..0.807 & 0.358..0.489,10582,1.657417892657836,0.3212058212058212,-0.23917824331114754,-0.049441199032471864,-0.03508106420673063,-17.91446307946825,0.07142857142857142,0.0
ret_4 & dist_low_20,-0.796..-0.333 & 1.14..1.65,11662,1.826574131938734,0.3102383810667124,-0.2393535901410788,-0.09038607488955652,-0.03525641103666188,-19.08148231976621,0.0,0.0
dist_low_20 & dist_high_20,2.27..3.09 & 0.556..1.02,10851,1.6995503263305782,0.3122292876232605,-0.23935795328175588,-0.07668220447298571,-0.03526077417733897,-18.244409131730254,0.07142857142857142,0.0
atr_pct & bb_width_pctile,0.807..0.984 & 0.358..0.489,11059,1.7321285650068994,0.31087801790396963,-0.23936302961135789,-0.09019363853576912,-0.03526585050694098,-18.56576742029354,0.0,0.0
dist_low_20 & ema200_rel,1.65..2.27 & -6.51..-3.59,11028,1.7272731544349478,0.3014145810663765,-0.23937467539637586,-0.12224216335990885,-0.03527749629195895,-18.85561304628144,0.0,0.0
dow & dist_low_20,5 & 6.59..2.4e+03,10373,1.6246830278340327,0.2893087824158874,-0.23939033841672758,-0.17431497745650043,-0.03529315931231067,-18.878429185990456,0.0,0.0
atr_pct & ema200_rel,0.807..0.984 & -6.51..-3.59,11783,1.845525895784094,0.31146567088177884,-0.23956093040031654,-0.09087418961088342,-0.035463751295899626,-19.234522749226603,0.14285714285714285,0.0
dist_high_20 & ema200_rel,1.02..1.54 & 0.891..2.69,11787,1.8461524003740233,0.3177229150759311,-0.23958086959532493,-0.059090631700075315,-0.03548369049090802,-18.879068826151922,0.0,0.16666666666666666
bb_width_pctile & ema200_rel,0.231..0.358 & -6.51..-3.59,10277,1.6096469176757306,0.30086601148194997,-0.23966112488511904,-0.12203790120055255,-0.03556394578070213,-18.144762248613073,0.07142857142857142,0.0
dd_30d & ret_4,-16.2..-12.2 & 0.333..0.785,10563,1.6544419958556722,0.3135472877023573,-0.23997826409712963,-0.08094369547692043,-0.035881084992712725,-18.170055928054367,0.07142857142857142,0.0
dow & dist_low_20,5 & 0.662..1.14,12054,1.8879715817518008,0.3285216525634644,-0.24005884193972568,-0.029318325951932723,-0.03596166283530877,-19.019955897794233,0.0,0.0
bb_width_pctile & dow,0.358..0.489 & 3,11606,1.8178030676797245,0.30665173186282957,-0.24012063769926498,-0.10479618873335188,-0.03602345859484807,-19.253485415168626,0.0,0.0
ret_4 & dist_high_20,0.333..0.785 & 0.556..1.02,14023,2.196368466144475,0.31655137987591814,-0.24015947448902702,-0.06374706835990265,-0.036062295384610116,-20.691064846736438,0.0,0.0
dd_30d & ret_4,-20.5..-16.2 & 0.333..0.785,10098,1.5816108372763966,0.30986333927510396,-0.24054921909837154,-0.09291731506067968,-0.03645203999395463,-17.875814777908637,0.0,0.0
ret_4 & ema200_rel,0..0.333 & -6.51..-3.59,7719,1.208997232415974,0.30431403031480764,-0.2406322094188386,-0.10956968451054352,-0.03653503031442168,-15.751445700395918,0.07142857142857142,0.0
dd_30d & ret_4,-16.2..-12.2 & -1.65..-0.796,10354,1.6217071310318687,0.3061618698087696,-0.24082504786133271,-0.1117589761217932,-0.036727868756915805,-18.28895430447134,0.0,0.0
bb_width_pctile & dist_low_20,0.358..0.489 & 0.662..1.14,9726,1.523345910412976,0.31976146411680034,-0.24108468475461467,-0.05827326363565205,-0.03698750565019776,-17.364254627503545,0.0,0.0
bb_width_pctile & ret_4,0.107..0.231 & 0.333..0.785,11907,1.8649475380719007,0.3155286806080457,-0.24116635200035416,-0.06280630433735719,-0.03706917289593725,-19.10597926578227,0.07142857142857142,0.0
dd_30d & ret_4,-4.52..0 & -0.796..-0.333,9081,1.4223220452868843,0.32848805197665454,-0.24123015859944183,-0.030127932943528665,-0.03713297949502492,-16.583908343184564,0.21428571428571427,0.0
bb_width_pctile & dist_low_20,0.489..0.618 & 1.14..1.65,9008,1.4108883365206755,0.3157193605683837,-0.24132395620161953,-0.07733750180730486,-0.037226777097202624,-16.935200507884517,0.0,0.0
ret_4 & dist_low_20,0.333..0.785 & 2.27..3.09,13735,2.151260135669569,0.3076082999635967,-0.24158636650029608,-0.09879925362775292,-0.03748918739587917,-20.96536906594957,0.0,0.0
dow & dist_high_20,2 & 0.556..1.02,10632,1.6652492000319516,0.3119826937547028,-0.24163909232143901,-0.07208067646493319,-0.037541913217022105,-18.061649839019392,0.0,0.16666666666666666
atr_pct & dow,1.17..1.37 & 1,12314,1.9286943800972023,0.29088841968491147,-0.2418910011763415,-0.13637835596574097,-0.03779382207192458,-20.00502920217492,0.07142857142857142,0.0
bb_width_pctile & dist_high_20,0.231..0.358 & 1.02..1.54,11484,1.7986946776868824,0.31478578892371994,-0.2421324209829937,-0.0710478078117748,-0.03803524187857679,-18.98073337908665,0.0,0.0
atr_pct & dow,1.37..1.66 & 6,8740,1.3689125289954156,0.2854691075514874,-0.24220210838758577,-0.1532932626235507,-0.03810492928316886,-16.9107407680248,0.14285714285714285,0.0
atr_pct & dow,0.597..0.807 & 3,9990,1.5646952133483067,0.3241241241241241,-0.24221912947723617,-0.05326820783458404,-0.03812195037281926,-17.744938099885747,0.14285714285714285,0.16666666666666666
ret_4 & dist_low_20,-0.333..0 & 1.65..2.27,11323,1.77347786794223,0.3116665194736377,-0.24223181238693223,-0.08572445017235163,-0.03813463328251532,-18.986723326837176,0.0,0.0
bb_width_pctile & dist_low_20,0.107..0.231 & 1.65..2.27,13141,2.058224204065075,0.30644547599117267,-0.24239882792136763,-0.09632924129516153,-0.03830164881695072,-20.447812734632027,0.0,0.0
atr_pct & ema200_rel,1.17..1.37 & -57.7..-6.51,8153,1.2769729804232979,0.2971912179565804,-0.24244073195229152,-0.13771691711395856,-0.03834355284787461,-16.467283053503316,0.0,0.0
dow & ema200_rel,1 & 2.69..5.97,11575,1.812947657107773,0.29606911447084233,-0.24259833112791826,-0.1240072738961038,-0.03850115202350135,-19.352680869384727,0.07142857142857142,0.0
ret_4 & dist_low_20,0..0.333 & 2.27..3.09,9629,1.5081531741071919,0.30823553847751584,-0.24271628408898488,-0.09696867359053306,-0.03861910498456797,-17.619472718264504,0.0,0.16666666666666666
dow & ema200_rel,0 & 5.97..230,11914,1.866043921104277,0.28126573778747693,-0.2430380339974079,-0.16360608419004136,-0.038940854892990984,-19.894412834752806,0.07142857142857142,0.0
dist_low_20 & ema200_rel,1.14..1.65 & 2.69..5.97,7930,1.242045349534742,0.3078184110970996,-0.24327746284979526,-0.09047294520443958,-0.03918028374537835,-15.867805247435154,0.07142857142857142,0.16666666666666666
dow & ret_4,3 & 0..0.333,10032,1.571273511542564,0.31798245614035087,-0.24351334748369044,-0.06647713651080808,-0.03941616837927353,-17.871490766149478,0.0,0.0
dist_high_20 & ema200_rel,-0.001..0.556 & 0.891..2.69,17596,2.7559936910987792,0.3445101159354399,-0.24373008255329986,0.028360243323578088,-0.039632903448882956,-22.778725801244857,0.0,0.0
dow & ema200_rel,5 & -0.491..0.891,11154,1.7470080490177191,0.3323471400394477,-0.24394551519121202,-0.01412633603658859,-0.03984833608679511,-18.478418376871772,0.07142857142857142,0.0
dd_30d & dow,-12.2..-8.28 & 3,11301,1.7700320926976192,0.3101495442881161,-0.24396317335704826,-0.09868840194102245,-0.03986599425263135,-19.340208790413723,0.07142857142857142,0.0
bb_width_pctile & dow,0.00039..0.107 & 3,7814,1.2238767164267936,0.3085487586383414,-0.24410266654824456,-0.08646340705901769,-0.04000548744382765,-15.853086561209471,0.0,0.16666666666666666
dist_high_20 & ema200_rel,2.18..3.01 & -6.51..-3.59,12249,1.9185136805108518,0.3015756388276594,-0.24438198261439661,-0.120150039794799,-0.040284803509979705,-20.208682086251933,0.0,0.0
dow & dist_high_20,3 & 2.18..3.01,11494,1.8002609391617055,0.30085261875761266,-0.24443352359629916,-0.12379311214179478,-0.04033634449188225,-19.639408456397184,0.07142857142857142,0.0
atr_pct & ret_4,0.597..0.807 & 0.785..1.63,9740,1.5255386764777286,0.317864476386037,-0.2444472235033259,-0.05615251749351787,-0.04035004439890899,-17.58399582640484,0.0,0.0
bb_width_pctile & dist_low_20,0.358..0.489 & 1.65..2.27,11070,1.7338514526292048,0.3092140921409214,-0.2444880082532275,-0.09500324273714608,-0.04039082914881059,-19.05843866121924,0.0,0.0
dist_low_20 & ema200_rel,1.65..2.27 & -0.491..0.891,10998,1.7225743700104783,0.3162393162393162,-0.24463119055947852,-0.06952341014608594,-0.04053401145506161,-18.78932640692455,0.07142857142857142,0.0
atr_pct & dd_30d,1.17..1.37 & -12.2..-8.28,8163,1.278539241898121,0.2958471150312385,-0.24466199035769273,-0.1388820333174331,-0.04056481125327582,-16.645687683951927,0.0,0.0
dow & ema200_rel,0 & 2.69..5.97,11106,1.7394899939385682,0.2975868899693859,-0.24485959307401692,-0.11870000353295801,-0.04076241396960001,-19.03232513282684,0.0,0.0
dow & dist_high_20,0 & 1.02..1.54,10270,1.6085505346433544,0.30895813047711784,-0.24493653602066817,-0.08191217132291365,-0.04083935691625126,-18.045483237090988,0.0,0.0
dd_30d & bb_width_pctile,-20.5..-16.2 & 0.358..0.489,10439,1.6350203535678653,0.30290257687517963,-0.24527330348277754,-0.11243359245925863,-0.04117612437836063,-18.681104613290813,0.0,0.0
dow & ret_4,5 & 0.333..0.785,12656,1.9822605225361531,0.3117888748419722,-0.24531862543453806,-0.08112611626963843,-0.04122144633012115,-20.283459155322674,0.0,0.0
atr_pct & dist_low_20,0.597..0.807 & 1.65..2.27,13910,2.1786697114789737,0.32070452911574404,-0.24558761808911297,-0.05577211427191103,-0.041490438984696065,-21.151128838278677,0.0,0.16666666666666666
bb_width_pctile & dow,0.489..0.618 & 0,12659,1.9827304009786002,0.3021565684493246,-0.24575808313880307,-0.1076486565810002,-0.04166090403438616,-20.360563180153832,0.0,0.0
dow & dist_high_20,3 & -0.001..0.556,9749,1.5269483118050693,0.3238280849317879,-0.2459090466515975,-0.03902638657304875,-0.04181186754718058,-17.580291619413366,0.07142857142857142,0.0
bb_width_pctile & ema200_rel,0.358..0.489 & -1.84..-0.491,10669,1.6710443674887974,0.3166182397600525,-0.24607497689113647,-0.07154383613724775,-0.04197779778671956,-18.729056245461095,0.0,0.0
atr_pct & ema200_rel,0.984..1.17 & -6.51..-3.59,14277,2.2361515076049825,0.3012537647965259,-0.24619223112653738,-0.12190305949800546,-0.042095052022120466,-21.98581689422503,0.0,0.0
dd_30d & dow,-20.5..-16.2 & 3,11708,1.8337789347229205,0.30295524427741716,-0.24634203252282377,-0.1247403986421872,-0.042244853418406864,-20.11943346429633,0.0,0.0
bb_width_pctile & ret_4,0.358..0.489 & -0.796..-0.333,10266,1.6079240300534252,0.3084940580557179,-0.2464073142124581,-0.09314090938962713,-0.042310135108041186,-18.446359090178426,0.0,0.0
ret_4 & dist_high_20,-0.333..0 & 3.01..4.22,8993,1.4085389443084408,0.29856555098409876,-0.24648149348212653,-0.12617816075484806,-0.04238431437770962,-17.45759519805261,0.0,0.0
dow & dist_low_20,5 & 1.65..2.27,11785,1.8458391480790586,0.30844293593551125,-0.24663850993393702,-0.09498952704217993,-0.04254133082952011,-19.751272621855136,0.0,0.0
dd_30d & bb_width_pctile,-12.2..-8.28 & 0.231..0.358,10131,1.586779500143313,0.3135919455137696,-0.24666435783722498,-0.07516877543323831,-0.042567178732808075,-18.170896586785613,0.07142857142857142,0.16666666666666666
dd_30d & bb_width_pctile,-8.28..-4.52 & 0.358..0.489,9833,1.5401049081935836,0.3145530356961253,-0.2472130247230099,-0.07316268233333095,-0.043115845618592996,-17.962999021107755,0.07142857142857142,0.0
dd_30d & ema200_rel,-25.7..-20.5 & -6.51..-3.59,17927,2.807836945915425,0.2993250404417917,-0.24754187553800575,-0.1293497776058698,-0.043444696433588836,-24.90142261614619,0.14285714285714285,0.0
atr_pct & dd_30d,0.807..0.984 & -8.28..-4.52,10140,1.5881891354706537,0.3090729783037475,-0.24778350890089512,-0.09797016348029321,-0.04368632979647821,-18.56168104598788,0.07142857142857142,0.16666666666666666
dist_low_20 & dist_high_20,0.662..1.14 & 2.18..3.01,11427,1.7897669872803905,0.31040518071234796,-0.2478226563802927,-0.08900906141132273,-0.04372547727587578,-19.577680341744937,0.0,0.0
atr_pct & bb_width_pctile,0.807..0.984 & 0.107..0.231,12853,2.013115873590169,0.30413133120672214,-0.24795596437590955,-0.09840550754783979,-0.043858785271492645,-20.673192632644454,0.0,0.0
dist_high_20 & ema200_rel,1.02..1.54 & -0.491..0.891,12321,1.9297907631295783,0.32318805291778263,-0.24811886832807614,-0.044974153779353765,-0.04402168922365923,-20.016591870696605,0.0,0.0
ret_4 & dist_high_20,-0.333..0 & 2.18..3.01,10885,1.704875615344977,0.30537436839687643,-0.2481367208856982,-0.10646995078201298,-0.04403954178128128,-19.229408423908954,0.0,0.0
dd_30d & dow,-4.52..0 & 6,11948,1.8713692101186756,0.33269166387679944,-0.24832812709829974,-0.005736578113334188,-0.04423094799388283,-19.223724789749294,0.21428571428571427,0.0
dd_30d & ema200_rel,-20.5..-16.2 & -0.491..0.891,9974,1.5621891949885898,0.3084018447964708,-0.24845594085328987,-0.08669374182829752,-0.04435876174887296,-18.124139869547772,0.0,0.0
dow & dist_low_20,1 & -0.001..0.662,11032,1.727899659024877,0.32070340826686006,-0.24849246478733694,-0.04801703197947814,-0.04439528568292003,-18.814462918595332,0.0,0.0
dow & dist_low_20,1 & 1.65..2.27,11127,1.7427791430356967,0.2997213984002876,-0.24852312396317044,-0.11398685275907224,-0.044425944858753535,-19.407658734338945,0.0,0.0
ret_4 & dist_low_20,0..0.333 & 1.65..2.27,11747,1.8398873544747307,0.31242019238954627,-0.2486861345107858,-0.07852968833231512,-0.044588955406368896,-19.77871470763804,0.0,0.0
dd_30d & ret_4,-25.7..-20.5 & -0.796..-0.333,10333,1.6184179819347402,0.30281621987806057,-0.2488315495467472,-0.11350059108818454,-0.04473437044233028,-18.809302042138693,0.0,0.0
dow & ret_4,1 & 0.333..0.785,10736,1.6815383193701123,0.30504843517138597,-0.24883217252741055,-0.09850254443514626,-0.04473499342299364,-18.96325560052353,0.0,0.0
dow & ema200_rel,4 & -1.84..-0.491,10925,1.7111406612442694,0.32356979405034325,-0.24884161588050216,-0.07992856548760419,-0.04474443677608525,-19.873919812000988,0.0,0.0
dd_30d & bb_width_pctile,-12.2..-8.28 & 0.489..0.618,9924,1.5543578876144741,0.3076380491737203,-0.24912832596432288,-0.0979096142854837,-0.045031146859905974,-18.34414762885467,0.07142857142857142,0.16666666666666666
dist_high_20 & ema200_rel,3.01..4.22 & -1.84..-0.491,8860,1.387707666693293,0.30349887133182846,-0.24930892846830216,-0.11915442893388561,-0.04521174936388525,-17.607406774873194,0.0,0.0
atr_pct & dow,0.807..0.984 & 5,11607,1.817959693827207,0.30464374946153183,-0.24933482172460594,-0.0999108727076074,-0.045237642620189034,-19.801333223624553,0.0,0.0
dow & dist_high_20,6 & 3.01..4.22,10526,1.6486468283988265,0.29080372411172334,-0.2493622972533835,-0.13595329381887641,-0.04526511814896658,-18.940362064953124,0.0,0.0
bb_width_pctile & dist_high_20,0.107..0.231 & 1.54..2.18,13297,2.082657883072316,0.3037527261788373,-0.2494657488828256,-0.10191993731064915,-0.045368569778408696,-21.14791849381401,0.0,0.0
atr_pct & dd_30d,0.807..0.984 & -20.5..-16.2,13942,2.1836817481984077,0.3069143594893129,-0.2495595941916753,-0.10054115731357027,-0.0454624150872584,-21.853007803795002,0.0,0.0
dd_30d & dow,-20.5..-16.2 & 0,11010,1.724453883780266,0.3,-0.24988062704826436,-0.11723424860218179,-0.04578344794384745,-19.38958108541284,0.0,0.0
atr_pct & dist_low_20,0.807..0.984 & -0.001..0.662,10088,1.5800445758015735,0.30541237113402064,-0.24998347223725037,-0.10008431619718978,-0.04588629313283346,-18.547567325690107,0.0,0.0
dd_30d & bb_width_pctile,-20.5..-16.2 & 0.231..0.358,10543,1.6513094729060258,0.3033292231812577,-0.2506306101469992,-0.10836147166020484,-0.04653343104258231,-19.090514937509685,0.0,0.0
dd_30d & dist_high_20,-16.2..-12.2 & 1.02..1.54,10916,1.7097310259169287,0.31183583730304143,-0.2506373572635747,-0.08475254643323928,-0.04654017815915781,-19.259912929125136,0.07142857142857142,0.0
bb_width_pctile & dow,0.489..0.618 & 3,11634,1.8221885998092293,0.30144404332129965,-0.25076081019935076,-0.12258643827000665,-0.04666363109493385,-20.257771879220023,0.0,0.0
dist_low_20 & dist_high_20,-0.001..0.662 & 3.01..4.22,12579,1.970200309180015,0.30725812862707685,-0.25107245123714356,-0.09964047304324611,-0.04697527213272665,-20.795105629971545,0.0,0.0
atr_pct & ema200_rel,0.597..0.807 & -0.491..0.891,14984,2.346886193874978,0.31827282434596904,-0.2514377878942673,-0.05976535676865872,-0.047340608789850386,-22.4964253919522,0.0,0.0
dist_high_20 & ema200_rel,3.01..4.22 & -0.491..0.891,7512,1.176575619887135,0.29739084132055377,-0.25149230400895933,-0.12973580951261388,-0.047395124904542424,-16.328854533919287,0.0,0.0
dd_30d & ema200_rel,-12.2..-8.28 & -0.491..0.891,15146,2.372259629767113,0.32239535190809454,-0.2515024902996836,-0.05294443292759011,-0.04740531119526667,-22.527978972298854,0.0,0.16666666666666666
dd_30d & dow,-20.5..-16.2 & 6,11138,1.7445020306580021,0.30732627042557015,-0.2516743276358142,-0.08510267576547503,-0.0475771485313973,-19.229765321731627,0.0,0.0
atr_pct & dist_low_20,0.984..1.17 & 0.662..1.14,9298,1.4563099192905462,0.29769842976984295,-0.25197046908531456,-0.12719175630096036,-0.047873289980897654,-18.13988471367486,0.0,0.0
dist_high_20 & ema200_rel,3.01..4.22 & -3.59..-1.84,11798,1.8478752879963287,0.3027631802000339,-0.25203769492748773,-0.1212299377602495,-0.04794051582307082,-20.523686006616476,0.0,0.0
bb_width_pctile & ema200_rel,0.107..0.231 & -3.59..-1.84,12095,1.8943932537985757,0.30847457627118646,-0.2520795369476172,-0.09158525310957633,-0.04798235784320029,-20.3649102906197,0.0,0.0
bb_width_pctile & dist_low_20,0.231..0.358 & 1.14..1.65,11557,1.8101283864530913,0.3128839664272735,-0.25210300240347955,-0.07893047794396583,-0.04800582329906264,-19.921785563017448,0.0,0.0
dow & ema200_rel,6 & 0.891..2.69,12347,1.9338630429641186,0.32388434437515184,-0.2521596622905032,-0.03440088032830074,-0.048062483186086274,-20.00234018856472,0.07142857142857142,0.16666666666666666
dd_30d & bb_width_pctile,-8.28..-4.52 & 0.231..0.358,9833,1.5401049081935836,0.31790908166378523,-0.25219481956132234,-0.06191247828901914,-0.04809764045690543,-18.25589503255834,0.0,0.0
dow & ret_4,2 & 0..0.333,9782,1.5321169746719856,0.31312615007156,-0.25226524402933936,-0.07290506303150494,-0.048168064924922455,-18.23757097128153,0.0,0.0
bb_width_pctile & ema200_rel,0.618..0.75 & -3.59..-1.84,9173,1.436731650855257,0.30807805516188813,-0.25235870808416583,-0.11529461567145291,-0.04826152897974892,-18.26063249024321,0.0,0.0
bb_width_pctile & dow,0.618..0.75 & 6,7867,1.2321779022433563,0.29769925003177833,-0.2524404664181455,-0.12115421626735298,-0.04834328731372858,-16.589166017055476,0.0,0.0
atr_pct & bb_width_pctile,0.597..0.807 & 0.75..0.879,6316,0.9892507474982889,0.32251424952501584,-0.2527029793681809,-0.06400345200502956,-0.048605800263764015,-14.87195402532099,0.07692307692307693,0.0
dist_low_20 & dist_high_20,1.14..1.65 & 1.02..1.54,9387,1.470249646416472,0.3170341962288271,-0.2527086753355378,-0.06487403641571653,-0.048611496231120904,-17.88063094576323,0.0,0.0
dd_30d & dist_high_20,-25.7..-20.5 & -0.001..0.556,6875,1.0768047639409017,0.30516363636363636,-0.2529509191495879,-0.09720500299146398,-0.048853740045170985,-15.410333959376471,0.0,0.0
bb_width_pctile & dist_high_20,0.107..0.231 & 2.18..3.01,12200,1.9108389992842185,0.29385245901639345,-0.25307631261738617,-0.12859064249168006,-0.04897913351296926,-20.721589406885737,0.0,0.0
dd_30d & dist_low_20,-4.52..0 & 1.14..1.65,8989,1.4079124397185114,0.3364111692068083,-0.2531757919197771,-0.0025446012504904175,-0.04907861281536022,-17.18536817978116,0.14285714285714285,0.0
dow & dist_low_20,0 & 0.662..1.14,10816,1.6940684111686972,0.31268491124260356,-0.2531963158682598,-0.07165701019413032,-0.04909913676384289,-19.097452876602233,0.0,0.0
dd_30d & dist_low_20,-20.5..-16.2 & 1.14..1.65,10870,1.7025262231327423,0.30524379024839005,-0.2534731898015568,-0.10131244925149077,-0.0493760106971399,-19.564497366117912,0.07142857142857142,0.0
dow & dist_high_20,5 & 1.02..1.54,12853,2.013115873590169,0.3110557846417179,-0.25381867835989935,-0.08158298445282151,-0.04972149925548244,-21.098376565863422,0.07142857142857142,0.0
dist_high_20 & ema200_rel,4.22..6.43 & 0.891..2.69,6114,0.9576122657068616,0.28949950932286556,-0.2538706675847729,-0.16294490397436523,-0.04977348848035598,-15.147046525126544,0.07142857142857142,0.16666666666666666
dow & dist_low_20,6 & 1.65..2.27,11626,1.820935590629371,0.30311371064854636,-0.254140431189484,-0.098303406835051,-0.050043252085067075,-20.053461474199835,0.07142857142857142,0.0
bb_width_pctile & ret_4,0.358..0.489 & -0.333..0,10084,1.5794180712116441,0.313962713209044,-0.2541436822401986,-0.07173170934705235,-0.05004650313578171,-18.709440794286447,0.0,0.0
dd_30d & dist_high_20,-20.5..-16.2 & 2.18..3.01,10621,1.6635263124096462,0.29884191695697204,-0.2543170214416763,-0.1231130418326971,-0.050219842337259374,-19.595050150085623,0.14285714285714285,0.0
dist_high_20 & ema200_rel,1.02..1.54 & -6.51..-3.59,7454,1.167491303333161,0.29957070029514354,-0.25454630448702364,-0.12325844763771991,-0.050449125382606735,-16.388672539327548,0.07142857142857142,0.0
dd_30d & ret_4,-8.28..-4.52 & 0.333..0.785,11056,1.7316586865644525,0.31774602026049203,-0.2545655284188474,-0.060986358350244504,-0.05046834931443048,-19.55379520907833,0.07142857142857142,0.0
atr_pct & ret_4,0.807..0.984 & -0.796..-0.333,12689,1.9874291854030695,0.30490976436283396,-0.25474940113370864,-0.10522407088014582,-0.05065222202929173,-21.24664683445242,0.0,0.0
dist_low_20 & dist_high_20,1.65..2.27 & 0.556..1.02,10103,1.5823939680138082,0.3175294466990003,-0.2549427170016134,-0.06288017557536364,-0.05084553789719651,-18.715404757561185,0.0,0.16666666666666666
ret_4 & ema200_rel,-1.65..-0.796 & -1.84..-0.491,9543,1.4946833254237128,0.30849837577281775,-0.25504933777681565,-0.10496918424046636,-0.050952158672398745,-18.583829928041013,0.0,0.0
ret_4 & ema200_rel,0.333..0.785 & -0.491..0.891,12169,1.9059835887122667,0.32377352288602185,-0.25532987255449763,-0.04626559362491402,-0.05123269345008072,-20.487718863998932,0.0,0.0
dd_30d & ema200_rel,-12.2..-8.28 & 0.891..2.69,13241,2.0738868188133064,0.30601918284117513,-0.2554899839109535,-0.09632601842662607,-0.0513928048065366,-21.582613249061225,0.0,0.16666666666666666
dd_30d & bb_width_pctile,-16.2..-12.2 & 0.358..0.489,10231,1.6024421148915442,0.3030984263512853,-0.25557139636635984,-0.10954982746404941,-0.05147421726194293,-19.179010501610453,0.0,0.0
ret_4 & ema200_rel,-0.796..-0.333 & -0.491..0.891,11157,1.747477927460166,0.3196199695258582,-0.25598505814716815,-0.05676362566788684,-0.051887879042751245,-19.716531910235325,0.0,0.0
dd_30d & dist_high_20,-25.7..-20.5 & 3.01..4.22,11413,1.7875742212156382,0.29273635328134584,-0.2560380458636022,-0.14603653413984222,-0.05194086675918527,-20.636065228325183,0.0,0.0
dd_30d & ret_4,-20.5..-16.2 & -0.796..-0.333,10958,1.7163093241111858,0.3030662529658697,-0.2560443017156226,-0.10828446257050467,-0.05194712261120568,-19.843064363572786,0.0,0.0
dd_30d & dow,-12.2..-8.28 & 0,11683,1.8298632810358626,0.303945904305401,-0.2564862804655079,-0.1006861639290125,-0.05238910136109101,-20.3861631092909,0.0,0.16666666666666666
dd_30d & ret_4,-4.52..0 & -0.333..0,12847,2.012176116705275,0.3463065307075582,-0.2565415720890346,0.031496596262093585,-0.0524443929846177,-20.59076051073986,0.21428571428571427,0.0
dow & ema200_rel,0 & -0.491..0.891,11262,1.763923672945809,0.3199254128929142,-0.25675949530281805,-0.05397555989448283,-0.05266231619840114,-19.691622249049882,0.0,0.0
atr_pct & bb_width_pctile,0.597..0.807 & 0.489..0.618,9133,1.4304666049559644,0.31676338552501915,-0.256798901975129,-0.06712921001400698,-0.05270172287071209,-17.964162999770302,0.07692307692307693,0.0
dist_low_20 & ema200_rel,1.14..1.65 & -0.491..0.891,12744,1.9960436235145969,0.3222693032015066,-0.2578491544886114,-0.05066049644860312,-0.05375197538419449,-21.199652897708443,0.0,0.0
dow & ret_4,2 & -0.796..-0.333,11135,1.744032152215555,0.3022002694207454,-0.2579727977123002,-0.11220055039601462,-0.053875618607883285,-20.159903603052225,0.0,0.0
atr_pct & bb_width_pctile,0.597..0.807 & 0.231..0.358,11927,1.8680800610215471,0.31458036388027166,-0.2580817742645058,-0.06827024626626389,-0.05398459516008888,-20.561394163110208,0.0,0.16666666666666666
bb_width_pctile & dist_high_20,0.489..0.618 & 0.556..1.02,8354,1.3084548360672428,0.3087143883169739,-0.2581386150420622,-0.08775912462785834,-0.054041435937645294,-17.33495998772645,0.0,0.0
dd_30d & dist_low_20,-12.2..-8.28 & 1.65..2.27,10686,1.6737070119959967,0.3075987273067565,-0.258180610488864,-0.10074276894686891,-0.05408343138444707,-19.82458800145705,0.0,0.16666666666666666
atr_pct & dist_high_20,0.597..0.807 & 2.18..3.01,11152,1.7466947967227544,0.3171628407460545,-0.258320263052135,-0.07021234337631926,-0.054223083947718104,-20.032046122466763,0.0,0.0
atr_pct & dist_high_20,0.984..1.17 & 3.01..4.22,13325,2.0870434152018205,0.29853658536585365,-0.2583716241524819,-0.13415484407301068,-0.05427444504806497,-22.418055998058247,0.0,0.0
dist_high_20 & ema200_rel,4.22..6.43 & -1.84..-0.491,6761,1.0589493831279182,0.29196864369176156,-0.25872495455201466,-0.15242949969591177,-0.054627775447597754,-16.194606185475276,0.0,0.0
bb_width_pctile & ret_4,0.489..0.618 & -0.333..0,9406,1.473225543218636,0.3105464597065703,-0.2588984391130601,-0.08659823417979395,-0.05480126000864319,-18.46384192679458,0.0,0.0
bb_width_pctile & dist_high_20,0.00039..0.107 & 2.18..3.01,9262,1.4506713779811828,0.28989419131936944,-0.2588988702261012,-0.1410832640067449,-0.05480169112168429,-18.484737659925475,0.0,0.0
bb_width_pctile & dist_high_20,0.107..0.231 & 1.02..1.54,13728,2.1501637526371926,0.3108974358974359,-0.2594816931073787,-0.07943284523391646,-0.055384514002961766,-22.23988865988591,0.0,0.0
atr_pct & dd_30d,0.807..0.984 & -16.2..-12.2,13316,2.0856337798744797,0.3034695103634725,-0.2594976075899607,-0.10987244084156261,-0.0554004284855438,-22.261229813885063,0.07142857142857142,0.0
bb_width_pctile & dow,0.358..0.489 & 1,12146,1.9023811873201737,0.2963115428947802,-0.26028984630648233,-0.12429391058347011,-0.05619266720206542,-21.262127803995085,0.0,0.0
bb_width_pctile & dist_high_20,0.358..0.489 & -0.001..0.556,9947,1.5579602890065674,0.32140343822257966,-0.26030967989974296,-0.04876139923257122,-0.056212500795326054,-18.82905486813912,0.07142857142857142,0.0
ret_4 & dist_low_20,-1.65..-0.796 & -0.001..0.662,18784,2.942065554307767,0.3076554514480409,-0.26037866443622215,-0.09506418119237396,-0.05628148533180524,-26.28871487592841,0.0,0.0
ret_4 & ema200_rel,0..0.333 & 0.891..2.69,12431,1.947019639352633,0.32957927761242056,-0.2606948337873276,-0.018644380699824395,-0.0565976546829107,-20.797896751809226,0.0,0.0
atr_pct & ret_4,0.597..0.807 & 0.333..0.785,14018,2.1955853354070634,0.3145955200456556,-0.26104277008082166,-0.07044388450112944,-0.05694559097640475,-22.643835109636303,0.0,0.0
dd_30d & dist_high_20,-20.5..-16.2 & -0.001..0.556,8460,1.325057207700368,0.31182033096926715,-0.261173057408655,-0.0791616800730651,-0.057075878304238076,-17.442147218073547,0.07142857142857142,0.0
dow & ema200_rel,3 & -3.59..-1.84,12286,1.9243088479676975,0.3038417711216018,-0.2611779027999504,-0.12416547929312652,-0.05708072369553349,-21.860509213331216,0.0,0.0
dd_30d & dist_high_20,-12.2..-8.28 & 1.54..2.18,10243,1.604321628661332,0.30518402811676265,-0.26148641050625876,-0.10025511660622174,-0.05738923140184185,-19.545163544061637,0.0,0.16666666666666666
dd_30d & dist_low_20,-8.28..-4.52 & 1.14..1.65,10908,1.7084780167370701,0.3203153648698203,-0.261612414639069,-0.06299111847022958,-0.05751523553465207,-20.049445290335235,0.14285714285714285,0.0
dow & dist_high_20,1 & 1.54..2.18,11264,1.7642369252407735,0.2975852272727273,-0.2621443535549309,-0.12127208982295314,-0.058047174450513966,-20.60994384986048,0.0,0.16666666666666666
dow & dist_low_20,2 & -0.001..0.662,10012,1.5681409885929176,0.3161206552137435,-0.2623150335454743,-0.06714840949125123,-0.0582178544410574,-19.16453810930656,0.0,0.0
bb_width_pctile & dist_high_20,0.107..0.231 & 0.556..1.02,13363,2.0929952088061485,0.32230786500037417,-0.2623981039261468,-0.04500583224312184,-0.05830092482172991,-21.923194159854795,0.0,0.0
dd_30d & dist_high_20,-12.2..-8.28 & 1.02..1.54,11084,1.7360442186939573,0.3139660772284374,-0.2624401103150222,-0.07741010291292348,-0.05834293121060527,-20.257496270354633,0.0,0.16666666666666666
bb_width_pctile & ema200_rel,0.75..0.879 & -1.84..-0.491,6461,1.0119615388832242,0.3064541092710107,-0.26250413006803613,-0.11592444880061084,-0.058406950963619225,-15.961469992339541,0.0,0.0
atr_pct & dist_high_20,0.984..1.17 & 4.22..6.43,9858,1.5440205618806415,0.2953946033678231,-0.2627442556136446,-0.1391371038042158,-0.05864707650922771,-19.641158850902904,0.0,0.0
dow & ret_4,0 & 0..0.333,8972,1.405249795211312,0.31241640659830583,-0.2632175590053703,-0.07182789074248387,-0.059120379900953396,-18.040337823339566,0.0,0.0
bb_width_pctile & dist_low_20,0.107..0.231 & 1.14..1.65,13499,2.114296364863743,0.3078746573820283,-0.2632786074851534,-0.08665035464538436,-0.059181428380736506,-22.391075709917658,0.0,0.0
bb_width_pctile & ema200_rel,0.107..0.231 & 0.891..2.69,11997,1.879043891345309,0.31224472784862883,-0.2637463942692506,-0.07132327506997947,-0.05964921516483371,-20.997030680761156,0.07142857142857142,0.0
dow & dist_high_20,0 & 0.556..1.02,10629,1.6647793215895048,0.3100950230501458,-0.2638118288619479,-0.07895584993883394,-0.05971464975753096,-19.764558535990854,0.0,0.0
bb_width_pctile & dow,0.231..0.358 & 1,11229,1.7587550100788927,0.29869088966069995,-0.26402242484481536,-0.11759067775863691,-0.05992524574039845,-20.65464328903014,0.0,0.16666666666666666
ret_4 & ema200_rel,-0.333..0 & -6.51..-3.59,9681,1.516297733776272,0.29790310918293567,-0.264355524937193,-0.13189240452055603,-0.06025834583277609,-19.505813692074224,0.0,0.0
dd_30d & dist_low_20,-20.5..-16.2 & -0.001..0.662,10357,1.6221770094743158,0.3085835666698851,-0.264583206017916,-0.08916923011339811,-0.06048602691349911,-19.69507549751161,0.0,0.0
ret_4 & ema200_rel,-0.796..-0.333 & 0.891..2.69,10274,1.6091770392332836,0.30805917850885733,-0.2647267285022887,-0.09064119328767219,-0.06062954939787177,-19.716034010451956,0.0,0.0
dist_low_20 & dist_high_20,1.14..1.65 & 2.18..3.01,10648,1.6677552183916688,0.2972389181066867,-0.2652063207130831,-0.12578529999121846,-0.06110914160866618,-20.440827703812946,0.0,0.0
atr_pct & ret_4,0.807..0.984 & -1.65..-0.796,11381,1.782562184496204,0.30146735787716367,-0.26527290776568974,-0.11648206854505129,-0.06117572866127283,-21.054063888499083,0.0,0.0
dd_30d & dist_low_20,-25.7..-20.5 & -0.001..0.662,9367,1.4671171234668259,0.3019109640226326,-0.2655745382921837,-0.11247122180479784,-0.061477359187766784,-18.95665857120012,0.0,0.0
dow & ret_4,3 & -0.333..0,11234,1.7595381408163042,0.30879473028306925,-0.2657114061100649,-0.09833623726809214,-0.061614227005647976,-20.86918687054053,0.0,0.0
ret_4 & ema200_rel,0.333..0.785 & -6.51..-3.59,8635,1.3524667835097728,0.2924145917776491,-0.26635448967278075,-0.14614684206686876,-0.06225731056836384,-18.6996948761188,0.0,0.0
dd_30d & ret_4,-8.28..-4.52 & -0.796..-0.333,10743,1.6826347024024886,0.31387880480312763,-0.26667685819689324,-0.07895068712806785,-0.06257967909247633,-20.325616538522862,0.0,0.0
dd_30d & ret_4,-4.52..0 & 0..0.333,13099,2.051645905870818,0.3454462172684938,-0.2667088387605589,0.025812810832780874,-0.06261165965614199,-21.656588449015832,0.07142857142857142,0.0
dd_30d & ret_4,-12.2..-8.28 & 0.333..0.785,10901,1.7073816337046939,0.3085955416934226,-0.26693539328472377,-0.09063265985541216,-0.06283821418030686,-20.589582820758846,0.0,0.16666666666666666
dd_30d & dist_high_20,-20.5..-16.2 & 0.556..1.02,9941,1.5570205321216735,0.30540187103913086,-0.267056985242969,-0.0983322878833909,-0.0629598061385521,-19.564213712800886,0.0,0.0
dist_high_20 & ema200_rel,1.02..1.54 & -3.59..-1.84,11124,1.7423092645932496,0.3092412801150665,-0.2672496761188582,-0.09564059419925472,-0.06315249701444128,-20.814843905758735,0.0,0.0
dd_30d & ret_4,-12.2..-8.28 & -0.796..-0.333,10962,1.716935828701115,0.30824667031563585,-0.267637819789466,-0.09484315303077333,-0.06354064068504908,-20.687726625362355,0.0,0.16666666666666666
bb_width_pctile & ema200_rel,0.00039..0.107 & -6.51..-3.59,9122,1.428743717333659,0.2913834685376014,-0.26764845706210577,-0.13566266099807833,-0.06355127795768886,-18.923629257748363,0.07142857142857142,0.0
dist_low_20 & dist_high_20,2.27..3.09 & -0.001..0.556,11178,1.7507670765572947,0.31427804616210414,-0.26769931005650277,-0.06709009173933278,-0.06360213095208586,-20.66738029442489,0.0,0.0
bb_width_pctile & dow,0.107..0.231 & 1,9950,1.5584301674490142,0.2989949748743719,-0.267824385159316,-0.11055553385364897,-0.0637272060548991,-19.603559869001597,0.0,0.3333333333333333
bb_width_pctile & ema200_rel,0.107..0.231 & -0.491..0.891,13760,2.1551757893566266,0.32252906976744183,-0.26799983031170305,-0.04416971227035475,-0.06390265120728614,-22.76193100857207,0.0,0.0
atr_pct & ret_4,0.597..0.807 & -1.65..-0.796,8940,1.4002377584918781,0.31342281879194633,-0.26805281778253026,-0.08013068595337916,-0.06395563867811335,-18.64016927312172,0.0,0.0
atr_pct & dist_high_20,0.807..0.984 & 2.18..3.01,13361,2.092681956511184,0.30042661477434324,-0.26845368237359196,-0.11955202844527149,-0.06435650326917505,-23.147932779025513,0.0,0.0
dow & dist_high_20,1 & 1.02..1.54,10950,1.7150563149313274,0.3010045662100457,-0.2686259309854372,-0.1082701554658808,-0.06452875188102028,-20.672780146110586,0.0,0.16666666666666666
atr_pct & dist_high_20,0.597..0.807 & 0.556..1.02,16495,2.583548302720753,0.31264019399818127,-0.2687669355903529,-0.07713063657444544,-0.06466975648593601,-25.303431322003657,0.0,0.16666666666666666
dd_30d & ret_4,-25.7..-20.5 & -0.333..0,9856,1.5437073095856768,0.2992086038961039,-0.26885795392862083,-0.12247052061208095,-0.06476077482420392,-19.84538763611018,0.0,0.0
dow & dist_low_20,3 & -0.001..0.662,10749,1.6835744592873823,0.3140757279746953,-0.2688620729466066,-0.08202556783727397,-0.06476489384218967,-20.561706243604323,0.0,0.0
dow & ret_4,6 & 0.785..1.63,10319,1.6162252158699877,0.2927609264463611,-0.26907690539137813,-0.12986800061108103,-0.06497972628696122,-20.21308724220243,0.0,0.0
atr_pct & ema200_rel,0.807..0.984 & -3.59..-1.84,14445,2.262464700382011,0.30183454482519906,-0.26924664016433475,-0.1199344305577067,-0.06514946105991784,-24.31533956703193,0.07142857142857142,0.0
dist_high_20 & ema200_rel,1.02..1.54 & -1.84..-0.491,13300,2.083127761514763,0.31661654135338346,-0.269412911095965,-0.06416442991726906,-0.06531573199154808,-22.650319228382692,0.0,0.0
dow & ema200_rel,1 & -0.491..0.891,11614,1.8190560768595831,0.3091096951954538,-0.2696921921697308,-0.08334101813373333,-0.06559501306531387,-21.318927676880474,0.07142857142857142,0.0
atr_pct & dist_low_20,0.807..0.984 & 0.662..1.14,11984,1.877007751428039,0.3001502002670227,-0.2697660578365649,-0.11989461122738757,-0.06566887873214797,-21.955366576034542,0.0,0.0
ret_4 & ema200_rel,0..0.333 & -3.59..-1.84,9943,1.5573337844166382,0.30976566428643265,-0.2698983757040005,-0.0933889302034627,-0.06580119659958358,-19.918059324859552,0.0,0.0
dd_30d & dow,-20.5..-16.2 & 5,11154,1.7470080490177191,0.29989241527703064,-0.26995514056106196,-0.12337189633160635,-0.06585796145664505,-21.267314744748234,0.14285714285714285,0.0
dist_low_20 & ema200_rel,0.662..1.14 & -6.51..-3.59,11319,1.7728513633523009,0.29675766410460286,-0.27010053502812226,-0.13461696590425343,-0.06600335592370535,-21.557661704480296,0.0,0.0
dow & dist_low_20,6 & 2.27..3.09,10373,1.6246830278340327,0.2901764195507568,-0.27034142266429456,-0.13744826394605855,-0.06624424355987765,-20.3788223584506,0.07142857142857142,0.0
dow & ret_4,6 & -1.65..-0.796,11518,1.804019966701281,0.2901545407188748,-0.27060631134063,-0.13693510223516886,-0.0665091322362131,-21.497427768385645,0.0,0.0
dow & ret_4,0 & -0.333..0,10155,1.5905385276828885,0.30960118168389955,-0.2707593471201137,-0.08261650695470796,-0.06666216801569677,-19.853836722311176,0.0,0.0
dist_low_20 & ema200_rel,0.662..1.14 & 2.69..5.97,6008,0.9410098940737365,0.3009320905459387,-0.27119180436256485,-0.11040618599844566,-0.06709462525814794,-15.540447905565834,0.07142857142857142,0.0
dow & ema200_rel,3 & -0.491..0.891,11221,1.757502000899034,0.30924160057035915,-0.27123154043002035,-0.09012681027085336,-0.06713436132560344,-21.336701331926285,0.07142857142857142,0.0
atr_pct & ret_4,0.984..1.17 & -40.3..-1.65,6617,1.036395217890465,0.2921263412422548,-0.27138714442690426,-0.14764006460103424,-0.06728996532248735,-16.658151539394837,0.07142857142857142,0.0
dd_30d & dow,-25.7..-20.5 & 5,10946,1.714429810341398,0.29663804129362326,-0.2717282975440711,-0.13774943178648236,-0.06763111843965416,-21.47456101227342,0.07142857142857142,0.0
atr_pct & dist_high_20,0.807..0.984 & 3.01..4.22,10557,1.6535022389707783,0.299990527612011,-0.2717890924982106,-0.12350197932218392,-0.06769191339379368,-20.864923951341442,0.0,0.0
dd_30d & bb_width_pctile,-16.2..-12.2 & 0.107..0.231,10500,1.6445745485642864,0.302952380952381,-0.2718893445615451,-0.10270565302535366,-0.06779216545712821,-20.464524094301666,0.14285714285714285,0.0
ret_4 & ema200_rel,0.333..0.785 & -1.84..-0.491,11333,1.7750441294170531,0.3115679872937439,-0.2719364123327635,-0.08449762273247517,-0.06783923322834659,-21.297209066732282,0.0,0.0
bb_width_pctile & ret_4,0.231..0.358 & 0..0.333,10178,1.5941409290749817,0.31361760660247595,-0.27196492687205553,-0.07242716280304606,-0.06786774776763863,-20.026190398501747,0.0,0.0
dist_low_20 & ema200_rel,0.662..1.14 & 0.891..2.69,11006,1.7238273791903367,0.3260039978193712,-0.2719711142570958,-0.03488124473950345,-0.0678739351526789,-20.568060510413684,0.07142857142857142,0.0
dow & ema200_rel,5 & -6.51..-3.59,10741,1.6823214501075239,0.291220556745182,-0.27207825064991426,-0.14885915618527767,-0.06798107154549735,-21.284192959251,0.0,0.0
dow & ret_4,1 & -0.796..-0.333,11614,1.8190560768595831,0.29559152746685036,-0.2721985703313884,-0.12551049392132171,-0.06810139122697148,-21.715744438505638,0.0,0.0
ret_4 & dist_low_20,0.333..0.785 & 1.14..1.65,14414,2.2576092898100595,0.3120577216594977,-0.27269457522038204,-0.0740093422133201,-0.06859739611596513,-23.96829679127021,0.0,0.0
bb_width_pctile & ema200_rel,0.489..0.618 & -0.491..0.891,9431,1.4771411969056938,0.30675432085674903,-0.2727305553536987,-0.09303884775473135,-0.06863337624928181,-19.558129450724824,0.0,0.0
dow & ret_4,2 & -0.333..0,10936,1.7128635488665749,0.30340160936356986,-0.27301089683305746,-0.10267981019965801,-0.06891371772864055,-21.023282256351475,0.0,0.0
dow & ema200_rel,2 & -0.491..0.891,11431,1.7903934918703197,0.3071472312133672,-0.2730497011176467,-0.09258359210410684,-0.0689525220132298,-21.437207663697315,0.0,0.0
atr_pct & dist_high_20,0.597..0.807 & 1.54..2.18,14187,2.2220551543315743,0.31007260167759215,-0.2730754626058241,-0.08341258704390814,-0.0689782835014072,-23.88885416662419,0.0,0.0
dd_30d & dist_high_20,-16.2..-12.2 & 1.54..2.18,10619,1.6632130601146817,0.29918071381486017,-0.27324528507515067,-0.12381943316775296,-0.06914810597073376,-20.975350062585292,0.07142857142857142,0.0
dist_low_20 & ema200_rel,1.65..2.27 & -1.84..-0.491,11044,1.7297791727946648,0.3045092357841362,-0.2735583717010719,-0.11287525744384941,-0.06946119259665498,-21.41661236353552,0.0,0.0
atr_pct & dd_30d,0.597..0.807 & -8.28..-4.52,13135,2.057284447180181,0.3135896459840122,-0.2736050260584328,-0.08184874306008759,-0.06950784695401588,-23.23907693859491,0.0,0.0
dd_30d & dist_high_20,-20.5..-16.2 & 3.01..4.22,10821,1.694851541906109,0.28934479253303763,-0.2741014689203964,-0.15713126299213934,-0.07000428981597948,-21.63820760611473,0.0,0.0
dd_30d & bb_width_pctile,-4.52..0 & 0.00039..0.107,6980,1.0932505094265448,0.3538681948424069,-0.27447722298012794,0.05807610712643307,-0.07038004387571103,-16.11437395144186,0.35714285714285715,0.16666666666666666
bb_width_pctile & ema200_rel,0.489..0.618 & -1.84..-0.491,9191,1.4395509215099387,0.30606027635730604,-0.2750186067553582,-0.10884658951801013,-0.07092142765094131,-19.68642993728588,0.0,0.0
ret_4 & dist_high_20,-0.333..0 & 1.02..1.54,15380,2.408910148277974,0.3115734720416125,-0.2753381713121747,-0.07828233785288245,-0.07124099220775779,-24.9509842487264,0.0,0.0
dist_high_20 & ema200_rel,0.556..1.02 & -0.491..0.891,14377,2.2518141223532138,0.3273979272449051,-0.2755636458760979,-0.02923494169835326,-0.07146646677168098,-23.776253900400103,0.14285714285714285,0.16666666666666666
dd_30d & dist_low_20,-16.2..-12.2 & 1.14..1.65,11212,1.7560923655716933,0.3031573314306101,-0.27574061284416573,-0.1139241220289656,-0.07164343373974882,-21.72734225546786,0.0,0.0
dow & dist_low_20,1 & 0.662..1.14,10714,1.6780925441255015,0.301194698525294,-0.2759985329386822,-0.10519008679163315,-0.0719013538342653,-21.00120764494198,0.0,0.0
dd_30d & dist_low_20,-20.5..-16.2 & 0.662..1.14,10880,1.7040924846075653,0.30340073529411765,-0.276027029422547,-0.1118860622196884,-0.07192985031813007,-21.370389135043617,0.0,0.0
bb_width_pctile & dist_high_20,0.00039..0.107 & 1.54..2.18,13215,2.069814538978766,0.2910329171396141,-0.27608797513212746,-0.13313393549661484,-0.07199079602771055,-23.456432883160023,0.0,0.0
dd_30d & dist_low_20,-20.5..-16.2 & 2.27..3.09,10814,1.6937551588737327,0.29184390604771593,-0.2765601902665397,-0.14953629548551012,-0.07246301116212281,-21.73987222742,0.0,0.0
bb_width_pctile & ema200_rel,0.231..0.358 & -0.491..0.891,11888,1.861971641269737,0.3135935397039031,-0.2766999517608204,-0.07360171278110794,-0.0726027726564035,-22.02501534699955,0.0,0.0
dow & dist_low_20,1 & 1.14..1.65,10972,1.7185020901759382,0.2960262486328837,-0.2767728015735559,-0.12324535975877803,-0.07267562246913897,-21.432016811311275,0.0,0.0
ret_4 & dist_low_20,-0.333..0 & 1.14..1.65,13739,2.151886640259498,0.3078098842710532,-0.27707124396120003,-0.09511142878588529,-0.07297406485678312,-23.942571699174263,0.0,0.0
bb_width_pctile & ret_4,0.00039..0.107 & -1.65..-0.796,8658,1.3560691849018658,0.2875952875952876,-0.2775416602601205,-0.145374531048354,-0.0734444811557036,-19.188708392001566,0.0,0.0
bb_width_pctile & dow,0.107..0.231 & 2,10557,1.6535022389707783,0.29515960973761485,-0.2776271788629328,-0.12384568712357862,-0.0735299997585159,-21.063847641159732,0.0,0.16666666666666666
dd_30d & dow,-8.28..-4.52 & 0,11316,1.7723814849098538,0.3009897490279251,-0.2776541245445731,-0.10990832939720348,-0.0735569454401562,-21.767347607278214,0.14285714285714285,0.0
atr_pct & dist_low_20,0.597..0.807 & 1.14..1.65,15509,2.429114921303192,0.3104004126636147,-0.2778938605382095,-0.08703374085506081,-0.07379668143379262,-25.49261611405572,0.0,0.0
dd_30d & dist_low_20,-25.7..-20.5 & 0.662..1.14,9893,1.5495024770425225,0.29647225310825837,-0.27819896965301594,-0.13091276702992807,-0.07410179054859903,-20.625831694021038,0.0,0.0
bb_width_pctile & dow,0.358..0.489 & 0,11730,1.8372247099675314,0.2920716112531969,-0.2782591634326967,-0.13109149191635777,-0.07416198432827978,-22.297846882750765,0.0,0.0
dd_30d & dist_low_20,-12.2..-8.28 & 1.14..1.65,11525,1.8051163497336573,0.3068112798264642,-0.27860860692344686,-0.10000679706111323,-0.07451142781902995,-22.197744946108486,0.0,0.16666666666666666
bb_width_pctile & ret_4,0.00039..0.107 & 0.333..0.785,12391,1.9407545934533403,0.30489871681058833,-0.27878751351062114,-0.09152992829331728,-0.07469033440620423,-22.608582962003503,0.0,0.0
dow & ret_4,1 & -0.333..0,11389,1.7838151936760627,0.3025726578277285,-0.27964745491376575,-0.10353734091939668,-0.07555027580934884,-21.911827485848434,0.0,0.0
dd_30d & bb_width_pctile,-20.5..-16.2 & 0.107..0.231,11115,1.740899629265909,0.2954565901934323,-0.28003784076328225,-0.12636402230905366,-0.07594066165886534,-21.904553009728385,0.07142857142857142,0.0
dd_30d & ema200_rel,-20.5..-16.2 & -1.84..-0.491,13172,2.0630796146370267,0.30154873975098695,-0.28016032607858266,-0.1159634100197706,-0.07606314697416575,-23.87371782446791,0.07142857142857142,0.0
dow & ema200_rel,1 & 5.97..230,10646,1.6674419660967041,0.27033627653578807,-0.2806687310188986,-0.20629937117278968,-0.0765715519144817,-22.206247578374363,0.07142857142857142,0.0
dd_30d & dist_low_20,-4.52..0 & 0.662..1.14,9539,1.4940568208337837,0.3467868749344795,-0.28087403468560335,0.02638899426329867,-0.07677685558118644,-19.453135737339338,0.21428571428571427,0.0
dow & dist_low_20,6 & 1.14..1.65,13139,2.0579109517701104,0.30291498591978083,-0.28117970551770977,-0.09591488082085595,-0.07708252641329286,-23.460156763386674,0.0,0.16666666666666666
atr_pct & dist_high_20,0.597..0.807 & -0.001..0.556,14164,2.218452752939481,0.30697543066930244,-0.28189313633468194,-0.08978797631292773,-0.07779595723026503,-24.69148411573537,0.0,0.0
atr_pct & dd_30d,0.597..0.807 & -12.2..-8.28,14254,2.2325491062128893,0.3085449698330293,-0.2822254660962395,-0.09160142333920661,-0.07812828699182259,-24.88397256203273,0.07142857142857142,0.0
bb_width_pctile & ret_4,0.107..0.231 & -0.333..0,13021,2.0394290663671977,0.31349358728208276,-0.28312626572304883,-0.07057012267094301,-0.07902908661863192,-23.52731339010379,0.0,0.0
dd_30d & dow,-20.5..-16.2 & 1,11607,1.817959693827207,0.28422503661583526,-0.28313988219692093,-0.15935760338003443,-0.07904270309250402,-22.899422134889193,0.0,0.0
atr_pct & dist_high_20,0.597..0.807 & 1.02..1.54,16106,2.522620731350133,0.3070905252700857,-0.28337191624828617,-0.09289969639660971,-0.07927473714386926,-26.48319345931493,0.0,0.0
dow & ema200_rel,1 & 0.891..2.69,11118,1.7413695077083557,0.29708580679978414,-0.2833775496762301,-0.11953163161118693,-0.07928037057181317,-22.12564736332327,0.0,0.0
dd_30d & ret_4,-16.2..-12.2 & -0.796..-0.333,10887,1.7051888676399416,0.29916414071828784,-0.2836690317883454,-0.12565107956983904,-0.0795718526839285,-22.066785906079403,0.0,0.0
dow & dist_low_20,6 & 3.09..4.3,9319,1.4595990683876747,0.27964373859856206,-0.28370616061627885,-0.16958946398988795,-0.07960898151186194,-20.530237257684668,0.07142857142857142,0.0
bb_width_pctile & dow,0.107..0.231 & 5,13334,2.0884530505291616,0.2992350382480876,-0.2839686928861859,-0.11044413795941636,-0.07987151378176902,-24.160412545704386,0.07142857142857142,0.0
dd_30d & dow,-16.2..-12.2 & 0,11518,1.804019966701281,0.29258551831915264,-0.2841861042881246,-0.1415781259235668,-0.08008892518370767,-22.787659949482972,0.0,0.0
ret_4 & dist_high_20,0.333..0.785 & -0.001..0.556,17720,2.775415333386586,0.3246049661399549,-0.28429804195229225,-0.03526491676146309,-0.08020086284787534,-27.261708972121752,0.0,0.0
atr_pct & dist_low_20,0.597..0.807 & 0.662..1.14,15858,2.4837774467745195,0.30722663639803255,-0.2843599172318519,-0.09289268400008718,-0.08026273812743498,-26.382000053784395,0.0,0.0
dd_30d & ema200_rel,-20.5..-16.2 & -3.59..-1.84,16015,2.5083677519292427,0.2977208866687481,-0.2844845585051341,-0.13572052831697823,-0.08038737940071719,-27.164736993810294,0.0,0.0
dist_high_20 & ema200_rel,-0.001..0.556 & -3.59..-1.84,6533,1.0232386215019509,0.30720955150773,-0.28458629914228617,-0.09877324931532581,-0.08048912003786926,-17.02606873989347,0.0,0.0
bb_width_pctile & dow,0.231..0.358 & 0,10285,1.610899926855589,0.29324258629071465,-0.28501778938197236,-0.12823964526483173,-0.08092061027755545,-21.282026274621114,0.0,0.0
bb_width_pctile & dist_high_20,0.107..0.231 & -0.001..0.556,11870,1.8591523706150552,0.32687447346251053,-0.2852556713907413,-0.027005403690609626,-0.08115849228632441,-22.257442365735212,0.0,0.0
atr_pct & dow,0.597..0.807 & 1,9989,1.5645385872008244,0.30433476824506955,-0.28535735621717845,-0.09540470345856404,-0.08126017711276154,-20.918203245100795,0.07692307692307693,0.0
dow & dist_low_20,5 & 1.14..1.65,11881,1.8608752582373607,0.30216311758269504,-0.2853852394065286,-0.1096023933451664,-0.08128806030211169,-23.076906109795534,0.0,0.0
dist_low_20 & dist_high_20,0.662..1.14 & 1.54..2.18,10160,1.5913216584203,0.30374015748031497,-0.2854704944254752,-0.09951716906221272,-0.08137331532105826,-21.231387939600634,0.0,0.0
bb_width_pctile & ret_4,0.107..0.231 & -0.796..-0.333,11995,1.8787306390503444,0.29979157982492705,-0.2855301753707495,-0.11153895944942245,-0.08143299626633257,-23.017669497018023,0.0,0.0
dd_30d & ret_4,-8.28..-4.52 & 0..0.333,12027,1.8837426757697784,0.32185915024528144,-0.28562103831499064,-0.043065383069701285,-0.08152385921057373,-22.712725512212934,0.07142857142857142,0.0
bb_width_pctile & dist_high_20,0.231..0.358 & 0.556..1.02,10776,1.6878033652694049,0.308648849294729,-0.2859197118223088,-0.08771252183357614,-0.08182253271789189,-21.742180070086107,0.0,0.0
bb_width_pctile & dist_high_20,0.231..0.358 & -0.001..0.556,10747,1.6832612069924178,0.3178561459011817,-0.28609198170394956,-0.055632275315779994,-0.08199480259953265,-21.45756143150799,0.07142857142857142,0.0
atr_pct & bb_width_pctile,0.807..0.984 & 0.00039..0.107,12381,1.9391883319785173,0.2894758097084242,-0.28610637735301203,-0.13650867201206654,-0.08200919824859512,-23.58169230236715,0.0,0.0
dow & ret_4,5 & -0.333..0,15243,2.387452366072897,0.31227448664960966,-0.28627583559094294,-0.07996020778918526,-0.08217865648652603,-25.909200463458898,0.0,0.0
atr_pct & dow,0.597..0.807 & 0,11223,1.7578152531939988,0.30223647865989484,-0.28651881604779955,-0.09720385147160572,-0.08242163694338264,-22.200647445891402,0.0,0.0
dist_low_20 & ema200_rel,1.14..1.65 & -3.59..-1.84,12324,1.9302606415720254,0.2975494969165855,-0.2865833354567141,-0.1296092095586081,-0.0824861563522972,-23.898720140822174,0.0,0.0
dist_low_20 & ema200_rel,0.662..1.14 & -0.491..0.891,14000,2.192766064752382,0.3256428571428571,-0.2869548537052275,-0.035281382503037355,-0.08285767460081059,-24.516592847542217,0.0,0.0
atr_pct & dist_low_20,0.597..0.807 & 2.27..3.09,11159,1.7477911797551307,0.30396988977506945,-0.28744344073622624,-0.09946846399020894,-0.08334626163180933,-22.463542164527265,0.0,0.0
dd_30d & ema200_rel,-25.7..-20.5 & -0.491..0.891,7751,1.214009269135408,0.287962843504064,-0.28744410241257523,-0.14936088113270843,-0.08334692330815832,-18.97352658725525,0.07142857142857142,0.0
atr_pct & dow,0.0778..0.597 & 4,8693,1.3615511000637468,0.3547682043023122,-0.2875696942933294,0.03730003916146245,-0.0834725151889125,-19.493229952330502,0.16666666666666666,0.0
ret_4 & ema200_rel,-0.333..0 & 0.891..2.69,12260,1.9202365681331572,0.316068515497553,-0.28773992502925405,-0.06282886456158708,-0.08364274592483714,-23.128616428634736,0.0,0.0
dist_low_20 & dist_high_20,0.662..1.14 & 3.01..4.22,11929,1.8683933133165116,0.2887081901249057,-0.2880955170183432,-0.1546724011289617,-0.08399833791392627,-23.765032721075297,0.0,0.0
dow & dist_high_20,1 & 0.556..1.02,10159,1.5911650322728177,0.30081700954818386,-0.2881039718688866,-0.10828251515411576,-0.08400679276446968,-21.372682906127242,0.0,0.0
dd_30d & dist_high_20,-20.5..-16.2 & 1.02..1.54,10353,1.6215505048843863,0.2935381048971313,-0.28823138809412757,-0.13220034494398417,-0.08413420898971066,-21.807514281199037,0.0,0.0
dow & dist_low_20,5 & -0.001..0.662,11570,1.8121645263703614,0.32696629213483147,-0.2883170212803615,-0.030197104294670433,-0.08421984217594461,-22.1623712334903,0.0,0.0
dd_30d & ema200_rel,-12.2..-8.28 & -3.59..-1.84,10184,1.5950806859598756,0.3108798114689709,-0.28853886994479405,-0.09999435058719924,-0.08444169084037714,-21.693114402796223,0.07142857142857142,0.16666666666666666
atr_pct & ret_4,0.597..0.807 & -0.796..-0.333,14030,2.197464849176851,0.30570206699928726,-0.28859620164186073,-0.0980253640382336,-0.08449902253744382,-25.191143851151384,0.0,0.0
dd_30d & ret_4,-20.5..-16.2 & 0..0.333,9238,1.4469123504416075,0.2988742151980948,-0.2889376724758966,-0.1231064217218392,-0.08484049337147967,-20.64305819468713,0.0,0.0
bb_width_pctile & ema200_rel,0.107..0.231 & -1.84..-0.491,13383,2.0961277317557947,0.3078532466562056,-0.2891393098203875,-0.08874832726456938,-0.08504213071597058,-24.489360050482905,0.0,0.0
dd_30d & dist_high_20,-12.2..-8.28 & 0.556..1.02,11576,1.8131042832552553,0.31185210780926054,-0.28949004672508777,-0.07852784828294793,-0.08539286762067086,-22.74433216816324,0.0,0.16666666666666666
dd_30d & dow,-12.2..-8.28 & 1,11736,1.8381644668524253,0.29192229038854806,-0.28954210021218135,-0.14134344636280471,-0.08544492110776444,-23.437705386208645,0.0,0.0
bb_width_pctile & ret_4,0.107..0.231 & 0..0.333,11656,1.8256343750538402,0.31357240905971173,-0.2902027434203893,-0.06893210055487672,-0.08610556431597241,-22.799961507574423,0.0,0.0
atr_pct & dow,0.807..0.984 & 6,12103,1.895646262978434,0.2878625134264232,-0.2902548388017834,-0.1407848505226339,-0.08615765969736647,-23.636570901722166,0.0,0.0
atr_pct & dow,0.807..0.984 & 1,11195,1.753429721064494,0.2886109870477892,-0.2902780420641898,-0.14122952235226197,-0.08618086295977287,-22.86386775155352,0.07142857142857142,0.0
ret_4 & dist_low_20,0..0.333 & 1.14..1.65,13581,2.1271397089572925,0.3093292099256314,-0.29047468758781564,-0.08513683156019325,-0.08637750848339873,-24.89424238307464,0.0,0.0
bb_width_pctile & dist_low_20,0.231..0.358 & 0.662..1.14,10966,1.7175623332910444,0.3087725697610797,-0.2905705032391945,-0.09116537228463571,-0.08647332413477757,-22.34706833629794,0.0,0.0
dd_30d & dist_low_20,-20.5..-16.2 & 1.65..2.27,10734,1.6812250670751476,0.2902925284143842,-0.29057725099223425,-0.15233792059327136,-0.08648007188781734,-22.72766477309899,0.0,0.0
dd_30d & dist_high_20,-8.28..-4.52 & 0.556..1.02,12047,1.8868751987194246,0.31750643313688054,-0.2906915766553375,-0.058334804817609,-0.0865943975509206,-23.26644052764285,0.07142857142857142,0.16666666666666666
bb_width_pctile & ema200_rel,0.00039..0.107 & 0.891..2.69,11917,1.866513799546724,0.30863472350423765,-0.2907343913181122,-0.07934178013646515,-0.08663721221369527,-23.045892311572608,0.0,0.0
dow & ema200_rel,0 & -1.84..-0.491,11335,1.7753573817120178,0.2998676665196295,-0.29093955792591025,-0.11290512739335583,-0.08684237882149334,-22.81664986894306,0.0,0.0
atr_pct & dd_30d,0.597..0.807 & -16.2..-12.2,13968,2.187754028032948,0.3061998854524628,-0.29098712942564126,-0.10147380271299941,-0.08688995032122435,-25.418663986918837,0.07142857142857142,0.0
atr_pct & dow,0.984..1.17 & 6,10227,1.601815610301615,0.2790652195169649,-0.29114035047845654,-0.1666165948780275,-0.08704317137403964,-22.001630856633433,0.0,0.0
dow & dist_low_20,3 & 0.662..1.14,10829,1.6961045510859674,0.30067411580016623,-0.291213180533175,-0.12163916520577889,-0.08711600142875811,-22.758738295925387,0.0,0.0
dow & dist_low_20,2 & 1.14..1.65,10875,1.7033093538701538,0.29333333333333333,-0.29169775387678515,-0.13699556363643814,-0.08760057477236824,-22.729807776694773,0.0,0.16666666666666666
atr_pct & dist_low_20,0.597..0.807 & -0.001..0.662,14193,2.2229949112164684,0.3052913408018037,-0.2917459722045904,-0.09945086223636197,-0.08764879310017351,-25.6574524445591,0.0,0.0
ret_4 & dist_low_20,0.333..0.785 & 0.662..1.14,8927,1.398201618574608,0.3236249579926067,-0.29175253787099437,-0.04096962047665416,-0.08765535876657746,-19.92039769483341,0.07142857142857142,0.0
dow & ema200_rel,3 & -6.51..-3.59,11813,1.8502246802085633,0.2847710149834928,-0.2928058194083567,-0.18349173379861544,-0.0887086403039398,-24.514649025445067,0.07142857142857142,0.16666666666666666
ret_4 & ema200_rel,-0.796..-0.333 & -3.59..-1.84,12650,1.9813207656512593,0.2982608695652174,-0.2930688527359386,-0.12738029081158003,-0.08897167363152167,-24.60510213786089,0.0,0.0
bb_width_pctile & dow,0.231..0.358 & 6,12244,1.9177305497734403,0.29483828814113033,-0.29331231352919557,-0.11903312435420306,-0.08921513442477866,-23.752646367414446,0.0,0.0
ret_4 & ema200_rel,-0.796..-0.333 & -1.84..-0.491,12343,1.9332365383741892,0.30738070161224984,-0.29338687441869626,-0.09610014999255201,-0.08928969531427935,-24.05066556205654,0.0,0.0
dd_30d & ret_4,-8.28..-4.52 & -0.333..0,12636,1.979127999586507,0.31956315289648624,-0.2934899761036029,-0.05793743903579451,-0.08939279699918598,-24.060913675295264,0.0,0.0
bb_width_pctile & dist_low_20,0.231..0.358 & -0.001..0.662,10771,1.6870202345319933,0.31361990530127193,-0.29355511174697957,-0.07470085684586882,-0.08945793264256266,-22.215046510361613,0.0,0.0
atr_pct & bb_width_pctile,0.597..0.807 & 0.107..0.231,13477,2.1108505896191323,0.3031090005194034,-0.29546436476570975,-0.10551374216890545,-0.09136718566129284,-25.34714838573826,0.0,0.16666666666666666
dd_30d & dow,-4.52..0 & 1,10789,1.6898395051866748,0.3021596070071369,-0.2955946349164514,-0.10099585119281954,-0.09149745581203447,-22.672553316258632,0.07142857142857142,0.0
dd_30d & dist_low_20,-8.28..-4.52 & -0.001..0.662,13104,2.0524290366082294,0.33318070818070816,-0.2956278214078292,-0.01530051770511785,-0.09153064230341232,-24.32497788374213,0.21428571428571427,0.0
dd_30d & dist_high_20,-16.2..-12.2 & -0.001..0.556,9826,1.5390085251612076,0.30836556075717486,-0.2957822127492568,-0.09169335182695217,-0.0916850336448399,-21.514760420027127,0.14285714285714285,0.0
dd_30d & dist_high_20,-12.2..-8.28 & 2.18..3.01,10041,1.5726831468699047,0.2872223882083458,-0.29595106645501457,-0.15545038485186918,-0.09185388735059766,-22.434078963423318,0.0,0.16666666666666666
dow & dist_high_20,6 & 1.54..2.18,12065,1.8896944693741062,0.2876916701201823,-0.2961656352670215,-0.14083313525537963,-0.09206845616260459,-24.082549545908467,0.07142857142857142,0.0
dist_low_20 & dist_high_20,1.65..2.27 & -0.001..0.556,10052,1.5744060344922102,0.3206327099084759,-0.29649181981671086,-0.04444707769722687,-0.09239464071229395,-21.45935164598936,0.0,0.0
dist_high_20 & ema200_rel,0.556..1.02 & -3.59..-1.84,9333,1.4617918344524272,0.30076074145505194,-0.29654821671863524,-0.11547803153360515,-0.09245103761421833,-21.261310820842606,0.0,0.0
ret_4 & dist_high_20,-0.796..-0.333 & 1.02..1.54,14920,2.33686212043611,0.3042225201072386,-0.29657340342711525,-0.10224783660382059,-0.09247622432269834,-26.68512160894358,0.0,0.0
dd_30d & dow,-8.28..-4.52 & 6,12095,1.8943932537985757,0.30698635799917323,-0.2966084765772482,-0.0825155755584904,-0.0925112974728313,-23.549332604261974,0.07142857142857142,0.16666666666666666
dd_30d & bb_width_pctile,-4.52..0 & 0.107..0.231,7899,1.2371899389627903,0.32826940119002407,-0.29663901145863536,-0.023189467956551347,-0.09254183235421845,-18.923242073278516,0.21428571428571427,0.0
dow & ema200_rel,1 & -1.84..-0.491,11387,1.783501941381098,0.29507332923509266,-0.2977865518538463,-0.12763660100151006,-0.09368937274942937,-23.581306493121218,0.0,0.0
bb_width_pctile & ret_4,0.231..0.358 & -0.333..0,11361,1.779429661546558,0.3039345128069712,-0.2984493632711529,-0.10406389200905725,-0.09435218416673599,-23.478919242110862,0.0,0.0
dd_30d & ret_4,-16.2..-12.2 & 0..0.333,9974,1.5621891949885898,0.30128333667535595,-0.2986263312855747,-0.11276199154405554,-0.09452915218115779,-22.094844877531408,0.07142857142857142,0.0
dd_30d & ema200_rel,-8.28..-4.52 & -0.491..0.891,16242,2.5439218874077274,0.3216968353651028,-0.29929025373932366,-0.055025573587619496,-0.09519307463490675,-27.9013225145692,0.14285714285714285,0.0
atr_pct & dist_low_20,0.597..0.807 & 3.09..4.3,6699,1.0492385619840148,0.30049261083743845,-0.29936412733812134,-0.11308925496540773,-0.09526694823370443,-18.160631111022013,0.0,0.0
ret_4 & dist_low_20,-0.796..-0.333 & 0.662..1.14,14099,2.208272053353131,0.2964749272998085,-0.29963924425560534,-0.12854233179610347,-0.09554206515118843,-26.56694197942485,0.0,0.0
dist_low_20 & ema200_rel,0.662..1.14 & -3.59..-1.84,13668,2.140766183788254,0.29850746268656714,-0.29989143220791653,-0.1264635433625563,-0.09579425310349962,-26.225639843081865,0.0,0.0
bb_width_pctile & dist_high_20,0.00039..0.107 & 1.02..1.54,16040,2.5122834056163006,0.29420199501246885,-0.3002446008001884,-0.12337450351529351,-0.09614742169577148,-28.038691214361645,0.0,0.0
atr_pct & ret_4,0.597..0.807 & -0.333..0,15322,2.3998258317239998,0.30120088761258323,-0.3020282772058378,-0.11048252299916442,-0.0979310981014209,-27.687461112567938,0.0,0.0
dow & ema200_rel,5 & -3.59..-1.84,10692,1.6746467688808906,0.2955480733258511,-0.3020787018543888,-0.135543136004833,-0.09798152274997188,-23.49477011492555,0.14285714285714285,0.0
dow & ret_4,5 & 0..0.333,13959,2.186344392705607,0.30911956443871336,-0.30215792091529303,-0.0864488990830386,-0.09806074181087612,-26.2142028836791,0.0,0.0
dow & dist_high_20,6 & 2.18..3.01,11333,1.7750441294170531,0.2790964440130592,-0.30267463415583373,-0.16947013440164452,-0.09857745505141682,-24.098379546651252,0.0,0.0
dd_30d & ret_4,-20.5..-16.2 & -0.333..0,10746,1.6831045808449354,0.2936906756002233,-0.3030475853668637,-0.13985380299625824,-0.0989504062624468,-23.49840193208348,0.0,0.0
atr_pct & dow,0.597..0.807 & 2,9833,1.5401049081935836,0.2984846943964202,-0.30314645488117,-0.11360406581379792,-0.09904927577675307,-22.16021948544558,0.0,0.16666666666666666
dd_30d & bb_width_pctile,-8.28..-4.52 & 0.107..0.231,9616,1.5061170341899217,0.3071963394342762,-0.30386970967984905,-0.08535603149565303,-0.09977253057543214,-21.931583662851377,0.0,0.0
dd_30d & dist_low_20,-12.2..-8.28 & 0.662..1.14,11608,1.8181163199746893,0.30461750516884906,-0.30413959433705207,-0.09788458133962509,-0.10004241523263516,-24.181547204724883,0.07142857142857142,0.16666666666666666
dd_30d & dow,-12.2..-8.28 & 5,11105,1.7393333677910858,0.2964430436740207,-0.30436640445405255,-0.12347559547215947,-0.10026922534963564,-23.778456615335223,0.14285714285714285,0.0
atr_pct & ret_4,0.597..0.807 & 0..0.333,13686,2.1435854544429356,0.3004530176823031,-0.30493524708968817,-0.11372406191073468,-0.10083806798527126,-26.52586573380001,0.0,0.0
dd_30d & bb_width_pctile,-12.2..-8.28 & 0.107..0.231,10635,1.6657190784743987,0.2993888105312647,-0.3054223875829174,-0.11341218083551775,-0.10132520847850049,-23.203138470582278,0.0,0.0
dd_30d & dow,-4.52..0 & 0,11778,1.8447427650466823,0.3000509424350484,-0.3054454016693762,-0.10510516623754833,-0.10134822256495932,-24.228215369320434,0.07142857142857142,0.0
dd_30d & dist_low_20,-8.28..-4.52 & 0.662..1.14,11980,1.8763812468381096,0.31277128547579297,-0.30574466020578256,-0.07335198423327294,-0.10164748110136565,-24.595387602379226,0.0,0.0
ret_4 & ema200_rel,-0.333..0 & -3.59..-1.84,12347,1.9338630429641186,0.2988580221916255,-0.30626994170709076,-0.12771843701878768,-0.10217276260267386,-25.471019537251244,0.0,0.0
dow & ema200_rel,0 & 0.891..2.69,11539,1.8073091157984096,0.294912904064477,-0.30630810527309715,-0.1285113991407561,-0.10221092616868024,-24.420935761010966,0.0,0.0
bb_width_pctile & dist_low_20,0.00039..0.107 & 1.14..1.65,15733,2.4641991783392303,0.2907264984427636,-0.3065003655242924,-0.1350971900877789,-0.10240318641987547,-28.465895757139307,0.0,0.0
dist_low_20 & dist_high_20,1.14..1.65 & 0.556..1.02,9219,1.4439364536394435,0.3108797049571537,-0.306700149608575,-0.07737628741023395,-0.10260297050415809,-21.567623397268896,0.0,0.0
dd_30d & dist_high_20,-16.2..-12.2 & 0.556..1.02,10956,1.715996071816221,0.29755385177071925,-0.3067689031273182,-0.11963609126403493,-0.10267172402290128,-23.732229382014488,0.07142857142857142,0.0
ret_4 & dist_high_20,-0.796..-0.333 & 0.556..1.02,8246,1.291539212139153,0.31833616298811546,-0.30714422441909883,-0.054859325109727644,-0.10304704531468192,-20.18954933914842,0.07142857142857142,0.0
dd_30d & ema200_rel,-8.28..-4.52 & -1.84..-0.491,11651,1.8248512443164286,0.3265814093210883,-0.3073360222953019,-0.04247430909365059,-0.10323884319088497,-24.18483468634012,0.21428571428571427,0.16666666666666666
dd_30d & ret_4,-16.2..-12.2 & -0.333..0,11437,1.7913332487552136,0.2983299816385416,-0.3084140240438626,-0.12576679796810286,-0.10431684493944568,-24.510103661658103,0.07142857142857142,0.0
dow & dist_high_20,0 & -0.001..0.556,10820,1.6946949157586266,0.30517560073937156,-0.3088473166206472,-0.08940563445132299,-0.10475013751623027,-23.30503950221508,0.0,0.0
dist_low_20 & dist_high_20,-0.001..0.662 & 2.18..3.01,11713,1.834562065460332,0.29804490736788186,-0.3108468284520146,-0.12092611457544941,-0.1067496493475977,-24.98960518249983,0.0,0.0
dow & dist_high_20,6 & 1.02..1.54,12654,1.9819472702411887,0.29137031768610716,-0.31107867766828484,-0.12857754926157478,-0.10698149856386793,-25.76274204017672,0.07142857142857142,0.0
atr_pct & dow,0.597..0.807 & 5,12730,1.9938508574498444,0.29591516103692067,-0.3121384929162769,-0.12187250739433239,-0.10804131381185997,-26.118072759182276,0.0,0.0
bb_width_pctile & dist_low_20,0.107..0.231 & 0.662..1.14,13573,2.125886699777434,0.30354380019155675,-0.312234360613178,-0.09867282177176319,-0.10813718150876109,-26.751823226044245,0.0,0.0
dd_30d & dist_high_20,-12.2..-8.28 & -0.001..0.556,11657,1.8257910012013225,0.31337393840610794,-0.3123545825052874,-0.071366748426221,-0.1082574034008705,-24.45374658153687,0.0,0.0
atr_pct & bb_width_pctile,0.0778..0.597 & 0.618..0.75,6764,1.059419261570365,0.3413660555884092,-0.3126676297685796,0.011720660594057419,-0.10857045066416268,-18.45124449882223,0.25,0.16666666666666666
dd_30d & ema200_rel,-4.52..0 & 0.891..2.69,16972,2.658258975069816,0.3313103935894414,-0.3129002139521489,-0.015908606621957932,-0.10880303484773199,-29.20941249908911,0.3076923076923077,0.0
dd_30d & ema200_rel,-4.52..0 & -0.491..0.891,9414,1.4744785523984945,0.361376673040153,-0.3143179793115641,0.07468799608483327,-0.11022080020714717,-21.501728208290448,0.16666666666666666,0.16666666666666666
dd_30d & dow,-25.7..-20.5 & 6,11213,1.7562489917191755,0.27887273700169446,-0.31512721812839745,-0.1677445989476,-0.11103003902398054,-24.86986956502311,0.0,0.0
dd_30d & dow,-33.6..-25.7 & 6,11318,1.7726947372048185,0.2701007245096307,-0.3166726770838532,-0.20050736520359783,-0.1125754979794363,-25.608277245006608,0.07142857142857142,0.0
dow & ema200_rel,6 & -6.51..-3.59,10375,1.6249962801289972,0.27479518072289155,-0.31685650200759735,-0.18005505396278487,-0.11275932290318044,-24.174540817753883,0.0,0.0
dist_low_20 & ema200_rel,1.14..1.65 & -1.84..-0.491,12543,1.964561767870652,0.29570278242844616,-0.3168600413687898,-0.13184318987933294,-0.1127628622643729,-26.564700634931857,0.0,0.0
dow & dist_high_20,5 & 0.556..1.02,13740,2.1520432664069804,0.2990538573508006,-0.31752720168574067,-0.1118882141763159,-0.11343002258132376,-27.416797579459185,0.0,0.0
atr_pct & bb_width_pctile,0.0778..0.597 & 0.358..0.489,9521,1.491237550179102,0.3387249238525365,-0.3180246424974433,0.007840725668372298,-0.11392746339302637,-22.151334614668375,0.14285714285714285,0.16666666666666666
ret_4 & ema200_rel,0..0.333 & -0.491..0.891,13988,2.190886550982594,0.32427795253074065,-0.3180941942999391,-0.03818722451979129,-0.11399701519552222,-27.13649325260878,0.0,0.0
dd_30d & bb_width_pctile,-4.52..0 & 0.231..0.358,8319,1.3029729209053618,0.3078495011419642,-0.3183347115374986,-0.07810124349238765,-0.11423753243308168,-21.051835321284173,0.21428571428571427,0.0
dow & dist_high_20,5 & -0.001..0.556,13267,2.0779590986478467,0.31393683575789555,-0.3183836553984433,-0.06596629037585158,-0.11428647629402641,-26.57669015843167,0.0,0.0
atr_pct & dow,0.0778..0.597 & 3,8441,1.322081310898204,0.33823006752754414,-0.31838769162268743,0.004779285266818663,-0.11429051251827052,-20.952737385961022,0.23076923076923078,0.0
dow & dist_low_20,2 & 0.662..1.14,10548,1.6520926036434374,0.28896473265073946,-0.31843234261018244,-0.14364496442425875,-0.11433516350576553,-24.375486827021394,0.0,0.16666666666666666
ret_4 & dist_high_20,0..0.333 & 0.556..1.02,14796,2.317440478148303,0.30569072722357393,-0.3191397779187025,-0.09371396570492684,-0.11504259881428561,-28.50854626990835,0.0,0.0
atr_pct & ema200_rel,0.597..0.807 & -1.84..-0.491,16593,2.5988976651740194,0.29711324052311217,-0.3192556108365531,-0.1281519079338244,-0.11515843173213622,-30.75504778446628,0.07142857142857142,0.16666666666666666
ret_4 & dist_high_20,-0.333..0 & 0.556..1.02,16296,2.5523796993717727,0.31406480117820323,-0.3203849318140911,-0.06729070240363441,-0.1162877527096742,-29.705675039151004,0.0,0.0
atr_pct & dd_30d,0.597..0.807 & -20.5..-16.2,12387,1.940128088863411,0.29272624525712443,-0.32068909324109135,-0.1316671989413985,-0.11659191413667444,-26.543207441343863,0.0,0.0
dist_low_20 & dist_high_20,0.662..1.14 & 1.02..1.54,9184,1.4384545384775624,0.3042247386759582,-0.32280867888791265,-0.09700568572309673,-0.11871149978349574,-22.78285604808243,0.0,0.0
dd_30d & dist_high_20,-8.28..-4.52 & -0.001..0.556,13215,2.069814538978766,0.319485433219826,-0.3243877770868492,-0.049107378823020444,-0.12029059798243227,-26.910445522843588,0.07142857142857142,0.16666666666666666
dd_30d & dist_low_20,-16.2..-12.2 & 0.662..1.14,11466,1.7958754070322007,0.2926914355485784,-0.3248913564483594,-0.14346943789654198,-0.12079417734394252,-26.086255597561408,0.0,0.0
ret_4 & dist_low_20,0..0.333 & 0.662..1.14,14149,2.2161033607272467,0.3152872994557919,-0.3261440815945385,-0.06258852102268575,-0.1220469024901216,-28.187975772272488,0.0,0.0
dow & ret_4,6 & 0.333..0.785,12050,1.8873450771618716,0.2887966804979253,-0.32627176655913787,-0.14004022199397417,-0.12217458745472096,-26.458859065026573,0.0,0.0
atr_pct & ema200_rel,0.597..0.807 & -3.59..-1.84,15916,2.4928617633284937,0.2941065594370445,-0.3264353031452602,-0.13658498203380987,-0.1223381240408433,-30.9344997401279,0.07142857142857142,0.0
ret_4 & dist_low_20,-0.333..0 & 0.662..1.14,15624,2.4471269282636583,0.30280337941628266,-0.3265787297078393,-0.10331969382873654,-0.12248155060342239,-30.148664698670167,0.0,0.0
ret_4 & ema200_rel,-0.333..0 & -0.491..0.891,14647,2.2941031821734383,0.31788079470198677,-0.3275756799744486,-0.05737443871106503,-0.12347850087003168,-28.790978998447134,0.07142857142857142,0.0
bb_width_pctile & ret_4,0.00039..0.107 & -0.796..-0.333,13040,2.0424049631693615,0.2876533742331288,-0.328097151195883,-0.14458987341238985,-0.1239999720914661,-27.841782878588912,0.0,0.0
atr_pct & dd_30d,0.597..0.807 & -25.7..-20.5,9497,1.4874785226395264,0.2894598294198168,-0.3281644752650003,-0.1395340972247689,-0.1240672961605834,-23.835340812379258,0.07692307692307693,0.0
dow & ema200_rel,5 & -1.84..-0.491,11157,1.747477927460166,0.29981177735950526,-0.32841480580658583,-0.11564498030351117,-0.12431762670216892,-25.69015131844928,0.07142857142857142,0.0
dist_low_20 & ema200_rel,-0.001..0.662 & -0.491..0.891,14980,2.3462596892850485,0.33391188251001336,-0.3287560151715885,-0.005932629395373984,-0.12465883606717157,-28.73766611674241,0.0,0.0
atr_pct & ema200_rel,0.597..0.807 & -6.51..-3.59,7194,1.1267685049877596,0.29065888240200166,-0.32941250167330083,-0.14396137900000763,-0.12531532256888392,-20.92694554600903,0.07142857142857142,0.0
dow & dist_low_20,0 & -0.001..0.662,10769,1.6867069822370286,0.2961277741665893,-0.33007376759237983,-0.11712141481355551,-0.12597658848796292,-25.166692236752457,0.0,0.0
atr_pct & dd_30d,0.0778..0.597 & -4.52..0,25195,3.946195785816876,0.3512601706687835,-0.33013334229342733,0.047468225936083026,-0.12603616318901043,-36.9361628383425,0.09090909090909091,0.0
dd_30d & dow,-16.2..-12.2 & 5,10929,1.7117671658341986,0.2836490072284747,-0.3307751558033201,-0.1695573736795343,-0.1266779766989032,-26.279437937959607,0.07142857142857142,0.0
dd_30d & ema200_rel,-12.2..-8.28 & -1.84..-0.491,14860,2.327464551587171,0.29791386271870796,-0.3325476234731708,-0.12815320286136977,-0.12845044436875389,-30.446751613606118,0.07142857142857142,0.16666666666666666
dist_low_20 & dist_high_20,-0.001..0.662 & 1.54..2.18,10248,1.6051047593987435,0.30669398907103823,-0.33352056939427177,-0.09073150959090377,-0.12942339028985486,-24.791917628196032,0.0,0.0
ret_4 & dist_low_20,-0.796..-0.333 & -0.001..0.662,17028,2.6670300393288255,0.3044984731031243,-0.3339487974983039,-0.09812567048624989,-0.129851618393887,-31.98486067254893,0.0,0.0
atr_pct & dist_high_20,0.0778..0.597 & 1.54..2.18,8216,1.2868404277146837,0.31998539435248297,-0.3341588468562704,-0.05002986573182607,-0.1300616677518535,-22.00313300516498,0.0,0.0
dist_low_20 & dist_high_20,1.14..1.65 & -0.001..0.556,9390,1.470719524858919,0.329073482428115,-0.3348814497210036,-0.018932756519105958,-0.13078427061658668,-23.254078795391454,0.0,0.16666666666666666
dd_30d & bb_width_pctile,-25.7..-20.5 & 0.00039..0.107,11100,1.7385502370536743,0.27603603603603605,-0.3352499847094343,-0.17496664600770198,-0.13115280560501738,-26.357679505376797,0.07142857142857142,0.0
dow & ret_4,6 & -0.796..-0.333,12504,1.9584533481188418,0.2837492002559181,-0.335290162104153,-0.1540447409701564,-0.1311929829997361,-27.831788268054453,0.0,0.0
atr_pct & ema200_rel,0.0778..0.597 & 0.891..2.69,18642,2.919824641365279,0.3366055144297822,-0.3365907356670236,0.004734604192288011,-0.13249355656260667,-32.64113398290818,0.15384615384615385,0.0
dd_30d & ema200_rel,-16.2..-12.2 & -6.51..-3.59,10146,1.5891288923555476,0.2767593140153755,-0.336632681775236,-0.20235004082243344,-0.13253550267081907,-26.31403811048837,0.07142857142857142,0.0
bb_width_pctile & ema200_rel,0.00039..0.107 & -0.491..0.891,15971,2.501476201440021,0.31006198735207563,-0.34129327218373473,-0.07869168440337387,-0.13719609307931782,-31.318778324125937,0.0,0.0
dd_30d & ema200_rel,-16.2..-12.2 & -1.84..-0.491,14979,2.346103063137566,0.2879364443554309,-0.341664523863849,-0.1597619252140725,-0.13756734475943208,-31.56102067348782,0.07142857142857142,0.0
dist_high_20 & ema200_rel,-0.001..0.556 & -0.491..0.891,17215,2.696319128908018,0.3276212605286088,-0.34200090792797827,-0.02565368081628054,-0.13790372882356136,-32.12386246607289,0.07142857142857142,0.0
atr_pct & dow,0.597..0.807 & 6,15189,2.378994554108852,0.28349463427480415,-0.3427003575945751,-0.1514420203463641,-0.1386031784901582,-31.338827220055926,0.0,0.0
dist_low_20 & ema200_rel,0.662..1.14 & -1.84..-0.491,14503,2.2715490169359853,0.29566296628283806,-0.34314435485520484,-0.125804172225421,-0.13904717575078793,-30.849514820199566,0.0,0.0
dow & dist_high_20,6 & 0.556..1.02,13386,2.0965976101982418,0.2944867772299417,-0.34322667551855135,-0.1180217907929734,-0.13912949641413444,-29.093170876117394,0.07142857142857142,0.0
dd_30d & ret_4,-12.2..-8.28 & 0..0.333,10855,1.7001768309205076,0.2946107784431138,-0.3434753111648613,-0.12882173879343348,-0.1393781320604444,-26.58656593107516,0.0,0.16666666666666666
dist_low_20 & dist_high_20,0.662..1.14 & 0.556..1.02,8787,1.3762739579270842,0.3154660293615568,-0.34367249063812194,-0.05887695401052744,-0.13957531153370503,-23.36676557718465,0.0,0.16666666666666666
atr_pct & dist_low_20,0.0778..0.597 & 1.65..2.27,8830,1.3830088822688238,0.31789354473386183,-0.34404473491586096,-0.053626670849644904,-0.13994755581144405,-23.478760297684122,0.07692307692307693,0.16666666666666666
atr_pct & dist_low_20,0.0778..0.597 & 1.14..1.65,14928,2.3381151296159683,0.32362004287245444,-0.344310351064942,-0.0368761711519131,-0.1402131719605251,-30.4141402459525,0.0,0.16666666666666666
bb_width_pctile & dist_low_20,0.107..0.231 & -0.001..0.662,13173,2.063236240784509,0.303347756775222,-0.34689879997349565,-0.09861880245915271,-0.14280162086907874,-29.26935528749728,0.0,0.0
dd_30d & dist_low_20,-4.52..0 & -0.001..0.662,10902,1.7075382598521762,0.34993579159787197,-0.34761309266150114,0.044253409800391656,-0.14351591355708423,-25.608281263180253,0.21428571428571427,0.16666666666666666
dd_30d & bb_width_pctile,-20.5..-16.2 & 0.00039..0.107,11326,1.773947746384677,0.27979869327211726,-0.3477653952502195,-0.16700418834465952,-0.14366821614580258,-27.539534114898693,0.0,0.0
ret_4 & ema200_rel,-0.333..0 & -1.84..-0.491,14847,2.325428411669901,0.30073415504815787,-0.3492653193640972,-0.11274946758786697,-0.1451681402596803,-31.47692348628415,0.0,0.0
atr_pct & ret_4,0.0778..0.597 & 0.333..0.785,13949,2.184778131230784,0.32439601405118645,-0.35091125289397823,-0.03235056477485114,-0.14681407378956132,-29.83591557515494,0.0,0.0
bb_width_pctile & dist_high_20,0.00039..0.107 & 0.556..1.02,17781,2.7849695283830074,0.2939654687587875,-0.3524322263898318,-0.12261095276129433,-0.14833504728541488,-34.54889535431383,0.0,0.0
dd_30d & ret_4,-12.2..-8.28 & -0.333..0,12115,1.8975257767482219,0.29178704085843993,-0.35332688877317914,-0.13997963904633812,-0.14922970966876223,-29.01814503403318,0.0,0.16666666666666666
ret_4 & ema200_rel,0..0.333 & -1.84..-0.491,12464,1.9521883022195492,0.29765725288831835,-0.3533612408319872,-0.1191177222672125,-0.1492640617275703,-29.300286288514222,0.0,0.0
dist_high_20 & ema200_rel,0.556..1.02 & -1.84..-0.491,14042,2.199344362946639,0.2973935336846603,-0.3539839443518495,-0.11979232892449924,-0.14988676524743258,-31.038105302339858,0.0,0.0
bb_width_pctile & dow,0.107..0.231 & 6,15530,2.4324040704003207,0.27978106889890536,-0.35460849412797535,-0.1618931444256725,-0.15051131502355844,-32.916865919863504,0.0,0.0
dist_low_20 & ema200_rel,-0.001..0.662 & -3.59..-1.84,14590,2.2851754917669465,0.2877998629198081,-0.3548985520173274,-0.15609554494202166,-0.1508013729129105,-32.24643168838137,0.0,0.0
dd_30d & ema200_rel,-16.2..-12.2 & -3.59..-1.84,15010,2.350958473709518,0.27908061292471686,-0.3576770418289785,-0.19921753940499365,-0.15357986272456162,-33.91798302340964,0.0,0.0
bb_width_pctile & ema200_rel,0.00039..0.107 & -3.59..-1.84,12720,1.9922845959750213,0.2744496855345912,-0.35805026215203833,-0.1831427688342393,-0.15395308304762143,-30.347413653841755,0.0,0.0
dow & ema200_rel,6 & -0.491..0.891,11996,1.8788872651978266,0.30193397799266425,-0.35824538262608074,-0.09749846146711028,-0.15414820352166383,-28.561461162098293,0.07142857142857142,0.0
atr_pct & dow,0.0778..0.597 & 5,15368,2.407030634508186,0.3286699635606455,-0.3585525219251621,-0.020761858470878004,-0.15445534282074522,-31.905416780547885,0.0,0.0
dd_30d & dist_low_20,-16.2..-12.2 & -0.001..0.662,10797,1.6910925143665334,0.28906177641937575,-0.3595987193335934,-0.15572172097860906,-0.15550154022917648,-28.095469817065144,0.0,0.0
atr_pct & bb_width_pctile,0.597..0.807 & 0.00039..0.107,16188,2.5354640754436826,0.27921917469730667,-0.3612018331251738,-0.1695450372379415,-0.15710465402075688,-34.52833001170236,0.0,0.0
bb_width_pctile & dist_low_20,0.00039..0.107 & 0.662..1.14,18212,2.852475397947884,0.2873929277399517,-0.36277720469614083,-0.1419975884493476,-0.15868002559172392,-36.34977270867261,0.0,0.0
dd_30d & dow,-16.2..-12.2 & 6,11253,1.762514037618468,0.2762818803874522,-0.3648547209327101,-0.18111515242808765,-0.1607575418282932,-29.099408753527946,0.14285714285714285,0.0
atr_pct & dd_30d,0.0778..0.597 & -8.28..-4.52,19968,3.1275109129268257,0.32597155448717946,-0.3652918609303292,-0.029368742623945013,-0.16119468182591232,-37.28176804599632,0.15384615384615385,0.16666666666666666
dow & ret_4,6 & -0.333..0,14094,2.2074889226157195,0.29097488292890594,-0.36720045382967154,-0.13018856789831876,-0.16310327472525463,-32.0682965417916,0.0,0.0
ret_4 & dist_high_20,0..0.333 & -0.001..0.556,15012,2.3512717260044824,0.3272049027444711,-0.36849197881241663,-0.02390470143230418,-0.16439479970799972,-32.28692323812267,0.0,0.0
dist_low_20 & ema200_rel,-0.001..0.662 & 0.891..2.69,9078,1.4218521668444373,0.3006168759638687,-0.368993757202186,-0.10668013350727124,-0.16489657809776911,-25.799525342832546,0.0,0.0
dow & dist_low_20,6 & 0.662..1.14,14601,2.286898379389252,0.28491199232929254,-0.3692269314404427,-0.1486982599519324,-0.1651297523360258,-33.015477746312584,0.0,0.0
atr_pct & dist_high_20,0.0778..0.597 & 1.02..1.54,14445,2.262464700382011,0.31436483212184146,-0.37076969303302604,-0.067890676385945,-0.16667251392860913,-32.521704834925,0.0,0.0
bb_width_pctile & dow,0.00039..0.107 & 5,19582,3.067053219998653,0.2808191195996323,-0.3721880180835154,-0.1637310408904112,-0.16809083897909852,-38.81407030531439,0.0,0.0
bb_width_pctile & dow,0.00039..0.107 & 2,7924,1.2411055926498482,0.26413427561837455,-0.37407445032108305,-0.21251960740114365,-0.16997727121666614,-25.381434427006837,0.0,0.16666666666666666
dd_30d & bb_width_pctile,-16.2..-12.2 & 0.00039..0.107,11120,1.7416827600033205,0.2758992805755396,-0.37423494888978126,-0.1800430213514761,-0.17013776978536435,-29.657004773544795,0.0,0.0
dd_30d & dist_low_20,-12.2..-8.28 & -0.001..0.662,11766,1.8428632512768948,0.29432262451130375,-0.37694028766960547,-0.131289702469265,-0.17284310856518856,-30.232130288091415,0.07142857142857142,0.0
atr_pct & ema200_rel,0.0778..0.597 & -0.491..0.891,23977,3.7554251381834187,0.3318596988780915,-0.3773202124936056,-0.00983019060318124,-0.17322303338918868,-41.74759889889824,0.0,0.16666666666666666
bb_width_pctile & ret_4,0.00039..0.107 & 0..0.333,15215,2.383066833943392,0.29510351626684195,-0.37743426181191303,-0.11960416171640208,-0.17333708270749612,-34.17912155279816,0.0,0.0
dow & ret_4,6 & 0..0.333,12494,1.9568870866440184,0.2910997278693773,-0.37772565710135186,-0.12967560197709582,-0.17362847799693495,-30.997372643780896,0.07142857142857142,0.0
atr_pct & bb_width_pctile,0.0778..0.597 & 0.107..0.231,15079,2.361765677885798,0.32150673121559786,-0.3778418170074873,-0.04027745168529661,-0.1737446379030704,-33.427798900998106,0.0,0.0
dist_low_20 & ema200_rel,-0.001..0.662 & -1.84..-0.491,16449,2.5763434999365664,0.30269317283725455,-0.37845095267114726,-0.10521142642933487,-0.17435377356673035,-35.75639593652539,0.0,0.0
atr_pct & dist_low_20,0.0778..0.597 & 0.662..1.14,21510,3.3690284323445523,0.3194793119479312,-0.3805293816407209,-0.04691536166673146,-0.176432202536304,-40.38239792586867,0.0,0.0
dd_30d & dow,-12.2..-8.28 & 6,11094,1.7376104801687804,0.2742924103118803,-0.3812664047043611,-0.18527657898248204,-0.17716922559994416,-30.189830908874406,0.0,0.16666666666666666
atr_pct & bb_width_pctile,0.0778..0.597 & 0.489..0.618,7839,1.2277923701138516,0.3163668835310626,-0.3826351512383355,-0.05982160685672941,-0.17853797213391862,-24.63156167290979,0.08333333333333333,0.16666666666666666
atr_pct & bb_width_pctile,0.0778..0.597 & 0.231..0.358,11261,1.7637670467983266,0.31906580232661397,-0.3836923295086997,-0.05181101215823853,-0.17959515040428278,-29.45283899097707,0.0,0.0
bb_width_pctile & ret_4,0.00039..0.107 & -0.333..0,17062,2.672355328343224,0.28906341577775174,-0.3839938865963667,-0.13842454950534253,-0.17989670749194978,-37.05068249164883,0.0,0.0
dow & dist_low_20,6 & -0.001..0.662,16283,2.5503435594545025,0.29478597310078,-0.3893032880699904,-0.11842629115552006,-0.18520610896557352,-36.258355796379774,0.0,0.0
atr_pct & dow,0.0778..0.597 & 2,8583,1.3443222238406924,0.3107305138063614,-0.3920845701798925,-0.06826287682361898,-0.1879873910754756,-26.531798025515226,0.16666666666666666,0.0
bb_width_pctile & dow,0.00039..0.107 & 6,22635,3.5452328482621547,0.27886017229953614,-0.3921039062175127,-0.1639614027472863,-0.18800672711309577,-43.66651855403842,0.0,0.0
atr_pct & ret_4,0.0778..0.597 & 0..0.333,21882,3.427293359207973,0.3227767114523353,-0.3977063074431778,-0.03604573702486275,-0.1936091283387609,-42.35534473894349,0.0,0.0
atr_pct & ret_4,0.0778..0.597 & -0.796..-0.333,12276,1.9227425864928742,0.30775496904529165,-0.3983728333403433,-0.08608938120044664,-0.19427565423592638,-32.341294279620314,0.0,0.0
atr_pct & dist_high_20,0.0778..0.597 & -0.001..0.556,30177,4.726507252573759,0.32892600324750637,-0.39857928614981686,-0.016054785319068086,-0.19448210704539995,-49.38923891745006,0.0,0.0
dow & ema200_rel,6 & -3.59..-1.84,11117,1.7412128815608736,0.26248088513088064,-0.399075403217911,-0.21836047769292077,-0.1949782241134941,-32.01664363666565,0.0,0.0
bb_width_pctile & dist_high_20,0.00039..0.107 & -0.001..0.556,15667,2.4538618526053977,0.30682325907959407,-0.4006032416380405,-0.08185618650415971,-0.1965060625336236,-36.27077205958426,0.0,0.0
ret_4 & dist_low_20,-0.333..0 & -0.001..0.662,15600,2.4433679007240827,0.311474358974359,-0.40237044495496543,-0.07214182632229538,-0.19827326585054852,-36.5132961734262,0.0,0.0
bb_width_pctile & ema200_rel,0.00039..0.107 & -1.84..-0.491,16353,2.5613073897782646,0.276891090319819,-0.4025911128560193,-0.17165310922516855,-0.19849393375160237,-38.48139301418629,0.0,0.0
dd_30d & bb_width_pctile,-8.28..-4.52 & 0.00039..0.107,9875,1.5466832063878408,0.29022784810126584,-0.4043901955417572,-0.1367368840845113,-0.2002930164373403,-29.793756269481786,0.07142857142857142,0.0
ret_4 & dist_low_20,0..0.333 & -0.001..0.662,8045,1.260057356495208,0.3256681168427595,-0.4094266770617427,-0.026520193216205183,-0.20532949795732577,-26.264158102696083,0.0,0.0
dd_30d & bb_width_pctile,-12.2..-8.28 & 0.00039..0.107,10465,1.6390926334024054,0.27319636884854276,-0.41129016685326925,-0.18521660508980323,-0.20719298774885234,-31.65539883658769,0.0,0.16666666666666666
dist_low_20 & dist_high_20,-0.001..0.662 & 1.02..1.54,9211,1.442683444459585,0.30192161545977636,-0.41183465108556955,-0.10313832305111892,-0.20773747198115264,-29.131973390310065,0.0,0.0
atr_pct & dist_high_20,0.0778..0.597 & 0.556..1.02,22051,3.453763178132484,0.30742369960546007,-0.41185543283732545,-0.08282727717264418,-0.20775825373290854,-44.73270429448166,0.0,0.16666666666666666
dist_high_20 & ema200_rel,-0.001..0.556 & -1.84..-0.491,11379,1.7822489322012396,0.2864047807364443,-0.4127676375121364,-0.15288168108479586,-0.2086704584077195,-32.98994718829653,0.07142857142857142,0.0
atr_pct & dow,0.0778..0.597 & 1,8831,1.3831655084163061,0.3064205639225456,-0.41341892713772277,-0.08455936899361967,-0.20932174803330586,-28.37485037749645,0.15384615384615385,0.0
atr_pct & ret_4,0.0778..0.597 & -0.333..0,22481,3.5211124215498786,0.3126195453938882,-0.42518487433112756,-0.06770425903821617,-0.22108769522671065,-46.39346269939923,0.0,0.16666666666666666
atr_pct & dd_30d,0.0778..0.597 & -20.5..-16.2,6077,0.951817098250016,0.2889583676155998,-0.4271391363698985,-0.13696863396717246,-0.22304195726548157,-24.49537718085954,0.15384615384615385,0.0
dow & dist_high_20,6 & -0.001..0.556,14823,2.3216693841303253,0.28901032179720704,-0.42820121977560266,-0.13315298724224123,-0.22410404067118575,-38.209339000775074,0.0,0.0
atr_pct & dow,0.0778..0.597 & 0,10792,1.6903093836291219,0.3018902891030393,-0.42873247379023455,-0.09830545325703526,-0.22463529468581764,-32.40584236471847,0.0,0.16666666666666666
dist_low_20 & dist_high_20,0.662..1.14 & -0.001..0.556,7732,1.211033372333244,0.3272115882048629,-0.4310113641961448,-0.01960572377834897,-0.22691418509172787,-27.026948744309507,0.0,0.16666666666666666
ret_4 & dist_high_20,-0.333..0 & -0.001..0.556,8302,1.3003102763981624,0.3172729462780053,-0.4323450095040831,-0.05205710093893703,-0.2282478303996662,-28.383223010840315,0.07142857142857142,0.0
dow & ema200_rel,6 & -1.84..-0.491,12084,1.8926703661762703,0.2676266137040715,-0.4334242164768534,-0.20050717451093608,-0.2293270373724365,-35.946430474090704,0.07142857142857142,0.0
atr_pct & dd_30d,0.0778..0.597 & -12.2..-8.28,14943,2.340464521828203,0.29579067121729236,-0.43975491345143447,-0.11859685337279652,-0.23565773434701756,-39.69557240658721,0.07692307692307693,0.0
atr_pct & dist_low_20,0.0778..0.597 & -0.001..0.662,28698,4.494857180447418,0.3116941947174019,-0.4507545408764034,-0.07094114323834451,-0.24665736177198647,-55.5382461752218,0.0,0.0
bb_width_pctile & dist_low_20,0.00039..0.107 & -0.001..0.662,17510,2.7425238424153005,0.2846944603083952,-0.4598357632427488,-0.15044161682186008,-0.25573858413833184,-45.23506355656433,0.0,0.0
atr_pct & ema200_rel,0.0778..0.597 & -1.84..-0.491,20096,3.147559059804562,0.29204816878980894,-0.4613328373846803,-0.1302537999566452,-0.2572356582802634,-48.744720699199924,0.0,0.0
atr_pct & ema200_rel,0.0778..0.597 & -3.59..-1.84,9218,1.443779827491961,0.2806465610761553,-0.4616897170270191,-0.17062052332811162,-0.25759253792260217,-33.511137272459784,0.0,0.0
atr_pct & dow,0.0778..0.597 & 6,19100,2.991559416912178,0.2968062827225131,-0.4671588900877363,-0.10991606511929565,-0.26306171098331943,-47.1226540506719,0.0,0.16666666666666666
atr_pct & dd_30d,0.0778..0.597 & -16.2..-12.2,9114,1.4274907081538006,0.28000877770463023,-0.4753466273512622,-0.16767174093771034,-0.27124944824684527,-34.08576038008386,0.0,0.16666666666666666
atr_pct & bb_width_pctile,0.0778..0.597 & 0.00039..0.107,21181,3.3174984298228716,0.2935177753647137,-0.4795383611569955,-0.12137747058566226,-0.2754411820525786,-51.43903839418052,0.0,0.16666666666666666
dist_low_20 & dist_high_20,-0.001..0.662 & 0.556..1.02,7642,1.1969370190598358,0.30149175608479456,-0.4982013548855697,-0.09739392682958559,-0.2941041757811528,-31.923156015212914,0.0,0.0
