feature,bucket,n,coverage_pct,win_rate,expectancy_r,gross_r,lift_r,t_stat,coins_positive,years_positive
atr_pct & dist_low_20,1.08..inf & -inf..0.288,9960,0.38980236315725825,0.34407630522088356,-0.13488580510690612,0.010884654705718392,0.4526709719582725,-9.655568927176967,0.07142857142857142,0.16666666666666666
atr_pct & ret_96,1.08..inf & -inf..-4.32,114092,4.465193897323084,0.3468779581390457,-0.13549090525254084,-0.00443267003911386,0.4520658718126378,-33.49700806129819,0.0,0.16666666666666666
ret_96 & ema50_rel,-inf..-4.32 & 1.38..inf,8037,0.31454232858382375,0.34440711708348887,-0.14030818704141046,-0.0008004123392729014,0.44724859002376816,-9.099810975583909,0.21428571428571427,0.3333333333333333
atr_pct & dist_low_20,1.08..inf & 0.524..0.777,11875,0.46474930346309656,0.34029473684210526,-0.15132542043148814,-0.003553393328548258,0.4362313566336905,-11.916490584337792,0.07142857142857142,0.0
atr_pct & dist_low_20,1.08..inf & 1.46..2.04,31819,1.2452933125804015,0.34275118639806407,-0.15225474837628372,-0.004131281798038837,0.4353020286888949,-19.73487166974903,0.0,0.0
dist_high_20 & ema50_rel,3.07..inf & 1.38..inf,27593,1.0799012657227136,0.330627333019244,-0.1534045196555802,-0.04345484947070705,0.4341522574095984,-18.75092897622112,0.07142857142857142,0.0
atr_pct & ema200_rel,1.08..inf & -inf..-3.06,116311,4.552038419797577,0.34030315275425366,-0.15673268944464508,-0.025062884354928986,0.43082408762053354,-39.36143775831327,0.0,0.16666666666666666
atr_pct & dist_low_20,1.08..inf & 1.08..1.46,21012,0.8223420938413967,0.34128117266324004,-0.15853745886163362,-0.009949902285516735,0.429019318203545,-16.708850716757635,0.0,0.0
atr_pct & ema20_rel,1.08..inf & -inf..-0.855,111714,4.3721266262801155,0.33891902536835133,-0.16012961931618386,-0.028315486624350458,0.42742715774899476,-39.45038630094734,0.0,0.0
atr_pct & ret_16,1.08..inf & -inf..-1.65,114599,4.485036246531992,0.33920016754072896,-0.16034775106590987,-0.0284299622790136,0.42720902599926874,-40.0566028638479,0.0,0.0
atr_pct & dist_high_20,1.08..inf & 3.07..inf,171817,6.724364721946851,0.3366372361291374,-0.16081845251647484,-0.033410107052250816,0.42673832454870375,-49.17279241815795,0.0,0.0
dist_high_20 & ema20_rel,3.07..inf & 0.394..0.822,7222,0.28264585007246174,0.33425643865965105,-0.16485906111409748,-0.03511650982428661,0.42269771595108113,-10.321278497322478,0.14285714285714285,0.0
dist_high_20 & ema20_rel,3.07..inf & 0.822..inf,16712,0.6540539250084437,0.32048827190043083,-0.16592397491837277,-0.06983610666947353,0.4216328021468059,-15.897684207251375,0.07142857142857142,0.0
atr_pct & ema50_rel,1.08..inf & -0.00927..0.272,10512,0.41140586762139547,0.3378995433789954,-0.16652036060850472,-0.019138387336121426,0.4210364164566739,-12.486062362545331,0.0,0.0
atr_pct & ema50_rel,1.08..inf & -inf..-1.44,115521,4.521120360872453,0.3373066368885311,-0.1674576220396552,-0.03569457210753391,0.4200991550255234,-42.117684040682974,0.0,0.0
ret_96 & ema50_rel,4.36..inf & -inf..-1.44,8419,0.3294925798615419,0.33258106663499226,-0.16786538846658136,-0.032948162947243884,0.4196913885985972,-11.280923057557844,0.0,0.0
dist_high_20 & ret_16,3.07..inf & 1.63..inf,23332,0.9131394314442921,0.32611863535059143,-0.1680417566816671,-0.05964835490429328,0.4195150203835115,-19.042725578876624,0.07142857142857142,0.0
atr_pct & ema20_rel,1.08..inf & 0.168..0.394,15022,0.5879127609787483,0.3349088004260418,-0.17025899940650482,-0.0235124972015586,0.4172977776586738,-15.226060956488393,0.0,0.0
dist_high_20 & dist_low_20,3.07..inf & 3.14..inf,62318,2.438926071007432,0.3321512243653519,-0.17136286882812732,-0.06311324925786652,0.41619390823705127,-32.29280375627683,0.0,0.0
ema20_rel & ema200_rel,0.822..inf & -inf..-3.06,18723,0.7327579965254364,0.33717887090744003,-0.1716426571866838,-0.025391373705318854,0.4159141198784948,-17.222424416769368,0.14285714285714285,0.0
atr_pct & dist_low_20,1.08..inf & 0.777..1.08,15188,0.5944094670313693,0.33460626810639976,-0.17269703964670266,-0.024220935098485042,0.4148597374184759,-15.490550525951075,0.0,0.0
atr_pct & ema50_rel,1.08..inf & 0.272..0.654,14023,0.5488151143126739,0.3328103829423091,-0.17333950898449096,-0.02603508876343779,0.41421726808068765,-14.98003271818883,0.0,0.0
atr_pct & ret_16,1.08..inf & -0.793..-0.331,15542,0.6082638883725008,0.33361214772873504,-0.1772617540660237,-0.0300071076134472,0.4102950229991549,-16.158838717968624,0.0,0.0
dist_low_20 & ret_96,3.14..inf & -inf..-4.32,63695,2.492817421817426,0.33826830991443596,-0.17806238001335659,-0.038918524813287496,0.409494397051822,-33.47884007896879,0.07142857142857142,0.0
atr_pct & dist_low_20,1.08..inf & 0.288..0.524,10274,0.40209131316040875,0.331613782363247,-0.17891038933946435,-0.03112681751783136,0.40864638772571427,-13.192043642384201,0.0,0.0
dist_low_20 & ret_16,3.14..inf & -inf..-1.65,28807,1.1274133208304356,0.33759155760752596,-0.18038150886736834,-0.06697150257288505,0.40717526819781025,-23.520544122413824,0.0,0.0
dist_low_20 & ema20_rel,3.14..inf & -inf..-0.855,21943,0.8587784392329034,0.3371462425374835,-0.1806293876192452,-0.07668031698602437,0.40692738944593343,-20.726983624651442,0.0,0.0
dist_high_20 & ret_16,3.07..inf & 0.781..1.63,7647,0.2992789830385094,0.33542565712043937,-0.18235039637127573,-0.03583749433359021,0.4052063806939029,-11.784222111732538,0.07142857142857142,0.0
atr_pct & ema200_rel,1.08..inf & -0.716..-0.0819,10463,0.4094881652323688,0.331835993500908,-0.1834211907631698,-0.03403076957972671,0.40413558630200885,-13.719421846076045,0.0,0.16666666666666666
dist_high_20 & ema200_rel,3.07..inf & 1.36..2.88,20006,0.7829704896911756,0.34364690592822156,-0.1834462336918608,-0.0023082930428933814,0.4041105433733178,-18.91071206712059,0.0,0.0
atr_pct & ret_16,1.08..inf & 0..0.332,10031,0.39258107478217447,0.328980161499352,-0.1840931025157385,-0.03708743453948888,0.4034636745494401,-13.478926961912046,0.0,0.0
dist_high_20 & ret_96,3.07..inf & -inf..-4.32,127137,4.975733237422123,0.34277197039414176,-0.18562607344208323,-0.013358746853733542,0.40193070362309535,-48.463640193705544,0.0,0.0
dist_high_20 & ema200_rel,3.07..inf & 2.88..inf,49564,1.9397755348922037,0.3246509563392785,-0.18578164064791344,-0.05712828782696027,0.40177513641726514,-30.53199772872003,0.07142857142857142,0.0
ema20_rel & ema200_rel,-inf..-0.855 & 2.88..inf,17206,0.6733874960325086,0.32965244682087647,-0.18665005613686778,-0.04487954985220705,0.4009067209283108,-18.032326850660084,0.0,0.0
atr_pct & ema20_rel,1.08..inf & -0.405..-0.168,16154,0.6322155998436094,0.33174445957657545,-0.18802656456427444,-0.04097088371903622,0.39953021250090415,-17.60198505567043,0.0,0.0
atr_pct & ret_96,1.08..inf & -0.984..-0.0473,10490,0.4105448583855059,0.332697807435653,-0.18840066737041647,-0.03903733939251573,0.3991561096947621,-14.175355757657181,0.0,0.16666666666666666
atr_pct & ema200_rel,1.08..inf & -1.57..-0.716,14441,0.565174289794575,0.32947856796620734,-0.19244382344365313,-0.04317935422945944,0.3951129536215255,-17.044529189866303,0.0,0.16666666666666666
atr_pct & dist_low_20,1.08..inf & 2.04..3.14,55937,2.1891942558160196,0.32915601480236695,-0.19247569759874328,-0.04645554281777585,0.39508107946643534,-33.50241922050688,0.0,0.0
atr_pct & ret_16,1.08..inf & -1.65..-0.793,28126,1.1007611713013097,0.329090521225912,-0.1925552632006973,-0.045948887369345486,0.39500151386448135,-23.73792307441371,0.0,0.0
atr_pct & ema50_rel,1.08..inf & -0.299..-0.00927,11086,0.4338703813214222,0.3281616453184196,-0.19501234283754784,-0.04762948358781329,0.39254443422763075,-15.09138198060068,0.0,0.0
atr_pct & ema200_rel,1.08..inf & 1.36..2.88,24227,0.948166852631616,0.3278160729764312,-0.19517963589777654,-0.047413459520722144,0.3923771411674021,-22.367150124798012,0.0,0.0
dist_high_20 & ema50_rel,3.07..inf & 0.654..1.38,10734,0.4200942335471898,0.33025899012483695,-0.1957570648553716,-0.0425680893692674,0.391799712209807,-14.94647434634429,0.14285714285714285,0.0
dist_low_20 & ema200_rel,3.14..inf & -inf..-3.06,58973,2.308013530368774,0.33286419208790463,-0.1958609218095262,-0.06093338162496639,0.3916958552556524,-35.8625146666696,0.07142857142857142,0.0
atr_pct & dist_high_20,1.08..inf & 1.96..3.07,56929,2.2280179449979474,0.32491348873157794,-0.1961803796382905,-0.04947776601457651,0.3913763974268881,-34.29140552182569,0.0,0.0
atr_pct & ret_16,1.08..inf & -0.331..0,11804,0.46197059183818034,0.3266689257878685,-0.19680327142977178,-0.048918574280624114,0.39075350563540684,-15.703131710187515,0.0,0.0
dist_high_20 & ret_96,3.07..inf & 4.36..inf,55756,2.1821104980116557,0.322602051797116,-0.1971263069479029,-0.061441550646632544,0.3904304701172757,-34.34776333876859,0.07142857142857142,0.0
atr_pct & ema50_rel,1.08..inf & 0.654..1.38,24621,0.9635867453107284,0.3244384874700459,-0.19738062069799198,-0.05074481772445891,0.3901761563671866,-22.696028476598663,0.0,0.0
atr_pct & ret_16,1.08..inf & 0.332..0.781,13931,0.5452145302353177,0.3253894192807408,-0.19754189766538138,-0.049937589592414094,0.39001487939979723,-17.10271895729004,0.0,0.0
atr_pct & ret_96,1.08..inf & 0.849..2.07,13544,0.530068595040352,0.3261961015948021,-0.1980891909008408,-0.04835705152088291,0.38946758616433785,-16.95290198449342,0.0,0.0
dist_high_20 & ema20_rel,3.07..inf & -0.168..0.00183,7196,0.28162829370277415,0.33504724847137296,-0.19845985806112162,-0.03390766176595085,0.38909691900405696,-12.409923611874545,0.14285714285714285,0.0
dist_low_20 & ema50_rel,3.14..inf & -inf..-1.44,35146,1.3755013911169678,0.33195811756672167,-0.19859579154454604,-0.08220815556796543,0.3889609855206326,-28.678330085347003,0.0,0.0
atr_pct & ema20_rel,1.08..inf & -0.168..0.00183,11375,0.4451809117383346,0.3264175824175824,-0.1991442871192061,-0.05216358472978109,0.38841248994597255,-15.650803144837408,0.0,0.0
dist_high_20 & ema50_rel,3.07..inf & 0.272..0.654,7718,0.30205769466342564,0.3315625809795284,-0.199406736491375,-0.03309788863812642,0.38815004057380365,-12.876009789562543,0.14285714285714285,0.0
atr_pct & ema20_rel,1.08..inf & -0.855..-0.405,29818,1.1669806088979042,0.32745321617814743,-0.19976587748149824,-0.054162472439085396,0.3877908995836804,-25.51742967980075,0.0,0.0
ema20_rel & ema200_rel,-inf..-0.855 & 1.36..2.88,14029,0.5490499350133711,0.34535604818590065,-0.20168240451838737,0.005474689568426655,0.38587437254679124,-17.276996865488993,0.0,0.0
atr_pct & ema20_rel,1.08..inf & 0.394..0.822,26436,1.0346200072716143,0.3236495687698593,-0.20208737125832912,-0.05628488376624516,0.3854694058068495,-24.152027929329343,0.0,0.0
ret_96 & ema20_rel,4.36..inf & -inf..-0.855,25336,0.991569545477138,0.3286627723397537,-0.202495541250341,-0.04221001282329825,0.38506123581483764,-23.64265031470711,0.0,0.0
atr_pct & ema20_rel,1.08..inf & 0.00183..0.168,11142,0.4360620411945955,0.32498653742595585,-0.20279100743889825,-0.05589662332192487,0.3847657696262804,-15.771046180679614,0.0,0.0
dist_low_20 & ema20_rel,3.14..inf & -0.405..-0.168,6841,0.26773473557819316,0.33357696243239293,-0.2036826529346985,-0.051769519374585016,0.3838741241304801,-12.609905279983847,0.0,0.0
atr_pct & ema50_rel,1.08..inf & 1.38..inf,99944,3.9114866850792187,0.31680741215080443,-0.2040363427066466,-0.07158407939718593,0.383520434358532,-47.39468666772339,0.0,0.0
ret_96 & ret_16,-inf..-4.32 & 1.63..inf,31333,1.226272835823933,0.3327163054926116,-0.20454193579461044,-0.033862464484099096,0.3830148412705682,-26.50660918672058,0.0,0.0
ret_96 & ema20_rel,-inf..-4.32 & 0.822..inf,25654,1.0040150426140866,0.3301239572776175,-0.2045962703501709,-0.03959239336604397,0.3829605067150077,-23.9439207794514,0.07142857142857142,0.0
atr_pct & dist_low_20,1.08..inf & 3.14..inf,163187,6.38661428077746,0.31960266442792623,-0.2046948826541149,-0.07751067732544797,0.3828618944110637,-61.5241221698139,0.0,0.0
atr_pct & ema50_rel,1.08..inf & -1.44..-0.701,28282,1.1068665095194354,0.32536595714588784,-0.2047944980358924,-0.05756460269457744,0.3827622790292862,-25.429765507423927,0.0,0.0
dist_high_20 & ema20_rel,1.96..3.07 & 0.822..inf,20399,0.7983512455868385,0.3190842688367077,-0.20532128816557324,-0.06258577305426162,0.38223548889960535,-21.50043396300071,0.0,0.0
ret_16 & ema200_rel,-inf..-1.65 & 2.88..inf,22498,0.8804993540473892,0.32674015468041606,-0.2054012041025044,-0.053834410429498485,0.3821555729626742,-22.755021431260698,0.07142857142857142,0.0
atr_pct & ema200_rel,1.08..inf & -3.06..-1.57,25761,1.0082026784431857,0.32708357594813864,-0.20742764775899625,-0.058317099688281915,0.38012912930618237,-24.69113034856652,0.0,0.16666666666666666
ret_16 & ema200_rel,1.63..inf & -inf..-3.06,24733,0.9679700650570752,0.32923624307605226,-0.2080837774112546,-0.050150311920446576,0.379472999653924,-24.191153931090792,0.14285714285714285,0.0
dist_high_20 & dist_low_20,3.07..inf & 1.46..2.04,37557,1.46986017601377,0.33495753121921346,-0.20840519792385065,-0.031117384028448825,0.37915157914132797,-29.73961716218258,0.0,0.0
atr_pct & ema200_rel,1.08..inf & 2.88..inf,105081,4.112532341659423,0.31433846270971916,-0.20921380682698096,-0.07724189363808921,0.37834297023819763,-49.90861375080998,0.0,0.0
atr_pct & ret_16,1.08..inf & 1.63..inf,100421,3.9301549307846417,0.3153921988428715,-0.21069601985208258,-0.07825380711204401,0.37686075721309603,-49.26129144889472,0.0,0.0
atr_pct & ema50_rel,1.08..inf & -0.701..-0.299,15404,0.6028630122564664,0.32264346922877174,-0.2114740229880877,-0.06426340400920498,0.3760827540770909,-19.431467150040998,0.0,0.0
atr_pct & ema20_rel,1.08..inf & 0.822..inf,97732,3.8249161200888717,0.31453362255965295,-0.21161896448703071,-0.07921765081067557,0.3759378125781479,-48.76653181685436,0.0,0.0
dist_high_20 & ret_16,3.07..inf & -0.331..0,6581,0.25755917188131694,0.3309527427442638,-0.21166454165668977,-0.04056585118718562,0.3758922354084888,-12.648664508159381,0.0,0.16666666666666666
dist_high_20 & ret_16,3.07..inf & -0.793..-0.331,11168,0.43707959756428316,0.3321095988538682,-0.21192436258901393,-0.034573305821988,0.3756324144761647,-16.43733652955032,0.0,0.0
dist_low_20 & ema20_rel,1.46..2.04 & -inf..-0.855,26697,1.0448347077519402,0.33471925684533843,-0.2123891878025949,-0.03739410479267851,0.37516758926258376,-25.6503553101337,0.0,0.0
atr_pct & ret_96,1.08..inf & -2.24..-0.984,14807,0.5794983525371007,0.3259269264537043,-0.21393777189114882,-0.06345019910045317,0.3736190051740298,-19.28035828057429,0.0,0.0
atr_pct & ret_16,1.08..inf & 0.781..1.63,24815,0.9711792812999361,0.3196856739875076,-0.21439000743489517,-0.06798278923702222,0.37316676963028345,-24.894805960192965,0.0,0.0
ret_96 & ret_16,-inf..-4.32 & -inf..-1.65,121855,4.769012747241737,0.3386319806327192,-0.2150157821670598,-0.021616082531040783,0.3725409948981188,-54.923477504512334,0.0,0.0
atr_pct & ema200_rel,1.08..inf & 0.54..1.36,13224,0.5175448243365043,0.3221415607985481,-0.21573089929582273,-0.06761581221528766,0.3718258777693559,-18.377110112401656,0.07142857142857142,0.0
ret_96 & ret_16,4.36..inf & -inf..-1.65,30727,1.2025559450535215,0.326455560256452,-0.21578412724034696,-0.05078980388867933,0.37177264982483166,-27.819990183057126,0.0,0.0
atr_pct & dist_high_20,1.08..inf & 0.708..1,13667,0.5348824194046434,0.3187971025096949,-0.2165209494253774,-0.06671274693197211,0.37103582763980125,-18.581954958661715,0.0,0.0
atr_pct & ema200_rel,1.08..inf & -0.0819..0.54,9885,0.38686710439854394,0.3212948912493677,-0.217714310490066,-0.06909490140456996,0.3698424665751126,-16.030944426702963,0.0,0.0
atr_pct & dist_high_20,1.08..inf & 1.39..1.96,30584,1.1969593850202396,0.31758435783416167,-0.21787575917448834,-0.06916346142651279,0.3696810178906903,-27.98547120397943,0.0,0.0
dist_high_20 & ema50_rel,1.96..3.07 & 1.38..inf,30192,1.1816177659080263,0.321939586645469,-0.21794176254979136,-0.05218308977599608,0.36961501451538725,-27.693793689993722,0.0,0.0
atr_pct & ret_96,1.08..inf & -0.0473..0.849,10054,0.3934812208015135,0.31987268748756714,-0.21825719407238042,-0.0687493493954097,0.3692995829927982,-16.178812818362157,0.0,0.0
atr_pct & ret_96,1.08..inf & 4.36..inf,105103,4.113393350895312,0.31121851897662295,-0.21867624979441203,-0.08684479885078848,0.3688805272707666,-52.349602615362855,0.0,0.0
dist_low_20 & ema20_rel,3.14..inf & -0.855..-0.405,9166,0.35872775709833626,0.323914466506655,-0.21881548820457897,-0.0794657269586859,0.36874128886059965,-15.845455188349158,0.0,0.0
dist_high_20 & dist_low_20,1.96..3.07 & 3.14..inf,38690,1.5142021516620805,0.32041871284569656,-0.2194274552230017,-0.0662242818564455,0.36812932184217695,-31.911087393385085,0.0,0.0
dist_high_20 & ema200_rel,3.07..inf & -inf..-3.06,146487,5.73302999717041,0.33359956856239803,-0.2195324533708605,-0.03864246290650845,0.36802432369431815,-61.849009024883514,0.0,0.0
dist_high_20 & ema20_rel,3.07..inf & -0.405..-0.168,14043,0.5495978499816644,0.33198034607989746,-0.21961069921168253,-0.04132676824492123,0.3679460778534961,-19.232574635943163,0.0,0.0
dist_high_20 & ret_16,1.96..3.07 & 1.63..inf,27504,1.0764180919957058,0.32024432809773123,-0.22145652409001895,-0.06089739034505368,0.3661002529751597,-26.998571171127367,0.0,0.0
dist_low_20 & ema20_rel,2.04..3.14 & -inf..-0.855,22446,0.8784642413080139,0.32526953577474826,-0.22234138596469508,-0.0743131661026493,0.3652153911004835,-24.986885089086382,0.0,0.0
dist_low_20 & ret_16,3.14..inf & 0..0.332,6459,0.252784484300475,0.32729524694225115,-0.22287588219757826,-0.048452538970292856,0.36468089486760036,-13.21842773089621,0.0,0.0
dist_high_20 & dist_low_20,3.07..inf & 2.04..3.14,40024,1.5664106207837454,0.32572956226264244,-0.22424314173937393,-0.06942544218668202,0.3633136353258047,-33.54639684064368,0.0,0.0
dist_high_20 & ema50_rel,3.07..inf & -0.00927..0.272,6870,0.2688697022982293,0.3262008733624454,-0.22436141204734336,-0.05049985178375872,0.3631953650178352,-13.742508204678158,0.07142857142857142,0.0
ret_96 & ema20_rel,-inf..-4.32 & -inf..-0.855,128272,5.020153486637333,0.3359189846576026,-0.22499452727596514,-0.027662478323539123,0.3625622497892135,-58.925918556612494,0.0,0.0
atr_pct & ret_96,1.08..inf & 2.07..4.36,24711,0.9671090558211856,0.31742948484480593,-0.2260848765723487,-0.0775638285809184,0.36147190049282996,-26.38715951505312,0.0,0.0
ema50_rel & ema200_rel,-0.701..-0.299 & 2.88..inf,6111,0.23916488366004068,0.33316969399443624,-0.22611008704126875,-0.02956958177495239,0.36144669002390983,-12.9093108485933,0.07142857142857142,0.0
dist_high_20 & dist_low_20,3.07..inf & 1.08..1.46,35845,1.402858002748185,0.3337982982284837,-0.22727516799907765,-0.03303423607303082,0.36028160906610096,-31.57034447630293,0.0,0.0
dist_high_20 & ema50_rel,3.07..inf & -0.701..-0.299,14563,0.5699489773754168,0.3302890887866511,-0.22761968719147246,-0.0371549400496074,0.35993708987370615,-20.141390959693332,0.0,0.0
dist_high_20 & ema50_rel,3.07..inf & -0.299..-0.00927,8533,0.3339541731747876,0.3288409703504043,-0.22824683011006996,-0.045867197392728876,0.35930994695510865,-15.554466842934508,0.21428571428571427,0.0
dist_low_20 & ema20_rel,3.14..inf & -0.168..0.00183,6332,0.24781411280238547,0.3261212886923563,-0.22839979184146378,-0.06618560202073079,0.35915698522371486,-13.608744422116743,0.0,0.0
atr_pct & ret_96,1.08..inf & -4.32..-2.24,26031,1.0187696099745571,0.3205408935499981,-0.22875889511888675,-0.07879999523225269,0.35879788194629186,-27.58418865074641,0.0,0.0
ema50_rel & ema200_rel,-inf..-1.44 & -0.716..-0.0819,9179,0.35923653528318006,0.3420851944656281,-0.22893144554316017,0.0012067901230151748,0.3586253315220185,-15.829986977708856,0.0,0.0
ret_16 & ema200_rel,-inf..-1.65 & 1.36..2.88,16614,0.6502185202303904,0.33772721800890815,-0.23135734364410646,-0.015017183577156628,0.3561994334210722,-21.674439388928203,0.0,0.0
atr_pct & dist_high_20,1.08..inf & 1..1.39,19640,0.7686464269486498,0.3113543788187373,-0.23479660917697084,-0.08516277573750096,0.35276016788820774,-24.25992101494183,0.0,0.0
dist_low_20 & ret_16,3.14..inf & -0.793..-0.331,6668,0.2609640720414255,0.3216856628674265,-0.23481486865256818,-0.0767364288071872,0.35274190841261044,-14.302256703909704,0.0,0.0
dist_high_20 & ema20_rel,1.96..3.07 & 0.394..0.822,13947,0.5458407187705101,0.3255180325518033,-0.23484886136005503,-0.048452076035961536,0.3527079157051236,-20.381475932876533,0.0,0.0
dist_low_20 & ret_16,3.14..inf & -1.65..-0.793,9048,0.3541096166512924,0.3186339522546419,-0.2376216570985587,-0.08861902705960951,0.3499351199666199,-17.005483071822145,0.0,0.0
dist_low_20 & ret_16,3.14..inf & -0.331..0,6297,0.24644432538165212,0.32269334603779576,-0.23838952153928267,-0.07120453904477299,0.34916725552589595,-14.083374997527079,0.0,0.0
dist_low_20 & ema20_rel,3.14..inf & 0.168..0.394,14373,0.5625129885200073,0.32512349544284425,-0.2388609202933422,-0.05535962674057392,0.34869585677183645,-21.21326928765043,0.0,0.0
dist_high_20 & ema200_rel,3.07..inf & 0.54..1.36,13875,0.5430228703621444,0.32922522522522524,-0.23900343981600594,-0.04328094203729626,0.3485533372491727,-20.710861394498423,0.0,0.0
dist_low_20 & ema20_rel,1.08..1.46 & -inf..-0.855,31809,1.2449019447459064,0.3313841994404099,-0.24025834812109428,-0.04108845619079229,0.34729842894408436,-31.491565057727506,0.0,0.0
dist_high_20 & ret_16,3.07..inf & -1.65..-0.793,32999,1.2914747170508398,0.3281917633867693,-0.24075865294366053,-0.04746728394292934,0.3467981241215181,-32.141910133287304,0.0,0.0
dist_high_20 & dist_low_20,3.07..inf & 0.777..1.08,34712,1.3585160270998744,0.3325074902051164,-0.24078467709628465,-0.03200553986962297,0.34677209996889397,-32.79089269834604,0.0,0.0
dist_high_20 & ret_96,3.07..inf & 2.07..4.36,22348,0.8746288365299606,0.32571147306246645,-0.24240075843929357,-0.05486271367492638,0.3451560186258851,-26.78623482076857,0.0,0.0
ema20_rel & ema200_rel,-inf..-0.855 & 0.54..1.36,12262,0.47989523865806233,0.33803620942749957,-0.24489310877824333,-0.008487032406333224,0.3426636682869353,-19.599809116535184,0.0,0.0
ret_96 & ema50_rel,-inf..-4.32 & -inf..-1.44,177309,6.939303936651637,0.3319515647823856,-0.24510381784523852,-0.0401618594834481,0.3424529592199401,-75.84831289648196,0.0,0.0
dist_high_20 & ema20_rel,3.07..inf & -inf..-0.855,219138,8.576356451561773,0.3278527685750532,-0.24537037074311346,-0.05191034675927459,0.34218640632206515,-84.67360474668307,0.0,0.0
dist_low_20 & ret_16,2.04..3.14 & -inf..-1.65,30378,1.1888972076296376,0.32243729014418326,-0.2459019597840235,-0.08126058871389491,0.3416548172811551,-32.24727317248426,0.0,0.0
dist_high_20 & ret_16,3.07..inf & -inf..-1.65,227340,8.897356349414768,0.3283408111199085,-0.2461189104187153,-0.051358774052814304,0.3414378666464633,-86.6105949855575,0.0,0.0
ret_96 & ema50_rel,2.07..4.36 & -inf..-1.44,7407,0.2898861550106237,0.32172269474821114,-0.2462779758530061,-0.0613436616814403,0.3412788012121725,-15.574891317822336,0.0,0.0
atr_pct & dist_high_20,1.08..inf & -inf..0.241,8215,0.321508676037839,0.308338405356056,-0.24675688782871097,-0.09852393203754412,0.34079988923646765,-16.610607647773886,0.0,0.0
dist_low_20 & ema50_rel,3.14..inf & -1.44..-0.701,13192,0.5162924472661196,0.31951182534869615,-0.24684775554918487,-0.08349144888869707,0.34070902151599375,-21.295984047709364,0.0,0.0
dist_low_20 & ema200_rel,3.14..inf & -3.06..-1.57,22222,0.8696976018153205,0.32814328143281435,-0.24774846416465454,-0.051782676922804596,0.33980831290052405,-27.3756485979951,0.0,0.0
ret_96 & ema50_rel,-4.32..-2.24 & 1.38..inf,7084,0.27724497395642744,0.32580463015245625,-0.24798319034574326,-0.04862356542433149,0.3395735867194354,-15.258911723542775,0.0,0.0
dist_high_20 & ema50_rel,3.07..inf & -inf..-1.44,205179,8.030046091389869,0.32768948089229405,-0.24810110598349772,-0.054855896785733126,0.3394556710816809,-83.09188603153287,0.0,0.0
dist_low_20 & ema50_rel,2.04..3.14 & -inf..-1.44,33258,1.3016111439642666,0.3233207047928318,-0.2493823181668798,-0.07850486222457556,0.3381744588982988,-34.172504139609714,0.0,0.0
dist_low_20 & ret_16,3.14..inf & 0.332..0.781,11585,0.4533996362627346,0.32101855848079414,-0.25061012600840815,-0.06601339630079975,0.33694665105677046,-19.997336899208687,0.0,0.0
dist_low_20 & ret_16,1.46..2.04 & -inf..-1.65,34547,1.3520584578307029,0.3265696008336469,-0.25061223169528685,-0.05646178463084385,0.33694454536989177,-34.55328471911127,0.0,0.0
dist_low_20 & ema50_rel,3.14..inf & -0.299..-0.00927,8155,0.3191604690308676,0.3218884120171674,-0.2532517320660801,-0.0699408884872594,0.3343050449990985,-17.04425865566615,0.0,0.0
dist_high_20 & ema200_rel,3.07..inf & -0.716..-0.0819,13592,0.5319471606459292,0.328796350794585,-0.25571878595340075,-0.04461395891138484,0.33183799111177786,-21.908846073653798,0.0,0.0
dist_high_20 & ema20_rel,1.39..1.96 & 0.822..inf,24912,0.9749755492945399,0.31274084778420036,-0.2557757136984139,-0.0815278956791391,0.3317810633667647,-29.756132576391213,0.0,0.0
ret_96 & ema50_rel,-inf..-4.32 & 0.654..1.38,8863,0.3468693117131305,0.3229154913686111,-0.2559606326872373,-0.049209451555628704,0.3315961443779413,-17.509476115427635,0.0,0.0
ret_16 & ema200_rel,-inf..-1.65 & -inf..-3.06,145134,5.680077929163205,0.32718728898810756,-0.2560992070954826,-0.0537105565919301,0.331457569969696,-71.92164821810547,0.0,0.0
dist_high_20 & dist_low_20,1.39..1.96 & 3.14..inf,36096,1.4126813353940155,0.3145777925531915,-0.2565522307669353,-0.07892890269086696,0.33100454629824333,-36.028459624807915,0.0,0.0
dist_high_20 & ema50_rel,3.07..inf & -1.44..-0.701,38170,1.493851024268328,0.32724652868745085,-0.2566924439791715,-0.04899366710294847,0.3308643330860071,-36.88171725154665,0.0,0.0
dist_low_20 & ema200_rel,3.14..inf & -1.57..-0.716,15161,0.5933527738782322,0.32761691181320496,-0.25711641264488994,-0.04866051842784219,0.3304403644202887,-23.34148085499073,0.0,0.0
dist_high_20 & ema20_rel,3.07..inf & -0.855..-0.405,43705,1.710473120661443,0.32604965106967165,-0.2573949661245892,-0.05767199583278497,0.33016181094058944,-39.94221364331228,0.0,0.0
ema20_rel & ema200_rel,-inf..-0.855 & -inf..-3.06,152319,5.961275718248034,0.32712268331593564,-0.2577025552709669,-0.0517378921514058,0.3298542217942117,-73.95728735072413,0.0,0.0
atr_pct & dist_low_20,0.807..1.08 & 0.777..1.08,27026,1.0577107095068334,0.329201509657367,-0.25801837336678146,-0.038730318625226,0.32953840369839715,-30.994914637839546,0.0,0.0
dist_low_20 & ema50_rel,1.46..2.04 & -inf..-1.44,36079,1.4120160100753736,0.32653344050555727,-0.258577351978952,-0.060005040689802065,0.32897942508622663,-36.529656552801676,0.0,0.0
ema20_rel & ema200_rel,-0.855..-0.405 & 2.88..inf,16565,0.6483008178413637,0.3253848475701781,-0.2590433149523669,-0.049109329959578014,0.32851346211281174,-24.39740526414863,0.0,0.0
ema50_rel & ema20_rel,0.272..0.654 & -0.855..-0.405,6376,0.24953613127416452,0.3320263488080301,-0.2598507833796765,-0.022470092896719154,0.32770599368550213,-15.068184715176052,0.0,0.0
atr_pct & dist_high_20,1.08..inf & 0.463..0.708,10119,0.39602511172573257,0.30319201502124715,-0.2603933170366266,-0.11140674989101956,0.327163460028552,-19.493923192316412,0.0,0.0
atr_pct & dist_low_20,0.807..1.08 & -inf..0.288,15646,0.6123341138512512,0.3253227662022242,-0.2606729360102313,-0.041570260372296275,0.32688384105494733,-23.66407012048182,0.0,0.0
atr_pct & dist_high_20,0.807..1.08 & 3.07..inf,83537,3.2693694790228798,0.3280701964399009,-0.2611103488125182,-0.04686771072744899,0.3264464282526604,-55.655216798387364,0.0,0.0
dist_high_20 & dist_low_20,3.07..inf & 0.524..0.777,34090,1.3341729477942705,0.3277207392197125,-0.2615448526642415,-0.040708381541326374,0.3260119244009371,-35.26808303753228,0.0,0.0
ema50_rel & ema20_rel,1.38..inf & 0.168..0.394,12490,0.48881842528455377,0.3300240192153723,-0.2623163231870931,-0.019350574035457386,0.32524045387808553,-21.103086979409277,0.0,0.0
atr_pct & ema20_rel,0.807..1.08 & -inf..-0.855,77307,3.025547318132346,0.3269044200395824,-0.2636157659849836,-0.04773869117687555,0.323941011080195,-53.876446891896265,0.0,0.0
ret_16 & ema200_rel,-inf..-1.65 & 0.54..1.36,13569,0.5310470146265901,0.33267005674699685,-0.2644945067129098,-0.02586796631165509,0.3230622703522688,-22.424038599284916,0.0,0.0
dist_low_20 & ret_16,1.08..1.46 & -inf..-1.65,37601,1.471582194485549,0.3286348767320018,-0.26568750334982927,-0.04714908936325219,0.32186927371534935,-37.910061454771274,0.0,0.0
ret_96 & ema50_rel,4.36..inf & -1.44..-0.701,9238,0.361545605506702,0.31965793461788267,-0.265870972893735,-0.06692734317437717,0.3216858041714436,-18.79968783349465,0.0,0.0
atr_pct & ret_16,0.807..1.08 & -inf..-1.65,79314,3.1040948425155404,0.32675189752124467,-0.26589905472833864,-0.049981615030225364,0.32165772233684,-55.217619180452445,0.0,0.0
atr_pct & dist_low_20,0.807..1.08 & 1.08..1.46,36035,1.4102939916035946,0.32560011100319136,-0.2663921886040606,-0.047300299753187294,0.321164588461118,-37.06801043489889,0.0,0.0
dist_high_20 & ret_96,1.96..3.07 & 4.36..inf,49065,1.9202462799508913,0.3178844390094772,-0.2664536108448609,-0.0614898035124164,0.3211031662203177,-43.20839795913267,0.0,0.0
dist_high_20 & ema200_rel,1.96..3.07 & 2.88..inf,45041,1.762759863350007,0.314535645300948,-0.26686276479479265,-0.07225482095833334,0.32069401227038596,-41.56896521656696,0.0,0.0
ema50_rel & ret_16,1.38..inf & -0.331..0,6621,0.2591246432192979,0.3260836731611539,-0.26761456841182496,-0.03186603497871713,0.31994220865335365,-15.730906187898567,0.0,0.0
dist_low_20 & ema50_rel,3.14..inf & -0.701..-0.299,9324,0.364911368883361,0.314993564993565,-0.26910249506200906,-0.09455574110386056,0.31845428200316955,-19.557319217656797,0.0,0.0
atr_pct & ema50_rel,0.807..1.08 & -0.299..-0.00927,18378,0.7192558062353506,0.32489933616280336,-0.2699191163497695,-0.05056537339086585,0.3176376607154091,-26.880492688580038,0.0,0.0
atr_pct & ret_96,0.807..1.08 & -4.32..-2.24,44179,1.7290239560165173,0.326535231671156,-0.2709368851145068,-0.05208825218061869,0.3166198919506718,-42.060872532422295,0.0,0.0
dist_low_20 & ret_96,2.04..3.14 & -inf..-4.32,51620,2.0202407616644247,0.32324680356450985,-0.2716670763506948,-0.06290149260621546,0.3158897007144838,-45.58663137761618,0.0,0.0
atr_pct & dist_high_20,1.08..inf & 0.241..0.463,8281,0.3240917037455076,0.2992392223161454,-0.2718881373598924,-0.12266521329237051,0.3156686397052862,-18.465172966217725,0.0,0.0
atr_pct & ema200_rel,0.807..1.08 & -3.06..-1.57,42409,1.6597518493108598,0.32533188709943645,-0.2723995881129827,-0.0531503637200226,0.3151571889521959,-41.34546755006173,0.0,0.0
ema50_rel & ema200_rel,-1.44..-0.701 & 1.36..2.88,10237,0.40064325217277635,0.3297841164403634,-0.2724092111255729,-0.03438389905272826,0.3151475659396057,-20.08486140846821,0.0,0.0
dist_low_20 & ema20_rel,0.777..1.08 & -inf..-0.855,37735,1.476826523467785,0.32603683582880616,-0.27289891268979916,-0.049141750593597405,0.31465786437537946,-38.84167984190068,0.0,0.0
dist_high_20 & ret_96,3.07..inf & 0.849..2.07,15317,0.5994581120963579,0.31905725664294576,-0.27338435107337705,-0.06947526966756479,0.31417242599180156,-25.060233704548025,0.0,0.0
dist_high_20 & ret_16,1.39..1.96 & 1.63..inf,32385,1.2674447320128321,0.3131079203334877,-0.27390500537845097,-0.0792709503512253,0.31365177168672764,-36.307473573750315,0.0,0.0
dist_high_20 & ema20_rel,1.96..3.07 & 0.168..0.394,13205,0.5168012254509634,0.3188943581976524,-0.2740172040974647,-0.06436179033317369,0.3135395729677139,-23.20870038261804,0.0,0.0
ema50_rel & ret_16,-0.299..-0.00927 & -inf..-1.65,7132,0.2791235395620046,0.32585530005608526,-0.27415325173337907,-0.044596649922278464,0.31340352533179955,-16.922723088713852,0.0,0.0
ret_96 & ema200_rel,-inf..-4.32 & -inf..-3.06,233659,9.14466168403231,0.3249179359665153,-0.2746567540355071,-0.05632822951069928,0.3129000230296715,-97.58909633828829,0.0,0.0
atr_pct & ema50_rel,0.807..1.08 & -inf..-1.44,81456,3.1879258326644204,0.3242363975643292,-0.2747882079386776,-0.05886474408470534,0.31276856912650103,-57.99736736186621,0.0,0.0
ema50_rel & ema200_rel,-inf..-1.44 & -inf..-3.06,204556,8.005663875300815,0.32358376190383076,-0.2753778019731055,-0.06345193962863231,0.3121789750920731,-92.05054733918841,0.0,0.0
dist_low_20 & ema20_rel,2.04..3.14 & -0.855..-0.405,16094,0.629867392836638,0.3185659251895116,-0.2765928952992132,-0.08532027584668678,0.3109638817659654,-26.351550616102063,0.0,0.0
atr_pct & ret_96,0.807..1.08 & -2.24..-0.984,26749,1.0468698204913154,0.3235261131257243,-0.2766843949408368,-0.057590365566876266,0.3108723821243418,-33.42973812888306,0.0,0.0
dist_low_20 & ema20_rel,3.14..inf & 0.00183..0.168,7861,0.30765425469670754,0.3121740236611118,-0.276898044197735,-0.10609568097043859,0.3106587328674436,-18.598236560943402,0.0,0.0
dist_low_20 & ret_96,3.14..inf & 4.36..inf,122521,4.7950778450191205,0.3069188139176141,-0.2770981842640453,-0.09450447675511728,0.3104585928011333,-71.52577509571607,0.0,0.0
dist_low_20 & ret_96,3.14..inf & -4.32..-2.24,24438,0.9564247139394656,0.32011621245601113,-0.2789611055437274,-0.07717955399695252,0.30859567152145123,-32.667054596363926,0.0,0.0
dist_low_20 & ema200_rel,3.14..inf & 2.88..inf,139635,5.464864756974273,0.3083252766140294,-0.27949184625277484,-0.08884671841967733,0.30806493081240377,-76.78832784756926,0.0,0.0
dist_low_20 & ema50_rel,1.08..1.46 & -inf..-1.44,37608,1.4718561519696955,0.32437247394171453,-0.27962702193704175,-0.0588036915921911,0.30792975512813686,-40.053849015845586,0.0,0.0
dist_low_20 & ema50_rel,3.14..inf & 0.272..0.654,14531,0.5686966003050321,0.31525703668020094,-0.2797664618046563,-0.08048397303249914,0.3077903152605223,-25.074884570408635,0.0,0.0
dist_low_20 & ema50_rel,3.14..inf & -0.00927..0.272,9141,0.35774933751209814,0.3136418334974292,-0.28012754976783033,-0.08794845030077618,0.3074292272973483,-20.023041087436052,0.07142857142857142,0.0
ema50_rel & ema200_rel,-0.00927..0.272 & -inf..-3.06,6614,0.2588506857351512,0.32506803749622015,-0.28042450623457166,-0.04472398505073602,0.30713227083060696,-16.6575465924507,0.07142857142857142,0.0
dist_low_20 & ema20_rel,3.14..inf & 0.394..0.822,41913,1.6403400047198962,0.3165366354114475,-0.2804440587468126,-0.0753218794802224,0.307112718318366,-42.593494167288476,0.0,0.0
ema50_rel & ret_16,-inf..-1.44 & -inf..-1.65,219200,8.578782932135644,0.32464416058394163,-0.2805832814453387,-0.059921485984514695,0.30697349561983994,-96.93176025736213,0.0,0.0
atr_pct & ret_96,0.807..1.08 & -inf..-4.32,77962,3.051181911291784,0.3210538467458505,-0.28088990127002184,-0.06471159929044798,0.3066668757951568,-57.96655799773639,0.0,0.0
atr_pct & dist_low_20,0.807..1.08 & 0.288..0.524,17691,0.6923688360055277,0.31914532813294894,-0.2812780701178299,-0.062099777533323776,0.3062787069473487,-27.39342176501968,0.0,0.0
atr_pct & dist_low_20,0.807..1.08 & 0.524..0.777,21008,0.8221855467075985,0.32006854531607004,-0.2814362614437061,-0.061514321709432974,0.3061205156214725,-29.932508242892116,0.0,0.0
dist_low_20 & ema200_rel,2.04..3.14 & -inf..-3.06,47899,1.8746127904487462,0.3183782542433036,-0.28160375630309653,-0.08182581020384176,0.3059530207620821,-46.03470655212488,0.0,0.0
dist_high_20 & ret_96,3.07..inf & -0.984..-0.0473,14768,0.5779720179825693,0.32434994582881904,-0.281890706162862,-0.06316053976867042,0.3056660709023166,-25.34532520668121,0.0,0.0
ret_96 & ema20_rel,2.07..4.36 & -inf..-0.855,17567,0.6875158748577868,0.3215119257699095,-0.283852905279927,-0.05913568601725379,0.3037038717852516,-27.5813001577256,0.0,0.0
ema50_rel & ema20_rel,-inf..-1.44 & -inf..-0.855,239697,9.380969582500535,0.3241926265243203,-0.28406166192470456,-0.05869317496688409,0.30349511514047406,-102.33353807957467,0.0,0.0
atr_pct & ret_16,0.807..1.08 & -1.65..-0.793,42622,1.6680879841856084,0.3193655858476843,-0.2846019585817053,-0.06576571920393891,0.30295481848347333,-43.303818965151244,0.0,0.0
ret_16 & ema20_rel,-inf..-1.65 & -inf..-0.855,235226,9.205989023697713,0.323909771878959,-0.2847292629863802,-0.05975671264210165,0.30282751407879843,-101.65300217791415,0.0,0.0
dist_low_20 & ret_96,3.14..inf & -2.24..-0.984,17011,0.6657558232598514,0.32255599318088296,-0.2854567201301009,-0.0699121305608867,0.3021000569350777,-27.697660879567266,0.0,0.0
atr_pct & ema50_rel,0.807..1.08 & -0.701..-0.299,25280,0.9893778856039647,0.31863132911392406,-0.286230106755272,-0.0670970185318105,0.3013266703099066,-33.594755398650776,0.0,0.0
dist_high_20 & ret_96,1.96..3.07 & -inf..-4.32,61318,2.399789287557908,0.32636419974558856,-0.2867495009215514,-0.04397758794391439,0.30080727614362723,-51.80617902583203,0.0,0.0
ema50_rel & ema20_rel,-0.701..-0.299 & -inf..-0.855,10429,0.408157514595085,0.32112378943331094,-0.2868134099215191,-0.05655173258116732,0.3007433671436595,-21.420856783420316,0.0,0.0
atr_pct & ema200_rel,0.807..1.08 & -0.716..-0.0819,18074,0.7073582240666954,0.3193537678433108,-0.28749546989992947,-0.06826647296373396,0.30006130716524915,-28.530356263756172,0.0,0.0
atr_pct & ema200_rel,0.807..1.08 & -1.57..-0.716,24914,0.9750538228614389,0.3199807337240106,-0.28805259523172005,-0.06861422230806942,0.29950418183345856,-33.605317048015785,0.0,0.0
dist_high_20 & ema50_rel,1.39..1.96 & 1.38..inf,33602,1.3150741974709028,0.30888042378429853,-0.2881916173715238,-0.08836662320472456,0.2993651596936548,-38.94979912318542,0.0,0.0
atr_pct & ema200_rel,0.807..1.08 & 0.54..1.36,22578,0.883630296723351,0.31650279032686685,-0.28841777962504883,-0.06925107365526849,0.2991389974401298,-31.957748825043836,0.0,0.0
atr_pct & ema20_rel,0.807..1.08 & -0.405..-0.168,25837,1.0111770739853496,0.3178000541858575,-0.28941128868199906,-0.07007532719661932,0.29814548838317956,-34.3692545360882,0.0,0.0
atr_pct & ema20_rel,0.807..1.08 & -0.168..0.00183,19105,0.7477082478031545,0.31797958649568175,-0.2894383436598396,-0.07006162215742233,0.298118433405339,-29.536453560248948,0.0,0.0
dist_low_20 & ret_16,2.04..3.14 & -1.65..-0.793,17718,0.6934255291586648,0.3158370019189525,-0.2896536191457185,-0.08154893621648523,0.2979031579194601,-28.650921764854335,0.0,0.0
dist_high_20 & dist_low_20,1..1.39 & 3.14..inf,35175,1.376636357837004,0.3086282871357498,-0.28987879602664823,-0.09245177911934466,0.2976779810385304,-40.28873507729487,0.0,0.0
ret_96 & ema200_rel,-inf..-4.32 & -1.57..-0.716,13243,0.5182884232220453,0.3358755568979838,-0.29069491394827385,-0.01267684126558635,0.29686186311690477,-24.150319181222795,0.0,0.0
dist_low_20 & ret_16,0.777..1.08 & -inf..-1.65,40355,1.5793648961055378,0.3250650477016479,-0.29082373403139644,-0.050525255307107476,0.2967330430337822,-42.821797128760885,0.0,0.0
dist_high_20 & ret_96,3.07..inf & -0.0473..0.849,12860,0.5032990351608776,0.3170295489891135,-0.2908353899162994,-0.07779625648404026,0.2967213871488792,-24.45357521723929,0.0,0.0
ret_96 & ret_16,2.07..4.36 & -inf..-1.65,19714,0.7715425489239146,0.3204321801765243,-0.29094029668405624,-0.06331480075506851,0.29661648038112237,-30.04816404010421,0.0,0.0
dist_high_20 & ema200_rel,3.07..inf & -0.0819..0.54,11744,0.45962238483120893,0.3163317438692098,-0.2910234060195113,-0.08453997799961502,0.2965333710456673,-23.51192541334138,0.0,0.0
dist_high_20 & ret_16,1.96..3.07 & 0.781..1.63,15793,0.6180872210183312,0.3127334895206737,-0.29149876759663235,-0.08384842870017813,0.29605800946854627,-27.12439367806103,0.0,0.0
dist_low_20 & ema20_rel,2.04..3.14 & -0.405..-0.168,14730,0.5764848202114874,0.3179226069246436,-0.2916110385307569,-0.07853238926047888,0.2959457385344217,-26.338562132472756,0.0,0.0
dist_low_20 & ema50_rel,3.14..inf & 1.38..inf,193535,7.574337384903612,0.30939106621541324,-0.2919671797833982,-0.08828178230373548,0.2955895972817804,-94.58119009631845,0.0,0.0
dist_high_20 & ema200_rel,3.07..inf & -1.57..-0.716,21048,0.8237510180455795,0.32050551121246673,-0.29218673842080406,-0.07290059672343512,0.29537003864437456,-31.567827686668373,0.0,0.0
dist_high_20 & ema20_rel,1..1.39 & 0.822..inf,30858,1.2076828636854091,0.3085423553049452,-0.29273821887690615,-0.08981821367063032,0.29481855818827246,-37.89148246620575,0.0,0.0
atr_pct & ret_16,0.807..1.08 & -0.793..-0.331,25303,0.9902780316233037,0.3165632533691657,-0.2928459437407841,-0.07358434110465445,0.2947108333243945,-34.393139646363124,0.0,0.0
atr_pct & ret_16,0.807..1.08 & -0.331..0,19693,0.7707206764714746,0.3163560656070685,-0.29284941009856275,-0.07331881109668606,0.29470736696661587,-30.319554677413663,0.0,0.0
dist_low_20 & ret_16,3.14..inf & 1.63..inf,217851,8.525987411262236,0.30984021188794175,-0.29389232662169634,-0.08887044175928652,0.29366445044348227,-101.26473207098482,0.0,0.0
dist_low_20 & ema50_rel,3.14..inf & 0.654..1.38,36333,1.4219567530715527,0.31357168414389125,-0.29392201091145187,-0.07950584355485078,0.29363476615372675,-41.4518582649454,0.0,0.0
atr_pct & dist_low_20,0.807..1.08 & 1.46..2.04,49268,1.9281910469911445,0.3158439555086466,-0.29466131187337136,-0.07583279301838358,0.29289546519180726,-48.437944436019656,0.0,0.0
atr_pct & ema200_rel,0.807..1.08 & -inf..-3.06,81598,3.193483255914253,0.3165886418784774,-0.2947011738292999,-0.0786436456543295,0.2928556032358787,-62.61760583480536,0.0,0.0
ret_96 & ema20_rel,4.36..inf & -0.855..-0.405,22890,0.8958409731596025,0.3204892966360856,-0.2947229173637874,-0.057492324732009305,0.2928338597013912,-32.567306063316586,0.0,0.0
atr_pct & ema50_rel,0.807..1.08 & -0.00927..0.272,17515,0.6854807621184115,0.31464459035112763,-0.2948066551160361,-0.07523018023607861,0.2927501219491425,-28.799701008890636,0.0,0.0
dist_low_20 & ema20_rel,3.14..inf & 0.822..inf,210928,8.25504345944118,0.30842277933702494,-0.2960658730722096,-0.09206730776612863,0.291490903992969,-100.32507583461987,0.0,0.0
ret_96 & ema50_rel,-2.24..-0.984 & 1.38..inf,8061,0.31548161138661235,0.32092792457511476,-0.296350036395358,-0.06422182196981954,0.2912067406698206,-19.470568308868554,0.0,0.0
atr_pct & ema20_rel,0.807..1.08 & 0.00183..0.168,18292,0.7158900428586915,0.3159851301115242,-0.2971406444093654,-0.07778040359118017,0.29041613265581323,-29.767845079224337,0.0,0.0
ret_16 & ema20_rel,1.63..inf & 0.168..0.394,13932,0.5452536670187672,0.3237151880562733,-0.2974167032425037,-0.04780010782491297,0.2901400738226749,-25.661595435772792,0.0,0.0
atr_pct & dist_high_20,0.807..1.08 & 1.96..3.07,74887,2.9308363021844976,0.3146741089908796,-0.2977485145554231,-0.0798635753342165,0.2898082625097555,-60.39028309216798,0.0,0.0
dist_high_20 & ret_16,1.96..3.07 & 0.332..0.781,13091,0.5123396321377176,0.3166297456267665,-0.29793923495237334,-0.0726443164906042,0.28961754211280527,-25.19224347171974,0.0,0.0
dist_high_20 & ema50_rel,1.96..3.07 & -0.00927..0.272,15921,0.6230967292998704,0.32717794108410275,-0.2980550850119097,-0.03833753052304254,0.2895016920532689,-27.425902327697766,0.0,0.0
dist_high_20 & dist_low_20,1.96..3.07 & 2.04..3.14,34410,1.346696718498118,0.3108108108108108,-0.29827279525475714,-0.09193403469457051,0.2892839818104215,-41.22541255156091,0.0,0.0
ema20_rel & ema200_rel,0.822..inf & -3.06..-1.57,15102,0.5910437036547103,0.3176400476758045,-0.2986396183490678,-0.07922049788664448,0.2889171587161108,-27.21171673053765,0.0,0.0
atr_pct & ret_96,0.807..1.08 & -0.984..-0.0473,18381,0.7193732165856992,0.3153256079647462,-0.2987389494989011,-0.07963659199679064,0.2888178275662775,-30.06801592199196,0.0,0.0
atr_pct & ema20_rel,0.807..1.08 & -0.855..-0.405,43855,1.7163436381788715,0.31553984722380574,-0.29924894217526166,-0.08047226010509091,0.28830783488991696,-46.521927361982065,0.0,0.0
dist_high_20 & dist_low_20,3.07..inf & -inf..0.288,39678,1.5528692937102102,0.31959776198397094,-0.2993301254516283,-0.05732629156956037,0.2882266516135503,-43.369864234703165,0.0,0.0
atr_pct & ema200_rel,0.807..1.08 & 1.36..2.88,38695,1.5143978355793282,0.3119266055045872,-0.3001266199077376,-0.08093194572420813,0.287430157157441,-43.62186166937441,0.0,0.0
dist_high_20 & dist_low_20,0.708..1 & 3.14..inf,34538,1.3517062267796571,0.31052753488910767,-0.30048387012264555,-0.0850922739039679,0.28707290694253307,-41.25965868164491,0.0,0.0
atr_pct & dist_high_20,0.807..1.08 & 1.39..1.96,49504,1.937427327885232,0.31252020038784745,-0.30069485836472176,-0.08175416622385526,0.28686191870045685,-49.43570619064372,0.0,0.0
atr_pct & ema50_rel,0.807..1.08 & 0.272..0.654,22747,0.8902444131263206,0.31190926275992437,-0.3010572137461342,-0.08157694762409685,0.2864995633190444,-33.53503801436935,0.0,0.0
dist_low_20 & ret_16,3.14..inf & 0.781..1.63,32642,1.2775028853593597,0.3077630047178482,-0.30147557288341703,-0.09990507258145823,0.2860812041817616,-40.599336465947644,0.0,0.0
dist_high_20 & dist_low_20,3.07..inf & 0.288..0.524,35136,1.3751100232824724,0.3168829690346084,-0.3017196271308768,-0.07053497134823462,0.2858371499343018,-41.511755097395906,0.0,0.0
ema50_rel & ret_16,-0.701..-0.299 & -inf..-1.65,15628,0.6116296517491598,0.3231379575121577,-0.30187130526319134,-0.050832060871432085,0.2856854718019873,-27.620145766564505,0.0,0.0
ret_96 & ema200_rel,-4.32..-2.24 & 0.54..1.36,7392,0.2892991032588808,0.33238636363636365,-0.3024070266931819,-0.017874770197168956,0.2851497503719967,-18.774919100750665,0.07142857142857142,0.0
atr_pct & dist_high_20,0.807..1.08 & 1..1.39,34956,1.3680654022615581,0.3113914635541824,-0.3024679840901132,-0.08303671995309923,0.2850887929750654,-41.705616848102316,0.0,0.0
dist_low_20 & ema200_rel,3.14..inf & -0.716..-0.0819,12394,0.4850612940733995,0.3137001775052445,-0.30284535899718096,-0.08629226488211457,0.28471141806799766,-25.102765958011013,0.0,0.0
dist_low_20 & ema20_rel,0.524..0.777 & -inf..-0.855,44851,1.7553238744945974,0.3219326213462353,-0.3035076345173555,-0.054340078914505575,0.2840491425478231,-46.98850678829413,0.0,0.0
dist_low_20 & ema50_rel,0.777..1.08 & -inf..-1.44,38955,1.5245733992762043,0.3207803876267488,-0.3050978121932787,-0.06409045781285784,0.2824589648718999,-44.324113861901665,0.0,0.0
ret_96 & ema50_rel,-inf..-4.32 & 0.272..0.654,9384,0.3672595758903325,0.3180946291560102,-0.30668573487420103,-0.0613296208828559,0.2808710421909776,-21.59884536561303,0.0,0.0
ema50_rel & ema20_rel,0.654..1.38 & -0.405..-0.168,7003,0.274074894497016,0.31814936455804654,-0.30676555713762227,-0.06429771098123367,0.28079121992755635,-18.778181641788542,0.0,0.0
ret_96 & ret_16,4.36..inf & 1.63..inf,121234,4.744708804719583,0.3051619182737516,-0.3069483719858014,-0.09593623639331175,0.28060840507937723,-78.60303076587184,0.0,0.0
ret_16 & ema200_rel,1.63..inf & 2.88..inf,142605,5.5811010038193585,0.3076750464569966,-0.3076621408265785,-0.08751058668357875,0.2798946362386001,-85.14370299546508,0.0,0.0
atr_pct & ret_96,0.807..1.08 & 4.36..inf,71603,2.8023111053362615,0.3071659008700753,-0.3079883663426574,-0.0916101652255275,0.2795684107225212,-60.737545405796865,0.0,0.0
ret_16 & ema200_rel,1.63..inf & -3.06..-1.57,18185,0.7117024070295925,0.31668957932361835,-0.30843132632260134,-0.07683908845493312,0.2791254507425773,-30.802633267957418,0.0,0.0
atr_pct & ema20_rel,0.807..1.08 & 0.394..0.822,39449,1.5439069703002692,0.30885447032877894,-0.3095068602720873,-0.09056371021246955,0.2780499167930913,-45.585936303318945,0.0,0.0
atr_pct & ret_96,0.807..1.08 & 0.849..2.07,23281,0.9111434554883664,0.30960869378463124,-0.30970437592350947,-0.09028294377692318,0.27785240114166915,-35.0361190609816,0.0,0.0
atr_pct & ema50_rel,0.807..1.08 & -1.44..-0.701,43799,1.7141519783056982,0.312039087650403,-0.3097375470580408,-0.0907561576822718,0.2778192300071378,-48.28354783842134,0.0,0.0
atr_pct & ema200_rel,0.807..1.08 & -0.0819..0.54,17441,0.6825846401431467,0.31133535921105443,-0.3099582472592133,-0.09079241344116157,0.27759852980596533,-30.445683896924393,0.07142857142857142,0.0
dist_high_20 & ret_16,1..1.39 & 1.63..inf,36636,1.4338151984567584,0.3094497215853259,-0.31032022137715276,-0.08690753705775384,0.27723655568802585,-43.83549868001278,0.0,0.0
dist_high_20 & ret_16,1.96..3.07 & 0..0.332,11940,0.4672931943873156,0.3147403685092127,-0.31043639554351654,-0.07289571741783482,0.2771203815216621,-25.023199825910847,0.0,0.0
dist_low_20 & ema50_rel,0.524..0.777 & -inf..-1.44,40740,1.5944325577336045,0.3233922434953363,-0.31055865992039344,-0.05061488348546784,0.27699811714478517,-45.78325286020084,0.0,0.0
ret_16 & ema200_rel,-1.65..-0.793 & 2.88..inf,19864,0.7774130664413431,0.3112162706403544,-0.31106385396846864,-0.08456239549740426,0.27649292309671,-32.265837712533745,0.0,0.0
dist_high_20 & ema20_rel,0.708..1 & 0.822..inf,36979,1.447239115179945,0.3110684442521431,-0.31119878806043816,-0.08053363795053087,0.27635798900474046,-43.9928387885744,0.0,0.0
atr_pct & ret_16,0.807..1.08 & 0..0.332,16565,0.6483008178413637,0.30974947177784484,-0.31145801428881814,-0.09193441291421618,0.2760987627763605,-29.69422798565074,0.0,0.0
atr_pct & ema20_rel,0.807..1.08 & 0.168..0.394,24059,0.941591873012096,0.30886570514152706,-0.3115012724392394,-0.09220938992574373,0.2760555046259392,-35.87553463336721,0.0,0.0
ema50_rel & ema200_rel,-0.299..-0.00927 & 2.88..inf,7346,0.2874988112202027,0.31132589164170976,-0.31183820667143614,-0.08590866200584804,0.2757185703937425,-19.687512992375446,0.0,0.0
dist_low_20 & ema20_rel,1.46..2.04 & -0.855..-0.405,23732,0.9287941448241017,0.3143856396426766,-0.31231601672202897,-0.08416081779717845,0.27524076034314965,-35.817659049066535,0.0,0.0
ret_96 & ema50_rel,4.36..inf & 1.38..inf,178608,6.990142618352569,0.30710270536594103,-0.3132995071273185,-0.08981527098520163,0.2742572699378601,-97.10765424674845,0.0,0.0
atr_pct & ema50_rel,0.807..1.08 & 1.38..inf,72816,2.8497840236605336,0.3055097780707537,-0.31397819903364155,-0.09742196206614365,0.27357857803153707,-62.66503806658096,0.0,0.0
atr_pct & ret_16,0.807..1.08 & 0.781..1.63,38488,1.5062965214052766,0.30726460195385574,-0.31421577857371885,-0.09517504894972943,0.27334099849145976,-45.684169361307724,0.0,0.0
ema50_rel & ret_16,1.38..inf & 0..0.332,8287,0.32432652444620474,0.31519247013394475,-0.3145728056749859,-0.059484095317496995,0.2729839713901927,-20.78207405699917,0.0,0.0
atr_pct & ret_16,0.807..1.08 & 0.332..0.781,23704,0.927698314887515,0.30775396557543033,-0.31496161972422615,-0.09565889255226563,0.27259515734095247,-35.97704126376959,0.0,0.0
dist_low_20 & ret_16,2.04..3.14 & -0.793..-0.331,14533,0.5687748738719312,0.3108098809605725,-0.31571222543408095,-0.09122249360983316,0.27184455163109766,-28.34840540418646,0.0,0.0
ret_96 & ema50_rel,0.849..2.07 & -inf..-1.44,7306,0.28593333988222175,0.3074185600875992,-0.31593474055415394,-0.10346962864718115,0.2716220365110247,-20.173039190874896,0.0,0.0
ema50_rel & ema200_rel,1.38..inf & 2.88..inf,202955,7.9430058849981275,0.30847232145056785,-0.3159645417170275,-0.08503996837876582,0.27159223534815113,-104.19340386548086,0.0,0.0
dist_high_20 & ema50_rel,1..1.39 & 1.38..inf,36968,1.4468086105620004,0.30777970136334126,-0.3164738891294823,-0.08794794782994009,0.2710828879356963,-44.73225742409073,0.0,0.0
ret_96 & ema20_rel,4.36..inf & 0.822..inf,128222,5.0181966474648565,0.3028731418945267,-0.31648115852801695,-0.10143862179654928,0.27107561853716167,-83.3492797906103,0.0,0.0
atr_pct & ema50_rel,0.807..1.08 & 0.654..1.38,37401,1.4637548377956442,0.30627523328253253,-0.31675578985010633,-0.09776429785165057,0.2708009872150723,-45.43642287062737,0.0,0.0
ret_96 & ema50_rel,4.36..inf & -0.701..-0.299,9852,0.3855755905447097,0.3118148599269184,-0.3167879072051443,-0.08070303790204095,0.2707688698600343,-23.10476357839323,0.0,0.0
atr_pct & ema200_rel,0.807..1.08 & 2.88..inf,73683,2.8837156149112713,0.3038828495039561,-0.3170865271476765,-0.10078067301413973,0.2704702499175021,-63.57426140959689,0.0,0.0
atr_pct & ret_96,0.807..1.08 & -0.0473..0.849,17592,0.6884942944440248,0.30758299226921326,-0.31725024540170615,-0.09797009500656774,0.27030653166347246,-31.330248351847057,0.0,0.0
ema50_rel & ema20_rel,-0.00927..0.272 & -0.855..-0.405,10450,0.40897938704752496,0.3273684210526316,-0.3178657863910512,-0.033431603231800056,0.26969099067412744,-23.606590233058455,0.0,0.0
ema50_rel & ema200_rel,-inf..-1.44 & -1.57..-0.716,20643,0.8079006207485223,0.3254371942062685,-0.318054572572988,-0.053117398061938416,0.2695022044921906,-33.64843652142027,0.0,0.0
atr_pct & dist_low_20,0.807..1.08 & 3.14..inf,80455,3.148749912431447,0.3060468584923249,-0.3182604324192839,-0.10361148609160185,0.2692963446458947,-67.42129325134533,0.0,0.0
ret_96 & ret_16,4.36..inf & -1.65..-0.793,26004,1.01771291682142,0.31418243347177355,-0.3191954623894913,-0.07171696229593232,0.2683613146756873,-37.66598768111182,0.0,0.0
ema50_rel & ema200_rel,-0.299..-0.00927 & -inf..-3.06,10311,0.40353937414804114,0.32082242265541655,-0.3194485695566063,-0.06026815148415723,0.26810820750857234,-23.7047475403118,0.07142857142857142,0.0
ema20_rel & ema200_rel,0.822..inf & 2.88..inf,150733,5.899204779697089,0.30445224337072835,-0.32029244315520045,-0.09610297240030631,0.26726433390997817,-91.22057159112893,0.0,0.0
ret_96 & ema200_rel,4.36..inf & 2.88..inf,234924,9.194169715095958,0.3079847099487494,-0.3209056578585878,-0.08764711514334117,0.2666511192065908,-113.94735146150924,0.0,0.0
dist_high_20 & ema50_rel,1.96..3.07 & 0.272..0.654,16334,0.6392602208645237,0.3114974898983715,-0.3209814327833518,-0.07742897042072228,0.26657534428182683,-30.198860229983538,0.0,0.0
ema20_rel & ema200_rel,-0.405..-0.168 & 2.88..inf,15276,0.5978535039749274,0.3144802304268133,-0.3211875815967757,-0.07240613863659981,0.26636919546840293,-29.04960249839942,0.0,0.0
atr_pct & dist_low_20,0.807..1.08 & 2.04..3.14,72236,2.82708468925981,0.3062877235727338,-0.3212672194166429,-0.10331067881679623,0.26628955764853574,-64.44761361339599,0.0,0.0
dist_high_20 & ema200_rel,1.39..1.96 & 2.88..inf,42341,1.6570905480362923,0.3057792683214851,-0.3218241874520899,-0.09245092349350686,0.2657325896130887,-48.66744902042582,0.0,0.0
atr_pct & ret_16,0.807..1.08 & 1.63..inf,73684,2.8837547516947204,0.30371586775962217,-0.32251093814299514,-0.10597786663365291,0.2650458389221835,-65.1868893900672,0.0,0.0
dist_low_20 & ret_16,0.524..0.777 & -inf..-1.65,42689,1.6707101486767266,0.31853639110777954,-0.32278941669197736,-0.06325119594676913,0.26476736037320125,-48.90732103437164,0.0,0.0
dist_low_20 & ret_96,1.46..2.04 & -inf..-4.32,45350,1.7748531294359098,0.3140683572216097,-0.3228848697718909,-0.08228448053393823,0.2646719072932877,-50.837148296715284,0.0,0.0
ret_16 & ema20_rel,-0.793..-0.331 & -inf..-0.855,11738,0.4593875641305118,0.31351167149429204,-0.3230270314173767,-0.0781925131409818,0.2645297456478019,-25.638071295461515,0.0,0.0
dist_high_20 & ema50_rel,1.96..3.07 & 0.654..1.38,19458,0.7615235323608365,0.30491314626374755,-0.32318490538077776,-0.10232186202517127,0.26437187168440085,-33.51631693070827,0.0,0.0
ema50_rel & ema200_rel,0.654..1.38 & -3.06..-1.57,10552,0.41297133895937643,0.3188968915845337,-0.32328625373606884,-0.06606464654241849,0.2642705233291098,-24.29051521356356,0.0,0.0
ret_96 & ema20_rel,-inf..-4.32 & 0.394..0.822,22835,0.8936884500698787,0.3132472082329757,-0.3239687351700618,-0.08336622001077892,0.2635880418951168,-36.03928796873031,0.0,0.0
dist_high_20 & ema20_rel,1.39..1.96 & 0.394..0.822,21490,0.841049476330269,0.30577012563983247,-0.32402015440810855,-0.09560435003478751,0.26353662265707006,-35.165318118277554,0.0,0.0
dist_low_20 & ema200_rel,1.46..2.04 & -inf..-3.06,43334,1.6959533740016697,0.3103798403101491,-0.3240855971380197,-0.09611351647237994,0.2634711799271589,-50.26224332026526,0.0,0.0
dist_high_20 & ema200_rel,1.96..3.07 & -inf..-3.06,67111,2.6265086740809998,0.316177675790854,-0.32441751683395376,-0.07271164253216175,0.26313926023122486,-61.77537438485447,0.0,0.0
atr_pct & ema20_rel,0.807..1.08 & 0.822..inf,71488,2.797810375239566,0.30242837958818264,-0.32477525231556237,-0.10822073618856443,0.26278152474961625,-64.52812063945407,0.0,0.0
dist_high_20 & ema200_rel,3.07..inf & -3.06..-1.57,43044,1.6846037068013076,0.31312145711365114,-0.3248696578673365,-0.09394404869904818,0.2626871191978421,-50.397260256902335,0.0,0.0
ema20_rel & ema200_rel,-inf..-0.855 & -0.0819..0.54,12638,0.4946106692350833,0.3195917075486628,-0.3252273291453456,-0.06525395494590565,0.26232944791983304,-26.861778768648374,0.0,0.0
dist_low_20 & ema200_rel,0.524..0.777 & -inf..-3.06,32075,1.2553123291434798,0.3216212003117693,-0.32531293908375125,-0.04913057299275797,0.26224383798142736,-42.23971029429396,0.0,0.0
atr_pct & dist_high_20,0.807..1.08 & 0.708..1,26063,1.0200219870449418,0.3030733223343437,-0.3254025619387173,-0.10555791284211423,0.2621542151264613,-39.03737980305292,0.0,0.0
ema20_rel & ema200_rel,0.394..0.822 & -inf..-3.06,16751,0.6555802595629752,0.30666825861142616,-0.32546759155509813,-0.10970141877349941,0.2620891855100805,-31.550645354192245,0.0,0.0
dist_high_20 & dist_low_20,0.463..0.708 & 3.14..inf,34618,1.3548371694556192,0.3077300826159801,-0.325494130836716,-0.09351032397879668,0.2620626462284626,-44.829092431284934,0.0,0.0
ret_16 & ema20_rel,-inf..-1.65 & -0.405..-0.168,13141,0.5142964713101938,0.312989879004642,-0.32570162550799436,-0.08860533123872161,0.26185515155718425,-27.778340177778876,0.0,0.0
ret_96 & ema20_rel,-4.32..-2.24 & 0.822..inf,18577,0.7270440261418059,0.3121601980944178,-0.3262362874651704,-0.08771344574540954,0.2613204896000082,-32.88670551315234,0.0,0.0
atr_pct & dist_high_20,0.807..1.08 & -inf..0.241,14591,0.5710448073120036,0.30313206771297374,-0.32638494536844825,-0.10654424054450375,0.26117183169673036,-29.25269799547251,0.0,0.0
dist_high_20 & ret_96,3.07..inf & -4.32..-2.24,47093,1.84306854298843,0.31289151253901853,-0.3273693242669733,-0.09564310726259827,0.2601874527982053,-53.244856278116245,0.0,0.0
ema50_rel & ret_16,-inf..-1.44 & -0.793..-0.331,16529,0.6468918936371809,0.31629257668340494,-0.3275944297892743,-0.07682578779982602,0.25996234727590434,-31.10666539064595,0.0,0.0
ret_96 & ret_16,-inf..-4.32 & -1.65..-0.793,48310,1.8906980084465006,0.32026495549575656,-0.32881917846065084,-0.05952564599939019,0.2587375986045278,-52.792209831556164,0.0,0.0
ret_96 & ret_16,-4.32..-2.24 & 1.63..inf,21315,0.8342005392266024,0.3121745249824068,-0.3289366627353581,-0.08555547738501389,0.2586201143298205,-35.56441547615714,0.0,0.0
dist_high_20 & ret_16,0.708..1 & 1.63..inf,40423,1.5820261973801055,0.3108378893204364,-0.3294189839091191,-0.08047812882158782,0.2581377931560595,-48.75900767565942,0.0,0.0
ret_96 & ema50_rel,-0.984..-0.0473 & 1.38..inf,9032,0.35348342811610006,0.3148804251550044,-0.3295509713152403,-0.07471525942984594,0.2580058057499383,-23.0142849889744,0.0,0.0
ret_16 & ema20_rel,-0.793..-0.331 & 0.394..0.822,7988,0.3126246261947971,0.3118427641462193,-0.32980239439157083,-0.07799527871236717,0.2577543826736078,-21.653262637067677,0.0,0.0
ret_16 & ema20_rel,0.332..0.781 & 0.822..inf,12741,0.4986417579303843,0.3137116395887293,-0.3298302233385431,-0.0709737231537371,0.2577265537266355,-27.14050663086159,0.0,0.0
atr_pct & dist_high_20,0.807..1.08 & 0.463..0.708,19912,0.7792916320469203,0.3026315789473684,-0.32996111344824597,-0.10999047678801692,0.25759566361693265,-34.61085979751766,0.0,0.0
ret_96 & ema50_rel,-0.0473..0.849 & -inf..-1.44,8084,0.31638175740595137,0.3091291439881247,-0.33019935917958937,-0.09485919700496159,0.25735741788558925,-21.98144251350651,0.0,0.0
dist_low_20 & ret_96,3.14..inf & -0.984..-0.0473,13736,0.5375828574626605,0.3072218986604543,-0.3303169270071451,-0.1062592575206513,0.2572398500580335,-29.03690440616993,0.0,0.0
dist_high_20 & ret_16,1.96..3.07 & -0.331..0,18469,0.7228172535292573,0.3125778331257783,-0.33098766207258057,-0.08177881221124624,0.25656911499259805,-33.220723907493685,0.0,0.0
ema50_rel & ret_16,-0.00927..0.272 & 1.63..inf,8012,0.3135639089975856,0.3096605092361458,-0.3317350099735235,-0.08896660333422082,0.2558217670916551,-22.015265890635305,0.0,0.0
dist_low_20 & ema200_rel,1.08..1.46 & -inf..-3.06,38457,1.5050832811183414,0.31299893387419714,-0.3319328280585183,-0.08395970299520127,0.2556239490066603,-48.1170698250862,0.0,0.0
dist_high_20 & dist_low_20,1.96..3.07 & 1.46..2.04,35550,1.3913126516305754,0.309873417721519,-0.3322528759733378,-0.0941224725252515,0.2553039010918408,-46.671334739071206,0.0,0.0
ema50_rel & ret_16,1.38..inf & 1.63..inf,215698,8.441725916495411,0.3064608851264268,-0.3326094919857216,-0.09387117315290827,0.254947285079457,-113.61174045097849,0.0,0.0
ret_96 & ema20_rel,0.849..2.07 & -inf..-0.855,15211,0.5953096130507084,0.3145749786338834,-0.3328900457933213,-0.07705550653986667,0.2546667312718573,-30.247128681528576,0.0,0.0
dist_high_20 & ema50_rel,0.708..1 & 1.38..inf,39783,1.5569786559724101,0.3103586959253953,-0.33291051320407966,-0.07852515640995478,0.25464626386109895,-48.69360579133227,0.0,0.0
dist_low_20 & ema20_rel,2.04..3.14 & -0.168..0.00183,15327,0.5998494799308531,0.3062569322111307,-0.33295970837938793,-0.10076066847186459,0.2545970686857907,-30.716949506587046,0.0,0.0
dist_low_20 & ret_16,2.04..3.14 & -0.331..0,14558,0.5697532934581693,0.3084901772221459,-0.3337419146276744,-0.09354036792889273,0.25381486243750423,-29.906656178899006,0.0,0.0
ret_96 & ema20_rel,-inf..-4.32 & -0.855..-0.405,52077,2.038126271700857,0.3199493058355896,-0.33396317122778413,-0.06276386113454205,0.2535936058373945,-55.879564327634355,0.0,0.0
dist_high_20 & ret_96,3.07..inf & -2.24..-0.984,23680,0.9267590320847264,0.3085726351351351,-0.33420313678721614,-0.10759529535560619,0.2533536402779625,-38.60887780772031,0.0,0.0
ema50_rel & ret_16,0.654..1.38 & -1.65..-0.793,8974,0.35121349467602764,0.3102295520392244,-0.3343234446419857,-0.08316898759037133,0.2532333324231929,-23.27495318756426,0.0,0.0
dist_high_20 & ema20_rel,1.96..3.07 & 0.00183..0.168,14296,0.559499456194394,0.3047006155567991,-0.33441951867297126,-0.1063118598609028,0.25313725839220735,-29.93272191099147,0.0,0.0
atr_pct & ret_96,0.807..1.08 & 2.07..4.36,39246,1.5359622032600158,0.29977577332721805,-0.33522947323865454,-0.11631892087736001,0.2523273038265241,-49.557632107634944,0.0,0.0
dist_low_20 & ema200_rel,3.14..inf & -0.0819..0.54,13302,0.5205974934455672,0.3041647872500376,-0.33579750956712867,-0.11302366192141795,0.25175926749804994,-29.04487204821012,0.0,0.0
dist_low_20 & ret_16,1.46..2.04 & -1.65..-0.793,25657,1.0041324529644353,0.3130139922828078,-0.3361142259164911,-0.08342048192775084,0.2514425511486875,-39.9312489671686,0.0,0.0
ema50_rel & ema200_rel,1.38..inf & -0.716..-0.0819,6701,0.26225558589525977,0.30502910013430834,-0.3361226385111577,-0.10269377509123152,0.2514341385540209,-20.362899280001663,0.0,0.0
dist_high_20 & ret_96,1.39..1.96 & 4.36..inf,44667,1.748122706339885,0.30528130387086666,-0.3370285221779125,-0.0944914890136773,0.2505282548872661,-52.37373957135886,0.0,0.0
dist_low_20 & ret_96,3.14..inf & 0.849..2.07,21054,0.8239858387462766,0.3041702289351192,-0.33760393463647376,-0.10306592158859855,0.24995284242870486,-36.439776959879914,0.0,0.0
ret_96 & ema50_rel,4.36..inf & -0.299..-0.00927,10929,0.4277259063198469,0.3151248970628603,-0.33766655683983565,-0.07052735183638265,0.24989022022534296,-25.751041693790853,0.0,0.0
ret_16 & ema200_rel,-1.65..-0.793 & -inf..-3.06,50706,1.98446974159156,0.31684613260758093,-0.33787807077675425,-0.06965020815974006,0.24967870628842437,-55.71861789919675,0.0,0.0
dist_high_20 & ret_96,1.39..1.96 & -inf..-4.32,40015,1.5660583897326996,0.3169061601899288,-0.3392588028315828,-0.06722313646142752,0.24829797423359584,-49.70127908775006,0.0,0.0
dist_low_20 & ema50_rel,2.04..3.14 & -1.44..-0.701,23227,0.9090300691820921,0.30391354888707106,-0.34046874156293505,-0.11680210968539566,0.24708803550224356,-39.13441359152394,0.0,0.0
ret_16 & ema20_rel,1.63..inf & 0.822..inf,232249,9.08947881936848,0.30485814793605137,-0.34050943566482234,-0.09896979644123899,0.24704734140035628,-120.87289318853767,0.0,0.0
ret_96 & ema200_rel,0.849..2.07 & 2.88..inf,11801,0.4618531814878318,0.30988899245826623,-0.34076873715762007,-0.08092434879955446,0.24678803990755854,-27.03050273271865,0.0,0.0
dist_high_20 & ema20_rel,1.96..3.07 & -0.168..0.00183,20292,0.7941636097577394,0.3085945200078849,-0.3413477438753059,-0.09352542352099714,0.2462090331898727,-36.170007394651336,0.0,0.0
ema50_rel & ema200_rel,-0.00927..0.272 & 2.88..inf,10506,0.41117104692069834,0.3083000190367409,-0.3414851167597251,-0.08895287234260507,0.24607166030545352,-25.699357966339395,0.0,0.0
dist_low_20 & ret_96,3.14..inf & -0.0473..0.849,14205,0.5559380089004873,0.30172474480816613,-0.3416546507109744,-0.11317852068936964,0.24590212635420422,-30.46279439347184,0.0,0.0
ema50_rel & ema20_rel,1.38..inf & 0.822..inf,238205,9.322577501593846,0.30468294116412337,-0.34196171096287564,-0.09788231599602186,0.24559506610230297,-122.6809855866594,0.0,0.0
ema50_rel & ema20_rel,-inf..-1.44 & -0.405..-0.168,12554,0.4913231794253233,0.3077106898199777,-0.3420365310702939,-0.11339995239615461,0.2455202459948847,-29.075799267444385,0.0,0.0
ret_16 & ema200_rel,-inf..-1.65 & -0.716..-0.0819,17177,0.6722525293124724,0.31815800197939104,-0.34235721910335154,-0.0672045078366864,0.24519955796182707,-32.98346977833701,0.0,0.0
atr_pct & ema200_rel,0.658..0.807 & 0.54..1.36,29195,1.1425983928088508,0.31567049152252097,-0.34240499226719967,-0.06537676007035623,0.24515178479797894,-42.971297624308114,0.0,0.0
dist_low_20 & ret_96,0.288..0.524 & -inf..-4.32,27649,1.0820929255958869,0.3225071431154834,-0.3426505418452975,-0.04555308856339746,0.24490623521988114,-41.08163603801197,0.0,0.0
ret_16 & ema200_rel,-0.793..-0.331 & 2.88..inf,17880,0.6997656880774877,0.3105145413870246,-0.34277390423731935,-0.07893221672172254,0.24478287282785927,-33.49489637679911,0.0,0.0
ret_16 & ema200_rel,1.63..inf & -1.57..-0.716,15684,0.6138213116223332,0.3105712828360112,-0.34336494504677173,-0.08517006435152623,0.24419183201840688,-31.77827514865066,0.0,0.0
ema50_rel & ret_16,-inf..-1.44 & -0.331..0,8765,0.3430339069350772,0.3072447233314318,-0.3435731217574298,-0.10548244875154494,0.2439836553077488,-24.07928088001463,0.0,0.0
dist_high_20 & dist_low_20,1.96..3.07 & 1.08..1.46,37805,1.4795660983092518,0.31376802010316096,-0.34365512669197246,-0.07799888239320421,0.24390165037320616,-49.44158307286702,0.0,0.0
dist_high_20 & ema50_rel,1.96..3.07 & -0.299..-0.00927,20644,0.8079397575319718,0.3153458632048053,-0.34388119760509334,-0.07114634366139913,0.24367557946008528,-36.30762384870401,0.0,0.0
dist_low_20 & ret_96,1.08..1.46 & -inf..-4.32,39060,1.5286827615384044,0.31259600614439326,-0.3444566385079761,-0.08240963313128644,0.24310013855720253,-50.133288751990165,0.0,0.0
atr_pct & dist_high_20,0.807..1.08 & 0.241..0.463,15915,0.6228619085991732,0.29682689286836317,-0.3448157007115002,-0.12477838277092924,0.24274107635367842,-32.50159370586011,0.0,0.0
ema20_rel & ema200_rel,-inf..-0.855 & -0.716..-0.0819,17185,0.6725656235800686,0.31888274658132093,-0.3448827256012917,-0.061957794368601084,0.24267405146388693,-32.91229641183737,0.0,0.0
ema20_rel & ema200_rel,0.822..inf & -1.57..-0.716,14156,0.5540203065114606,0.308844306301215,-0.34497383536660375,-0.09220981301746013,0.24258294169857486,-30.325278348467826,0.0,0.0
dist_low_20 & ema200_rel,3.14..inf & 0.54..1.36,18857,0.7380023255076725,0.30259320146364743,-0.3450048989886803,-0.11597490180259445,0.2425518780764983,-35.5195996110669,0.0,0.0
ret_96 & ema50_rel,-inf..-4.32 & -0.00927..0.272,10559,0.4132452964435231,0.3143290084288285,-0.3453453248367035,-0.07174137914719035,0.24221145222847512,-25.85831122951088,0.07142857142857142,0.0
dist_low_20 & ret_16,2.04..3.14 & 0..0.332,16531,0.64697016720408,0.3096001451817797,-0.3459354455064341,-0.09062623985841597,0.2416213315587445,-32.929002495851435,0.0,0.0
ret_96 & ema50_rel,-0.984..-0.0473 & -inf..-1.44,12358,0.4836523698692166,0.31218643793494094,-0.3460395823099727,-0.0918212066261888,0.2415171947552059,-28.521596975334273,0.0,0.0
dist_high_20 & ema200_rel,1.96..3.07 & 1.36..2.88,32055,1.2545295934744893,0.30987365465605987,-0.34633654277453896,-0.08596145382199637,0.24122023429063966,-45.845863258446066,0.0,0.0
dist_low_20 & ret_96,0.524..0.777 & -inf..-4.32,30139,1.1795435163852015,0.3194532001725339,-0.3464242449123386,-0.05530248323129045,0.24113253215284003,-43.60965184090272,0.0,0.0
dist_low_20 & ema200_rel,0.777..1.08 & -inf..-3.06,35125,1.3746795186645278,0.3124270462633452,-0.3465588046619577,-0.0826686753066622,0.2409979724032209,-47.781111087585415,0.0,0.0
atr_pct & ema200_rel,0.658..0.807 & -0.0819..0.54,22327,0.8738069640775206,0.31544766426299997,-0.34682566638925405,-0.0698878780608793,0.24073111067592456,-38.201999106012494,0.0,0.0
ret_16 & ema20_rel,0.332..0.781 & -0.855..-0.405,7532,0.29477825294181415,0.30815188528943177,-0.3468911954941122,-0.09634111964054436,0.24066558157106643,-22.388424033653624,0.0,0.0
dist_low_20 & ema50_rel,0.288..0.524 & -inf..-1.44,44275,1.7327810872276717,0.3151439864483343,-0.3471078707366303,-0.07103497249274957,0.24044890632854832,-53.38209828511249,0.0,0.0
ema50_rel & ret_16,0.272..0.654 & 1.63..inf,16424,0.6427825313749809,0.3114953726254262,-0.3471427898688511,-0.08226324866508114,0.2404139871963275,-32.76935568095186,0.0,0.0
ret_96 & ret_16,-2.24..-0.984 & 1.63..inf,18779,0.7349496563986097,0.3147664944885244,-0.34788854327551166,-0.07644411941016459,0.23966823378966695,-35.09991978036697,0.0,0.0
dist_low_20 & ret_96,0.777..1.08 & -inf..-4.32,34144,1.3362863341005446,0.31662956888472354,-0.348667601999377,-0.06985352427163583,0.2388891750658016,-47.0957541859206,0.0,0.0
atr_pct & dist_low_20,0.658..0.807 & 0.524..0.777,28005,1.0960256205039174,0.3138368148544903,-0.3491964880850667,-0.07216449051401629,0.2383602889801119,-42.94266219542429,0.0,0.0
ret_16 & ema20_rel,0.781..1.63 & -0.405..-0.168,8042,0.31473801250107136,0.3080079582193484,-0.34928514282834355,-0.09457767660434015,0.23827163423683506,-23.265216973319387,0.0,0.0
dist_low_20 & ret_96,-inf..0.288 & -inf..-4.32,27573,1.0791185300537232,0.3207848257353208,-0.3501589655178585,-0.04680715113926479,0.2373978115473201,-41.645193812543994,0.0,0.0
dist_low_20 & ema20_rel,0.288..0.524 & -inf..-0.855,55668,2.1786664610680977,0.31384278220880935,-0.3506559237094264,-0.07556168764231215,0.23690085335575223,-60.56197312279219,0.0,0.0
atr_pct & dist_low_20,0.658..0.807 & 0.777..1.08,35031,1.3710006610202725,0.3140932317090577,-0.3509508239598453,-0.07371326948174042,0.23660595310533333,-48.40500274720876,0.0,0.0
ret_16 & ema20_rel,-1.65..-0.793 & 0.168..0.394,7367,0.28832068367264274,0.3048730826659427,-0.35125479680956456,-0.10418658645157884,0.23630198025561405,-22.393829595572992,0.0,0.0
ema50_rel & ema20_rel,0.272..0.654 & 0.822..inf,11006,0.43073943864546027,0.3024713792476831,-0.3513671507780953,-0.11213428674185236,0.2361896262870833,-27.477484751226957,0.0,0.0
ema50_rel & ema200_rel,-1.44..-0.701 & 0.54..1.36,13511,0.5287770811865177,0.31766708607801053,-0.35155038153832047,-0.062026623718770935,0.23600639552685815,-29.88067889409592,0.0,0.0
ret_96 & ema20_rel,4.36..inf & -0.405..-0.168,20067,0.7853578334815965,0.31335027657347886,-0.3516717038433586,-0.07351401730174181,0.23588507322182,-36.34688889345919,0.0,0.0
atr_pct & ema50_rel,0.658..0.807 & -0.00927..0.272,22614,0.885039220927534,0.31299195188821083,-0.35192375115513347,-0.07500587481083401,0.23563302591004515,-38.96382646987032,0.0,0.0
dist_high_20 & dist_low_20,1..1.39 & 2.04..3.14,36051,1.410920180138787,0.3091731158636376,-0.35226563992766047,-0.08637932518290266,0.23529113713751815,-49.31119079881107,0.0,0.0
dist_high_20 & ema200_rel,1.96..3.07 & 0.54..1.36,24401,0.9549766529518332,0.3157247653784681,-0.35235834724124304,-0.06740454369934745,0.23519842982393557,-40.500066823828014,0.0,0.0
dist_high_20 & dist_low_20,1.39..1.96 & 2.04..3.14,34654,1.356246093659802,0.300484792520344,-0.35259078557258183,-0.11466849451235214,0.23496599149259678,-48.992259953999934,0.0,0.0
ret_96 & ret_16,0.849..2.07 & -inf..-1.65,16201,0.634055028665737,0.3068329115486698,-0.3529682323413253,-0.09933362988653038,0.23458854472385332,-33.35847157960244,0.0,0.0
atr_pct & ret_96,0.658..0.807 & 4.36..inf,54482,2.1322502358969624,0.3094232957674094,-0.3532227418711886,-0.0785224751796682,0.23433403519399004,-60.31348875094532,0.0,0.0
dist_low_20 & ema200_rel,0.288..0.524 & -inf..-3.06,30969,1.2120270466483063,0.3145726371532823,-0.35372338411744125,-0.07062816439213784,0.23383339294773736,-45.29509094772456,0.0,0.0
atr_pct & dist_low_20,0.658..0.807 & 3.14..inf,44465,1.740217076083081,0.31073878331271787,-0.3539445357835231,-0.08095617205012905,0.23361224128165553,-55.09612947214632,0.0,0.0
atr_pct & ret_16,0.658..0.807 & -1.65..-0.793,49313,1.929952202246373,0.3129600713807718,-0.354331642707571,-0.07767488508034254,0.2332251343576076,-58.066464470868745,0.0,0.0
ema50_rel & ret_16,-inf..-1.44 & -1.65..-0.793,53858,2.1078288830244594,0.31514352556723235,-0.3544260870147952,-0.07813184265037534,0.2331306900503834,-60.59901553550798,0.0,0.0
ret_96 & ema50_rel,-0.0473..0.849 & 1.38..inf,12868,0.5036121294284738,0.3120920111905502,-0.3549597840424196,-0.07617062240836064,0.232596993022759,-29.469841491939608,0.0,0.0
atr_pct & ret_96,0.658..0.807 & -0.984..-0.0473,24746,0.9684788432419189,0.31285864382122364,-0.3550746958673243,-0.07803621256998462,0.2324820811978543,-41.32057197633018,0.0,0.0
dist_high_20 & ema200_rel,1..1.39 & 2.88..inf,40064,1.5679760921217263,0.3026906948881789,-0.3555983378575066,-0.09887716246639619,0.231958439207672,-52.2395067581899,0.0,0.0
atr_pct & ret_96,0.658..0.807 & -inf..-4.32,54205,2.1214093468814443,0.31189004704363066,-0.35586323463915975,-0.08151333591825748,0.23169354242601886,-61.24029069890609,0.0,0.0
ret_16 & ema200_rel,-0.331..0 & 2.88..inf,17548,0.6867722759722458,0.3126282197401413,-0.35595171770011813,-0.07026276946537956,0.23160505936506048,-34.32536923754703,0.0,0.0
ret_96 & ema20_rel,-2.24..-0.984 & 0.822..inf,17435,0.6823498194424495,0.3120160596501291,-0.3561088047744954,-0.08528347550547348,0.2314479722906832,-34.653806622367945,0.0,0.0
ret_16 & ema200_rel,0.781..1.63 & -inf..-3.06,19939,0.7803483252000575,0.300767340388184,-0.3561870839307811,-0.12346781220421679,0.23136969313439754,-37.88518729666613,0.0,0.0
ema20_rel & ema200_rel,0.168..0.394 & -inf..-3.06,15013,0.5875605299277026,0.30653433690801307,-0.3563148544059662,-0.10780117592940125,0.2312419226592124,-32.593948248607454,0.0,0.0
dist_low_20 & ema20_rel,2.04..3.14 & 0.00183..0.168,20903,0.8180761844453985,0.30541070659713915,-0.3564063569268982,-0.10448550018189959,0.2311504201382804,-38.43122320466992,0.0,0.0
atr_pct & ema200_rel,0.658..0.807 & 2.88..inf,56592,2.2148288489754577,0.30829445858071813,-0.3565038576426501,-0.08164695908774706,0.23105291942252854,-62.05379712698311,0.0,0.0
ret_16 & ema200_rel,-inf..-1.65 & -0.0819..0.54,13258,0.5188754749737882,0.30879468999849147,-0.3566947265272902,-0.09799366761196522,0.23086205053788844,-30.53636631083088,0.0,0.0
ret_16 & ema200_rel,1.63..inf & -0.716..-0.0819,14695,0.575115032790754,0.31160258591357604,-0.35678361550773247,-0.08065680810582129,0.23077316155744615,-31.86131640224701,0.0,0.0
dist_high_20 & ema20_rel,0.463..0.708 & 0.822..inf,45807,1.7927386394723421,0.30543366734341915,-0.3567992185137571,-0.09560827319124712,0.2307575585514215,-56.235243165972896,0.0,0.0
ema20_rel & ema200_rel,-0.855..-0.405 & -inf..-3.06,55562,2.174517962022448,0.31210179619164174,-0.35713346558101966,-0.08763663439906019,0.23042331148415895,-62.23955900972335,0.0,0.0
ret_96 & ret_16,-inf..-4.32 & 0.781..1.63,25817,1.0103943383163592,0.30510903668125655,-0.3571572532705867,-0.10521970130559052,0.2303995237945919,-42.583898923910695,0.0,0.0
ema50_rel & ema20_rel,-inf..-1.44 & -0.855..-0.405,54698,2.1407037811220593,0.3130278986434605,-0.35722056527650625,-0.09189201547280534,0.23033621178867236,-62.33559239724009,0.0,0.0
atr_pct & ema20_rel,0.658..0.807 & -0.855..-0.405,49403,1.9334745127568302,0.3129162196627735,-0.3572484989116396,-0.08072269774929164,0.230308278153539,-58.76251050071786,0.0,0.0
dist_high_20 & ret_16,1.39..1.96 & 0.781..1.63,23668,0.9262893906833322,0.3020534054419469,-0.35740481567669596,-0.10508119719650941,0.23015196138848265,-40.803253762632465,0.0,0.0
atr_pct & dist_low_20,0.658..0.807 & -inf..0.288,20143,0.7883322290237603,0.31077793774512236,-0.35770257988424237,-0.08062506608188058,0.22985419718093625,-37.23865782673856,0.0,0.0
dist_low_20 & ema20_rel,1.08..1.46 & -0.855..-0.405,31491,1.2324564476089577,0.3105331682067892,-0.3577163418732393,-0.09126637735621589,0.2298404351919393,-47.185621534775045,0.0,0.0
dist_high_20 & ema200_rel,1.39..1.96 & -inf..-3.06,38142,1.4927551943317414,0.31141523779560587,-0.3577728188058896,-0.08568276578432085,0.229783958259289,-51.521531903479364,0.0,0.0
dist_high_20 & ret_16,1.96..3.07 & -0.793..-0.331,34242,1.340121738878598,0.3088312598563168,-0.35790220503491355,-0.09068736189268563,0.22965457203026507,-48.94585971108109,0.0,0.0
atr_pct & ema50_rel,0.658..0.807 & 0.272..0.654,29114,1.1394283133494394,0.31064092876279453,-0.3580805782812978,-0.08090850717706256,0.2294761987838808,-45.02694752380397,0.0,0.0
atr_pct & dist_high_20,0.658..0.807 & 0.708..1,34924,1.3668130251911734,0.30995876760966673,-0.3583618167283027,-0.0812461565529715,0.22919496033687592,-49.276947157882525,0.0,0.0
dist_low_20 & ema200_rel,3.14..inf & 1.36..2.88,38813,1.519015976026372,0.29837940896091514,-0.3585023611281117,-0.12219061244121449,0.22905441593706694,-52.8807854016599,0.0,0.0
ema50_rel & ret_16,1.38..inf & 0.332..0.781,17773,0.6955780522483886,0.30838912957857423,-0.35921823084301735,-0.08263508923282241,0.22833854622216126,-34.935667775613865,0.0,0.0
dist_low_20 & ret_96,3.14..inf & 2.07..4.36,42261,1.6539596053603305,0.29854949007359033,-0.3593504370227895,-0.12047056235738597,0.2282063400423891,-55.163868018554965,0.0,0.0
dist_low_20 & ema50_rel,2.04..3.14 & -0.701..-0.299,19250,0.7533830814033354,0.30374025974025975,-0.3599086130177871,-0.11193230950974754,0.22764816404739152,-37.46062224912668,0.0,0.0
dist_high_20 & ema200_rel,0.708..1 & 2.88..inf,37632,1.472795434772484,0.30795599489795916,-0.3601056316727405,-0.08125808892655131,0.2274511453924381,-50.943330310243,0.0,0.0
dist_low_20 & ema200_rel,-inf..0.288 & -inf..-3.06,32511,1.272375966727472,0.3138630002153117,-0.36069479656705433,-0.0684671579347489,0.22686198049812428,-47.0036729118504,0.0,0.0
dist_high_20 & dist_low_20,0.241..0.463 & 3.14..inf,35310,1.3819198236026897,0.300113282356273,-0.3611493833504642,-0.11500953311694874,0.2264073937147144,-50.47687082607703,0.0,0.0
dist_high_20 & ema50_rel,1.39..1.96 & 0.654..1.38,27481,1.0755179459763669,0.30530184491102946,-0.36135253922015553,-0.0918708728806764,0.22620423784502308,-44.112386535139215,0.0,0.0
dist_high_20 & ema20_rel,1..1.39 & 0.394..0.822,29914,1.1707377401090586,0.30664571772414256,-0.3613770581999656,-0.09277582207542032,0.22617971886521304,-46.136116073420624,0.0,0.0
ret_96 & ema200_rel,-2.24..-0.984 & 1.36..2.88,8028,0.31419009753277805,0.31203288490284004,-0.3617639306465339,-0.07385121959942499,0.22579284641864472,-23.593903482170205,0.0,0.0
ret_96 & ema50_rel,4.36..inf & -0.00927..0.272,14483,0.5668180346994549,0.313401919491818,-0.3621942055393068,-0.07178088875555791,0.2253625715258718,-31.72997874139074,0.0,0.0
atr_pct & ret_96,0.658..0.807 & -0.0473..0.849,23447,0.9176401615409874,0.30997568985371265,-0.36323817505569106,-0.08618868605717941,0.22431860200948756,-41.145628074338,0.0,0.0
dist_low_20 & ema200_rel,2.04..3.14 & 2.88..inf,70563,2.7616088505487566,0.3032609157773904,-0.36334918332419985,-0.09755906299003324,0.22420759374097876,-70.80674018405584,0.0,0.0
atr_pct & ret_16,0.658..0.807 & 1.63..inf,58012,2.270403081473782,0.3072640143418603,-0.3634818807148124,-0.08885640307273569,0.2240748963503662,-64.50234443781895,0.0,0.0
atr_pct & dist_high_20,0.658..0.807 & 3.07..inf,40514,1.585587644674012,0.31055931283013277,-0.364196625788899,-0.09190571467788274,0.22336015127627962,-54.708668942790055,0.0,0.0
dist_high_20 & ret_96,1.96..3.07 & 2.07..4.36,34203,1.3385954043240667,0.30713680086542117,-0.3645651848486307,-0.0949649438790436,0.2229915922165479,-49.905079107397604,0.0,0.0
atr_pct & ema50_rel,0.658..0.807 & 0.654..1.38,46262,1.8105458759418755,0.307185162768579,-0.36458147476795083,-0.0877628080570651,0.22297530229722778,-57.76561695769475,0.0,0.0
dist_high_20 & ema20_rel,1.39..1.96 & 0.168..0.394,21460,0.8398753728267834,0.3019571295433364,-0.3646214633244363,-0.10259405236010066,0.22293531374074232,-39.583907245639075,0.0,0.0
atr_pct & ret_96,0.658..0.807 & -2.24..-0.984,33463,1.309634184571419,0.3100738128679437,-0.3651247690086297,-0.08811196904689579,0.2224320080565489,-49.51508767256996,0.0,0.0
atr_pct & ema20_rel,0.658..0.807 & 0.822..inf,56948,2.228761543883488,0.3059106553346913,-0.3658839256027852,-0.09118959340997462,0.2216728514623934,-64.27716548435116,0.0,0.0
dist_high_20 & dist_low_20,-inf..0.241 & 3.14..inf,42612,1.6676966163511133,0.3022857411057918,-0.3660382953770627,-0.10694407099129603,0.22151848168811594,-55.87495505337759,0.0,0.0
atr_pct & ema20_rel,0.658..0.807 & -inf..-0.855,54254,2.123327049270471,0.3095624285766948,-0.3661121202512586,-0.09185650661178314,0.22144465681392,-63.29739719033141,0.0,0.0
atr_pct & ema50_rel,0.658..0.807 & -0.701..-0.299,32220,1.2609871627436606,0.30872129112352575,-0.36647737877035813,-0.0893105380503106,0.22107939829482048,-48.69633493590392,0.0,0.0
dist_high_20 & ret_96,1..1.39 & 4.36..inf,40759,1.5951761566191456,0.30327044333766773,-0.36650250780125704,-0.09630311041349936,0.22105426926392158,-54.21260096073544,0.0,0.0
atr_pct & ret_16,0.658..0.807 & 0..0.332,21525,0.8424192637510024,0.3076887340301974,-0.36748954260270267,-0.09015934348769364,0.22006723446247595,-39.83731784427279,0.0,0.0
dist_low_20 & ret_16,0.288..0.524 & -inf..-1.65,47243,1.8489390605058587,0.30861714963063314,-0.3675750997507342,-0.0904922733841659,0.2199816773144444,-58.7432642773493,0.0,0.0
atr_pct & ema20_rel,0.658..0.807 & 0.168..0.394,30885,1.2087395568385464,0.3070746316982354,-0.36822256676255344,-0.09116157359091721,0.21933421030262518,-47.809048153147984,0.0,0.0
dist_high_20 & ema20_rel,1.96..3.07 & -0.405..-0.168,42051,1.6457408808359304,0.30748376970821145,-0.36822459403446667,-0.09505853236945457,0.21933218303071195,-56.07898529236726,0.0,0.0
atr_pct & dist_high_20,0.658..0.807 & 1.39..1.96,56385,2.206727534801406,0.30690786556708344,-0.368436376756128,-0.09194162721445633,0.2191204003090506,-64.73410204712756,0.0,0.0
atr_pct & dist_low_20,0.658..0.807 & 0.288..0.524,22737,0.8898530452918254,0.30826406298104414,-0.36854323876624323,-0.0912990160510509,0.21901353829893538,-41.02396198870634,0.0,0.0
dist_high_20 & ret_16,0.463..0.708 & 1.63..inf,44957,1.7594723735402469,0.30566986231287674,-0.3685658021782845,-0.09437082483803814,0.21899097488689412,-57.60363349316195,0.0,0.0
dist_low_20 & ema50_rel,2.04..3.14 & -0.299..-0.00927,17910,0.7009397915809734,0.30630932439977665,-0.36858822225786886,-0.10407761948418928,0.21896855480730976,-36.76359686051945,0.0,0.0
atr_pct & dist_high_20,0.658..0.807 & 1..1.39,44597,1.7453831314984183,0.3067470906114761,-0.3686372984137631,-0.09194813355283979,0.21891947865141553,-57.50724898683083,0.0,0.0
atr_pct & ret_16,0.658..0.807 & -0.331..0,25892,1.0133295970750733,0.3071605128997374,-0.368934253278927,-0.09173056974362624,0.21862252378625163,-43.89208186524995,0.0,0.0
atr_pct & ema50_rel,0.658..0.807 & 1.38..inf,57709,2.258544636088576,0.30419865185672945,-0.3692975665960219,-0.0945956018119707,0.2182592104691567,-65.32381580003312,0.0,0.0
dist_low_20 & ret_16,-inf..0.288 & -inf..-1.65,57737,2.2596404660251626,0.31451235776018843,-0.369302508167688,-0.06888093313011157,0.2182542688974906,-64.48608157082329,0.0,0.0
dist_low_20 & ema200_rel,2.04..3.14 & -3.06..-1.57,35049,1.3717051231223638,0.30739821392907074,-0.3693595672271658,-0.1040005106205429,0.21819720983801283,-51.77876670843503,0.0,0.0
atr_pct & ret_16,0.658..0.807 & -inf..-1.65,54972,2.151427259787229,0.30895728734628536,-0.36937534083851786,-0.09518301221362645,0.21818143622666075,-64.5441588054248,0.0,0.0
dist_high_20 & ema50_rel,1.96..3.07 & -inf..-1.44,82418,3.2255754183428627,0.3153194690480235,-0.3693954645067599,-0.07411683442683409,0.2181613125584187,-77.97696428278996,0.0,0.0
atr_pct & dist_high_20,0.658..0.807 & 1.96..3.07,70901,2.7748370833546954,0.30792231421277555,-0.36974432282501013,-0.09419640889805966,0.21781245424016848,-73.10446501160718,0.0,0.0
dist_low_20 & ret_96,2.04..3.14 & 4.36..inf,63367,2.479980556845982,0.29818359714046744,-0.3699280664556585,-0.11406631264635508,0.2176287106095201,-68.73377922001931,0.0,0.0
ret_16 & ema200_rel,-0.793..-0.331 & -inf..-3.06,27273,1.067377495018866,0.3103068969310307,-0.37026012259687124,-0.09106882783113465,0.21729665446830737,-45.168841539210774,0.0,0.0
atr_pct & ema50_rel,0.658..0.807 & -inf..-1.44,56222,2.200348239099134,0.3091138700152965,-0.3705140744723572,-0.09641185742339486,0.21704270259282143,-65.53730408978409,0.0,0.0
dist_high_20 & dist_low_20,1.39..1.96 & 1.46..2.04,34903,1.3659911527387334,0.3061914448614732,-0.37059361577095046,-0.09433914511189904,0.21696316129422816,-51.26102048711123,0.0,0.0
ret_96 & ema50_rel,-4.32..-2.24 & 0.654..1.38,14016,0.5485411568285272,0.3107876712328767,-0.37081041500578016,-0.08286035645391789,0.21674636205939846,-32.1512177154993,0.0,0.0
ret_96 & ema50_rel,-inf..-4.32 & -0.299..-0.00927,14989,0.586621247124914,0.3129628394155714,-0.3709477797550964,-0.07651116396423867,0.2166089973100822,-33.096549498381826,0.0,0.0
atr_pct & ema200_rel,0.658..0.807 & -0.716..-0.0819,23633,0.9249196032625988,0.30728219015783015,-0.3712520399666582,-0.09417018058141709,0.21630473709852044,-42.36360775461963,0.0,0.0
ema20_rel & ema200_rel,-0.855..-0.405 & 1.36..2.88,23016,0.9007722078742425,0.315563086548488,-0.37148735473012073,-0.06754964903837535,0.21606942233505788,-41.16107094135999,0.0,0.0
ret_16 & ema20_rel,-inf..-1.65 & -0.855..-0.405,57681,2.2574488061519893,0.31053553163086633,-0.37203141955428776,-0.09307984929008656,0.21552535751089086,-66.49447781537815,0.0,0.0
atr_pct & ema200_rel,0.658..0.807 & -1.57..-0.716,31910,1.2488547598743083,0.30795988718270134,-0.3724189995979701,-0.09516579199535373,0.21513777746720852,-49.5211407799053,0.0,0.0
atr_pct & ema20_rel,0.658..0.807 & -0.405..-0.168,32706,1.2800076395001294,0.3066104078762307,-0.3727439340623105,-0.09569423527975446,0.21481284300286813,-50.08163332899105,0.0,0.0
dist_low_20 & ema50_rel,-inf..0.288 & -inf..-1.44,53279,2.085168685407185,0.31295632425533515,-0.37279065781156073,-0.0731164303503313,0.21476611925361788,-62.5333980423352,0.0,0.0
ret_96 & ret_16,4.36..inf & -0.793..-0.331,22189,0.8684060879614863,0.3078101762134391,-0.3733465485128817,-0.08743573817288187,0.21421022855229693,-40.665399524543204,0.0,0.0
ret_96 & ret_16,-0.0473..0.849 & -inf..-1.65,15699,0.614408363374076,0.306197846996624,-0.37399751579005563,-0.10131644965376284,0.21355926127512298,-34.7764971067591,0.0,0.0
atr_pct & ema200_rel,0.658..0.807 & -inf..-3.06,56379,2.206492714100709,0.30646162578264957,-0.37402345448330226,-0.10000010240344946,0.21353332258187635,-66.18972025585065,0.0,0.0
atr_pct & ema20_rel,0.658..0.807 & -0.168..0.00183,24333,0.9523153516772656,0.3054288414909793,-0.37427511943141095,-0.09704490025201895,0.21328165763376766,-43.34115119991466,0.0,0.0
dist_high_20 & dist_low_20,1.96..3.07 & 0.777..1.08,39583,1.5491512992825054,0.3113963064952126,-0.37469762360561915,-0.08293597379249354,0.21285915345955947,-55.1506994647323,0.0,0.0
ret_96 & ret_16,-inf..-4.32 & -0.793..-0.331,29566,1.1571181394686243,0.31252113914631674,-0.3751493816889626,-0.08150841077743547,0.212407395376216,-47.3340776294281,0.0,0.0
ret_96 & ema200_rel,-4.32..-2.24 & -0.0819..0.54,11189,0.43790147001672314,0.3217445705603718,-0.3753369430298456,-0.05045863742239039,0.212219834035333,-28.812727923125944,0.0,0.0
atr_pct & ema200_rel,0.658..0.807 & 1.36..2.88,46467,1.818568916549028,0.3036778789248284,-0.37538811811122125,-0.09865827531436794,0.21216865895395737,-59.76043283086796,0.0,0.0
ret_96 & ema20_rel,-0.0473..0.849 & -inf..-0.855,15263,0.5973447257900836,0.30819629168577606,-0.3762545687004871,-0.0966239589231907,0.2113022083646915,-34.298966121159125,0.0,0.0
ema50_rel & ema20_rel,1.38..inf & 0.394..0.822,56157,2.1978043481749148,0.3075484801538544,-0.3763687578103498,-0.08659233250275795,0.21118801925482883,-65.3773161485842,0.0,0.0
atr_pct & ema20_rel,0.658..0.807 & 0.394..0.822,46980,1.8386460864586338,0.30374627501064283,-0.3767043827045654,-0.10017382664280362,0.2108523943606132,-60.51108362556874,0.0,0.0
dist_low_20 & ret_96,-inf..0.288 & 4.36..inf,10048,0.39324640010081635,0.3176751592356688,-0.3772724496394342,-0.05694820381269557,0.21028432742574443,-27.340039886585593,0.0,0.0
dist_low_20 & ret_96,2.04..3.14 & -2.24..-0.984,29380,1.1498386977470128,0.313784887678693,-0.37749472103216064,-0.07849277154642038,0.21006205603301797,-47.767127990631835,0.0,0.0
dist_low_20 & ema200_rel,0.524..0.777 & 2.88..inf,11824,0.46275332750717085,0.3147834912043302,-0.37827817222386906,-0.06483109809344101,0.20927860484130956,-29.890716303447466,0.0,0.0
atr_pct & ret_16,0.658..0.807 & -0.793..-0.331,31937,1.2499114530274456,0.3041613175940132,-0.37907766788256236,-0.10201554699372332,0.20847910918261625,-50.28884090404701,0.0,0.0
dist_high_20 & ret_16,1..1.39 & 0.781..1.63,32275,1.2631396858333845,0.3092486444616576,-0.3791119474298772,-0.08407623012737266,0.20844482963530142,-50.08803635865593,0.0,0.0
ema20_rel & ema200_rel,0.168..0.394 & 2.88..inf,28957,1.133283838347864,0.3077666885381773,-0.37915368917018255,-0.08324241299567188,0.20840308789499606,-46.983096888568674,0.0,0.0
dist_low_20 & ema20_rel,1.46..2.04 & -0.405..-0.168,23528,0.9208102410003988,0.3012580754845291,-0.37925768817316197,-0.11498032679840528,0.20829908889201665,-43.4745603237958,0.0,0.0
ret_16 & ema20_rel,1.63..inf & 0.394..0.822,57686,2.2576444900692367,0.30844572339909165,-0.37947818883489437,-0.08744127289587933,0.20807858823028424,-67.09987834689419,0.0,0.0
dist_low_20 & ema50_rel,2.04..3.14 & -0.00927..0.272,20922,0.8188197833309395,0.3050855558741994,-0.3799488645073062,-0.10010766981292525,0.20760791255787242,-40.747635921288826,0.0,0.0
atr_pct & dist_high_20,0.658..0.807 & 0.463..0.708,28283,1.106905646302885,0.3026553053070749,-0.38013866265060436,-0.10285245412221862,0.20741811441457425,-47.313109794131464,0.0,0.0
dist_low_20 & ret_16,2.04..3.14 & 0.332..0.781,33085,1.2948404804274989,0.30297717999093243,-0.3802644703527606,-0.10537157914754808,0.207292306712418,-51.286665025616315,0.0,0.0
ema20_rel & ema200_rel,0.394..0.822 & 2.88..inf,57516,2.2509912368828178,0.3053758954030183,-0.380277357421706,-0.09061028958416177,0.20727941964347263,-66.68307288016031,0.0,0.0
atr_pct & dist_high_20,0.658..0.807 & 0.241..0.463,22697,0.8882875739538444,0.3028594087324316,-0.3802931741074664,-0.10288798262038255,0.20726360295771223,-42.387781098243124,0.0,0.0
ema50_rel & ema200_rel,1.38..inf & -0.0819..0.54,10038,0.3928550322663211,0.29796772265391513,-0.3805454396248378,-0.12427661896833639,0.20701133744034084,-28.46979757885789,0.0,0.0
atr_pct & dist_low_20,0.658..0.807 & 1.08..1.46,43712,1.7107470781455896,0.30376098096632503,-0.3806644228274508,-0.10366975577454887,0.20689235423772784,-59.25806330047752,0.0,0.0
dist_low_20 & ret_16,1.46..2.04 & -0.793..-0.331,22440,0.8782294206073168,0.30592691622103385,-0.38067999575739614,-0.09900505473074461,0.20687678130778248,-42.28529519570664,0.0,0.0
ema50_rel & ema200_rel,-0.701..-0.299 & 1.36..2.88,15138,0.5924526278588931,0.31047694543532833,-0.3810022583032772,-0.0789726969650458,0.2065545187619014,-34.3176954627298,0.0,0.0
atr_pct & ema50_rel,0.658..0.807 & -0.299..-0.00927,23906,0.9356039451443189,0.3036894503471932,-0.38105928934160344,-0.10395002527018166,0.20649748772357518,-43.76412207657849,0.0,0.0
dist_low_20 & ema200_rel,2.04..3.14 & -1.57..-0.716,26664,1.043543193898106,0.30933093309330933,-0.3810757065320594,-0.0894436168673348,0.2064810705331192,-46.15526656023754,0.0,0.0
atr_pct & ret_16,0.658..0.807 & 0.781..1.63,47154,1.8454558867788509,0.3023497476354074,-0.3811135819771009,-0.10461316894964698,0.20644319508807774,-61.409671178165524,0.0,0.0
dist_high_20 & ema50_rel,0.463..0.708 & 1.38..inf,43423,1.6994365477286772,0.30209796651544113,-0.3811708134645682,-0.10128941445099703,0.2063859636006104,-58.485846172790154,0.0,0.0
dist_low_20 & ret_96,2.04..3.14 & -4.32..-2.24,37679,1.4746348635946118,0.3055017383688527,-0.38121887915629576,-0.10836985774429661,0.20633789790888285,-55.484425022743096,0.0,0.0
dist_low_20 & ema20_rel,2.04..3.14 & 0.168..0.394,40509,1.5853919607567646,0.30338937026339824,-0.38232266163820133,-0.10419213341460974,0.20523411542697728,-57.141864519481665,0.0,0.0
atr_pct & dist_high_20,0.658..0.807 & -inf..0.241,21079,0.8249642583325147,0.30195929598178284,-0.3824313438058884,-0.10527836996645429,0.20512543325929022,-41.07601767569267,0.0,0.0
dist_low_20 & ema200_rel,1.46..2.04 & 2.88..inf,40455,1.5832785744504903,0.30530218761586947,-0.3824530968522097,-0.09274321456258867,0.20510368021296893,-56.26729650489771,0.0,0.0
dist_low_20 & ret_96,1.08..1.46 & 4.36..inf,29652,1.1604839028452834,0.3097261567516525,-0.3824615628380993,-0.08287884191964935,0.20509521422707933,-47.994470356460674,0.0,0.0
ema50_rel & ema200_rel,0.272..0.654 & 2.88..inf,21437,0.8389752268074443,0.30321406913280774,-0.3826474105113946,-0.09997477213136817,0.204909366553784,-41.16280933265977,0.0,0.0
atr_pct & dist_low_20,0.658..0.807 & 2.04..3.14,69279,2.7113572205995675,0.30238600441692287,-0.382812926834952,-0.107449667831956,0.20474385023022662,-74.96913719397784,0.0,0.0
ret_96 & ret_16,-0.984..-0.0473 & -inf..-1.65,19679,0.7701727615031813,0.30987346918034453,-0.38384946557166666,-0.0975173888734494,0.20370731149351196,-40.03701440086543,0.0,0.0
atr_pct & ret_16,0.658..0.807 & 0.332..0.781,30583,1.19692024823679,0.30193244613020304,-0.3841798169748875,-0.10696687126645078,0.2033769600902911,-49.92360001102186,0.0,0.0
dist_high_20 & dist_low_20,0.708..1 & 2.04..3.14,38575,1.5097014215653852,0.30649384316267014,-0.3848322468058463,-0.09077485298429658,0.2027245302593323,-55.81037455572517,0.0,0.0
ret_96 & ema20_rel,-inf..-4.32 & -0.405..-0.168,30837,1.206860991232969,0.31030904432986345,-0.384889012949461,-0.08934342217949558,0.20266776411571763,-49.90189350066915,0.0,0.0
ret_96 & ema50_rel,2.07..4.36 & -1.44..-0.701,13781,0.5393440127178891,0.30171975908860027,-0.384953869830713,-0.11075543706103878,0.2026029072344656,-33.4786934365528,0.0,0.0
atr_pct & ret_96,0.658..0.807 & -4.32..-2.24,53073,2.077106508016583,0.3045239575678782,-0.3852188484878421,-0.10865294658034126,0.2023379285773365,-66.39968433896934,0.0,0.0
ret_96 & ret_16,4.36..inf & -0.331..0,20830,0.8152191992535832,0.3092654824771964,-0.38541423346165543,-0.07914802545118639,0.20214254360352318,-40.468293696723926,0.0,0.0
atr_pct & dist_low_20,0.658..0.807 & 1.46..2.04,56008,2.1919729674409356,0.3020639908584488,-0.38543709721299857,-0.10907742967576942,0.20211967985218005,-67.92579242202682,0.0,0.0
dist_high_20 & ema50_rel,1.96..3.07 & -0.701..-0.299,37824,1.4803096971947927,0.30689509306260576,-0.3855082903516358,-0.09357746227835288,0.2020484867135428,-55.42797582695474,0.0,0.0
ret_16 & ema200_rel,-inf..-1.65 & -1.57..-0.716,29853,1.1683503963186377,0.31089002780290087,-0.38561185636825474,-0.0921988830365333,0.20194492069692388,-49.54186560987081,0.0,0.0
ret_96 & ret_16,-4.32..-2.24 & -inf..-1.65,61678,2.4138785295997365,0.30727325788773957,-0.3856123670985184,-0.10504488414444381,0.2019444099666602,-71.58400631889701,0.0,0.0
dist_low_20 & ema200_rel,0.777..1.08 & 2.88..inf,17603,0.6889247990619696,0.31165142305288873,-0.3858558128378058,-0.0755524515683413,0.20170096422737283,-37.293954807880915,0.0,0.0
dist_low_20 & ret_96,1.46..2.04 & 4.36..inf,41487,1.623667734970399,0.30185359269168655,-0.3858864825285913,-0.1030605491411707,0.2016702945365873,-57.69375094226212,0.0,0.0
ret_96 & ret_16,-0.984..-0.0473 & 1.63..inf,17054,0.6674387049481809,0.3060865486102967,-0.38619196629599667,-0.10009465593863069,0.20136481076918195,-37.392272721069766,0.0,0.0
dist_low_20 & ret_96,0.777..1.08 & 4.36..inf,22376,0.8757246664665472,0.31319270647121916,-0.38632764488034615,-0.06993124037668395,0.20122913218483246,-41.90907699884356,0.0,0.0
atr_pct & ema50_rel,0.658..0.807 & -1.44..-0.701,51346,2.0095172829992554,0.3028473493553539,-0.3865463394935944,-0.10991546132825038,0.2010104375715842,-65.43382273437985,0.0,0.0
dist_low_20 & ema200_rel,1.08..1.46 & 2.88..inf,25762,1.0082418152266353,0.30871050384286935,-0.3867778689286949,-0.08559870919328805,0.2007789081364837,-45.24649602081506,0.0,0.0
ema20_rel & ema200_rel,-0.405..-0.168 & -inf..-3.06,28387,1.1109758717816356,0.3055624053263818,-0.3869110428648486,-0.10674764059866342,0.20064573420033,-48.60609736268527,0.0,0.0
ema50_rel & ema200_rel,1.38..inf & 0.54..1.36,20402,0.7984686559371871,0.3054112341927262,-0.3872729433179788,-0.10003566697866084,0.20028383374719982,-40.88602991683212,0.0,0.0
ret_96 & ema20_rel,-4.32..-2.24 & -inf..-0.855,62984,2.4649911687848145,0.3083957830560142,-0.3873747333495489,-0.09954962371007106,0.2001820437156297,-72.18951512819201,0.0,0.0
dist_low_20 & ema20_rel,0.777..1.08 & -0.855..-0.405,40256,1.5754903545440349,0.3127235691573927,-0.3877061672321032,-0.08000644289852736,0.1998506098330754,-57.38348166768331,0.0,0.0
ret_96 & ema50_rel,0.849..2.07 & 1.38..inf,25938,1.0151298891137515,0.3068470969234328,-0.38775603406381626,-0.08703282896857609,0.19980074300136236,-45.72503719541983,0.0,0.0
ema50_rel & ret_16,0.272..0.654 & -1.65..-0.793,11973,0.4685847082411499,0.3071911801553495,-0.3886136302380245,-0.09126290515911918,0.19894314682715414,-31.237989605888487,0.0,0.0
ret_96 & ema20_rel,-0.984..-0.0473 & 0.822..inf,16347,0.6397689990493676,0.3069676393221998,-0.38884300901021135,-0.0961849067341703,0.19871376805496727,-36.67121842567796,0.0,0.0
ema20_rel & ema200_rel,-0.168..0.00183 & 2.88..inf,15001,0.5870908885263083,0.29958002799813344,-0.3888569370098343,-0.11433426537616792,0.1986998400553443,-35.21949682425548,0.0,0.0
dist_high_20 & ret_16,1.39..1.96 & 0.332..0.781,20874,0.8169412177253623,0.30123598735268753,-0.3890797019220159,-0.11008563226755343,0.1984770751431627,-41.75706794767855,0.0,0.0
atr_pct & ret_96,0.658..0.807 & 2.07..4.36,45993,1.8000180811939537,0.2990237644859,-0.38911172566309565,-0.11248019781179748,0.19844505140208296,-61.95937496658196,0.0,0.0
ret_96 & ema50_rel,-2.24..-0.984 & 0.654..1.38,19881,0.778078391759985,0.3224183894170313,-0.38916192976387765,-0.04671216955243451,0.19839484730130097,-39.7344780032627,0.0,0.0
ema20_rel & ema200_rel,0.822..inf & -0.716..-0.0819,13957,0.5462320866050053,0.30149745647345416,-0.3896567463358502,-0.11215747144927594,0.19790003072932844,-34.082325407570565,0.0,0.0
dist_low_20 & ema50_rel,2.04..3.14 & 0.272..0.654,35110,1.3740924669127847,0.30623753916263174,-0.3896780591799529,-0.09324066302273673,0.1978787178852257,-53.877888679347166,0.0,0.0
ema50_rel & ret_16,-1.44..-0.701 & -inf..-1.65,59765,2.339009862860797,0.30693549736467834,-0.38995906549947407,-0.0986202009539353,0.19759771156570455,-70.66262857283026,0.0,0.0
dist_high_20 & ema50_rel,1.39..1.96 & 0.272..0.654,24617,0.9634301981769303,0.30694235690782795,-0.3901112566242448,-0.08615647130650991,0.19744552044093383,-44.96352239533799,0.0,0.0
ret_16 & ema200_rel,0.332..0.781 & -inf..-3.06,17163,0.671704614344179,0.29785002621919243,-0.39012230435585854,-0.127908224048073,0.19743447270932007,-38.35996516088197,0.0,0.0
ret_16 & ema20_rel,0.781..1.63 & -0.168..0.00183,12995,0.5085825009265633,0.30688726433243557,-0.39016621312321664,-0.08705500982452179,0.19739056394196197,-32.75074098109886,0.0,0.0
ema50_rel & ema200_rel,0.272..0.654 & -3.06..-1.57,14837,0.5806724560405864,0.3136078722113635,-0.39031471222651665,-0.07527474088152901,0.19724206483866197,-34.66742777095758,0.0,0.0
ret_16 & ema20_rel,-1.65..-0.793 & -inf..-0.855,59957,2.3465241252831057,0.31038911219707455,-0.39044570619615265,-0.08568870157747169,0.19711107086902596,-70.0059899225246,0.0,0.0
ema50_rel & ema200_rel,0.654..1.38 & -1.57..-0.716,15481,0.6058765445820798,0.31076803824042376,-0.39081489285361876,-0.07997707614071005,0.19674188421155986,-35.70146654198962,0.0,0.0
ret_96 & ema20_rel,-inf..-4.32 & 0.168..0.394,19774,0.773890755930886,0.3006978861130778,-0.3920499421937773,-0.11600453588722831,0.1955068348714013,-40.931100846616204,0.0,0.0
ret_96 & ema20_rel,-0.984..-0.0473 & -inf..-0.855,19777,0.7740081662812346,0.3090964251403145,-0.3921325041367877,-0.09627613684278073,0.19542427292839093,-40.71040259845302,0.0,0.0
ema20_rel & ema200_rel,-0.168..0.00183 & -inf..-3.06,18007,0.7047360595755773,0.3016049314155606,-0.3922222275252058,-0.11332230330647847,0.1953345495399728,-39.17453710726704,0.0,0.0
ret_96 & ret_16,-0.0473..0.849 & 1.63..inf,19328,0.7564357505123983,0.3062396523178808,-0.39234908900249293,-0.09298367537193886,0.19520768806268568,-40.175164972807146,0.0,0.0
atr_pct & ret_96,0.658..0.807 & 0.849..2.07,29866,1.1688591745034813,0.29876782963905446,-0.3924032018702543,-0.11554553041172237,0.19515357519492432,-50.57639951658246,0.0,0.0
ret_96 & ema50_rel,-inf..-4.32 & -1.44..-0.701,62016,2.4271067624056752,0.30508255933952527,-0.392559311616544,-0.10076079822257722,0.1949974654486346,-72.14694542049392,0.0,0.0
ret_16 & ema200_rel,0..0.332 & 2.88..inf,18175,0.7113110391950973,0.3035488308115543,-0.3931384629637398,-0.09391339957197713,0.19441831410143884,-38.707229626940524,0.0,0.0
dist_high_20 & ema200_rel,0.463..0.708 & 2.88..inf,35384,1.3848159455779545,0.3027639611123672,-0.39334071580519037,-0.09632553794956174,0.19421606125998825,-54.119550816938585,0.0,0.0
ema50_rel & ema200_rel,-0.701..-0.299 & -inf..-3.06,21298,0.8335352139079605,0.3013898018593295,-0.39340248466385697,-0.11540539830142216,0.19415429240132165,-42.69793950861717,0.0,0.0
dist_high_20 & ema200_rel,1.96..3.07 & -0.0819..0.54,21598,0.8452762489428176,0.30762107602555794,-0.3937107389437067,-0.09286955043277911,0.19384603812147194,-42.86901294190261,0.0,0.0
dist_low_20 & ret_16,1.08..1.46 & -1.65..-0.793,34145,1.3363254708839942,0.3061648850490555,-0.3940682246060827,-0.10028375632306719,0.1934885524590959,-54.07057356624449,0.0,0.0
ret_96 & ema200_rel,2.07..4.36 & 2.88..inf,59357,2.3230420552133912,0.303738396482302,-0.394308679232153,-0.09769706831759775,0.1932480978330256,-70.53752087518062,0.0,0.0
ema50_rel & ema20_rel,0.272..0.654 & -0.405..-0.168,14727,0.5763674098611388,0.3121477558226387,-0.39457762093067433,-0.07007597478493184,0.19297915613450428,-34.910318094299434,0.0,0.0
ret_16 & ema200_rel,-inf..-1.65 & -3.06..-1.57,61262,2.3975976276847346,0.3070908556690934,-0.39464976206192737,-0.10287167123786362,0.19290701500325125,-72.73122227335155,0.0,0.0
ret_16 & ema200_rel,-0.331..0 & -inf..-3.06,19814,0.775456227268867,0.30327041485818107,-0.39485299486336156,-0.10982881475725931,0.19270378220181705,-41.252461678674486,0.0,0.0
atr_pct & ema20_rel,0.658..0.807 & 0.00183..0.168,23884,0.9347429359084293,0.29873555518338635,-0.39528137904679334,-0.11807918282846223,0.19227539801838528,-45.59191506460543,0.0,0.0
ret_96 & ema50_rel,-4.32..-2.24 & -inf..-1.44,70853,2.7729585177491183,0.30611265578027747,-0.39533222002928187,-0.10958651066504638,0.19222455703589675,-78.8109835182304,0.0,0.0
ret_96 & ema200_rel,-2.24..-0.984 & -inf..-3.06,12925,0.5058429260850966,0.29245647969052224,-0.39536287826269084,-0.14509641367634188,0.19219389880248777,-33.96423993109407,0.0,0.0
ret_96 & ema200_rel,4.36..inf & 0.54..1.36,12805,0.5011465120711538,0.3003514252245217,-0.3961483157011379,-0.11385288897847679,0.19140846136404072,-33.13696895524219,0.0,0.0
dist_high_20 & ema20_rel,1.39..1.96 & 0.00183..0.168,24258,0.9493800929185513,0.3026630389974441,-0.3965193006944828,-0.1050139670790766,0.1910374763706958,-45.82042528261767,0.0,0.0
dist_high_20 & ret_96,0.708..1 & 4.36..inf,36581,1.4316626753670345,0.2998824526393483,-0.39655161231531777,-0.1056869606167863,0.19100516474986085,-55.710496763922414,0.0,0.0
ema50_rel & ret_16,0.654..1.38 & 1.63..inf,57895,2.2658240778101875,0.3054149753864755,-0.3974743096210465,-0.09543724441302502,0.1900824674441321,-70.40590308019227,0.0,0.0
atr_pct & ema200_rel,0.658..0.807 & -3.06..-1.57,52890,2.06994447664532,0.2994895065229722,-0.39808099455463863,-0.12145027949771825,0.18947578251053998,-68.66246307148319,0.0,0.0
dist_low_20 & ret_96,2.04..3.14 & -0.984..-0.0473,23776,0.9305161632958807,0.3092193808882907,-0.3982293678515759,-0.08419282500921131,0.1893274092136027,-45.29654518973725,0.0,0.0
dist_high_20 & ret_96,1..1.39 & -inf..-4.32,28893,1.1307790842070946,0.30284151870695325,-0.3983435614238215,-0.10684706593235235,0.18921321564135712,-50.06878154102789,0.0,0.0
ema20_rel & ema200_rel,0.00183..0.168 & 2.88..inf,18139,0.7099021149909144,0.3001819284414797,-0.3987644590628945,-0.10815282696154535,0.18879231800228413,-39.605367983433105,0.0,0.0
ema20_rel & ema200_rel,0.822..inf & -0.0819..0.54,17302,0.6771446272436629,0.30360651947751705,-0.3990127605025334,-0.10362725605843981,0.1885440165626452,-38.79641022664649,0.0,0.0
ret_96 & ema200_rel,-4.32..-2.24 & -inf..-3.06,59293,2.320537301072622,0.3003052636904862,-0.3992232099830661,-0.12407926166180343,0.18833356708211252,-72.99431412612296,0.0,0.0
dist_low_20 & ema20_rel,-inf..0.288 & -inf..-0.855,78190,3.0601050979182753,0.3090037089141834,-0.39940036034162063,-0.08415990551826923,0.18815641672355798,-81.35610961774668,0.0,0.0
ret_16 & ema200_rel,0.781..1.63 & 2.88..inf,52429,2.0519024194750894,0.29855614259283986,-0.4001192755149166,-0.11094801417206089,0.187437501550262,-67.2956590193649,0.0,0.0
ret_96 & ema20_rel,4.36..inf & 0.394..0.822,53293,2.0857166003754783,0.29850074118552156,-0.40033947512035917,-0.11190848682305923,0.18721730194481945,-67.98759072148495,0.0,0.0
dist_high_20 & ret_16,1.96..3.07 & -1.65..-0.793,109956,4.303324160975852,0.30614973262032086,-0.4007571016764019,-0.0973792301460014,0.18679967538877673,-98.27752754880957,0.0,0.0
ret_96 & ema50_rel,-2.24..-0.984 & -inf..-1.44,27434,1.0736785171542393,0.30148720565721365,-0.40126384644862323,-0.120362675238903,0.18629293061655539,-49.82752351767709,0.0,0.0
dist_low_20 & ema200_rel,2.04..3.14 & -0.716..-0.0819,22189,0.8684060879614863,0.307044030826085,-0.4013454368585629,-0.09303201792760128,0.18621134020661573,-44.2269377912459,0.0,0.0
dist_high_20 & ret_16,1.39..1.96 & 0..0.332,19958,0.7810919240855984,0.30343721815813207,-0.4013726454110137,-0.10071974241251477,0.18618413165416492,-41.90454338996522,0.0,0.0
ema50_rel & ema20_rel,-0.701..-0.299 & 0.394..0.822,7429,0.2907471642465132,0.2864450127877238,-0.40146949414677163,-0.16320966150956254,0.18608728291840698,-26.396818331336732,0.0,0.0
dist_low_20 & ret_96,0.524..0.777 & 4.36..inf,16866,0.6600809896596704,0.3109213802917111,-0.4017219171060741,-0.07660683107507027,0.18583485995910454,-37.90362396192332,0.0,0.0
ema50_rel & ema200_rel,-1.44..-0.701 & -inf..-3.06,60510,2.3681667665306922,0.29948768798545694,-0.40193209491630205,-0.11882942930785523,0.18562468214887656,-73.56307239823397,0.0,0.0
ema50_rel & ema20_rel,0.654..1.38 & -0.168..0.00183,11849,0.4637317470934089,0.30086927166849525,-0.40299356991869495,-0.10618431315960408,0.18456320714648367,-32.478730469990744,0.0,0.0
ret_16 & ema200_rel,0.332..0.781 & 2.88..inf,28378,1.1106236407305898,0.3009725843963634,-0.40302605745491443,-0.10369740434674117,0.18453071961026418,-49.75164532686616,0.0,0.0
ema20_rel & ema200_rel,-inf..-0.855 & -1.57..-0.716,30157,1.1802479784872928,0.3085187518652386,-0.403570250720881,-0.09771791191252482,0.18398652634429763,-51.86535173396611,0.0,0.0
ema50_rel & ema200_rel,-inf..-1.44 & -3.06..-1.57,64968,2.54263854714867,0.30547346385913066,-0.4041060437673781,-0.10975821779883066,0.18345073329780054,-76.99288959929571,0.0,0.0
ret_16 & ema20_rel,-1.65..-0.793 & 0.00183..0.168,11923,0.4666278690686737,0.3023567893986413,-0.40441457367008166,-0.1089940150518711,0.18314220339509696,-32.730845679856294,0.0,0.0
ret_96 & ema20_rel,4.36..inf & -0.168..0.00183,18369,0.7189035751843049,0.3019761554793402,-0.40507405472017843,-0.10619845233398403,0.18248272234500018,-40.395702343344524,0.0,0.0
dist_high_20 & ema50_rel,1..1.39 & 0.654..1.38,35356,1.3837201156413677,0.30489874420183277,-0.40554447785959435,-0.09404192330125925,0.18201229920558426,-56.08278038978306,0.0,0.0
dist_low_20 & ema20_rel,1.46..2.04 & -0.168..0.00183,25504,0.9981445250966581,0.30156053952321205,-0.4056268308215164,-0.10858871742989025,0.1819299462436622,-48.205560837401705,0.0,0.0
dist_low_20 & ema50_rel,1.08..1.46 & 1.38..inf,7881,0.308436990365698,0.30782895571627966,-0.4057843244121861,-0.08514192502116119,0.18177245265299252,-26.179325396479754,0.0,0.0
ret_96 & ema20_rel,-inf..-4.32 & -0.168..0.00183,21341,0.83521809559629,0.3046717585867579,-0.40592102382777284,-0.1025201252196398,0.18163575323740577,-43.73761980462759,0.0,0.0
dist_high_20 & ema50_rel,1.39..1.96 & -inf..-1.44,20880,0.8171760384260595,0.30737547892720307,-0.4066284976351324,-0.1011501276089328,0.1809282794300462,-43.64362253879029,0.0,0.0
ret_16 & ema200_rel,1.63..inf & -0.0819..0.54,17294,0.6768315329760667,0.29929455302417024,-0.4071511178939679,-0.11906965243288598,0.1804056591712107,-39.95878196411267,0.0,0.0
dist_low_20 & ema50_rel,1.46..2.04 & -1.44..-0.701,30932,1.210578985660674,0.292189318505108,-0.4075529288345958,-0.14040239825774478,0.1800038482305828,-54.21924305432958,0.0,0.0
dist_high_20 & dist_low_20,1.96..3.07 & 0.524..0.777,41023,1.6055082674498198,0.306535358213685,-0.408410276346559,-0.09228930151432439,0.1791465007186196,-61.140320761195554,0.0,0.0
dist_high_20 & ema200_rel,1..1.39 & -inf..-3.06,24503,0.9589686048636846,0.29792270334244786,-0.40869749446141995,-0.12488311301400218,0.17885928260375866,-47.82232038973727,0.0,0.0
ret_16 & ema200_rel,0..0.332 & -inf..-3.06,14590,0.571005670528554,0.2966415352981494,-0.409383375757212,-0.13148942568425828,0.1781734013079666,-37.01686686329012,0.0,0.0
dist_high_20 & dist_low_20,1.39..1.96 & 1.08..1.46,36709,1.4366721836485736,0.3049388433354218,-0.4094028518830981,-0.09765875075997421,0.1781539251820805,-58.08664304098993,0.0,0.0
ret_96 & ema20_rel,-0.0473..0.849 & 0.822..inf,19681,0.7702510350700803,0.3039987805497688,-0.40952350304390206,-0.10018857884539854,0.17803327402127656,-42.230803373107356,0.0,0.0
dist_high_20 & ema20_rel,1.96..3.07 & -inf..-0.855,86211,3.3740212379669066,0.3087425038568164,-0.40960868659033917,-0.08765135720116644,0.17794809047483945,-88.34186380667644,0.0,0.0
ema50_rel & ema20_rel,-1.44..-0.701 & -inf..-0.855,59016,2.3096964120571037,0.30518842347837877,-0.40964131381097146,-0.1018240197857469,0.17791546325420715,-73.2401356079459,0.0,0.0
ret_96 & ret_16,4.36..inf & 0.781..1.63,48641,1.903652283768293,0.29468966509734584,-0.4097364201184491,-0.12257690633620914,0.17782035694672954,-66.64664645052771,0.0,0.0
dist_high_20 & ema20_rel,1.96..3.07 & -0.855..-0.405,108958,4.264265651093227,0.30421813909946954,-0.40991050611619945,-0.10363605036129787,0.17764627094897917,-100.43897592224084,0.0,0.0
dist_high_20 & ema20_rel,0.241..0.463 & 0.822..inf,57856,2.264297743255656,0.2975490873893805,-0.41000726054184805,-0.1164656344540221,0.17754951652333056,-72.91209804199444,0.0,0.0
ema20_rel & ema200_rel,0.00183..0.168 & -inf..-3.06,14631,0.5726102786499845,0.29307634474745403,-0.4100502823639202,-0.14118468729175374,0.1775064947012584,-37.31471918963114,0.0,0.0
ema50_rel & ema200_rel,0.654..1.38 & 2.88..inf,61552,2.4089472948850963,0.29883675591369896,-0.4102162593070869,-0.11143316796509709,0.17734051775809173,-74.82594299376733,0.0,0.0
ema50_rel & ema20_rel,-0.299..-0.00927 & 0.394..0.822,12023,0.4705415474136261,0.29892705647508944,-0.4106541578657966,-0.1237465460856925,0.176902619199382,-33.67521677757745,0.0,0.0
dist_low_20 & ema50_rel,2.04..3.14 & 1.38..inf,86622,3.390106455964661,0.30227886680058186,-0.41147225567645723,-0.09860757015803123,0.17608452138872138,-88.8401878115658,0.0,0.0
ema50_rel & ret_16,0.654..1.38 & -0.793..-0.331,13705,0.5363696171757253,0.30062021160160524,-0.4114865606050164,-0.10419639986389483,0.1760702164601622,-35.53413927949805,0.0,0.0
ret_96 & ret_16,-inf..-4.32 & -0.331..0,22629,0.8856262726792768,0.3024879579300897,-0.41159600415453507,-0.1079830396016109,0.17596077291064355,-45.73665535887809,0.0,0.0
dist_low_20 & ema20_rel,1.08..1.46 & -0.405..-0.168,32955,1.2897526985790608,0.3063571536944318,-0.41169175278205855,-0.09518593877897125,0.17586502428312006,-55.31987222846074,0.0,0.0
ret_96 & ema200_rel,-inf..-4.32 & -3.06..-1.57,58030,2.271107543575873,0.30523866965362745,-0.4117246617118967,-0.10117427049048576,0.17583211535328191,-72.93882018229301,0.0,0.0
ema50_rel & ret_16,1.38..inf & 0.781..1.63,55998,2.1915815996064407,0.2988142433658345,-0.41200803298815875,-0.11026653817011567,0.17554874407701987,-71.67580657352796,0.0,0.0
ret_96 & ema20_rel,4.36..inf & 0.168..0.394,30377,1.1888580708461882,0.3002929848240445,-0.4120936673487411,-0.10500372264747286,0.17546310971643753,-52.57701977286184,0.0,0.0
dist_low_20 & ema200_rel,0.288..0.524 & 2.88..inf,8037,0.31454232858382375,0.30284932188627595,-0.4121286046201071,-0.10337974267697941,0.17542817244507153,-27.279890403773837,0.0,0.0
ret_16 & ema20_rel,-0.331..0 & 0.394..0.822,13911,0.5444317945663273,0.30127237437998705,-0.41232382587759636,-0.10688915907386544,0.17523295118758225,-35.908816250609156,0.0,0.0
ret_96 & ret_16,0.849..2.07 & 1.63..inf,30481,1.1929282963249386,0.300908762835865,-0.4132504530824094,-0.10556715485464899,0.17430632398276924,-53.200729708704515,0.0,0.0
ret_96 & ema20_rel,2.07..4.36 & -0.855..-0.405,27518,1.0769660069639992,0.3095428446834799,-0.4134035729453126,-0.08411766793470002,0.174153204119866,-50.24618878576249,0.0,0.0
ret_16 & ema20_rel,0..0.332 & -0.855..-0.405,10966,0.4291739673074793,0.29974466532919936,-0.41394348554715427,-0.11606302132153377,0.17361329151802435,-32.218691581800854,0.0,0.0
dist_high_20 & ret_16,0.241..0.463 & 1.63..inf,50124,1.961692133623937,0.2975420956029048,-0.4142120194849855,-0.11673786601641606,0.17334475758019313,-68.63590950565948,0.0,0.0
dist_high_20 & dist_low_20,1..1.39 & 1.46..2.04,36925,1.4451257288736707,0.303019634394042,-0.4146774191989063,-0.1027838310199414,0.1728793578662723,-59.002948060524254,0.0,0.0
ret_96 & ema50_rel,-inf..-4.32 & -0.701..-0.299,28073,1.098686921778485,0.3021764684928579,-0.4150687223376008,-0.10636860461147928,0.17248805472757783,-51.11575814916072,0.0,0.0
ema20_rel & ema200_rel,-inf..-0.855 & -3.06..-1.57,63597,2.4889820170393726,0.30267150966240547,-0.41585911098542117,-0.11385056871809796,0.17169766607975745,-78.02310085753467,0.0,0.0
dist_high_20 & ema20_rel,0.708..1 & 0.394..0.822,40436,1.5825349755649492,0.30158769413394004,-0.4160613186357801,-0.10426889253389122,0.1714954584293985,-61.854801292134226,0.0,0.0
ema50_rel & ema20_rel,-1.44..-0.701 & 0.168..0.394,7324,0.2866378019843132,0.2820862916439104,-0.4163720491840749,-0.1799298383945727,0.17118472788110373,-27.46242929512907,0.0,0.0
dist_high_20 & ema20_rel,1..1.39 & 0.168..0.394,31565,1.2353525695842225,0.30296214161254553,-0.41665369099411437,-0.10251464997744499,0.17090308607106425,-54.691858864878036,0.0,0.0
ret_16 & ema200_rel,-1.65..-0.793 & 1.36..2.88,26298,1.02921913115558,0.3040915658985474,-0.4167584449067054,-0.09936093657442696,0.17079833215847323,-49.74542141738946,0.0,0.0
dist_high_20 & ret_16,1.39..1.96 & -0.331..0,32825,1.2846649167306228,0.3055902513328256,-0.4175266749406368,-0.09423654863457458,0.17003010212454184,-55.76969586509662,0.0,0.0
dist_high_20 & ret_96,1.96..3.07 & 0.849..2.07,26126,1.022487604402262,0.2970603996019291,-0.41822245789339185,-0.12394773895173809,0.16933431917178676,-50.51698068242443,0.0,0.0
ret_96 & ret_16,2.07..4.36 & 1.63..inf,59555,2.330791138336397,0.2977080010074721,-0.41827162398501305,-0.11750137643756446,0.16928515308016556,-75.68621963980421,0.0,0.0
dist_high_20 & ret_96,1.96..3.07 & -4.32..-2.24,58026,2.270950996442075,0.3040188880846517,-0.4183474593134988,-0.10503173617979498,0.1692093177516798,-74.82320851652244,0.0,0.0
dist_low_20 & ema20_rel,2.04..3.14 & 0.394..0.822,100518,3.9339511987792455,0.3006028770966394,-0.41909171726348915,-0.10801965283025047,0.16846505980168947,-98.36039233727092,0.0,0.0
ret_96 & ret_16,-2.24..-0.984 & -inf..-1.65,33583,1.3143305985853617,0.2997647619331209,-0.4191912997761036,-0.12362837911052149,0.16836547728907503,-57.6777602448294,0.0,0.0
atr_pct & ema200_rel,0.551..0.658 & 2.88..inf,40173,1.5722420015177245,0.3052547731063152,-0.41967683330680866,-0.08891523317427218,0.16787994375836995,-61.633671307766484,0.0,0.0
ret_16 & ema200_rel,1.63..inf & 0.54..1.36,27723,1.0849890475711517,0.30000360711322727,-0.41983101410601276,-0.11309592837720626,0.16772576295916586,-51.79970305747116,0.0,0.0
atr_pct & dist_low_20,0.551..0.658 & 3.14..inf,21145,0.8275472860401833,0.306550011823126,-0.41989963953711934,-0.09114721629586524,0.16765713752805927,-45.194988016419416,0.0,0.0
dist_low_20 & ret_16,1.46..2.04 & -0.331..0,24621,0.9635867453107284,0.2986068803054303,-0.42007712456436,-0.1152852712205121,0.1674796525008186,-48.95867691948363,0.0,0.0
ema50_rel & ret_16,-1.44..-0.701 & 0.781..1.63,10092,0.3949684185725954,0.28369005152596116,-0.42039635403025244,-0.16777549327765326,0.16716042303492618,-32.23095439460354,0.0,0.0
ret_96 & ema20_rel,-inf..-4.32 & 0.00183..0.168,18440,0.7216822868092211,0.2980477223427332,-0.42051476960522255,-0.12501509998121377,0.16704200745995607,-42.457329540314525,0.0,0.0
dist_high_20 & ema50_rel,1.39..1.96 & -0.00927..0.272,24492,0.9585381002457398,0.3068757145190266,-0.42067177875772505,-0.09122248195054368,0.16688499830745357,-48.49197069103006,0.0,0.0
ret_96 & ema200_rel,4.36..inf & 1.36..2.88,55230,2.161524549917206,0.3008871989860583,-0.4212129859595426,-0.10909681588209741,0.16634379110563602,-72.80707933634434,0.0,0.0
dist_low_20 & ret_16,2.04..3.14 & 0.781..1.63,98999,3.8745024247194184,0.2987201890928191,-0.4215465675152818,-0.11351373839550678,0.16601020954989681,-98.25531310797915,0.0,0.0
ret_96 & ema50_rel,4.36..inf & 0.272..0.654,26386,1.0326631680991383,0.2986053210035625,-0.42170763208362033,-0.11239007926021806,0.16584914498155828,-50.39369877839084,0.0,0.0
ret_96 & ret_16,-inf..-4.32 & 0.332..0.781,21860,0.8555300862065929,0.29423604757548033,-0.4217898416706875,-0.1355066129815629,0.1657669353944911,-46.567309913067405,0.0,0.0
ema50_rel & ret_16,-0.00927..0.272 & -1.65..-0.793,16045,0.6279496904476113,0.3083203490183858,-0.4221124012841943,-0.0855549281766245,0.1654443757809843,-39.23725403704814,0.0,0.0
atr_pct & ema200_rel,0.551..0.658 & 0.54..1.36,36812,1.4407032723438746,0.30628599369770726,-0.42307320974396834,-0.08903980022628669,0.16448356732121028,-59.78045123894606,0.0,0.0
dist_high_20 & ema50_rel,0.241..0.463 & 1.38..inf,47420,1.8558662711764242,0.29552931252636017,-0.42319680663694015,-0.12018807729580791,0.16435997042823847,-68.07114040324664,0.0,0.0
dist_high_20 & dist_low_20,0.463..0.708 & 2.04..3.14,41436,1.6216717590144731,0.3018872478038421,-0.4243148661433087,-0.10226938262219427,0.1632419109218699,-63.79807099179093,0.0,0.0
dist_high_20 & ret_16,1.96..3.07 & -inf..-1.65,88364,3.4582827327337315,0.30454710062921553,-0.42454199903708106,-0.10097064888832818,0.16301477802809755,-93.5304988173595,0.0,0.0
atr_pct & dist_low_20,0.551..0.658 & 0.524..0.777,35520,1.3901385481270896,0.306615990990991,-0.42494438881373153,-0.09091679429592504,0.16261238825144708,-59.11789043140247,0.0,0.0
dist_low_20 & ret_96,2.04..3.14 & -0.0473..0.849,24154,0.9453098674398008,0.30355220667384286,-0.42522997256387585,-0.10348289362842594,0.16232680450130277,-48.912906430415944,0.0,0.0
ret_96 & ret_16,-inf..-4.32 & 0..0.332,17860,0.6989829524084972,0.29848824188129897,-0.4252780158423402,-0.12181306764969542,0.1622787612228384,-42.12759468914741,0.0,0.0
ret_96 & ema20_rel,4.36..inf & 0.00183..0.168,20671,0.808996450685109,0.2980504087852547,-0.42529561999945453,-0.11602860293800163,0.16226115706572408,-45.06404977017647,0.0,0.0
ema20_rel & ema200_rel,0.394..0.822 & -3.06..-1.57,24271,0.949888871103395,0.29957562523175807,-0.4263107582101124,-0.1194028012933407,0.16124601885506623,-49.460316614005606,0.0,0.0
atr_pct & ret_16,0.551..0.658 & 1.63..inf,41166,1.6111048274831017,0.3039887285624059,-0.42637648243582266,-0.09537297551230427,0.16118029462935596,-63.84075998822267,0.0,0.0
ret_16 & ema200_rel,1.63..inf & 1.36..2.88,58445,2.2873493087074257,0.297698691077081,-0.42692226649343634,-0.1172561435824862,0.16063451057174227,-76.48354922565358,0.0,0.0
ret_96 & ret_16,4.36..inf & 0..0.332,20084,0.7860231588002384,0.2985461063533161,-0.42705157021696466,-0.10990513735497051,0.16050520684821395,-44.38357277554607,0.0,0.0
atr_pct & dist_low_20,0.551..0.658 & 0.777..1.08,43160,1.6891435736814524,0.30597775718257647,-0.4275197350858671,-0.09377130085117094,0.1600370419793115,-65.69606627383264,0.0,0.0
ret_96 & ema50_rel,2.07..4.36 & 1.38..inf,69428,2.7171886013335467,0.2971279599009045,-0.4278088230112246,-0.11813602241858459,0.15974795405395403,-83.47696182340371,0.0,0.0
dist_high_20 & ret_96,0.463..0.708 & 4.36..inf,32866,1.2862695248520533,0.2946814337004807,-0.4278975556755639,-0.1212200304904088,0.1596592213896147,-57.109267086911615,0.0,0.0
ema50_rel & ema20_rel,0.654..1.38 & 0.822..inf,58123,2.274747264436679,0.3004318428160969,-0.42799148413524474,-0.11014853971931853,0.15956529292993388,-75.93195899390984,0.0,0.0
ret_96 & ret_16,4.36..inf & 0.332..0.781,29516,1.155161300296148,0.2956023851470389,-0.4281215357091324,-0.12045947018007977,0.1594352413560462,-54.05778383068514,0.0,0.0
dist_high_20 & ret_96,0.708..1 & -inf..-4.32,21997,0.8608918255391776,0.2982679456289494,-0.4281499568652626,-0.12064722824669011,0.15940682019991603,-47.19781408679498,0.0,0.0
dist_high_20 & ret_96,1.96..3.07 & -0.984..-0.0473,26869,1.0515662345052583,0.30324909747292417,-0.4283573449182618,-0.10627579640212594,0.15919943214691684,-52.31070799946335,0.0,0.0
dist_high_20 & ema200_rel,0.241..0.463 & 2.88..inf,33220,1.3001239461931846,0.2956953642384106,-0.42838690021633474,-0.11658949589906979,0.15916987684884387,-57.41411587086893,0.0,0.0
dist_low_20 & ema50_rel,2.04..3.14 & 0.654..1.38,83051,3.250349002266411,0.2998759798196289,-0.4288852230651817,-0.10855844287097549,0.15867155399999694,-91.22016218730401,0.0,0.0
atr_pct & ema20_rel,0.551..0.658 & -0.855..-0.405,52595,2.0583991255277105,0.3059986690750071,-0.4291975834442661,-0.096280890106178,0.1583591936209125,-72.99806370611523,0.0,0.0
dist_low_20 & ema200_rel,2.04..3.14 & -0.0819..0.54,23040,0.9017114906770312,0.3002170138888889,-0.4294128867189253,-0.11250554707377793,0.1581438903462533,-48.456082162331505,0.0,0.0
atr_pct & ema200_rel,0.551..0.658 & -0.0819..0.54,28462,1.1139111305403497,0.3043004708031762,-0.4295117683232667,-0.09518146095932174,0.1580450087419119,-53.570940623443086,0.0,0.0
dist_high_20 & ema200_rel,1.96..3.07 & -3.06..-1.57,64842,2.53770731243403,0.303476142006724,-0.4297303692896592,-0.10767641912897143,0.15782640777551943,-81.23863841439406,0.0,0.0
atr_pct & ema50_rel,0.551..0.658 & -0.299..-0.00927,30128,1.1791130117672566,0.30363781200212425,-0.43100966412595687,-0.09695135802939167,0.15654711293922174,-55.297330061639606,0.0,0.0
atr_pct & ema50_rel,0.551..0.658 & 1.38..inf,41745,1.6337650251003761,0.3019523296203138,-0.43131108805966895,-0.10025444900083268,0.15624568900550967,-64.97224909736995,0.0,0.0
atr_pct & dist_high_20,0.551..0.658 & 1.96..3.07,56388,2.206844945151755,0.30410725686316237,-0.43153275859487206,-0.10013518175903921,0.15602401847030656,-76.13394221822313,0.0,0.0
ema50_rel & ema20_rel,-0.299..-0.00927 & -0.855..-0.405,23135,0.9054294851047359,0.30870974713637345,-0.4320777631539507,-0.08661365323440325,0.15547901391122793,-48.0853080156404,0.0,0.0
dist_low_20 & ema50_rel,1.46..2.04 & 1.38..inf,26241,1.0269883344989572,0.30437102244579095,-0.4321273212356202,-0.09074947701744747,0.15542945582955842,-50.88807896124774,0.0,0.0
dist_high_20 & ema200_rel,0.708..1 & -inf..-3.06,16818,0.6582024240540933,0.2933761446069687,-0.4323774333101129,-0.14067916685285503,0.1551793437550657,-42.21109207404668,0.0,0.0
ret_96 & ema20_rel,0.849..2.07 & 0.822..inf,31814,1.245097628663154,0.29977368454139686,-0.43238750451426294,-0.10765639995143425,0.15516927255091567,-56.653513077232034,0.0,0.0
atr_pct & dist_low_20,0.551..0.658 & -inf..0.288,24980,0.9776368505691075,0.30284227381905526,-0.4324524524707434,-0.09856492956014717,0.15510432459443524,-50.368538568145354,0.0,0.0
ret_96 & ema20_rel,-2.24..-0.984 & -inf..-0.855,34732,1.3592987627688649,0.29860071403892663,-0.4326610921897913,-0.12431989561307381,0.1548956848753873,-60.158610141489014,0.0,0.0
dist_high_20 & ema200_rel,1.39..1.96 & 1.36..2.88,38143,1.492794331115191,0.29651574338672887,-0.43287748224760886,-0.11991039413286628,0.15467929481756976,-62.74231201853255,0.0,0.0
ema20_rel & ema200_rel,0.822..inf & 0.54..1.36,28226,1.1046748496462622,0.2995465173953093,-0.43301118501239955,-0.11288251473024273,0.15454559205277907,-53.70761390671582,0.0,0.0
ret_96 & ema200_rel,-2.24..-0.984 & 0.54..1.36,16507,0.6460308844012913,0.315017871206155,-0.4330534140148579,-0.06407184518089905,0.1545033630503207,-40.2487418720469,0.0,0.0
dist_low_20 & ret_16,2.04..3.14 & 1.63..inf,93548,3.6611678181360636,0.3020374567067174,-0.4333936913634742,-0.1009661982492942,0.1541630857017044,-97.54446158831931,0.0,0.0
ret_96 & ema50_rel,4.36..inf & 0.654..1.38,61310,2.3994761932903117,0.2933616049584081,-0.433659569591014,-0.128229103564112,0.15389720747416463,-79.36839556802524,0.0,0.0
ema50_rel & ema200_rel,1.38..inf & 1.36..2.88,63378,2.480411061463927,0.297295591530184,-0.4338730027822915,-0.11765263253268819,0.1536837742828871,-80.85571652871154,0.0,0.0
atr_pct & dist_high_20,0.551..0.658 & 1..1.39,51192,2.0034902183480288,0.3026644788248164,-0.43414236608676243,-0.10069501929022784,0.15341441097841618,-72.73171005861423,0.0,0.0
ema20_rel & ema200_rel,-0.855..-0.405 & 0.54..1.36,24947,0.9763453367152732,0.31226199543031224,-0.4341631620833405,-0.07373058828008693,0.15339361498183812,-50.04111769816133,0.0,0.0
atr_pct & ret_96,0.551..0.658 & -inf..-4.32,34149,1.3364820180177923,0.3020879088699523,-0.4344903022974304,-0.10380883706960262,0.1530664747677482,-59.63410361980258,0.0,0.0
atr_pct & ema50_rel,0.551..0.658 & -0.701..-0.299,39997,1.5653539276306083,0.30302272670450286,-0.434552192638646,-0.10083722099430201,0.15300458442653264,-64.45269973516693,0.0,0.0
dist_low_20 & ema200_rel,2.04..3.14 & 0.54..1.36,33918,1.3274414210409524,0.30107907305855297,-0.4351173317413325,-0.10701220079670591,0.15243944532384612,-59.23860418852412,0.0,0.0
atr_pct & ema20_rel,0.551..0.658 & -inf..-0.855,36209,1.4171037919238116,0.302963351652904,-0.4352096486023331,-0.10426149838498365,0.15234712846284554,-61.49245159849612,0.0,0.0
atr_pct & ret_96,0.551..0.658 & 4.36..inf,40070,1.5682109128224235,0.30077364611929125,-0.4353262886853057,-0.10408077144830864,0.1522304883798729,-64.16763969415989,0.0,0.0
atr_pct & ema20_rel,0.551..0.658 & -0.405..-0.168,39445,1.5437504231664712,0.30335910761820256,-0.435370110703142,-0.10155613436263108,0.1521866663620366,-64.203658420674,0.0,0.0
atr_pct & ret_16,0.551..0.658 & -0.331..0,32757,1.282003615456055,0.3019507280886528,-0.4355603820965541,-0.10160530134924486,0.1519963949686245,-58.355897200524424,0.0,0.0
dist_high_20 & ema200_rel,1.96..3.07 & -0.716..-0.0819,25412,0.9945439410193019,0.29804816622068314,-0.4356261418479402,-0.1193520932331916,0.15193063521723843,-51.75619155316561,0.0,0.0
dist_low_20 & ema20_rel,2.04..3.14 & 0.822..inf,88823,3.476246516337063,0.30030510115623205,-0.43592162821448766,-0.10428820518261271,0.15163514885069096,-95.4231857004446,0.0,0.0
ret_96 & ema20_rel,2.07..4.36 & 0.822..inf,61340,2.4006502967937973,0.29401695467883926,-0.4362698101688654,-0.1263418393983133,0.1512869668963132,-80.06868961844725,0.0,0.0
atr_pct & ret_96,0.551..0.658 & -2.24..-0.984,41942,1.6414749714399324,0.30263220638023935,-0.4368411596215373,-0.10311426496482272,0.15071561744364131,-66.47866997836007,0.0,0.0
dist_high_20 & ret_16,-inf..0.241 & 1.63..inf,63995,2.5045584568522834,0.2969450738338933,-0.43731652382304365,-0.11746975428518588,0.15024025324213497,-81.55585194477874,0.0,0.0
dist_low_20 & ret_96,0.288..0.524 & 4.36..inf,12908,0.5051776007664548,0.3001239541369693,-0.43745629541408354,-0.10854178713113243,0.15010048165109507,-36.47687804240961,0.0,0.0
dist_high_20 & ema200_rel,-inf..0.241 & 2.88..inf,36125,1.4138163021140517,0.2961384083044983,-0.4376100312437155,-0.11574361358245251,0.1499467458214631,-60.973603404367175,0.0,0.0
atr_pct & dist_high_20,0.551..0.658 & 1.39..1.96,58730,2.29850329199054,0.3019921675463988,-0.4377504328241695,-0.10504713925380231,0.14980634424100914,-78.7001261293104,0.0,0.0
atr_pct & ret_16,0.551..0.658 & -1.65..-0.793,53215,2.0826639312664152,0.30288452503993235,-0.43780721665847394,-0.1047958088493692,0.14974956040670467,-75.05762184827317,0.0,0.0
dist_high_20 & ema200_rel,1.39..1.96 & 0.54..1.36,31849,1.2464674160838873,0.3082357373857892,-0.437885406956559,-0.08246264532267882,0.14967137010861964,-57.327556460982585,0.0,0.0
dist_high_20 & ema50_rel,-inf..0.241 & 1.38..inf,60372,2.362765890414658,0.2980355131517922,-0.4387161012678808,-0.1124286239135817,0.14884067579729782,-79.12072403479546,0.0,0.0
ret_16 & ema20_rel,0.781..1.63 & 0.822..inf,60630,2.3728631805446354,0.29651987464951346,-0.4391402432812368,-0.11925098165928193,0.14841653378394182,-79.60328164484652,0.0,0.0
atr_pct & ret_16,0.551..0.658 & -0.793..-0.331,39135,1.5316180202971186,0.3010604318385077,-0.4394332961983772,-0.1056632450341067,0.14812348086680144,-64.44499658478775,0.0,0.0
atr_pct & dist_low_20,0.551..0.658 & 0.288..0.524,29384,1.1499952448808108,0.30152463925946094,-0.43945786679612486,-0.10524604556019165,0.14809891026905375,-55.782585125505925,0.0,0.0
atr_pct & ema200_rel,0.551..0.658 & -1.57..-0.716,40379,1.5803041789083263,0.3024839644369598,-0.43966236139851056,-0.10590695453303874,0.14789441566666806,-65.84590911903092,0.0,0.0
dist_low_20 & ret_96,2.04..3.14 & 0.849..2.07,33807,1.3230972380780552,0.2984884787174254,-0.43976892360416303,-0.11189193974634469,0.14778785346101558,-59.851453646395115,0.0,0.0
atr_pct & ema50_rel,0.551..0.658 & -inf..-1.44,35287,1.3810196775833505,0.3022926290135177,-0.4400597315156785,-0.10958494594610829,0.1474970455495001,-61.75939348052394,0.0,0.0
dist_high_20 & ret_96,1.39..1.96 & 2.07..4.36,40949,1.602612145474555,0.2975896847297858,-0.4404876584044105,-0.11460704556729491,0.1470691186607681,-66.03043279085118,0.0,0.0
atr_pct & ema50_rel,0.551..0.658 & -0.00927..0.272,28699,1.123186548217887,0.3002892086832294,-0.44058706039774853,-0.10658594543682008,0.14696971666743008,-55.323777376747046,0.0,0.0
atr_pct & ema50_rel,0.551..0.658 & 0.272..0.654,36709,1.4366721836485736,0.30011713748671986,-0.44108277864973444,-0.10725063248617164,0.14647399841544417,-62.604748780976365,0.0,0.0
dist_low_20 & ema20_rel,1.46..2.04 & 0.00183..0.168,35038,1.3712746185044191,0.2992465323363206,-0.4413334962120368,-0.11153104610305697,0.1462232808531418,-61.33710410637636,0.0,0.0
dist_low_20 & ret_16,0.777..1.08 & -1.65..-0.793,42264,1.654077015710679,0.30174616695059625,-0.4420982940632165,-0.10747444920658163,0.14545848300196212,-67.35615373110853,0.0,0.0
dist_low_20 & ema50_rel,1.46..2.04 & -0.701..-0.299,27510,1.076652912696403,0.29280261723009815,-0.4421163755123371,-0.13399439466841273,0.1454404015528415,-54.869026522772224,0.0,0.0
dist_low_20 & ema50_rel,1.08..1.46 & -1.44..-0.701,37493,1.4673554218730003,0.2942949350545435,-0.4429038370469605,-0.13598128617070832,0.1446529400182181,-64.58819687187753,0.0,0.0
dist_high_20 & ret_96,1.96..3.07 & -2.24..-0.984,40196,1.5731421475370635,0.2997810727435566,-0.4433637094188402,-0.11546093542249687,0.14419306764633844,-66.2690678574538,0.0,0.0
atr_pct & ema20_rel,0.551..0.658 & 0.00183..0.168,29936,1.171598749344948,0.29943880277926244,-0.44379080020210104,-0.10984061103563164,0.14376597686307757,-57.03263594776687,0.0,0.0
atr_pct & ret_96,0.551..0.658 & -4.32..-2.24,55905,2.187941878745635,0.3009390931043735,-0.4437954455845097,-0.11114798197477092,0.14376133148066894,-78.29769392430063,0.0,0.0
dist_high_20 & ret_16,1..1.39 & 0.332..0.781,30589,1.1971550689374872,0.2995848180718559,-0.44394409474913016,-0.10933294199167326,0.14361268231604846,-57.42437304227734,0.0,0.0
atr_pct & ema20_rel,0.551..0.658 & 0.822..inf,41591,1.6277379604491493,0.2978529008679762,-0.443971982076535,-0.11282087046999675,0.14358479498864363,-67.0078975122838,0.0,0.0
ret_16 & ema20_rel,-0.331..0 & -0.855..-0.405,25701,1.0058544714362143,0.306330492976927,-0.4444910548110054,-0.09400536791447128,0.1430657222541732,-52.28718915708828,0.0,0.0
atr_pct & dist_high_20,0.551..0.658 & 0.708..1,44048,1.7238970373846296,0.29822012350163457,-0.44518764163509855,-0.11126121655429251,0.14236913543008006,-69.30820563410938,0.0,0.0
dist_high_20 & ema20_rel,1.39..1.96 & -0.168..0.00183,36353,1.4227394887405431,0.29615162435012243,-0.4452120654770013,-0.12059925895880666,0.1423447115881773,-63.16067269235201,0.0,0.0
dist_high_20 & ema200_rel,1.96..3.07 & -1.57..-0.716,38899,1.522381739403031,0.29957068305097817,-0.4452595835466316,-0.11595806653483798,0.14229719351854703,-65.5521691808187,0.0,0.0
dist_low_20 & ema200_rel,2.04..3.14 & 1.36..2.88,60028,2.3493028369080218,0.2957952955287532,-0.4470046366509828,-0.11908910411150046,0.14055214041419584,-80.94244929226844,0.0,0.0
atr_pct & ema20_rel,0.551..0.658 & -0.168..0.00183,30600,1.197585573555432,0.29777777777777775,-0.44739497646663456,-0.11364902652079993,0.14016180059854405,-58.23961561747946,0.0,0.0
atr_pct & dist_high_20,0.551..0.658 & 0.463..0.708,36173,1.4156948677196288,0.2978188151383629,-0.4476497810992304,-0.11383683023974615,0.1399069959659482,-63.183191512284914,0.0,0.0
dist_low_20 & ema200_rel,1.46..2.04 & -3.06..-1.57,40712,1.5933367277970178,0.2935252505403812,-0.4478003102939218,-0.13498957054641342,0.1397564667712568,-67.83503637545637,0.0,0.0
atr_pct & ret_96,0.551..0.658 & -0.984..-0.0473,30731,1.2027124921873196,0.2984282971592203,-0.4479623310094156,-0.11387129712700973,0.139594446055763,-58.484623978558346,0.0,0.0
dist_high_20 & ema50_rel,1.96..3.07 & -1.44..-0.701,96568,3.779360904153626,0.2952945074973076,-0.4480514160647976,-0.1295193508507505,0.13950536100038102,-104.26222247061659,0.0,0.0
dist_low_20 & ema20_rel,0.524..0.777 & -0.855..-0.405,50402,1.9725721594229046,0.30524582357842944,-0.44892223747434223,-0.09535242987618271,0.13863453959083638,-74.3298287355735,0.0,0.0
dist_high_20 & ret_96,0.241..0.463 & 4.36..inf,29362,1.1491342356449215,0.29068183366255707,-0.44956280851053365,-0.13218351069991485,0.13799396855464496,-56.849993623517236,0.0,0.0
dist_high_20 & ret_96,1.96..3.07 & -0.0473..0.849,23400,0.9158007327188598,0.29128205128205126,-0.4499397476085045,-0.1386416789042905,0.1376170294566741,-51.69341502743582,0.0,0.0
ema50_rel & ema20_rel,-1.44..-0.701 & 0.00183..0.168,12015,0.4702284531460299,0.2846441947565543,-0.45065753602220354,-0.1685104136699997,0.13689924104297507,-37.79272684653568,0.0,0.0
atr_pct & ret_16,0.551..0.658 & -inf..-1.65,35842,1.4027405923978364,0.29816974499190896,-0.45072583914302455,-0.11999904631905038,0.13683093792215406,-63.93701985601217,0.0,0.0
ema50_rel & ema200_rel,-1.44..-0.701 & -0.0819..0.54,19025,0.7445773051271926,0.3006570302233903,-0.45082454758154855,-0.1113805291511945,0.13673222948363006,-46.02176413698088,0.0,0.0
atr_pct & ema200_rel,0.551..0.658 & 1.36..2.88,52062,2.0375392199491142,0.29576274442011447,-0.4508832642861389,-0.11767659436580667,0.13667351277903972,-76.24724465734472,0.0,0.0
ema20_rel & ema200_rel,0.822..inf & 1.36..2.88,61194,2.394936326410167,0.29334575285158676,-0.45090984833599984,-0.1278731762523697,0.13664692872917877,-82.63170953269812,0.0,0.0
dist_low_20 & ret_96,1.46..2.04 & -4.32..-2.24,43055,1.6850342114192525,0.2956915573104169,-0.4515122699381159,-0.12953545907613828,0.13604450712706273,-70.24270311015891,0.0,0.0
atr_pct & dist_high_20,0.551..0.658 & 3.07..inf,16837,0.6589460229396342,0.2980934845875156,-0.45193421347470175,-0.123759957098048,0.13562256359047686,-44.202898711644494,0.0,0.0
atr_pct & ret_16,0.551..0.658 & 0..0.332,27382,1.071643404414864,0.296800818055657,-0.4519898862481702,-0.11797983834220871,0.1355668908170084,-55.63395469474884,0.0,0.0
atr_pct & ret_96,0.551..0.658 & 2.07..4.36,51269,2.006503750673642,0.2956172345862022,-0.4519909141269308,-0.11890333653054959,0.1355658629382478,-75.9587593515816,0.0,0.0
dist_low_20 & ret_96,2.04..3.14 & 2.07..4.36,55396,2.168021255969827,0.2930175463932414,-0.45211662308910744,-0.12820028798672242,0.13544015397607118,-79.08297628279375,0.0,0.0
atr_pct & dist_low_20,0.551..0.658 & 1.08..1.46,50862,1.9905750798096857,0.29760921709724353,-0.45214653223442064,-0.11867937958534941,0.13541024483075798,-76.02351958697453,0.0,0.0
dist_low_20 & ema50_rel,0.777..1.08 & -1.44..-0.701,43776,1.7132518322863592,0.30075840643274854,-0.4530757064985705,-0.11039195531560583,0.13448107056660813,-70.43421780741136,0.0,0.0
dist_high_20 & ema200_rel,0.463..0.708 & -inf..-3.06,11722,0.4587613755953194,0.28715236307797304,-0.45356421995001106,-0.15572845938169558,0.13399255711516755,-37.219505250411984,0.0,0.0
atr_pct & ret_96,0.551..0.658 & -0.0473..0.849,29010,1.135358087870689,0.296794208893485,-0.45368353195957223,-0.11969758116477858,0.1338732451056064,-57.64973423988176,0.0,0.0
dist_high_20 & dist_low_20,1.96..3.07 & 0.288..0.524,43173,1.6896523518662963,0.2991221365205105,-0.4537244404812417,-0.11313388608743827,0.1338323365839369,-69.76764604702886,0.0,0.0
dist_low_20 & ema50_rel,1.46..2.04 & -0.299..-0.00927,26722,1.045813127338178,0.2972457151410823,-0.45442014759375327,-0.11803575989370113,0.13313662947142535,-55.04970956014458,0.0,0.0
atr_pct & ret_96,0.551..0.658 & 0.849..2.07,36287,1.4201564610328745,0.29556039352936314,-0.4547039952469886,-0.12074289930479544,0.13285278181819,-64.49168333670765,0.0,0.0
atr_pct & dist_low_20,0.551..0.658 & 2.04..3.14,56272,2.20230507827161,0.2946580892806369,-0.45486682147122537,-0.12339236107856046,0.13268995559395325,-80.495361240349,0.0,0.0
atr_pct & ema200_rel,0.551..0.658 & -inf..-3.06,34244,1.3402000124454971,0.29555542576801774,-0.45512302192789306,-0.12491647392647907,0.13243375513728556,-63.03670942570904,0.0,0.0
ret_16 & ema200_rel,0.781..1.63 & -3.06..-1.57,27461,1.0747352103073764,0.2943082917592222,-0.455155304685114,-0.13137175363956236,0.1324014723800646,-56.31286874813609,0.0,0.0
dist_high_20 & ema20_rel,-inf..0.241 & 0.822..inf,85825,3.3589144395553903,0.2952053597436644,-0.45549216111160795,-0.12217405467382166,0.13206461595357066,-98.34669717364999,0.0,0.0
ret_96 & ema50_rel,-4.32..-2.24 & 0.272..0.654,18795,0.7355758449338021,0.30077148177706836,-0.4559330359479808,-0.10756702277744913,0.13162374111719782,-45.980872403194645,0.0,0.0
ret_16 & ema20_rel,0.332..0.781 & -0.405..-0.168,16246,0.6358161839209656,0.2972423981287702,-0.45593675575085935,-0.12181891582176083,0.13162002131431927,-43.228547977819176,0.0,0.0
atr_pct & ema20_rel,0.551..0.658 & 0.394..0.822,50967,1.9946844420718857,0.2945042870877234,-0.45597583094721567,-0.12273722395690506,0.13158094611796295,-76.65311382553571,0.0,0.0
dist_high_20 & ret_16,0.708..1 & 0.781..1.63,42038,1.6452321026510865,0.29654122460630855,-0.4560854888103418,-0.11651726334277547,0.13147128825483684,-69.25987998516133,0.0,0.0
atr_pct & ret_16,0.551..0.658 & 0.781..1.63,52130,2.040200521223682,0.29439861883752155,-0.45608656981278956,-0.12291820111495724,0.13147020725238906,-77.52773149634778,0.0,0.0
dist_low_20 & ret_16,1.46..2.04 & 0..0.332,28450,1.1134414891389555,0.2933567662565905,-0.4563879199427889,-0.12736289716344032,0.13116885712238974,-57.22240018939302,0.0,0.0
dist_high_20 & ret_96,-inf..0.241 & 4.36..inf,30169,1.180717619888687,0.2901322549637045,-0.4565143549297904,-0.13425032472659026,0.1310424221353882,-58.3794538386702,0.0,0.0
dist_high_20 & ema50_rel,1.39..1.96 & -0.299..-0.00927,33489,1.3106517409411065,0.30206933619994625,-0.45679947516449676,-0.1007373467468735,0.13075730190068185,-61.593240970376925,0.0,0.0
ret_16 & ema200_rel,-1.65..-0.793 & 0.54..1.36,26884,1.052153286257001,0.30780389822943016,-0.4571399085416608,-0.08454157298280246,0.1304168685235178,-54.87660422726031,0.0,0.0
ret_96 & ret_16,2.07..4.36 & -1.65..-0.793,30655,1.1997380966451558,0.29796118088403195,-0.4573782272444668,-0.11846899601044623,0.1301785498207118,-59.259508453085395,0.0,0.0
dist_low_20 & ret_16,1.08..1.46 & -0.793..-0.331,31409,1.229247231366097,0.2950746601292623,-0.45793675114869425,-0.12300355975738039,0.12962002591648436,-60.27186266164546,0.0,0.0
dist_high_20 & dist_low_20,1.39..1.96 & 0.777..1.08,39551,1.5478989222121207,0.2992339005334884,-0.4583838817258188,-0.11143456084844637,0.12917289533935983,-67.58233765166726,0.0,0.0
dist_high_20 & ema200_rel,1..1.39 & 1.36..2.88,41804,1.636074095323898,0.30123911587407903,-0.4587125527291322,-0.10242401470418015,0.12884422433604642,-68.94534560871044,0.0,0.0
ema50_rel & ret_16,-0.701..-0.299 & 0.781..1.63,13976,0.5469756854905463,0.2860618202633085,-0.4591587363834906,-0.1544859979417883,0.12839804068168803,-40.909968262935784,0.0,0.0
atr_pct & ema50_rel,0.551..0.658 & 0.654..1.38,51845,2.0290465379405678,0.2933551933648375,-0.4592611518472364,-0.1260307625446812,0.1282956252179422,-77.79125321371868,0.0,0.0
dist_high_20 & dist_low_20,0.708..1 & 1.46..2.04,39396,1.5418327207774443,0.2979997969336989,-0.4596968080947442,-0.11235455638224916,0.1278599689704344,-67.56962390322974,0.0,0.0
atr_pct & ema200_rel,0.551..0.658 & -0.716..-0.0819,29381,1.1498778345304623,0.29420373710901604,-0.46005489336555655,-0.12596556679931703,0.12750188369962207,-58.97702529426039,0.0,0.0
dist_high_20 & dist_low_20,0.241..0.463 & 2.04..3.14,43714,1.7108253517124887,0.2984398590840463,-0.4605691448268647,-0.11138689419202057,0.12698763223831394,-71.15297467132832,0.0,0.0
atr_pct & ret_16,0.551..0.658 & 0.332..0.781,37746,1.47725702808573,0.2936735018280083,-0.46079585836766,-0.12705412301684432,0.1267609186975186,-66.73918989245969,0.0,0.0
dist_high_20 & ret_96,1.39..1.96 & -4.32..-2.24,51235,2.005173100036358,0.30469405679711137,-0.4626239709034915,-0.10000740618343795,0.12493280616168712,-77.22793747035159,0.0,0.0
atr_pct & ema50_rel,0.551..0.658 & -1.44..-0.701,54982,2.1518186276217244,0.2942053763049725,-0.4631782156886683,-0.13015394319321766,0.12437856137651032,-81.5283208154226,0.0,0.0
ret_96 & ema20_rel,-4.32..-2.24 & 0.394..0.822,28509,1.1157505593624775,0.29383703391911326,-0.4637484878102632,-0.1311074460566652,0.12380828925491544,-58.37230908717066,0.0,0.0
dist_high_20 & ema200_rel,-inf..0.241 & -inf..-3.06,6181,0.24190445850150735,0.2785956964892412,-0.46430290912111594,-0.18354493660686116,0.12325386794406268,-28.083782796821453,0.0,0.0
dist_high_20 & ret_96,0.463..0.708 & -inf..-4.32,16740,0.6551497549450305,0.2896057347670251,-0.4653946997059622,-0.14400446825089702,0.12216207735921641,-44.992549992970936,0.0,0.0
ret_96 & ema200_rel,-0.984..-0.0473 & 1.36..2.88,13085,0.5121048114370205,0.2933893771494077,-0.46575544364473237,-0.1292666117902755,0.12180133342044625,-39.374306040037915,0.0,0.0
ret_96 & ema200_rel,0.849..2.07 & -3.06..-1.57,7845,0.3070280661615152,0.28221797323135756,-0.4658643771854605,-0.16402828301817407,0.12169239987971814,-30.95990346993935,0.0,0.0
atr_pct & dist_high_20,0.551..0.658 & -inf..0.241,26297,1.0291799943721305,0.29128797961744685,-0.4667965332774467,-0.13286101966103575,0.12076024378773192,-56.38430748533513,0.0,0.0
atr_pct & ema200_rel,0.551..0.658 & -3.06..-1.57,57879,2.265197889274995,0.2934397622626514,-0.46692165059050766,-0.1339352088748554,0.12063512647467095,-84.4868925245774,0.0,0.0
ret_96 & ema50_rel,2.07..4.36 & -0.701..-0.299,18984,0.7429726970057621,0.29609144542772864,-0.4682848898900988,-0.12309575771672139,0.1192718871750798,-47.75198781352175,0.0,0.0
ema50_rel & ema20_rel,0.654..1.38 & 0.00183..0.168,24218,0.9478146215805703,0.2980014864976464,-0.46847243579142045,-0.1129301395128428,0.11908434127375817,-53.71319594651409,0.0,0.0
atr_pct & ema20_rel,0.551..0.658 & 0.168..0.394,38049,1.4891154734709358,0.29057268259349783,-0.4685219986276192,-0.13492170406698478,0.11903477843755944,-68.34053607216656,0.0,0.0
dist_high_20 & ema50_rel,1..1.39 & 0.272..0.654,33306,1.3034897095698437,0.2998859064432835,-0.4696969938949018,-0.10797810205810048,0.11785978317027679,-63.18128109081028,0.0,0.0
atr_pct & dist_low_20,0.551..0.658 & 1.46..2.04,58050,2.2718902792448636,0.2899052540913006,-0.4699690867117593,-0.13717382040992523,0.11758769035341932,-84.88259826021428,0.0,0.0
ema50_rel & ret_16,-1.44..-0.701 & 0.332..0.781,13648,0.5341388205191024,0.2827520515826495,-0.47021506799559104,-0.1660245526202641,0.11734170906958757,-41.70149667368159,0.0,0.0
ema20_rel & ema200_rel,-0.405..-0.168 & 1.36..2.88,27056,1.0588848130103192,0.30244677705499706,-0.47221565409943816,-0.10029888727772118,0.11534112296574045,-56.97445256942197,0.0,0.0
dist_high_20 & ret_16,1.39..1.96 & -0.793..-0.331,63972,2.5036583108329444,0.2985368598761958,-0.4731015078631122,-0.11425448467228623,0.11445526920206639,-88.48932730957348,0.0,0.0
atr_pct & dist_high_20,0.551..0.658 & 0.241..0.463,29708,1.1626755627184566,0.28897939948835333,-0.4733169875168866,-0.13916865585344712,0.114239789548292,-60.959651264988956,0.0,0.0
ema50_rel & ema200_rel,-0.299..-0.00927 & 1.36..2.88,20875,0.8169803545088118,0.3008383233532934,-0.4735194589577783,-0.10958433177122819,0.11403731810740031,-50.27099118635471,0.0,0.0
dist_low_20 & ema50_rel,1.46..2.04 & -0.00927..0.272,30960,1.2116748155972605,0.29718992248062015,-0.4737781451519598,-0.11653369640176772,0.1137786319132188,-61.735158551247004,0.0,0.0
dist_high_20 & ret_16,1..1.39 & 0..0.332,30284,1.1852183499853823,0.30009245806366397,-0.47486812234633163,-0.1056360456178475,0.11268865471884698,-60.92481855018303,0.0,0.0
dist_high_20 & ema50_rel,0.708..1 & 0.654..1.38,43363,1.6970883407217057,0.2949288563983119,-0.4754149892594185,-0.12075591447518844,0.11214178780576012,-73.20951017716239,0.0,0.0
ret_96 & ret_16,-4.32..-2.24 & -1.65..-0.793,59735,2.3378357593573114,0.30499707039424123,-0.4761633246152574,-0.10013485372553155,0.11139345244992122,-85.72438672089352,0.0,0.0
ret_16 & ema20_rel,-0.793..-0.331 & 0.168..0.394,16235,0.6353856793030208,0.2888820449645827,-0.477676686096476,-0.1435327758789613,0.1098800909687026,-45.46012846065928,0.0,0.0
ret_96 & ema200_rel,-4.32..-2.24 & -0.716..-0.0819,23825,0.9324338656849074,0.30488982161594963,-0.47779143923062967,-0.09342223038910245,0.10976533783454895,-53.56155610012867,0.0,0.0
ema50_rel & ema200_rel,-0.00927..0.272 & -3.06..-1.57,20104,0.7868058944692289,0.29884600079586154,-0.4780682065207323,-0.11258638400689999,0.10948857054444633,-49.95051656779395,0.0,0.0
ema50_rel & ema20_rel,-1.44..-0.701 & -0.168..0.00183,24224,0.9480494422812674,0.28880449141347425,-0.47839999097953134,-0.14681061850516738,0.10915678608564727,-56.19566183868484,0.0,0.0
dist_high_20 & dist_low_20,1..1.39 & 1.08..1.46,37708,1.475769830314648,0.2941816060252466,-0.478491537683303,-0.12395319840585886,0.10906523938187562,-69.07585722048687,0.0,0.0
ret_16 & ema20_rel,0.781..1.63 & 0.00183..0.168,25623,1.0028018023271514,0.2973500370760645,-0.47853447716994163,-0.1153595246556991,0.10902229989523698,-56.62762458736677,0.0,0.0
dist_high_20 & dist_low_20,1.96..3.07 & -inf..0.288,49125,1.9225944869578626,0.30100763358778626,-0.4787478039667097,-0.10365710070032223,0.10880897309846893,-77.91248841108735,0.0,0.0
dist_high_20 & ema20_rel,1..1.39 & 0.00183..0.168,36568,1.4311538971821907,0.2956136512798075,-0.47910669262973277,-0.11862914998575386,0.10845008443544585,-67.85109582384193,0.0,0.0
ema20_rel & ema200_rel,0.394..0.822 & -1.57..-0.716,26827,1.0499224896003783,0.29880344429119915,-0.4800369116613335,-0.11329664056104712,0.10751986540384512,-58.149494895746,0.0,0.0
dist_high_20 & ema50_rel,1..1.39 & -inf..-1.44,6122,0.23959538827798543,0.2771969944462594,-0.48068295779349063,-0.19453133055607832,0.10687381927168799,-29.112714084426127,0.0,0.0
ret_96 & ret_16,-4.32..-2.24 & 0.781..1.63,31922,1.2493244012757025,0.29164839295783473,-0.48080046616937366,-0.13751522406048924,0.10675631089580495,-64.15103405483268,0.0,0.0
dist_low_20 & ema20_rel,1.08..1.46 & -0.168..0.00183,36650,1.4343631134250516,0.29645293315143245,-0.48175764818608424,-0.1195795501129955,0.10579912887909437,-68.4967514061414,0.0,0.0
ema50_rel & ret_16,0.654..1.38 & -0.331..0,19780,0.7741255766315831,0.29292214357937313,-0.4824036012792664,-0.12518437117242248,0.10515317578591221,-50.03041276615245,0.0,0.0
ret_96 & ema50_rel,0.849..2.07 & -1.44..-0.701,17387,0.6804712538368725,0.28475297636164953,-0.4824196436985631,-0.15652041554601648,0.10513713336661551,-47.77166256978984,0.0,0.0
dist_low_20 & ret_96,1.46..2.04 & -2.24..-0.984,36076,1.4118985997250248,0.2960971282847322,-0.48243641971040685,-0.11987304813038878,0.10512035735477177,-67.9567922603065,0.0,0.0
ret_16 & ema20_rel,-1.65..-0.793 & -0.168..0.00183,25076,0.9813939817802618,0.2927899186473122,-0.4824940397589208,-0.1298751784600003,0.10506273730625781,-56.943737078539215,0.0,0.0
ret_96 & ema20_rel,-2.24..-0.984 & 0.394..0.822,30288,1.1853748971191804,0.30520338087691495,-0.48392982806086715,-0.09495631394886107,0.10362694900431146,-61.697683618997,0.0,0.0
atr_pct & ema50_rel,0.46..0.551 & -inf..-1.44,19260,0.7537744492378307,0.3068016614745587,-0.48415434087984294,-0.09116466013668512,0.10340243618533568,-49.743876966336344,0.0,0.0
dist_high_20 & ema200_rel,1.39..1.96 & -0.0819..0.54,29024,1.1359060028389822,0.30161245865490627,-0.4852182213026253,-0.10345985497908944,0.1023385557625533,-61.05375171335681,0.0,0.0
ema50_rel & ema200_rel,-0.701..-0.299 & 0.54..1.36,23889,0.9349386198256769,0.3056218343170497,-0.4863774114017827,-0.09250863535823893,0.10117936566339591,-54.96906700064319,0.0,0.0
ema50_rel & ema20_rel,-0.701..-0.299 & 0.168..0.394,15794,0.6181263578017808,0.28162593389894897,-0.4865070042684069,-0.16902647022957054,0.10104977279677174,-46.38297089346298,0.0,0.0
dist_high_20 & ema200_rel,0.241..0.463 & -inf..-3.06,8379,0.32792710852356094,0.2764052989616899,-0.48777053073677795,-0.19155806221860072,0.09978624632840066,-34.308227685669415,0.0,0.0
dist_low_20 & ret_16,0.524..0.777 & -1.65..-0.793,51190,2.0034119447811296,0.2985544051572573,-0.48855578753269163,-0.11318710821906727,0.09900098953248698,-81.71400925098273,0.0,0.0
ema50_rel & ret_16,-0.299..-0.00927 & 0.781..1.63,18047,0.7063015309135582,0.2899650911508838,-0.4886491037363066,-0.13985810005090424,0.09890767332887201,-48.92363885610998,0.0,0.0
atr_pct & dist_low_20,0.46..0.551 & 3.14..inf,8090,0.3166165781066485,0.30173053152039553,-0.4887108652298758,-0.09857923933765254,0.09884591183530284,-32.51226006372745,0.0,0.0
ema50_rel & ema20_rel,-0.00927..0.272 & 0.394..0.822,23422,0.9166617419547493,0.28887370847920757,-0.4890720882575053,-0.1432616892763853,0.0984846888076733,-55.9169628952527,0.0,0.0
dist_high_20 & ema20_rel,1.39..1.96 & -0.405..-0.168,71032,2.779964001986583,0.2964720126140331,-0.48946388954101555,-0.12036273740775442,0.09809288752416306,-96.83125068594863,0.0,0.0
dist_low_20 & ret_16,1.08..1.46 & -0.331..0,35037,1.3712354817209695,0.2950309672631789,-0.49045224949585353,-0.12243571470611062,0.09710452756932508,-67.9154696705142,0.0,0.0
dist_low_20 & ema200_rel,1.08..1.46 & -3.06..-1.57,43436,1.699945325913521,0.2906575191085735,-0.49088830114947346,-0.14190546736988138,0.09666847591570515,-76.77148962516758,0.0,0.0
ema50_rel & ret_16,-1.44..-0.701 & 0..0.332,15992,0.6258754409247865,0.28676838419209605,-0.49112380837519354,-0.15078963830544698,0.09643296868998508,-46.745209723524106,0.0,0.0
dist_high_20 & ema20_rel,0.463..0.708 & 0.394..0.822,51956,2.0333907209034647,0.29172761567480177,-0.49214722958267854,-0.12968188551186746,0.09540954748250008,-83.3196278913323,0.0,0.0
dist_high_20 & ret_96,1..1.39 & -4.32..-2.24,43714,1.7108253517124887,0.30431898247700967,-0.4935436287047897,-0.09740507873722047,0.09401314836038893,-75.85171385082509,0.0,0.0
ret_16 & ema20_rel,0..0.332 & 0.394..0.822,24068,0.9419441040631418,0.29312780455376436,-0.4945868167085439,-0.12719846646484914,0.09296996035663474,-56.63250427616477,0.0,0.0
atr_pct & ema50_rel,0.46..0.551 & 1.38..inf,27947,1.093755687063845,0.29974594768669266,-0.49511962027558526,-0.10089639161584577,0.09243715678959336,-60.86075499378119,0.0,0.0
dist_high_20 & ret_96,0.241..0.463 & -inf..-4.32,12926,0.5058820628685462,0.2806746093145598,-0.49537965996389915,-0.17126795679261259,0.09217711710127946,-42.472879856589344,0.0,0.0
dist_high_20 & ret_96,-inf..0.241 & -inf..-4.32,10204,0.3993517383189421,0.27704821638573107,-0.49563690288712453,-0.17914218365238602,0.09191987417805408,-37.82958679278241,0.0,0.0
ret_16 & ema200_rel,-0.793..-0.331 & 1.36..2.88,29292,1.1463946608034548,0.3001160726478219,-0.49702746467875225,-0.10512415902324525,0.09052931238642636,-62.294801287437814,0.0,0.0
dist_low_20 & ema200_rel,1.46..2.04 & -1.57..-0.716,33986,1.33010272231552,0.28979579826987584,-0.497044196322084,-0.14104192127970544,0.0905125807430946,-68.6760413686349,0.0,0.0
dist_low_20 & ema20_rel,0.777..1.08 & -0.405..-0.168,43202,1.6907873185863325,0.29389843062821164,-0.49764952743964236,-0.12588063756029755,0.08990724962553626,-76.88979255227478,0.0,0.0
atr_pct & ema200_rel,0.46..0.551 & -0.0819..0.54,35804,1.4012533946267545,0.30167020444643056,-0.49827198776118037,-0.09988772284159377,0.08928478930399825,-69.67097548244055,0.0,0.0
dist_low_20 & ema50_rel,1.08..1.46 & -0.701..-0.299,35483,1.3886904871394572,0.2899416622044359,-0.498463352519203,-0.13824737123634862,0.08909342454597563,-70.08200359773114,0.0,0.0
ret_96 & ema20_rel,-4.32..-2.24 & -0.855..-0.405,63101,2.469570172448409,0.29803014215305623,-0.49885430038061684,-0.12141527452557357,0.08870247668456177,-92.99683720202684,0.0,0.0
dist_low_20 & ret_96,1.08..1.46 & -4.32..-2.24,44924,1.7581808596864126,0.2909135428724067,-0.49908234532611273,-0.13993720198490933,0.08847443173906588,-79.14383951008226,0.0,0.0
dist_low_20 & ema20_rel,1.46..2.04 & 0.168..0.394,64543,2.5260054141826225,0.29141812435120773,-0.4994205858301269,-0.13066413361575682,0.08813619123505173,-94.20479191271203,0.0,0.0
ema50_rel & ret_16,-0.299..-0.00927 & -1.65..-0.793,28652,1.1213471193957594,0.29732653915957,-0.4995269851840927,-0.1160181538596968,0.0880297918810859,-62.28972237102214,0.0,0.0
atr_pct & ret_16,0.46..0.551 & 1.63..inf,27071,1.059471864762062,0.2982158028887001,-0.5006312610047651,-0.10650302917417863,0.08692551606041354,-60.76662503655074,0.0,0.0
dist_high_20 & ema200_rel,1.39..1.96 & -3.06..-1.57,59089,2.312553397248919,0.29442028127062564,-0.5008515166576663,-0.12745334696772279,0.08670526040751236,-90.37611590454617,0.0,0.0
atr_pct & ema200_rel,0.46..0.551 & 0.54..1.36,43880,1.7173220577651096,0.30011394712853234,-0.5013059906938934,-0.10315010902778356,0.08625078637128525,-77.51743771806824,0.0,0.0
dist_low_20 & ret_16,1.46..2.04 & 0.332..0.781,57913,2.266528539912279,0.2880700360886157,-0.5016776904151218,-0.14171146655632985,0.08587908665005684,-89.97115856659828,0.0,0.0
atr_pct & ret_96,0.46..0.551 & 4.36..inf,26881,1.0520358759066526,0.2973103679178602,-0.502372652528838,-0.10808226463137484,0.08518412453634061,-60.6332341724359,0.0,0.0
ema50_rel & ret_16,0.272..0.654 & -0.793..-0.331,21698,0.84918992728777,0.2984606876209789,-0.5033935893525991,-0.10984006953149433,0.08416318771257947,-54.32351148607409,0.0,0.0
ema50_rel & ema200_rel,0.654..1.38 & -0.716..-0.0819,21280,0.8328307518058691,0.2892857142857143,-0.5033974252290865,-0.1417105245902066,0.08415935183609213,-54.67195017790089,0.0,0.0
dist_low_20 & ema50_rel,1.46..2.04 & 0.272..0.654,51482,2.0148398855483904,0.2947437939473991,-0.5036786165804166,-0.11980194538065159,0.08387816048476204,-84.35060713727077,0.0,0.0
ret_96 & ema200_rel,-0.0473..0.849 & -3.06..-1.57,12474,0.4881922367493614,0.280343113676447,-0.5045007960655294,-0.17352263341041657,0.08305598099964917,-42.37008874826407,0.0,0.0
atr_pct & ema20_rel,0.46..0.551 & 0.822..inf,28584,1.1186858181211918,0.2970193115029387,-0.504542799033265,-0.11012382626969237,0.08301397803191357,-62.867706863660686,0.0,0.0
atr_pct & ret_16,0.46..0.551 & -inf..-1.65,21059,0.8241815226635243,0.2990170473431787,-0.5054455502440274,-0.111829482928657,0.08211122682115124,-54.656008985018985,0.0,0.0
ema50_rel & ema200_rel,0.272..0.654 & -1.57..-0.716,25095,0.9821375806658028,0.30113568439928273,-0.5054977627811642,-0.10311651014968982,0.08205901428401441,-58.766007231456314,0.0,0.0
dist_high_20 & ret_96,1..1.39 & 2.07..4.36,43504,1.7026066271880886,0.2901572269216624,-0.5058304791708562,-0.13587759206639854,0.0817262978943224,-78.42892903556528,0.0,0.0
ret_96 & ema50_rel,-0.984..-0.0473 & 0.654..1.38,24729,0.9678135179232771,0.2973836386428889,-0.5060937616708566,-0.11592098140345729,0.08146301539432199,-58.465056850580076,0.0,0.0
atr_pct & ema20_rel,0.46..0.551 & -inf..-0.855,22722,0.8892659935400825,0.29887333861455856,-0.5061315893373313,-0.11208016198676023,0.08142518772784735,-56.577552197330284,0.0,0.0
ret_16 & ema200_rel,0.781..1.63 & -1.57..-0.716,28966,1.1336360693989098,0.2936546295656977,-0.5061430812862807,-0.12641047965426533,0.0814136957788979,-63.85759872118839,0.0,0.0
dist_high_20 & ema50_rel,1.39..1.96 & -0.701..-0.299,60946,2.385230404114685,0.2966068322777541,-0.5061601980077499,-0.11909534316239492,0.0813965790574287,-92.53888039489465,0.0,0.0
atr_pct & ema200_rel,0.46..0.551 & 2.88..inf,25990,1.0171650018531266,0.29607541362062334,-0.5066292657799218,-0.112573999967399,0.08092751128525677,-60.18162405455371,0.0,0.0
dist_high_20 & ret_96,1.39..1.96 & 0.849..2.07,32965,1.290144066413556,0.2882451084483543,-0.5070159336105964,-0.1429353263422675,0.08054084345458223,-68.79719810534948,0.0,0.0
ret_96 & ema200_rel,-0.0473..0.849 & 1.36..2.88,25353,0.99223487079578,0.29341695262888023,-0.5076572152567108,-0.12567000819629284,0.0798995618084678,-59.41903501314723,0.0,0.0
ret_96 & ema200_rel,-0.984..-0.0473 & -3.06..-1.57,24235,0.9484799468992122,0.2875593150402311,-0.5087006562579025,-0.1492029532027031,0.07885612080727611,-59.14565074663335,0.0,0.0
ret_96 & ema200_rel,2.07..4.36 & -1.57..-0.716,8048,0.3149728332017685,0.26553180914512925,-0.5097146988051345,-0.21217010557789473,0.07784207826004408,-34.98856905573184,0.0,0.0
dist_high_20 & ema20_rel,0.708..1 & 0.168..0.394,43379,1.6977145292568983,0.28942575900781486,-0.5099711434697403,-0.13610590261175226,0.07758563359543835,-79.03972023530083,0.0,0.0
dist_low_20 & ema50_rel,0.524..0.777 & -1.44..-0.701,48582,1.9013432135447712,0.2928245029023095,-0.510161629893588,-0.12930648999441563,0.07739514717159057,-83.65529468742959,0.0,0.0
dist_low_20 & ema200_rel,1.46..2.04 & 1.36..2.88,59109,2.3133361329179096,0.2935931922380687,-0.5104445163216725,-0.12379523183481264,0.07711226074350608,-91.21441154044626,0.0,0.0
atr_pct & dist_low_20,0.46..0.551 & 2.04..3.14,39518,1.5466074083582864,0.29548560149805153,-0.5108171509159417,-0.1164035360379006,0.0767396261492369,-75.39325472955565,0.0,0.0
dist_high_20 & dist_low_20,1.39..1.96 & 0.524..0.777,42346,1.65728623195354,0.29381759788409767,-0.5108335251131199,-0.12588208130037035,0.07672325195205876,-78.095962244393,0.0,0.0
atr_pct & ema50_rel,0.46..0.551 & 0.272..0.654,43484,1.7018238915190982,0.2967298316622206,-0.5110668129581396,-0.11277544918501795,0.07648996410703901,-78.95932630370281,0.0,0.0
dist_low_20 & ret_96,1.46..2.04 & 2.07..4.36,51218,2.004507774717716,0.29026904603850207,-0.5113573989525493,-0.13482782783322428,0.07619937811262933,-85.74002409413434,0.0,0.0
ret_96 & ret_16,-2.24..-0.984 & 0.781..1.63,32476,1.2710061793067389,0.29772755265426776,-0.5116293372072215,-0.11466591649088403,0.07592743985795714,-67.97280888375381,0.0,0.0
ret_16 & ema200_rel,-1.65..-0.793 & -3.06..-1.57,69933,2.7369526769755566,0.29582600489039507,-0.5117147275790652,-0.12529449235039533,0.0758420494861134,-100.40034195518113,0.0,0.0
atr_pct & dist_low_20,0.46..0.551 & 0.524..0.777,43535,1.7038198674750238,0.29716320202136215,-0.5130832275514579,-0.11471256099294878,0.07447354951372076,-79.54323284505728,0.0,0.0
dist_high_20 & dist_low_20,-inf..0.241 & 2.04..3.14,50486,1.9758596492326645,0.2911698292595967,-0.5131609809285989,-0.13132058555600543,0.07439579613657976,-85.55417114404491,0.0,0.0
ret_96 & ema50_rel,-2.24..-0.984 & 0.272..0.654,27658,1.0824451566469326,0.3103261262564177,-0.5149690670740238,-0.07659906693805188,0.07258770999115483,-61.80068967798733,0.0,0.0
ema50_rel & ret_16,-1.44..-0.701 & -0.331..0,29285,1.146120703319308,0.2884411814922315,-0.5156320938699753,-0.14403155625046804,0.07192468319520329,-65.91630659232172,0.0,0.0
ema20_rel & ema200_rel,0.168..0.394 & -3.06..-1.57,26954,1.0548928610984678,0.28723009571863173,-0.5158290621736356,-0.14764351951106808,0.07172771489154306,-63.26822957831294,0.0,0.0
atr_pct & ret_96,0.46..0.551 & -inf..-4.32,21290,0.8332221196403643,0.29511507750117427,-0.5160485340058066,-0.12198955060738957,0.07150824305937198,-56.04541515697316,0.0,0.0
dist_low_20 & ret_96,1.46..2.04 & -0.984..-0.0473,30202,1.1820091337425214,0.2929938414674525,-0.5162843338918743,-0.12900899190895138,0.07127244317330428,-66.57318343542185,0.0,0.0
atr_pct & dist_high_20,0.46..0.551 & 1.96..3.07,37283,1.4591366973486004,0.2948260601346458,-0.5163451045631097,-0.12246664674507596,0.07121167250206895,-74.509934349379,0.0,0.0
atr_pct & dist_high_20,0.46..0.551 & 1..1.39,55339,2.1657904593132042,0.29519868447207215,-0.5174204670700223,-0.11987058537617097,0.0701363099951563,-90.5015017336332,0.0,0.0
dist_high_20 & ema50_rel,1..1.39 & -0.00927..0.272,34639,1.3556590419080592,0.2952452438003407,-0.5187404380057602,-0.11622782176974981,0.06881633905941842,-71.28715436085292,0.0,0.0
dist_low_20 & ema200_rel,1.46..2.04 & -0.0819..0.54,30582,1.1968811114533406,0.2941926623504022,-0.5195675794982011,-0.12335322961805194,0.06798919756697752,-67.20400851158215,0.0,0.0
atr_pct & ema20_rel,0.46..0.551 & -0.168..0.00183,37369,1.4625024607252595,0.2938799539725441,-0.5213010811737696,-0.12298369121168289,0.066255695891409,-75.21206088590303,0.0,0.0
atr_pct & ret_96,0.46..0.551 & -2.24..-0.984,48460,1.896568525963929,0.2946553858852662,-0.5214314033006968,-0.1234854421369162,0.0661253737644818,-85.74550156984247,0.0,0.0
ret_96 & ema20_rel,0.849..2.07 & -0.855..-0.405,28492,1.1150852340438355,0.29197669521269126,-0.5217940869351927,-0.135627736316946,0.06576269012998592,-65.36589018070148,0.0,0.0
dist_high_20 & ret_16,0.463..0.708 & 0.781..1.63,52361,2.049241118200522,0.28893642214625387,-0.5235420550253588,-0.13733117242647327,0.06401472203981984,-89.04846547597894,0.0,0.0
dist_high_20 & ret_16,0.708..1 & 0.332..0.781,41662,1.6305166720740656,0.291608660169939,-0.5243478934952286,-0.13020734385996288,0.06320888356995003,-79.35241435904504,0.0,0.0
ema20_rel & ema200_rel,-0.855..-0.405 & -3.06..-1.57,72982,2.8562807297131547,0.2921268257926612,-0.5246429608208362,-0.13653526480613304,0.06291381624434245,-105.55836603337883,0.0,0.0
atr_pct & ema50_rel,0.46..0.551 & -0.00927..0.272,35751,1.3991791451039297,0.29221560236077315,-0.5260729621105897,-0.1275260382250973,0.06148381495458888,-74.1620445684146,0.0,0.0
atr_pct & ret_16,0.46..0.551 & -0.793..-0.331,46210,1.8085107632025004,0.29212291711750704,-0.5266449344921365,-0.128645590731921,0.06091184257304216,-84.48146742009165,0.0,0.0
atr_pct & ret_96,0.46..0.551 & -4.32..-2.24,51820,2.0280681183543297,0.29154766499421075,-0.5269090298074066,-0.1301164545956097,0.060647747257772,-89.78515772278894,0.0,0.0
ret_96 & ema50_rel,-4.32..-2.24 & -1.44..-0.701,90097,3.526106778451757,0.2905424153967391,-0.5278435084236466,-0.1399178540220986,0.059713268641532036,-118.44176199354467,0.0,0.0
atr_pct & ema200_rel,0.46..0.551 & -inf..-3.06,18791,0.735419297800004,0.2907774998669576,-0.5280849224761778,-0.13461707865017225,0.05947185458900084,-54.197824835045054,0.0,0.0
dist_low_20 & ema200_rel,0.777..1.08 & -3.06..-1.57,44572,1.7444047119121802,0.28800592300098715,-0.5280997829417594,-0.14726929112062717,0.059456994123419205,-83.4291886840145,0.0,0.0
atr_pct & ret_96,0.46..0.551 & -0.984..-0.0473,38328,1.5000346360533527,0.2916666666666667,-0.5281246913624755,-0.12991462558897718,0.059432085702703086,-77.24248023861193,0.0,0.0
dist_low_20 & ret_16,0.777..1.08 & -0.793..-0.331,41544,1.6258985316270218,0.28964471403812825,-0.5283361826053935,-0.1383053405727349,0.059220594459785114,-80.13576090998134,0.0,0.0
dist_high_20 & ret_96,1.39..1.96 & -2.24..-0.984,45667,1.787259489789409,0.2948737600455471,-0.5286779228334717,-0.12317380853484536,0.05887885423170691,-83.5100265092129,0.0,0.0
dist_high_20 & ema200_rel,0.708..1 & 1.36..2.88,44004,1.7221750189128506,0.29040541768930095,-0.5286779680965438,-0.1305251833600048,0.058878808968634844,-82.0291199866408,0.0,0.0
ret_96 & ema200_rel,-4.32..-2.24 & -3.06..-1.57,142274,5.568146728497566,0.29276607110223934,-0.5289451829428355,-0.13492501545444313,0.05861159412234307,-148.6463423553011,0.0,0.0
dist_low_20 & ret_96,0.777..1.08 & -4.32..-2.24,44989,1.7607247506106316,0.29138233790482115,-0.5294208546582694,-0.1371758504589818,0.058135922406909235,-83.55839055445296,0.0,0.0
dist_high_20 & ema200_rel,1..1.39 & 0.54..1.36,37970,1.4860236675784233,0.2970766394521991,-0.5305415293098905,-0.11406219664512678,0.0570152477552881,-76.15174141947281,0.0,0.0
ema50_rel & ret_16,-0.00927..0.272 & 0.781..1.63,28458,1.1137545834065516,0.2891629770187645,-0.5305959446748524,-0.13986023920922352,0.05696083239032623,-66.46229701047277,0.0,0.0
dist_low_20 & ret_96,1.08..1.46 & -2.24..-0.984,41875,1.6388528069488142,0.29943880597014927,-0.5308381081515023,-0.11074170219573688,0.05671866891367627,-80.12347494677971,0.0,0.0
ret_16 & ema20_rel,-1.65..-0.793 & -0.855..-0.405,139934,5.47656665522568,0.29627538696814215,-0.5311219204963876,-0.12100952084719076,0.05643485656879099,-146.5069279116838,0.0,0.0
dist_low_20 & ema200_rel,1.46..2.04 & 0.54..1.36,41675,1.6310254502589094,0.2933173365326935,-0.5311866264774409,-0.12607803645635285,0.056370150587737755,-79.98947629244996,0.0,0.0
atr_pct & ema50_rel,0.46..0.551 & -0.299..-0.00927,37547,1.4694688081792746,0.29024955389245477,-0.5314223158700266,-0.13291750678257666,0.056134461195151975,-76.95649653757089,0.0,0.0
dist_high_20 & dist_low_20,0.463..0.708 & 1.46..2.04,41929,1.6409661932550885,0.2861742469412578,-0.5316740843443284,-0.14410684971412924,0.055882692720850224,-81.33206812511035,0.0,0.0
atr_pct & ret_16,0.46..0.551 & 0.781..1.63,53412,2.0903738776059715,0.2892982850295814,-0.532222424787324,-0.13501122421706618,0.05533435227785466,-91.75161327819268,0.0,0.0
dist_high_20 & ema200_rel,1..1.39 & -3.06..-1.57,47543,1.8606800955407157,0.293061018446459,-0.5323809584174453,-0.12921676838981572,0.055175818647733355,-85.9911311863528,0.0,0.0
atr_pct & dist_low_20,0.46..0.551 & 0.288..0.524,37530,1.4688034828606327,0.29035438316013856,-0.5327904094185583,-0.13444631243447555,0.05476636764662035,-77.01386527434299,0.0,0.0
atr_pct & ema200_rel,0.46..0.551 & 1.36..2.88,52937,2.0717839054674476,0.2886449931050116,-0.5329706293336731,-0.13586849238849455,0.0545861477315055,-91.26231345811728,0.0,0.0
atr_pct & ret_16,0.46..0.551 & 0..0.332,33870,1.325562855435375,0.29002066725715975,-0.5331427392333814,-0.13468760075168418,0.05441403783179721,-73.31658091684793,0.0,0.0
atr_pct & dist_low_20,0.46..0.551 & 0.777..1.08,49843,1.9506946974746209,0.2899504443954016,-0.5335175635409569,-0.13564947519073026,0.054039213524221696,-89.17472152400701,0.0,0.0
atr_pct & dist_high_20,0.46..0.551 & 0.241..0.463,37577,1.4706429116827604,0.28913963328631875,-0.5336353029046662,-0.13515261223650868,0.053921474160512406,-77.14869854270071,0.0,0.0
dist_low_20 & ema200_rel,1.46..2.04 & -0.716..-0.0819,29494,1.1543002910602584,0.28419339526683396,-0.5336584383823186,-0.1537495338809424,0.05389833868285998,-68.62843000604742,0.0,0.0
dist_low_20 & ret_96,0.524..0.777 & -4.32..-2.24,43233,1.6920005588732676,0.2989383110124211,-0.5336864837887886,-0.11082038682632578,0.053870293276390036,-81.57233055723883,0.0,0.0
atr_pct & ret_96,0.46..0.551 & 2.07..4.36,52473,2.0536244379468687,0.2887770853581842,-0.5339760083403561,-0.13684723492671705,0.053580768724822536,-91.14966140201675,0.0,0.0
atr_pct & dist_high_20,0.46..0.551 & 0.708..1,50640,1.9818867138838914,0.2892772511848341,-0.5341574254165516,-0.13638134947970357,0.05339935164862697,-89.82017397450608,0.0,0.0
dist_high_20 & dist_low_20,1..1.39 & 0.777..1.08,39913,1.5620664378208482,0.2897802720917997,-0.5341808622173275,-0.13574126175134116,0.05337591484785109,-79.38838022265271,0.0,0.0
atr_pct & ema20_rel,0.46..0.551 & -0.855..-0.405,51584,2.018831837460242,0.29005117866004965,-0.534227169012627,-0.1374871444478994,0.0533296080525516,-90.91642206640236,0.0,0.0
ret_96 & ema20_rel,2.07..4.36 & -0.405..-0.168,31035,1.214610074355975,0.2916706943773159,-0.5342629006041343,-0.13126199692673154,0.05329387646104433,-69.55242743500588,0.0,0.0
atr_pct & ema20_rel,0.46..0.551 & 0.394..0.822,52317,2.047519099728743,0.28854865531280466,-0.5344429973073362,-0.13720406707518945,0.05311377975784237,-91.24656555556363,0.0,0.0
ema20_rel & ema200_rel,-0.855..-0.405 & -0.0819..0.54,28703,1.1233430953516852,0.29578789673553285,-0.5348149455409359,-0.12083483563391989,0.05274183152424272,-66.73927023677581,0.0,0.0
atr_pct & ret_16,0.46..0.551 & 0.332..0.781,44506,1.7418216842045116,0.28874758459533545,-0.5348501900599925,-0.13661618910527953,0.052706587005186156,-84.2902700790886,0.0,0.0
atr_pct & dist_low_20,0.46..0.551 & 1.08..1.46,54515,2.1335417497507967,0.2886911859121343,-0.5350493164108227,-0.13767792474644489,0.052507460654355964,-93.4706859331614,0.0,0.0
dist_high_20 & ema20_rel,1.39..1.96 & -0.855..-0.405,106220,4.157109138008431,0.29469026548672567,-0.5356246892943032,-0.12433167610694468,0.051932087770875435,-129.14978641928496,0.0,0.0
ret_96 & ema200_rel,-2.24..-0.984 & -3.06..-1.57,67635,2.6470163486085503,0.29029348709987435,-0.535866151103984,-0.1412181890636545,0.05169062596119467,-103.85281244546306,0.0,0.0
ret_96 & ret_16,0.849..2.07 & -1.65..-0.793,29646,1.160249082144586,0.288436888619038,-0.5363177741171401,-0.14420670643713285,0.051239002948038515,-68.83174064187132,0.0,0.0
ema50_rel & ema200_rel,-1.44..-0.701 & -0.716..-0.0819,32677,1.2788726727800932,0.2902347216696759,-0.5364945366336246,-0.14076901118033158,0.05106224043155405,-72.37537633363885,0.0,0.0
dist_high_20 & ret_16,1..1.39 & -0.331..0,49837,1.9504598767739236,0.29138993117563255,-0.5367180298897302,-0.13072602294918853,0.05083874717544845,-88.84949837659309,0.0,0.0
atr_pct & ema20_rel,0.46..0.551 & -0.405..-0.168,46264,1.8106241495087747,0.28903683209406883,-0.5369942691249788,-0.13900019290883636,0.050562507940199786,-86.63287754443222,0.0,0.0
ret_96 & ema50_rel,2.07..4.36 & -0.299..-0.00927,24391,0.954585285117338,0.29166495838629003,-0.5370698754070111,-0.13191870121709096,0.05048690165816749,-61.70903071244689,0.0,0.0
atr_pct & dist_high_20,0.46..0.551 & 1.39..1.96,55149,2.1583544704577946,0.28803786106729046,-0.537417242567227,-0.14103703043294638,0.05013953449795161,-94.64959239646271,0.0,0.0
atr_pct & ema50_rel,0.46..0.551 & -0.701..-0.299,47528,1.8600930437889729,0.28890338326881,-0.5378662469153151,-0.1399248651921452,0.049690530149863466,-87.85840150571754,0.0,0.0
dist_high_20 & ema50_rel,0.463..0.708 & 0.654..1.38,50700,1.9842349208908627,0.2878698224852071,-0.5384082881662737,-0.13886051917121572,0.049148488898904885,-89.85878075343913,0.0,0.0
atr_pct & dist_high_20,0.46..0.551 & -inf..0.241,33144,1.2971495506510209,0.2873219888969346,-0.5384887145871036,-0.1399633126588341,0.04906806247807505,-73.06568831601874,0.0,0.0
atr_pct & ema50_rel,0.46..0.551 & 0.654..1.38,53738,2.1031324690105166,0.2867430868286873,-0.5388865710878954,-0.14166323131170624,0.04867020597728322,-93.2067875833402,0.0,0.0
dist_low_20 & ema50_rel,1.08..1.46 & -0.299..-0.00927,33979,1.3298287648313734,0.2894434797963448,-0.5390748506860029,-0.13618275535080787,0.0484819263791757,-73.60513535528598,0.0,0.0
ema50_rel & ema20_rel,-0.00927..0.272 & -0.405..-0.168,29336,1.1481166792752338,0.2973479683665121,-0.5394596058566399,-0.1133744785241416,0.048097171208538736,-67.83954651891816,0.0,0.0
ema50_rel & ema200_rel,-0.299..-0.00927 & -3.06..-1.57,32963,1.290065792846657,0.29250978369687225,-0.5395631220231679,-0.12944135472435,0.0479936550420107,-72.14781448016686,0.0,0.0
atr_pct & ema20_rel,0.46..0.551 & 0.168..0.394,44104,1.726088697257803,0.28723018320333754,-0.5395795016244438,-0.14147582826714822,0.04797727544073482,-84.76813337262259,0.0,0.0
atr_pct & ema200_rel,0.46..0.551 & -0.716..-0.0819,38305,1.4991344900340138,0.28761258321367966,-0.5401131018624531,-0.14130689082608514,0.04744367520272552,-79.2705742433799,0.0,0.0
ret_96 & ema50_rel,-0.0473..0.849 & -1.44..-0.701,23037,0.9015940803266825,0.28102617528324003,-0.5405058725288137,-0.17072204462218302,0.04705090453636496,-61.875706625586176,0.0,0.0
ret_96 & ret_16,2.07..4.36 & -0.793..-0.331,33265,1.3018851014484132,0.2931910416353525,-0.5412532893274397,-0.12431192854250879,0.04630348773773896,-72.69663473228923,0.0,0.0
atr_pct & dist_high_20,0.46..0.551 & 0.463..0.708,44919,1.757985175769165,0.2863821545448474,-0.5413025759911039,-0.14291034432914143,0.04625420107407474,-85.88550598830199,0.0,0.0
atr_pct & ret_16,0.46..0.551 & -1.65..-0.793,53541,2.0954225226709604,0.286957658616761,-0.5424697885035225,-0.14568342599797154,0.04508698856165616,-94.31714113473186,0.0,0.0
dist_low_20 & ret_16,1.46..2.04 & 1.63..inf,7957,0.3114113859078618,0.29709689581500565,-0.5425280897697772,-0.11018138358782982,0.04502868729540144,-35.38156714270169,0.0,0.0
atr_pct & dist_low_20,0.46..0.551 & -inf..0.288,31605,1.2369180409222036,0.28701154880556873,-0.542662887387982,-0.14384093030087658,0.04489388967719665,-72.0611617204163,0.0,0.0
atr_pct & ret_16,0.46..0.551 & -0.331..0,39695,1.553534619028852,0.2865348280639879,-0.5426733133125747,-0.14446562304710764,0.04488346375260388,-81.10831764323738,0.0,0.0
dist_high_20 & ema20_rel,1..1.39 & -0.168..0.00183,53579,2.096909720442042,0.29188674667313685,-0.5429299368197207,-0.12766008327250453,0.04462684024545793,-93.21600040594993,0.0,0.0
dist_high_20 & ret_96,1.39..1.96 & -0.984..-0.0473,33905,1.3269326428561086,0.28868898392567466,-0.5436394026176524,-0.13938807709670312,0.04391737444752619,-74.64173354182145,0.0,0.0
ema50_rel & ema20_rel,-1.44..-0.701 & -0.405..-0.168,65193,2.5514443234248128,0.28665654288037057,-0.544391148610835,-0.15057741386524454,0.043165628454343574,-104.09576311247278,0.0,0.0
dist_low_20 & ret_96,1.46..2.04 & 0.849..2.07,41185,1.6118484263686426,0.2884302537331553,-0.5447934430385803,-0.13970096519783048,0.042763334026598265,-81.89347022327476,0.0,0.0
atr_pct & ema20_rel,0.46..0.551 & 0.00183..0.168,36449,1.4264966199516973,0.2848089110812368,-0.5448509715336038,-0.14655990201972519,0.04270580553157477,-78.11535600815866,0.0,0.0
ema50_rel & ret_16,-1.44..-0.701 & -1.65..-0.793,124569,4.8752299775237455,0.29058594032223106,-0.5461232431507234,-0.13824092428530332,0.041433533914455256,-143.14757139161495,0.0,0.0
dist_high_20 & ret_16,1.39..1.96 & -1.65..-0.793,122024,4.775626863644707,0.2908772044843637,-0.5466849153187058,-0.13435043187271267,0.04087186174647284,-141.90666716936065,0.0,0.0
dist_high_20 & dist_low_20,0.708..1 & 1.08..1.46,39939,1.563083994190536,0.2853100978992964,-0.5468905969045386,-0.14856720880916693,0.04066618016064005,-81.73859427558872,0.0,0.0
ema20_rel & ema200_rel,-0.168..0.00183 & 1.36..2.88,29519,1.1552787106464966,0.29652088485382294,-0.547158795917894,-0.11342526570521481,0.040397981147284656,-68.62099647599791,0.0,0.0
ret_96 & ema50_rel,-4.32..-2.24 & -0.00927..0.272,23656,0.9258197492819379,0.2874957727426446,-0.5472196639278079,-0.14520997200036287,0.04033711313737076,-62.37974318870227,0.0,0.0
atr_pct & ret_96,0.46..0.551 & 0.849..2.07,43293,1.6943487658802392,0.28452636684914423,-0.547316417223713,-0.1493104378375214,0.04024035984146557,-85.48000065082637,0.0,0.0
ema50_rel & ema20_rel,-1.44..-0.701 & -0.855..-0.405,145723,5.703129494614974,0.2894532777941711,-0.5481026635923906,-0.14084879614137777,0.039454113472788044,-155.4227480583682,0.0,0.0
dist_low_20 & ret_96,1.46..2.04 & -0.0473..0.849,30651,1.1995815495113578,0.28540667514926105,-0.5483017394588787,-0.15004907721826335,0.03925503760629989,-71.54479524994736,0.0,0.0
atr_pct & dist_low_20,0.46..0.551 & 1.46..2.04,54728,2.1418778846255453,0.28358427130536473,-0.5485937204645407,-0.15203729925887588,0.038963056600637924,-96.54287341583284,0.0,0.0
ema50_rel & ema20_rel,0.272..0.654 & -0.168..0.00183,29810,1.166667514630308,0.2950687688695069,-0.5487225551722474,-0.11745142273227331,0.038834221892931176,-69.52062950805941,0.0,0.0
ret_96 & ema200_rel,-2.24..-0.984 & -0.0819..0.54,30161,1.1804045256210909,0.30807997082324856,-0.548874977161754,-0.07772521252217246,0.038681799903424574,-68.4879955760715,0.0,0.0
ret_16 & ema200_rel,-1.65..-0.793 & -0.0819..0.54,29367,1.149329919562169,0.2921646746347942,-0.5491923277533344,-0.13104925678530965,0.03836444931184424,-69.64727584863408,0.0,0.0
ret_16 & ema200_rel,0.332..0.781 & -3.06..-1.57,29273,1.1456510619179137,0.28025825846343044,-0.5501897888080853,-0.1665948970755367,0.03736698825709328,-70.75414399500886,0.0,0.0
ema50_rel & ema200_rel,-1.44..-0.701 & -3.06..-1.57,107697,4.214914167163378,0.2842233302691811,-0.5507695738998867,-0.1577541792904553,0.03678720316529194,-135.75805161559913,0.0,0.0
ret_16 & ema20_rel,-1.65..-0.793 & -0.405..-0.168,68514,2.681417581260682,0.29166301777738857,-0.5509737306504005,-0.1348156225814574,0.036583046414778164,-106.84657168511512,0.0,0.0
dist_low_20 & ema20_rel,0.288..0.524 & -0.855..-0.405,63040,2.4671828286579878,0.28895939086294414,-0.5524418012641695,-0.14009970987148676,0.035114975801009085,-103.15398938631596,0.0,0.0
dist_high_20 & ema50_rel,0.708..1 & 0.272..0.654,42711,1.6715711579126162,0.29107255742080496,-0.5524432450826997,-0.13011975541139692,0.03511353198247891,-84.4607438806197,0.0,0.0
ret_96 & ret_16,-4.32..-2.24 & -0.793..-0.331,44755,1.751566743283443,0.2950508323092392,-0.5525090267362632,-0.1237416562503412,0.035047750328915384,-86.17397220068693,0.0,0.0
ema50_rel & ema200_rel,-0.00927..0.272 & 1.36..2.88,32989,1.2910833492163447,0.2947042953711843,-0.5525109932326161,-0.1192772929802799,0.035045783832562516,-73.15978814183985,0.0,0.0
dist_low_20 & ret_16,0.288..0.524 & -1.65..-0.793,61318,2.399789287557908,0.29193711471346095,-0.5525504943628364,-0.13115114083475887,0.035006282702342184,-101.21723708927318,0.0,0.0
atr_pct & ema200_rel,0.46..0.551 & -1.57..-0.716,48742,1.9076050988966948,0.28398506421566616,-0.5526207239666956,-0.15445948069863977,0.03493605309848302,-92.24989489767098,0.0,0.0
dist_high_20 & ret_96,1.39..1.96 & -0.0473..0.849,29823,1.167176292815152,0.2817959293162995,-0.552876401302114,-0.16328325097829707,0.0346803757630646,-71.91373018665583,0.0,0.0
atr_pct & ret_96,0.46..0.551 & -0.0473..0.849,36753,1.4383942021203526,0.2832421843114848,-0.5532091632070313,-0.15478145535335855,0.03434761385814733,-79.77131469768923,0.0,0.0
dist_low_20 & ret_16,1.08..1.46 & 0..0.332,41120,1.6093045354444235,0.286454280155642,-0.5538617865738494,-0.14496470585308144,0.03369499049132918,-83.71170865105248,0.0,0.0
dist_high_20 & ret_96,0.708..1 & -4.32..-2.24,37839,1.4808967489465357,0.2922645947303047,-0.5541446453830845,-0.1302016040288066,0.033412131682094115,-79.72778793886982,0.0,0.0
dist_high_20 & ema200_rel,1.39..1.96 & -0.716..-0.0819,33224,1.3002804933269827,0.28530580303395137,-0.5541959832809773,-0.15000248643946687,0.033360793784201315,-75.4813389949803,0.0,0.0
ret_16 & ema20_rel,0..0.332 & -0.405..-0.168,27719,1.0848325004373536,0.2946715249467874,-0.5543092129775596,-0.12027995585250845,0.033247564087618975,-67.90727181421666,0.0,0.0
dist_high_20 & ema50_rel,1.39..1.96 & -1.44..-0.701,93852,3.673065400304719,0.28621659634317864,-0.5544329939433796,-0.1500226467528464,0.03312378312179898,-126.89235121905209,0.0,0.0
dist_high_20 & ema200_rel,1.39..1.96 & -1.57..-0.716,47547,1.8608366426745138,0.2888089679685364,-0.554640000797263,-0.14244405939214566,0.03291677626791556,-90.18999047560149,0.0,0.0
ema50_rel & ema200_rel,0.654..1.38 & -0.0819..0.54,32374,1.2670142273948874,0.2887502316673874,-0.5548789138330421,-0.13862583942785628,0.032677863232136506,-73.89144577060237,0.0,0.0
dist_high_20 & ema20_rel,1.39..1.96 & -inf..-0.855,13634,0.5335909055508091,0.2936042247322869,-0.5549936984422783,-0.1245513020927861,0.03256307862290031,-47.736482227699646,0.0,0.0
dist_low_20 & ema200_rel,0.524..0.777 & -3.06..-1.57,44382,1.7369687230567707,0.28703077824343204,-0.555174772399873,-0.14670993240516655,0.03238200466530561,-87.3979909335625,0.0,0.0
ema50_rel & ret_16,-0.701..-0.299 & 0.332..0.781,22318,0.8734547330264748,0.27950533201899813,-0.5552923181433062,-0.16735051377742624,0.03226445892187246,-62.31029878368972,0.0,0.0
ret_96 & ema20_rel,-4.32..-2.24 & -0.405..-0.168,47692,1.8665114762746948,0.2948083536022813,-0.5553409375701766,-0.12517281899188276,0.03221583949500206,-89.69514000027598,0.0,0.0
ema50_rel & ret_16,0.654..1.38 & 0..0.332,28272,1.1064751416849403,0.28448641765704585,-0.5553725254755042,-0.14985893980113302,0.03218425158967442,-69.13099967723754,0.0,0.0
ret_96 & ret_16,2.07..4.36 & 0.781..1.63,60238,2.357521561432422,0.28561705235897605,-0.5554467011858839,-0.14674503289711754,0.03211007587929471,-100.98824565398013,0.0,0.0
dist_low_20 & ema20_rel,1.08..1.46 & 0.00183..0.168,49595,1.9409887751791388,0.28650065530799473,-0.5558408008375406,-0.14177347175300364,0.031715976227638,-91.9633718147131,0.0,0.0
dist_high_20 & dist_low_20,1..1.39 & 0.524..0.777,42520,1.664096032273757,0.29828316086547507,-0.5564774983510135,-0.10776884781732234,0.03107927871416516,-84.49913877865137,0.0,0.0
ret_96 & ema200_rel,2.07..4.36 & -0.0819..0.54,25531,0.9992012182497952,0.2840076769417571,-0.5565523729862938,-0.15611295577756526,0.03100440407888483,-66.20533177593249,0.0,0.0
ema50_rel & ema20_rel,-0.701..-0.299 & -0.855..-0.405,73295,2.868530542932856,0.29678695681833683,-0.5575853413476154,-0.11672792080398613,0.029971435717563222,-110.33519571054345,0.0,0.0
dist_high_20 & ret_96,0.708..1 & 2.07..4.36,44764,1.7519189743344887,0.2841122330444107,-0.5576055021015315,-0.14845557290977687,0.029951274963647134,-87.72534361587137,0.0,0.0
atr_pct & ema200_rel,0.46..0.551 & -3.06..-1.57,54944,2.150331429850642,0.2816322073383809,-0.5579204075137668,-0.1616356975768155,0.0296363695514118,-98.96902396416021,0.0,0.0
ret_96 & ema20_rel,-4.32..-2.24 & 0.168..0.394,30753,1.2035735014232092,0.28289922934347866,-0.5580756234643843,-0.16169680576747816,0.029481153600794285,-73.17658639712258,0.0,0.0
dist_low_20 & ret_16,1.46..2.04 & 0.781..1.63,117762,4.608825892582836,0.2856099590699886,-0.5609288819050101,-0.14628409184136087,0.026627895160168502,-142.89637582396406,0.0,0.0
ret_96 & ema50_rel,-0.984..-0.0473 & -1.44..-0.701,36055,1.411076727272585,0.28817085009014004,-0.561666610539277,-0.14706837319793187,0.025890166525901592,-79.56995296072247,0.0,0.0
dist_high_20 & ema200_rel,0.708..1 & -3.06..-1.57,37793,1.4790964569078575,0.28867779747572303,-0.5621035291931867,-0.13975440467929764,0.02545324787199188,-81.13530525265998,0.0,0.0
ret_96 & ema200_rel,2.07..4.36 & 1.36..2.88,141144,5.523922163199604,0.29026384401745736,-0.5629266023557371,-0.13331792423161315,0.02463017470944151,-155.44194604697293,0.0,0.0
ema50_rel & ret_16,-0.701..-0.299 & -1.65..-0.793,70167,2.746110684302745,0.2936708139153733,-0.5635505583114009,-0.12532840077689592,0.02400621875377773,-109.86673843068566,0.0,0.0
dist_low_20 & ema50_rel,1.46..2.04 & 0.654..1.38,89421,3.4996503128398784,0.2838035808143501,-0.5636078522902247,-0.15186340468887388,0.023948924774953917,-125.09141169797707,0.0,0.0
dist_low_20 & ema20_rel,1.46..2.04 & 0.394..0.822,101668,3.9789584997461978,0.2839241452571114,-0.5641420927972693,-0.15022706490042928,0.02341468426790927,-133.59545474813936,0.0,0.0
dist_low_20 & ema200_rel,1.08..1.46 & 1.36..2.88,50041,1.9584437805976265,0.28988229651685615,-0.5644486068368512,-0.13414853921810752,0.02310817022832745,-92.80319298474103,0.0,0.0
ema20_rel & ema200_rel,0.394..0.822 & -0.716..-0.0819,29202,1.1428723502929976,0.2863160057530306,-0.5655368329829515,-0.14654639805580336,0.022019944082227072,-71.69250862548748,0.0,0.0
dist_high_20 & dist_low_20,1.39..1.96 & 0.288..0.524,45424,1.7777492514111746,0.28929640718562877,-0.5656121136866543,-0.1372558424683261,0.0219446633785243,-89.57439108141162,0.0,0.0
ret_96 & ema20_rel,2.07..4.36 & 0.394..0.822,63581,2.4883558285041802,0.2836696497381293,-0.5660801877838904,-0.1526608482244112,0.02147658928128826,-105.94443403867275,0.0,0.0
ema20_rel & ema200_rel,0.00183..0.168 & -3.06..-1.57,28976,1.1340274372334052,0.2831998895637769,-0.5665085764398731,-0.15654195214293884,0.021048200625305546,-71.99615954308513,0.0,0.0
dist_low_20 & ema50_rel,0.777..1.08 & -0.701..-0.299,42447,1.6612390470819418,0.2841190190119443,-0.5671439762097656,-0.1528066087969763,0.02041280085541297,-87.13290113883875,0.0,0.0
ema20_rel & ema200_rel,-0.405..-0.168 & -3.06..-1.57,51857,2.029516179341962,0.28860134600921766,-0.5679776374922675,-0.14253253284773848,0.01957913957291113,-96.06778388823236,0.0,0.0
atr_pct & ema50_rel,0.46..0.551 & -1.44..-0.701,54138,2.118787182390326,0.2783257600945731,-0.5680409445575948,-0.17142129423788663,0.01951583250758382,-100.52924052562193,0.0,0.0
ret_96 & ema200_rel,2.07..4.36 & -0.716..-0.0819,13075,0.5117134436025252,0.2641682600382409,-0.5692064015276418,-0.218223125458646,0.018350375537536823,-49.68469426402331,0.0,0.0
dist_low_20 & ema20_rel,0.524..0.777 & -0.405..-0.168,53745,2.1034064264946633,0.29094799516234066,-0.5705282946422779,-0.13135663719543225,0.01702848242290067,-98.18836407022908,0.0,0.0
dist_high_20 & ema50_rel,1..1.39 & -0.299..-0.00927,46303,1.812150484063306,0.2914497980692396,-0.5731554607896461,-0.12926497295180386,0.014401316275532539,-91.15326572079839,0.0,0.0
ret_16 & ema20_rel,-0.793..-0.331 & -0.855..-0.405,70552,2.7611783459308117,0.29004138791246176,-0.5732992640944723,-0.13850672193910937,0.01425751297070632,-112.03379012049332,0.0,0.0
ema50_rel & ret_16,-1.44..-0.701 & -0.793..-0.331,60871,2.3822951453559704,0.2831890391155066,-0.5739458531094151,-0.16042867830847674,0.013610923955763465,-105.77071094385217,0.0,0.0
ret_16 & ema20_rel,0.332..0.781 & -0.168..0.00183,30635,1.1989553609761654,0.28992981883466623,-0.5742512152700304,-0.13641245310127165,0.01330556179514819,-74.38643312025634,0.0,0.0
dist_low_20 & ret_96,1.08..1.46 & 2.07..4.36,45673,1.787494310490106,0.28244258095592584,-0.5743514020633541,-0.15712737941239838,0.013205375001824504,-91.2335926435477,0.0,0.0
dist_low_20 & ema50_rel,1.08..1.46 & -0.00927..0.272,40709,1.5932193174466693,0.28878135056130094,-0.5748624340198828,-0.13594969099572535,0.01269434304529582,-85.92037935926675,0.0,0.0
ret_96 & ema50_rel,-4.32..-2.24 & -0.299..-0.00927,35280,1.380745720099204,0.29382086167800453,-0.5759230575118602,-0.12616835744504962,0.011633719553318378,-78.89245522510494,0.0,0.0
ret_96 & ema50_rel,-4.32..-2.24 & -0.701..-0.299,59439,2.326251271456252,0.2910042228166692,-0.5775101029997143,-0.13265014787601123,0.010046674065464334,-103.84286251088301,0.0,0.0
dist_low_20 & ema50_rel,0.288..0.524 & -1.44..-0.701,55042,2.1541668346286955,0.28480069764906796,-0.5778198047383585,-0.15363670050252662,0.009736972326820137,-101.25587654139328,0.0,0.0
dist_low_20 & ret_96,0.288..0.524 & -4.32..-2.24,41084,1.6078956112402407,0.2929607633141856,-0.5784110232477081,-0.12789492288078255,0.009145753817470514,-85.97568136702994,0.0,0.0
ret_16 & ema20_rel,-0.793..-0.331 & 0.00183..0.168,30629,1.1987205402754681,0.28629729994449704,-0.5784143230979334,-0.14509084357647353,0.009142453967245223,-75.02118918281859,0.0,0.0
ret_16 & ema200_rel,0.781..1.63 & 1.36..2.88,70326,2.7523334328712195,0.28207206438586013,-0.5786080904472816,-0.15650574887249386,0.00894868661789705,-113.77800572574249,0.0,0.0
ret_96 & ema200_rel,-4.32..-2.24 & -1.57..-0.716,69206,2.7085002354077523,0.2892523769615351,-0.5786554512655084,-0.1388492689420174,0.008901325799670179,-112.1778151565278,0.0,0.0
ret_96 & ret_16,-4.32..-2.24 & 0.332..0.781,32861,1.2860738409348056,0.2792367852469493,-0.5791481070484445,-0.1696527816499346,0.008408670016734066,-78.64475409300941,0.0,0.0
dist_high_20 & ema20_rel,0.241..0.463 & 0.394..0.822,66200,2.5908550643584833,0.2841540785498489,-0.5793902119904074,-0.1508663170727452,0.008166565074771204,-110.90455196026771,0.0,0.0
dist_low_20 & ema200_rel,1.08..1.46 & -1.57..-0.716,39807,1.5579179387751987,0.27902127766473234,-0.5795644631634318,-0.17069092198088226,0.007992313901746817,-87.20780497405343,0.0,0.0
dist_low_20 & ret_16,0.524..0.777 & -0.793..-0.331,52281,2.04611017552456,0.2932996690958474,-0.579864156510515,-0.12333932500009274,0.007692620554663576,-97.65067683327922,0.0,0.0
ret_96 & ret_16,-0.984..-0.0473 & -1.65..-0.793,38937,1.523868937174113,0.29375658114389913,-0.5800106195694178,-0.12336066842537137,0.007546157495760819,-84.2902473739646,0.0,0.0
ret_96 & ema20_rel,-0.984..-0.0473 & 0.394..0.822,31727,1.2416927285030455,0.28720017650581525,-0.5800286911445746,-0.14176450423783907,0.007528085920604055,-76.47593081579845,0.0,0.0
atr_pct & ret_16,0.373..0.46 & 1.63..inf,14187,0.5552335467983959,0.29865369704659195,-0.5802488275439605,-0.10542532539023529,0.00730794952121816,-50.905371505681586,0.0,0.0
ema20_rel & ema200_rel,0.394..0.822 & 1.36..2.88,73648,2.882345827490538,0.28308983271779276,-0.5806414932994528,-0.1535196484280338,0.00691528376572581,-116.62852972940232,0.0,0.0
ema50_rel & ema20_rel,0.654..1.38 & 0.168..0.394,67555,2.6438854059325885,0.2847309599585523,-0.5808994864081324,-0.14719085804934595,0.006657290657046233,-111.33363301970165,0.0,0.0
ret_16 & ema200_rel,-0.793..-0.331 & -3.06..-1.57,48992,1.9173892947590758,0.28388308295231873,-0.5811468873962126,-0.15657100691579467,0.006409889668966051,-95.8539264092053,0.0,0.0
ret_16 & ema200_rel,-0.331..0 & 1.36..2.88,32504,1.2721020092433255,0.28897981786857,-0.5817142486280248,-0.1336914851069644,0.005842528437153827,-76.78205878577899,0.0,0.0
ret_16 & ema20_rel,0.781..1.63 & 0.168..0.394,67524,2.6426721656456533,0.28521710799123273,-0.5821793663950248,-0.148298184806409,0.005377410670153848,-112.08923502479396,0.0,0.0
dist_low_20 & ema20_rel,0.777..1.08 & -0.168..0.00183,47461,1.8574708792978547,0.2860664545626936,-0.5823646471731618,-0.14407229460909982,0.0051921298920167835,-94.38534860797053,0.0,0.0
ret_96 & ema200_rel,-0.984..-0.0473 & 0.54..1.36,31880,1.2476806563708225,0.30216436637390215,-0.5828102061628726,-0.09653871668205326,0.004746570902306013,-74.66579430887575,0.0,0.0
ret_16 & ema200_rel,0..0.332 & -3.06..-1.57,27409,1.0727000975680012,0.2820241526505892,-0.5830391655054744,-0.1608443812079414,0.004517611559704204,-72.1362657490796,0.0,0.0
ret_96 & ema20_rel,-4.32..-2.24 & -0.168..0.00183,36156,1.4150295424009869,0.29181878526385663,-0.5833536836021941,-0.12761083912464505,0.004203093462984531,-81.58384525102365,0.0,0.0
ema50_rel & ema200_rel,-0.701..-0.299 & -3.06..-1.57,63340,2.4789238636928452,0.2829649510577834,-0.583396962870043,-0.1571254238256891,0.004159814195135669,-109.38374087748332,0.0,0.0
dist_high_20 & ret_96,1..1.39 & 0.849..2.07,39464,1.544494022052012,0.2836255828096493,-0.5845574922574281,-0.15343936060415655,0.0029992848077504686,-86.54956716061272,0.0,0.0
dist_low_20 & ret_16,0.777..1.08 & -0.331..0,46802,1.8316797390046184,0.28524422033246444,-0.584884556428507,-0.14612279944373735,0.0026722206366716073,-94.09281021628458,0.0,0.0
ema50_rel & ret_16,0.654..1.38 & 0.781..1.63,122078,4.777740249950981,0.28508003079998034,-0.5850207548819304,-0.14823017100149039,0.002536022183248221,-150.89473341214497,0.0,0.0
ret_96 & ema50_rel,-0.0473..0.849 & 0.654..1.38,35444,1.3871641525849259,0.28537975397810633,-0.5852368837194121,-0.14697437036766484,0.002319893345766544,-81.35442334071625,0.0,0.0
ret_96 & ema50_rel,2.07..4.36 & 0.654..1.38,90807,3.5538938947009187,0.2815752089596617,-0.5853849049346217,-0.15743284563467785,0.0021718721305569177,-130.94608213701568,0.0,0.0
ema50_rel & ema20_rel,-0.701..-0.299 & 0.00183..0.168,29534,1.1558657623982396,0.2756145459470441,-0.5858666993357066,-0.17651547746881932,0.0016900777294720504,-75.81915997507188,0.0,0.0
ema20_rel & ema200_rel,-0.168..0.00183 & -3.06..-1.57,35654,1.395382877109326,0.2835586469961295,-0.5860958173577325,-0.15445794093543586,0.0014609597074460856,-82.56521550925176,0.0,0.0
ret_96 & ret_16,-0.984..-0.0473 & 0.781..1.63,32612,1.2763287818558742,0.28652029927634,-0.5866216441002837,-0.14277550614281811,0.0009351329648948914,-78.35153818293684,0.0,0.0
ret_16 & ema200_rel,-0.331..0 & -3.06..-1.57,36874,1.4431297529177451,0.28412973911156914,-0.5866535947145904,-0.15420074529304828,0.000903182350588172,-83.84899767539909,0.0,0.0
dist_high_20 & ema200_rel,0.463..0.708 & 1.36..2.88,45113,1.7655777117583726,0.2845299581052025,-0.5872079171565535,-0.14638404890582424,0.00034885990862509875,-92.35554223672597,0.0,0.0
ret_96 & ret_16,-2.24..-0.984 & -1.65..-0.793,54354,2.127240727615423,0.28831364756963607,-0.5873427996720553,-0.14290254794095555,0.00021397739312334352,-101.5981397423326,0.0,0.0
dist_low_20 & ema200_rel,0.288..0.524 & -3.06..-1.57,43832,1.7154434921595325,0.2861151670012776,-0.588932946372289,-0.14912344022771495,-0.0013761693071103753,-91.56428021265367,0.0,0.0
ema50_rel & ema20_rel,0.654..1.38 & 0.394..0.822,145211,5.683091461488818,0.28386279276363363,-0.5892413445812439,-0.1513244532645,-0.0016845675160652718,-165.81655808783557,0.0,0.0
ema50_rel & ema20_rel,0.272..0.654 & 0.394..0.822,69250,2.7102222538795315,0.28811552346570396,-0.5895607920746491,-0.13960184406758838,-0.00200401500947045,-113.93175319518926,0.0,0.0
ret_96 & ret_16,-4.32..-2.24 & -0.331..0,37281,1.4590584237817013,0.29044285292776484,-0.5896432680579142,-0.13379715355722469,-0.0020864909927356123,-83.8147565294016,0.0,0.0
dist_high_20 & ret_16,0.708..1 & 0..0.332,42235,1.6529420489906428,0.2872262341659761,-0.590128086179339,-0.14236752100465777,-0.0025713091141603694,-89.9237850257231,0.0,0.0
ret_16 & ema20_rel,0.781..1.63 & 0.394..0.822,138046,5.402676408072979,0.28192051924720746,-0.5904734976293797,-0.1577436199249969,-0.002916720564201114,-162.7220161795257,0.0,0.0
dist_high_20 & ema200_rel,1..1.39 & -0.0819..0.54,35311,1.381958960386139,0.29217524284217383,-0.5907297526826728,-0.12647942774990098,-0.003172975617494189,-81.69416728795794,0.0,0.0
ema50_rel & ema200_rel,0.654..1.38 & 1.36..2.88,107579,4.210296026716334,0.28279682837728554,-0.5911489685589362,-0.15355471307646798,-0.003592191493757557,-143.40717407295546,0.0,0.0
atr_pct & ema50_rel,0.373..0.46 & 1.38..inf,14300,0.5596560033281921,0.29454545454545455,-0.5913619258778139,-0.11636664723834834,-0.003805148812635273,-52.19169364345368,0.0,0.0
ret_96 & ema20_rel,-2.24..-0.984 & -0.855..-0.405,54618,2.1375728384460975,0.28840309055622687,-0.5915973350446976,-0.14428250840621182,-0.004040557979518966,-102.61973985431787,0.0,0.0
ema50_rel & ret_16,0.272..0.654 & 0.781..1.63,65453,2.5616198871216893,0.28742761981880127,-0.5918056567772663,-0.1408137096514776,-0.00424887971208765,-111.60122406690996,0.0,0.0
dist_high_20 & ret_96,1..1.39 & -2.24..-0.984,47220,1.8480389144865195,0.29309614570097414,-0.5923170946072694,-0.12597586074143838,-0.004760317542090831,-94.61252716489673,0.0,0.0
ret_96 & ema50_rel,0.849..2.07 & -0.701..-0.299,27521,1.0770834173143478,0.28334726209076705,-0.5930805388840815,-0.159590395246144,-0.005523761818902906,-73.12860052248234,0.0,0.0
dist_high_20 & ema20_rel,0.708..1 & 0.00183..0.168,49953,1.9549997436540685,0.2840670230016215,-0.5931908921843031,-0.15006301580229836,-0.005634115119124483,-98.89836622100577,0.0,0.0
ret_96 & ema200_rel,0.849..2.07 & 1.36..2.88,70096,2.743331972677829,0.2863786806665145,-0.5936903009991666,-0.14322611594523837,-0.006133523933988028,-115.14212537644588,0.0,0.0
ret_96 & ema50_rel,2.07..4.36 & -0.00927..0.272,34973,1.3687307275802,0.29105309810425184,-0.5943302371606819,-0.1309890789992496,-0.006773460095503281,-81.39442955730938,0.0,0.0
ret_16 & ema20_rel,-0.331..0 & 0.168..0.394,34086,1.3340164006604724,0.28322478436894916,-0.5945160732323729,-0.15291598520060587,-0.006959296167194262,-81.13198208230534,0.0,0.0
ret_96 & ema20_rel,-0.0473..0.849 & -0.855..-0.405,31031,1.2144535272221768,0.2812026682994425,-0.595913280977661,-0.16516648286162272,-0.008356503912482438,-78.69660077520435,0.0,0.0
dist_low_20 & ema200_rel,0.777..1.08 & 1.36..2.88,39956,1.5637493195091778,0.29159575533086396,-0.5971311549582323,-0.1302817413612255,-0.00957437789305371,-86.97479129878201,0.0,0.0
ret_96 & ema20_rel,-4.32..-2.24 & 0.00183..0.168,31448,1.2307735659206283,0.2839608242177563,-0.5972841621375179,-0.15308439516522132,-0.009727385072339279,-78.53008169313944,0.0,0.0
dist_low_20 & ret_96,0.777..1.08 & 2.07..4.36,39843,1.5593268629793815,0.28712697337047915,-0.5978416865533289,-0.14338930631131805,-0.010284909488150307,-87.78997229759759,0.0,0.0
ret_16 & ema200_rel,0.781..1.63 & -0.716..-0.0819,30578,1.1967245643195425,0.27774870822159725,-0.5979950700584475,-0.17068318244503758,-0.010438292993268927,-78.23154380531241,0.0,0.0
ret_96 & ema200_rel,2.07..4.36 & 0.54..1.36,65759,2.5735957428572434,0.2860140817226539,-0.5983918037638285,-0.1462730375748254,-0.010835026698649886,-113.20980162257722,0.0,0.0
atr_pct & ema200_rel,0.373..0.46 & 2.88..inf,13054,0.5108915711500852,0.29194116745825033,-0.598595043211638,-0.1234463508666499,-0.011038266146459419,-50.47637903270353,0.0,0.0
ret_96 & ema50_rel,-2.24..-0.984 & -1.44..-0.701,67661,2.648033904978238,0.2819201608016435,-0.5989478407088598,-0.16281729465443684,-0.011391063643681143,-116.74078739573363,0.0,0.0
ret_96 & ema20_rel,2.07..4.36 & -0.168..0.00183,32074,1.2552731923600302,0.28777202718712974,-0.5995751638300441,-0.13884247030948021,-0.01201838676486544,-79.10812390277357,0.0,0.0
dist_low_20 & ema20_rel,1.46..2.04 & 0.822..inf,18637,0.7293922331487773,0.2801416536996298,-0.5995920599744369,-0.16096817210239783,-0.01203528290925826,-60.723896429413436,0.0,0.0
ret_16 & ema200_rel,-1.65..-0.793 & -0.716..-0.0819,38362,1.5013652866906366,0.2865856837495438,-0.6001486965362675,-0.14717298194334183,-0.012591919471088842,-87.32425321821036,0.0,0.0
ema20_rel & ema200_rel,-0.855..-0.405 & -0.716..-0.0819,38422,1.503713493697608,0.2892093071677685,-0.6007574227269278,-0.14008706792722386,-0.013200645661749166,-87.06593486824539,0.0,0.0
ret_16 & ema200_rel,0.781..1.63 & -0.0819..0.54,36554,1.4306059822138975,0.28828582371286315,-0.6008193241885603,-0.13694872305235323,-0.013262547123381707,-84.51258901295706,0.0,0.0
dist_high_20 & ret_16,0.241..0.463 & 0.781..1.63,64018,2.5054586028716224,0.2796713424349402,-0.6027140432002318,-0.16308847351540265,-0.015157266135053193,-113.72796633111933,0.0,0.0
ema50_rel & ema20_rel,-0.299..-0.00927 & 0.168..0.394,29888,1.169720183739371,0.2734207708779443,-0.60329654979934,-0.18644482236956497,-0.015739772734161384,-78.52148465830118,0.0,0.0
atr_pct & ema20_rel,0.373..0.46 & 0.822..inf,15975,0.6252101156061446,0.29101721439749606,-0.6040798105659037,-0.12793782817961244,-0.016523033500725037,-56.437812686393876,0.0,0.0
ret_96 & ema20_rel,-0.984..-0.0473 & -0.855..-0.405,39538,1.5473901440272768,0.2887601800799231,-0.6042506424753319,-0.14035329767765958,-0.016693865410153275,-88.84947287393594,0.0,0.0
dist_high_20 & ema20_rel,0.463..0.708 & 0.168..0.394,56282,2.2026964461061054,0.2816886393518354,-0.6046018511085031,-0.15634191681804027,-0.01704507404332445,-107.07975558641887,0.0,0.0
ret_16 & ema200_rel,-1.65..-0.793 & -1.57..-0.716,57951,2.2680157376833607,0.28612103328674227,-0.6049645676236822,-0.1494395535572203,-0.01740779055850361,-108.31341247481913,0.0,0.0
atr_pct & ret_16,0.373..0.46 & -inf..-1.65,10070,0.3941074093367059,0.29056603773584905,-0.605643869197099,-0.13182205948077041,-0.01808709213192039,-45.57976142213672,0.0,0.0
atr_pct & dist_low_20,0.373..0.46 & 2.04..3.14,20437,0.7998384433579203,0.2896217644468366,-0.6060583034949737,-0.13172826133947949,-0.01850152642979508,-64.52041751426616,0.0,0.0
dist_high_20 & ema50_rel,1..1.39 & -1.44..-0.701,53340,2.087556029197606,0.2850206224221972,-0.6068021683782119,-0.15133028800038373,-0.019245391313033267,-104.1408548161767,0.0,0.0
dist_high_20 & ret_96,0.463..0.708 & 2.07..4.36,44561,1.7439742072942355,0.2806489980027378,-0.6080021597726748,-0.15796316957419693,-0.020445382707496185,-95.3798047202685,0.0,0.0
ema50_rel & ema200_rel,-1.44..-0.701 & -1.57..-0.716,70584,2.7624307230011964,0.2814093845630738,-0.6080607440012895,-0.16443775146086057,-0.020503966936110896,-121.04048507518625,0.0,0.0
dist_high_20 & dist_low_20,0.241..0.463 & 1.46..2.04,44784,1.7527017100034792,0.27503126116470167,-0.6084198372898334,-0.17481977061512033,-0.020863060224654784,-96.851911714823,0.0,0.0
dist_high_20 & ema50_rel,0.241..0.463 & 0.654..1.38,58970,2.307896120018426,0.2810242496184501,-0.6087551859575122,-0.1588622370497832,-0.021198408892333598,-109.77911686513725,0.0,0.0
dist_high_20 & ret_96,0.463..0.708 & -4.32..-2.24,32597,1.2757417301041312,0.28244930515078076,-0.6090334024937315,-0.15722176409076286,-0.021476625428552887,-81.88767019454778,0.0,0.0
ema20_rel & ema200_rel,-0.405..-0.168 & 0.54..1.36,34767,1.360668550189598,0.2922886645382115,-0.6094189321058349,-0.12577471873659526,-0.02186215504065625,-83.09379904907121,0.0,0.0
ret_16 & ema20_rel,0.332..0.781 & 0.394..0.822,71222,2.7873999908419926,0.2835079048608576,-0.6096806339072655,-0.15357996007329727,-0.022123856842086842,-119.8308486491806,0.0,0.0
ret_96 & ret_16,2.07..4.36 & -0.331..0,35160,1.376049306085261,0.2867178612059158,-0.6100370209654954,-0.14010524621890957,-0.022480243900316776,-83.99847193488749,0.0,0.0
atr_pct & dist_high_20,0.373..0.46 & 1.96..3.07,17662,0.6912338692854915,0.2886989015966482,-0.610748439890692,-0.1375784485650733,-0.023191662825513437,-61.019703114393195,0.0,0.0
dist_low_20 & ema200_rel,-inf..0.288 & 1.36..2.88,15911,0.6227053614653751,0.2923134938093143,-0.6111549562723766,-0.12576713436232675,-0.023598179207197978,-55.98833618291693,0.0,0.0
dist_high_20 & ema200_rel,0.463..0.708 & -3.06..-1.57,29294,1.1464729343703537,0.2777360551648802,-0.611231795641564,-0.17325792721542216,-0.02367501857638543,-78.40331902014391,0.0,0.0
atr_pct & ema50_rel,0.373..0.46 & -inf..-1.44,8654,0.33868972397218,0.28853709267390804,-0.6113335381849769,-0.13753246105990166,-0.023776761119798318,-42.65031023717038,0.0,0.0
dist_low_20 & ema200_rel,1.08..1.46 & 0.54..1.36,47373,1.8540268423542967,0.29153737360944,-0.6115152793893907,-0.1263556917994583,-0.02395850232421204,-97.25107236157197,0.0,0.0
dist_low_20 & ret_96,0.777..1.08 & -2.24..-0.984,44838,1.7548150963097535,0.28761318524465856,-0.6119023945638183,-0.14109926566024578,-0.024345617498639727,-96.01828516142602,0.0,0.0
dist_low_20 & ret_96,1.08..1.46 & -0.984..-0.0473,36358,1.4229351726577908,0.2833489190824578,-0.6130431776980731,-0.1537358836825988,-0.025486400632894535,-87.09078603303313,0.0,0.0
ema20_rel & ema200_rel,-0.855..-0.405 & -1.57..-0.716,59196,2.316741033078018,0.2850192580579769,-0.6139991787877559,-0.15355639764632004,-0.02644240172257728,-111.17342598264831,0.0,0.0
ret_96 & ema200_rel,0.849..2.07 & -1.57..-0.716,17088,0.6687693555854648,0.2567883895131086,-0.6146593581802382,-0.2386741663935845,-0.027102581115059587,-61.97550563807639,0.0,0.0
dist_low_20 & ema50_rel,0.524..0.777 & -0.701..-0.299,50325,1.9695586270972913,0.28677595628415303,-0.6150829354060253,-0.14130563032881194,-0.027526158340846707,-102.33700182128375,0.0,0.0
dist_high_20 & ret_96,1..1.39 & -0.984..-0.0473,39648,1.5516951902067244,0.2907334543987086,-0.6153300128599318,-0.12835641174742443,-0.027773235794753215,-90.16870148439547,0.0,0.0
atr_pct & ema20_rel,0.373..0.46 & -inf..-0.855,12060,0.4719896084012585,0.28764510779436153,-0.6156465210253542,-0.14037906736599953,-0.028089743960175606,-50.58188529364209,0.0,0.0
ret_96 & ret_16,-0.0473..0.849 & -1.65..-0.793,31603,1.2368397673553044,0.2744043287029712,-0.6157877600687764,-0.18363509613372617,-0.02823098300359783,-82.63111920340698,0.0,0.0
ema50_rel & ret_16,0.654..1.38 & 0.332..0.781,64445,2.522170009404569,0.2816355031422143,-0.616536998266304,-0.1575154551075391,-0.028980221201125422,-115.34962978447811,0.0,0.0
ema50_rel & ema200_rel,0.272..0.654 & 1.36..2.88,64286,2.5159472608360947,0.28534984288958715,-0.6180975302268038,-0.14479207333702,-0.03054075316162519,-114.51212019135869,0.0,0.0
dist_high_20 & dist_low_20,0.708..1 & 0.777..1.08,40988,1.6041384800290865,0.2788621059822387,-0.6182302117775023,-0.16459023772132544,-0.030673434712323644,-94.0026694094228,0.0,0.0
ret_96 & ret_16,-4.32..-2.24 & 0..0.332,29673,1.1613057752977234,0.2798166683517002,-0.6185026451057191,-0.16493626222439237,-0.030945868040540447,-79.19496020940491,0.0,0.0
dist_low_20 & ema200_rel,1.08..1.46 & -0.716..-0.0819,36948,1.4460258748930097,0.27947385514777523,-0.6186197706068579,-0.16578390584176417,-0.031062993541679296,-89.07177314138393,0.0,0.0
dist_high_20 & ret_16,1..1.39 & -0.793..-0.331,89984,3.5216843219219607,0.284883979374111,-0.6188235076866112,-0.14848079566331673,-0.03126673062143259,-137.8406391948123,0.0,0.0
dist_high_20 & ema20_rel,1..1.39 & -0.405..-0.168,86214,3.3741386483172553,0.2882246502888162,-0.6201717220528874,-0.1384375842747792,-0.03261494498770878,-134.85463718402536,0.0,0.0
dist_high_20 & ret_96,1..1.39 & -0.0473..0.849,36002,1.4090024777497603,0.2836786845175268,-0.620937431782852,-0.15265730312600742,-0.033380654717673375,-87.61671638789291,0.0,0.0
dist_high_20 & dist_low_20,0.463..0.708 & 1.08..1.46,42140,1.649224054562938,0.2768391077361177,-0.6211082232566987,-0.17015029498311343,-0.03355144619152006,-95.83381222479876,0.0,0.0
ret_96 & ema20_rel,-2.24..-0.984 & 0.168..0.394,36773,1.439176937789343,0.29328583471568814,-0.6213673021904482,-0.12429156737756583,-0.03381052512526961,-86.89890987954273,0.0,0.0
dist_high_20 & ema200_rel,1..1.39 & -1.57..-0.716,51523,2.016444493669821,0.28794907128855074,-0.6215618641988747,-0.140941393092354,-0.0340050871336961,-104.20498611024429,0.0,0.0
dist_low_20 & ema200_rel,0.777..1.08 & -1.57..-0.716,44707,1.7496881776778659,0.28102981635985413,-0.6217480159202791,-0.16124782578145797,-0.03419123885510045,-98.37945213745338,0.0,0.0
ret_16 & ema200_rel,0.781..1.63 & 0.54..1.36,53112,2.0786328425711145,0.2865454134658834,-0.6230015623858441,-0.14234488708370838,-0.03544478532066553,-105.50128705955848,0.0,0.0
dist_high_20 & ema50_rel,0.708..1 & -1.44..-0.701,22540,0.8821430989522692,0.27866015971606034,-0.6235374641429315,-0.16901338747689731,-0.035980687077752926,-70.09023269786921,0.0,0.0
dist_high_20 & ret_16,0.463..0.708 & 0.332..0.781,53606,2.0979664135951794,0.28103197403275754,-0.6238416347667579,-0.15788796405820296,-0.0362848577015793,-107.37675699753926,0.0,0.0
atr_pct & dist_low_20,0.373..0.46 & 0.288..0.524,48150,1.8844361230945768,0.2868743509865005,-0.6241723645465055,-0.1401104276733896,-0.03661558748132687,-102.38591061688247,0.0,0.0
atr_pct & ret_96,0.373..0.46 & -2.24..-0.984,53600,2.097731592894482,0.28613805970149253,-0.6243206304739551,-0.14143630517373523,-0.036763853408776526,-108.26881831597585,0.0,0.0
atr_pct & ema200_rel,0.373..0.46 & 0.54..1.36,51215,2.0043903643673677,0.28626378990530116,-0.6244457099009274,-0.14128023130063277,-0.03688893283574879,-105.50971587797417,0.0,0.0
ret_16 & ema200_rel,0..0.332 & 1.36..2.88,34734,1.3593770363357638,0.2883341970403639,-0.6244972261593484,-0.13511623357367616,-0.036940449094169825,-84.7776459929759,0.0,0.0
ema20_rel & ema200_rel,0.00183..0.168 & 1.36..2.88,36604,1.4325628213863737,0.2841219538848213,-0.6252766884119008,-0.150186828116175,-0.037719911346722146,-87.65582437904743,0.0,0.0
dist_low_20 & ema200_rel,-inf..0.288 & -3.06..-1.57,45184,1.768356423383289,0.28556568696883855,-0.6255334385877891,-0.14704825182721057,-0.03797666152261048,-97.7083194005482,0.0,0.0
ema50_rel & ema200_rel,0.654..1.38 & 0.54..1.36,65469,2.5622460756568817,0.2834318532435198,-0.625661124068991,-0.1514483450283487,-0.03810434700381238,-117.93228995023549,0.0,0.0
dist_low_20 & ema200_rel,0.288..0.524 & 1.36..2.88,23672,0.9264459378171302,0.29156809733017913,-0.6266977374926858,-0.125494550696264,-0.03914096042750714,-70.0056525734142,0.0,0.0
ret_16 & ema200_rel,-0.793..-0.331 & 0.54..1.36,36627,1.4334629674057127,0.29197040434652033,-0.6267030798899406,-0.12441429660302991,-0.03914630282476195,-87.45856051760461,0.0,0.0
dist_low_20 & ema50_rel,0.777..1.08 & -0.299..-0.00927,42078,1.6467975739890675,0.28295071058510385,-0.6269418974255982,-0.1531582416245861,-0.039385120360419634,-95.59036900570253,0.0,0.0
dist_high_20 & ema200_rel,0.708..1 & 0.54..1.36,43382,1.6978319396072468,0.286524364943986,-0.6269546758169804,-0.1416567668625048,-0.039397898751801774,-96.55116432844383,0.0,0.0
dist_low_20 & ret_96,-inf..0.288 & -4.32..-2.24,39818,1.5583484433931434,0.28740770505801394,-0.6274751507221171,-0.14112075227023263,-0.03991837365693851,-91.4640630624495,0.0,0.0
dist_low_20 & ret_16,1.08..1.46 & 0.332..0.781,81076,3.1730538549536016,0.2803542355320933,-0.6281146614736597,-0.16020964995632644,-0.04055788440848107,-133.1665428548115,0.0,0.0
dist_low_20 & ret_96,0.524..0.777 & 2.07..4.36,34270,1.3412175688151848,0.28605194047271665,-0.6282669777120633,-0.14360457785780342,-0.04071020064688469,-85.22265429977485,0.0,0.0
ret_96 & ema50_rel,2.07..4.36 & 0.272..0.654,59453,2.326799186424546,0.283989033354078,-0.6289319717843631,-0.1494461682058251,-0.041375194719184494,-112.72540910281172,0.0,0.0
dist_low_20 & ret_96,-inf..0.288 & 2.07..4.36,22090,0.8645315463999834,0.2932548664554097,-0.6295552344663242,-0.12246648956521852,-0.041998457401145606,-67.7902778861824,0.0,0.0
dist_low_20 & ema200_rel,1.08..1.46 & -0.0819..0.54,37558,1.4698993127972193,0.2841471856861388,-0.6296406237494315,-0.15054725082788045,-0.04208384668425291,-90.3704870327104,0.0,0.0
dist_high_20 & dist_low_20,1.39..1.96 & -inf..0.288,49676,1.9441588546385502,0.2867984539818021,-0.6299903498255448,-0.14091265896520241,-0.04243357276036619,-104.1123692045396,0.0,0.0
ema20_rel & ema200_rel,0.394..0.822 & -0.0819..0.54,36352,1.4227003519570935,0.2804522447183099,-0.6301408708224346,-0.1603248514089192,-0.042584093757256025,-89.03096567517933,0.0,0.0
atr_pct & ema200_rel,0.373..0.46 & 1.36..2.88,50078,1.9598918415852589,0.28327808618555056,-0.6309066148431877,-0.15012977416293996,-0.04334983777800905,-105.4234510692531,0.0,0.0
atr_pct & ret_96,0.373..0.46 & 4.36..inf,14628,0.5724928682996359,0.28158326497128794,-0.6310489480908148,-0.15510170230672946,-0.043492171025636184,-57.02455398881221,0.0,0.0
ret_96 & ret_16,0.849..2.07 & 0.781..1.63,50966,1.994645305288436,0.2810697327630185,-0.6317233233744338,-0.15754144402309977,-0.044166546309255206,-105.50449851034408,0.0,0.0
atr_pct & dist_low_20,0.373..0.46 & 0.524..0.777,53825,2.106537369170625,0.28351137947050625,-0.6325817162936923,-0.14920998667295282,-0.045024939228513694,-110.1409802828141,0.0,0.0
dist_high_20 & ema50_rel,1..1.39 & -0.701..-0.299,73282,2.8680217647480117,0.28761496684042465,-0.6325864873283276,-0.14094558888745176,-0.04502971026314895,-126.5527705284189,0.0,0.0
dist_low_20 & ema50_rel,1.08..1.46 & 0.272..0.654,64854,2.5381769538354244,0.2841305085268449,-0.6332356459439196,-0.1492748864491451,-0.04567886887874095,-119.19371274548826,0.0,0.0
atr_pct & dist_high_20,0.373..0.46 & 0.463..0.708,53686,2.1010973562711412,0.28230823678426403,-0.634180796008272,-0.15083496862226017,-0.046624018943093426,-110.18155837965585,0.0,0.0
ema50_rel & ret_16,-0.00927..0.272 & -0.793..-0.331,34960,1.3682219493953562,0.28481121281464533,-0.6343048977327825,-0.14440732492638994,-0.04674812066760392,-87.2893765386589,0.0,0.0
atr_pct & ret_96,0.373..0.46 & -0.984..-0.0473,47152,1.845377613211952,0.28304207668815745,-0.635239995363813,-0.15184545075597028,-0.04768321829863442,-103.80382984777907,0.0,0.0
ema20_rel & ema200_rel,0.168..0.394 & -1.57..-0.716,33740,1.320475073586937,0.27836395969176053,-0.6353132104479747,-0.16877084766373307,-0.047756433382796115,-87.09401962401192,0.0,0.0
ret_16 & ema200_rel,0.332..0.781 & 1.36..2.88,51150,2.0018464734431487,0.2812316715542522,-0.6356403759344398,-0.15770971244461474,-0.04808359886926117,-105.45897268140172,0.0,0.0
atr_pct & ema200_rel,0.373..0.46 & -0.0819..0.54,44850,1.7552847377111478,0.28225195094760314,-0.6357676060667266,-0.15221892910096615,-0.04821082900154794,-101.21230562074145,0.0,0.0
dist_low_20 & ret_16,-inf..0.288 & -1.65..-0.793,78023,3.0535692550822047,0.28788946849006064,-0.6359304144329393,-0.13870928031957588,-0.04837363736776068,-130.44354542233972,0.0,0.0
ema20_rel & ema200_rel,0.168..0.394 & 1.36..2.88,54326,2.1261448976788366,0.27962669808194973,-0.6365174959093653,-0.1609869119755379,-0.048960718844186735,-109.21049724124008,0.0,0.0
ret_96 & ema50_rel,0.849..2.07 & 0.654..1.38,64212,2.51305113886083,0.2804771693764405,-0.6367952647466658,-0.15982247602474564,-0.0492384876814872,-119.21078151870731,0.0,0.0
ret_96 & ret_16,-0.0473..0.849 & 0.781..1.63,36605,1.432601958169823,0.2797978418248873,-0.6370084943766523,-0.163722560111921,-0.049451717311473686,-90.26901568387592,0.0,0.0
ret_96 & ema20_rel,2.07..4.36 & 0.168..0.394,49384,1.9327309138712894,0.2780455208164588,-0.6374342135278029,-0.16642270579735952,-0.049877436462624325,-104.97639026628048,0.0,0.0
atr_pct & ret_16,0.373..0.46 & 0..0.332,42501,1.6633524333882161,0.2814286722665349,-0.6374605516343851,-0.15366172472947717,-0.04990377456920647,-98.64118615021238,0.0,0.0
atr_pct & ema50_rel,0.373..0.46 & -0.299..-0.00927,46334,1.8133637243502414,0.28214701946734577,-0.6378993703533092,-0.15421644023087988,-0.05034259328813062,-103.27113544956961,0.0,0.0
atr_pct & ema50_rel,0.373..0.46 & -0.00927..0.272,44683,1.7487488948750773,0.2817626390349797,-0.6379457196563085,-0.15397901222301896,-0.050388942591129915,-101.30100744688136,0.0,0.0
atr_pct & ret_16,0.373..0.46 & -0.331..0,49407,1.9336310598906283,0.28127593256016353,-0.6386308669360811,-0.15526258917772118,-0.05107408987090245,-106.82670463834366,0.0,0.0
atr_pct & ema20_rel,0.373..0.46 & -0.168..0.00183,46060,1.8026402456850719,0.28102475032566215,-0.63910650518413,-0.1556772605637723,-0.05154972811895142,-103.30894486379958,0.0,0.0
atr_pct & ema50_rel,0.373..0.46 & 0.272..0.654,52607,2.058868766929105,0.28089417758093027,-0.6391857579599394,-0.15624929398528406,-0.051628980894760756,-109.9921399011275,0.0,0.0
atr_pct & ema20_rel,0.373..0.46 & -0.855..-0.405,46327,1.8130897668660946,0.2810887819198308,-0.6392133492755074,-0.1590631550661094,-0.05165657221032882,-103.66721577904241,0.0,0.0
dist_high_20 & ema50_rel,0.708..1 & -0.00927..0.272,44414,1.7382211001271555,0.28121763407934436,-0.6399235312044355,-0.15479490211279998,-0.052366754139256844,-100.31002999913147,0.0,0.0
atr_pct & dist_high_20,0.373..0.46 & 1.39..1.96,43327,1.6956794165175229,0.2802871188866065,-0.6405323783792137,-0.16230232114429535,-0.052975601314035115,-100.81981941494044,0.0,0.0
dist_low_20 & ret_96,0.288..0.524 & 2.07..4.36,28473,1.1143416351582947,0.28799213289783304,-0.6407044205595032,-0.13642659776958188,-0.05314764349432455,-78.85705662262266,0.0,0.0
atr_pct & ret_96,0.373..0.46 & 2.07..4.36,50885,1.9914752258290247,0.2797877567062985,-0.6411594677053205,-0.16014606379677865,-0.05360269064014189,-108.51144917216672,0.0,0.0
dist_high_20 & ema200_rel,-inf..0.241 & -3.06..-1.57,15655,0.612686344902297,0.2680932609389971,-0.6420100314157,-0.20623591832407892,-0.054453254350521396,-61.02523808941112,0.0,0.0
ret_96 & ema20_rel,0.849..2.07 & 0.394..0.822,52042,2.036756484280124,0.28085008262557165,-0.6421084063660162,-0.15856710953060582,-0.05455162930083757,-107.97063873614508,0.0,0.0
dist_high_20 & ema200_rel,1..1.39 & -0.716..-0.0819,40598,1.5888751344837722,0.28225528351150303,-0.6423749526700118,-0.15444744210090347,-0.05481817560483315,-96.38877315124545,0.0,0.0
dist_low_20 & ret_96,1.08..1.46 & -0.0473..0.849,36918,1.4448517713895241,0.2805135706159597,-0.6424966963645387,-0.16155073806239348,-0.05493991929936004,-91.65322716803874,0.0,0.0
ema50_rel & ema200_rel,-0.701..-0.299 & -0.0819..0.54,37538,1.4691165771282289,0.2886674836166018,-0.6427057684286807,-0.1374208244150847,-0.05514899136350204,-91.12422175751256,0.0,0.0
atr_pct & dist_high_20,0.373..0.46 & 0.708..1,57534,2.2516956989849093,0.28014739110786663,-0.6428970477871913,-0.1603603102043596,-0.05534027072201264,-116.15754468339969,0.0,0.0
ema50_rel & ret_16,-0.701..-0.299 & 0..0.332,31332,1.2262336990404834,0.27821396655176817,-0.6432449822927053,-0.16658304220398437,-0.05568820522752671,-84.62496384552273,0.0,0.0
atr_pct & dist_high_20,0.373..0.46 & 1..1.39,55815,2.1844195682351777,0.27960225745767264,-0.6432590660403177,-0.1620700480111409,-0.05570228897513907,-114.59317342829674,0.0,0.0
atr_pct & ema20_rel,0.373..0.46 & -0.405..-0.168,52712,2.062978129191305,0.28048641675519803,-0.6436609071953179,-0.1608962115122725,-0.05610413013013926,-111.60131242259445,0.0,0.0
dist_low_20 & ema200_rel,0.524..0.777 & 1.36..2.88,31827,1.2456064068479977,0.2836271090583467,-0.6449626971498704,-0.1508719773404033,-0.05740592008469181,-84.06105757960049,0.0,0.0
atr_pct & ret_16,0.373..0.46 & -1.65..-0.793,47919,1.8753955261177369,0.2793046599469939,-0.6450745112877554,-0.16495582453587607,-0.05751773422257678,-106.69870610071865,0.0,0.0
atr_pct & ema50_rel,0.373..0.46 & 0.654..1.38,52000,2.035112739375244,0.27826923076923077,-0.6454385070964377,-0.164578846037064,-0.05788173003125907,-110.54794044779534,0.0,0.0
dist_high_20 & ema50_rel,0.463..0.708 & 0.272..0.654,52153,2.041100667243021,0.2827450002876153,-0.646181599710697,-0.15160375768970424,-0.05862482264551838,-109.25193378228096,0.0,0.0
dist_low_20 & ema50_rel,0.524..0.777 & 0.654..1.38,12295,0.4811867525118966,0.2846685644570964,-0.6462661325879407,-0.14638657230280344,-0.05870935552276213,-52.187125648434765,0.0,0.0
dist_high_20 & ema200_rel,0.241..0.463 & -3.06..-1.57,22129,0.8660578809545149,0.268064530706313,-0.6465237072446403,-0.19998187217615798,-0.05896693017946164,-72.83334159903528,0.0,0.0
ret_96 & ema20_rel,2.07..4.36 & 0.00183..0.168,36725,1.437298372183766,0.2801089176310415,-0.6466791463239098,-0.16184984587433837,-0.059122369258731156,-91.29013631846952,0.0,0.0
ret_96 & ret_16,2.07..4.36 & 0.332..0.781,46422,1.8168077612937994,0.27506354745594763,-0.6468691720674666,-0.1767502907384731,-0.05931239500228802,-103.54256318396502,0.0,0.0
atr_pct & ema200_rel,0.373..0.46 & -inf..-3.06,8658,0.3388462711059781,0.2758142758142758,-0.6480361774699543,-0.17243319489369402,-0.06047940040477573,-45.55299326925745,0.0,0.0
dist_high_20 & dist_low_20,1..1.39 & 0.288..0.524,44508,1.7418999577714107,0.28713939067134,-0.6487762657677196,-0.1380013571722636,-0.061219488702541014,-101.64854914314215,0.0,0.0
atr_pct & ema20_rel,0.373..0.46 & 0.00183..0.168,45498,1.7806453733864394,0.2773968086509297,-0.6491861209445694,-0.16550418858577556,-0.061629343879390786,-104.49165730525303,0.0,0.0
ret_96 & ema200_rel,-0.0473..0.849 & -1.57..-0.716,30708,1.2018123461679806,0.2728604923798359,-0.649409604339733,-0.18894047010558285,-0.061852827274554434,-85.24832866721228,0.0,0.0
dist_low_20 & ret_96,1.08..1.46 & 0.849..2.07,44821,1.7541497709911116,0.2777492693157225,-0.6494996040113665,-0.16793603410233737,-0.06194282694618791,-102.26282778265146,0.0,0.0
atr_pct & dist_low_20,0.373..0.46 & -inf..0.288,40900,1.6006944430855283,0.27863080684596575,-0.6497974455302481,-0.16565757591211386,-0.06224066846506948,-99.00359033128368,0.0,0.0
atr_pct & dist_low_20,0.373..0.46 & 1.46..2.04,43094,1.6865605459737838,0.2758852740520722,-0.6502717698059769,-0.17150905901364075,-0.06271499274079828,-102.0258707811008,0.0,0.0
dist_high_20 & ret_96,0.708..1 & -2.24..-0.984,45740,1.7901164749812242,0.2914298207258417,-0.6503185582173044,-0.12759110182253006,-0.06276178115212583,-101.60763245563592,0.0,0.0
atr_pct & ret_16,0.373..0.46 & 0.332..0.781,51687,2.022862926155543,0.27701356240447306,-0.6514466076103831,-0.16831878697835603,-0.06388983054520447,-111.6727242579658,0.0,0.0
ret_96 & ret_16,-2.24..-0.984 & 0.332..0.781,38364,1.5014435602575358,0.2865707434052758,-0.6515263605215984,-0.14149261673329067,-0.06396958345641979,-93.37287441059046,0.0,0.0
ret_96 & ema20_rel,-0.0473..0.849 & 0.394..0.822,36997,1.4479435772820366,0.277265724247912,-0.6519479709188573,-0.1702794393840665,-0.06439119385367864,-92.83311087549092,0.0,0.0
atr_pct & ret_96,0.373..0.46 & 0.849..2.07,51752,2.025406817079762,0.27705209460503943,-0.6520534377863626,-0.16893056400931988,-0.06449666072118398,-111.98033869844262,0.0,0.0
dist_low_20 & ema50_rel,1.08..1.46 & 0.654..1.38,61375,2.4020200842145307,0.2781588594704684,-0.6525102924105777,-0.165244324456336,-0.06495351534539906,-119.68832209623392,0.0,0.0
atr_pct & ema20_rel,0.373..0.46 & 0.394..0.822,49245,1.9272909009718056,0.27539851761600165,-0.6540250480109374,-0.1733299791980546,-0.0664682709457588,-109.45049045907113,0.0,0.0
ema20_rel & ema200_rel,0.394..0.822 & 0.54..1.36,54825,2.145674152620149,0.27987232102143184,-0.6540997356494582,-0.16163573302011683,-0.06654295858427961,-112.9080941312669,0.0,0.0
atr_pct & ret_16,0.373..0.46 & -0.793..-0.331,53378,2.089043226968688,0.27633107272659146,-0.6542382892343349,-0.17138464370650502,-0.0666815121691563,-114.40548678898733,0.0,0.0
dist_low_20 & ema20_rel,1.08..1.46 & 0.168..0.394,78194,3.0602616450520737,0.2751361997084175,-0.6543824212749589,-0.1742013084852441,-0.06682564420978032,-137.0321541599506,0.0,0.0
ema50_rel & ret_16,0.272..0.654 & -0.331..0,38758,1.516863452936648,0.28169668197533415,-0.6545191424895574,-0.15510338141888283,-0.06696236542437883,-94.45283922360963,0.0,0.0
ema50_rel & ema200_rel,-0.299..-0.00927 & 0.54..1.36,38266,1.4976081554794825,0.2942037317723305,-0.6548166845133553,-0.11758863064330963,-0.06725990744817667,-92.06429870777768,0.0,0.0
ema50_rel & ret_16,-0.299..-0.00927 & 0.332..0.781,34795,1.3617643801261847,0.2768788619054462,-0.6551394343114587,-0.17316512016852076,-0.0675826572462801,-90.82619339926393,0.0,0.0
atr_pct & dist_high_20,0.373..0.46 & 0.241..0.463,48704,1.906117901125613,0.27543938896189224,-0.6560268467557909,-0.17179081201931992,-0.06847006969061231,-109.17142610475115,0.0,0.0
atr_pct & dist_low_20,0.373..0.46 & 0.777..1.08,56442,2.208958331458029,0.27479536515360903,-0.6575817933432083,-0.17521776183814874,-0.0700250162780297,-118.31739657105122,0.0,0.0
atr_pct & ret_96,0.373..0.46 & -0.0473..0.849,44520,1.742369599172805,0.2752695417789757,-0.6579123188579248,-0.17462007201467472,-0.07035554179274617,-105.2292776350127,0.0,0.0
dist_high_20 & ret_96,0.241..0.463 & 2.07..4.36,43695,1.7100817528269476,0.2766906968760728,-0.6581304160744733,-0.17003263392827703,-0.0705736390092947,-101.80998722979002,0.0,0.0
ret_96 & ret_16,2.07..4.36 & 0..0.332,34215,1.339065045725461,0.2790588922986994,-0.658975282985027,-0.16120160121099172,-0.07141850591984844,-89.67918403302717,0.0,0.0
atr_pct & ema200_rel,0.373..0.46 & -0.716..-0.0819,48372,1.8931244890203711,0.27464235508145207,-0.6595821883612968,-0.17611788209820514,-0.07202541129611817,-110.12242278318834,0.0,0.0
atr_pct & ret_96,0.373..0.46 & -4.32..-2.24,45080,1.7642861979045383,0.27346938775510204,-0.659671870660184,-0.18005768709298772,-0.07211509359500534,-106.35066440360396,0.0,0.0
dist_high_20 & ema200_rel,0.241..0.463 & 1.36..2.88,46503,1.8199778407532108,0.2756811388512569,-0.6598673433039216,-0.17409117100256039,-0.07231056623874299,-105.37904558484367,0.0,0.0
dist_low_20 & ret_96,0.524..0.777 & -2.24..-0.984,47888,1.8741822858308015,0.28888239224858003,-0.6613814074388679,-0.1325543854323917,-0.07382463037368925,-106.1503741558562,0.0,0.0
atr_pct & ema50_rel,0.373..0.46 & -0.701..-0.299,53968,2.1121339292039067,0.2740512896531278,-0.6615526555703456,-0.17856463090986924,-0.07399587850516698,-116.73799326018266,0.0,0.0
atr_pct & ema20_rel,0.373..0.46 & 0.168..0.394,51515,2.0161313994022247,0.2731437445404251,-0.6623398140523921,-0.17921894463963325,-0.07478303698721345,-113.9013498219663,0.0,0.0
atr_pct & ema200_rel,0.373..0.46 & -3.06..-1.57,46038,1.8017792364491823,0.2725357313523611,-0.66292930876277,-0.18334409490315634,-0.0753725316975914,-108.22709569398089,0.0,0.0
dist_low_20 & ema50_rel,-inf..0.288 & -1.44..-0.701,67137,2.6275262304506875,0.27868388518998466,-0.6633535389569154,-0.16650039019934737,-0.07579676189173679,-127.40047190285463,0.0,0.0
atr_pct & ret_96,0.373..0.46 & -inf..-4.32,11649,0.45590439040350417,0.26998025581594987,-0.6643774417389332,-0.18811208672783342,-0.07682066467375459,-54.446438740736575,0.0,0.0
atr_pct & ema200_rel,0.373..0.46 & -1.57..-0.716,57127,2.235767028120953,0.2728307105221699,-0.6648076336129725,-0.18223101947882803,-0.07725085654779384,-120.99706282297532,0.0,0.0
atr_pct & ret_16,0.373..0.46 & 0.781..1.63,50223,1.96556667518544,0.27176791509866,-0.6652447275436777,-0.18439813331308627,-0.07768795047849908,-113.00299404527999,0.0,0.0
dist_high_20 & ret_16,0.708..1 & -0.331..0,67172,2.628896017871421,0.28173941523253737,-0.6658214347429544,-0.1535547796318247,-0.0782646576777758,-128.12394616517548,0.0,0.0
dist_high_20 & ema50_rel,0.463..0.708 & -1.44..-0.701,9261,0.362445751526041,0.2556959291653169,-0.6663876910735558,-0.2389498407760598,-0.07883091400837716,-49.723089310544715,0.0,0.0
atr_pct & ema50_rel,0.373..0.46 & -1.44..-0.701,46846,1.8334017574763977,0.2713999060752252,-0.666403579993051,-0.18701534547780363,-0.07884680292787238,-110.17008026691354,0.0,0.0
ret_16 & ema200_rel,0.332..0.781 & -1.57..-0.716,35721,1.398005041600444,0.27370454354581336,-0.6668517168984479,-0.18353710816513583,-0.0792949398332693,-94.43217494875897,0.0,0.0
dist_high_20 & ret_96,0.241..0.463 & -4.32..-2.24,27055,1.0588456762268696,0.27015339124006654,-0.6672796903401595,-0.19082481178911795,-0.07972291327498093,-82.3591363508081,0.0,0.0
atr_pct & dist_high_20,0.373..0.46 & -inf..0.241,41469,1.6229632728683074,0.2718657310279968,-0.6673432832197523,-0.18330851734833434,-0.07978650615457372,-102.74093195329003,0.0,0.0
ema50_rel & ema200_rel,-0.00927..0.272 & -1.57..-0.716,35916,1.4056367143731012,0.28012584920369754,-0.6674070657072425,-0.16138979752737184,-0.0798502886420639,-93.31241094492204,0.0,0.0
dist_low_20 & ret_16,0.777..1.08 & 0..0.332,55145,2.1581979233239967,0.2809139541209538,-0.669630953587276,-0.1563818349647542,-0.08207417652209736,-116.58932129901467,0.0,0.0
dist_high_20 & ret_96,0.708..1 & 0.849..2.07,44750,1.7513710593661955,0.2765139664804469,-0.6703684835952417,-0.17142915377858906,-0.08281170653006309,-105.68391970309374,0.0,0.0
atr_pct & dist_low_20,0.373..0.46 & 1.08..1.46,54663,2.1393339937013263,0.2696705266816677,-0.6721911360378102,-0.19092700408315544,-0.08463435897263161,-119.77761775185235,0.0,0.0
dist_high_20 & dist_low_20,0.708..1 & 0.524..0.777,40877,1.5997942970661894,0.2813562639136923,-0.673035891869703,-0.15333365052206704,-0.08547911480452441,-101.5492681211008,0.0,0.0
dist_low_20 & ema200_rel,0.524..0.777 & -1.57..-0.716,48332,1.8915590176823902,0.2814284531987089,-0.6739012187330619,-0.1575694322273169,-0.08634444166788324,-110.1131673647862,0.0,0.0
dist_high_20 & dist_low_20,0.463..0.708 & 0.777..1.08,40541,1.5866443378271493,0.2803088231666708,-0.6777851967514709,-0.1571878292042605,-0.09022841968629225,-101.88452815627865,0.0,0.0
dist_low_20 & ret_96,0.777..1.08 & -0.984..-0.0473,42560,1.6656615036117381,0.2861137218045113,-0.6791958465408247,-0.14029100370839906,-0.09163906947564604,-102.98627313794042,0.0,0.0
dist_low_20 & ema50_rel,0.777..1.08 & 0.654..1.38,30836,1.2068218544495197,0.28259177584641326,-0.6800826290887688,-0.1544032102210332,-0.0925258520235902,-87.37034295513801,0.0,0.0
dist_high_20 & ret_16,1..1.39 & -1.65..-0.793,49711,1.9455286420592837,0.284001528836676,-0.681091339163447,-0.15004100240024923,-0.09353456209826838,-112.33875268609837,0.0,0.0
ret_96 & ema50_rel,-2.24..-0.984 & -0.00927..0.272,37996,1.4870412239481108,0.2912411832824508,-0.6814099863439456,-0.12630851407592172,-0.09385320927876695,-95.40128025960064,0.0,0.0
ret_96 & ema20_rel,0.849..2.07 & -0.405..-0.168,37613,1.4720518358869432,0.2778826469571691,-0.6818145325451467,-0.16972791954507488,-0.09425775547996806,-98.09941092860542,0.0,0.0
dist_low_20 & ema20_rel,0.288..0.524 & -0.405..-0.168,66588,2.606040136336899,0.2856971226046735,-0.6835281813352266,-0.1422554469936044,-0.09597140427004802,-130.59246862645702,0.0,0.0
dist_high_20 & dist_low_20,-inf..0.241 & 1.46..2.04,48303,1.890424050962354,0.26973479908080245,-0.6840559033223127,-0.19014142608823592,-0.09649912625713408,-113.15697273953388,0.0,0.0
dist_high_20 & ret_96,-inf..0.241 & -4.32..-2.24,21661,0.8477418663001376,0.2669313512764877,-0.684997398406551,-0.20655528576839163,-0.09744062134137244,-75.66253899496061,0.0,0.0
dist_low_20 & ema20_rel,-inf..0.288 & -0.855..-0.405,85198,3.334375676332539,0.2822131974928989,-0.6854336563189178,-0.15448126048221317,-0.09787687925373922,-147.7263254849636,0.0,0.0
dist_high_20 & ema20_rel,0.708..1 & -0.168..0.00183,68118,2.6659194150146703,0.28170234005696,-0.6864478215839004,-0.15262544233725833,-0.09889104451872177,-132.99890868739783,0.0,0.0
dist_high_20 & ema20_rel,1..1.39 & -0.855..-0.405,50278,1.9677191982751636,0.2825888062373205,-0.686485216561756,-0.1547416688465887,-0.09892843949657737,-114.09665375852036,0.0,0.0
dist_low_20 & ema20_rel,0.777..1.08 & 0.00183..0.168,61837,2.4201012781682105,0.27722884357261834,-0.690078344878491,-0.16600099618214226,-0.10252156781331234,-128.1447999297522,0.0,0.0
dist_high_20 & ema200_rel,0.708..1 & -0.0819..0.54,42193,1.6512983040857627,0.28703813428767805,-0.690203237740411,-0.1386776184754649,-0.10264646067523242,-104.11573820004953,0.0,0.0
dist_low_20 & ret_16,0.524..0.777 & -0.331..0,59554,2.3307520015529475,0.281576384457803,-0.6928083561370503,-0.1529048595555873,-0.10525157907187166,-125.0539734066058,0.0,0.0
ema50_rel & ema200_rel,0.272..0.654 & -0.716..-0.0819,37288,1.4593323812658479,0.27397554172924266,-0.6928328430697093,-0.178922202959688,-0.10527606600453066,-99.07069228742388,0.0,0.0
dist_high_20 & ret_96,-inf..0.241 & 2.07..4.36,45200,1.7689826119184813,0.2794247787610619,-0.695016923279572,-0.16165419873409761,-0.10746014621439337,-108.1479315366052,0.0,0.0
ret_96 & ema20_rel,-2.24..-0.984 & -0.405..-0.168,55484,2.171465292913385,0.28691154206618125,-0.6955484696714164,-0.1401858401824232,-0.10799169260623775,-119.23420896368152,0.0,0.0
ret_96 & ret_16,-2.24..-0.984 & -0.793..-0.331,53021,2.0750713952772077,0.2858867241281756,-0.6957754277047123,-0.1439696369615563,-0.10821865063953373,-116.84587162862643,0.0,0.0
dist_low_20 & ret_16,0.288..0.524 & -0.793..-0.331,66532,2.6038484764637255,0.28413395058017193,-0.6967051254483275,-0.14690335710714317,-0.10914834838314891,-132.52358633551597,0.0,0.0
ret_96 & ema200_rel,0.849..2.07 & -0.716..-0.0819,31523,1.2337088246793426,0.26044475462360817,-0.6982261778230335,-0.22297082140322572,-0.11066940075785492,-93.49091778836969,0.0,0.0
ret_96 & ema200_rel,-0.984..-0.0473 & -1.57..-0.716,64449,2.522326556538367,0.28036121584508683,-0.6990412523199572,-0.161145452711316,-0.11148447525477856,-130.49328557170327,0.0,0.0
dist_high_20 & dist_low_20,0.241..0.463 & 1.08..1.46,43888,1.7176351520327058,0.27271691578563617,-0.699414558171845,-0.18038821311345377,-0.11185778110666633,-110.12213489055408,0.0,0.0
dist_low_20 & ema50_rel,0.777..1.08 & -0.00927..0.272,51404,2.011787216439328,0.2796085907711462,-0.7003643328911902,-0.15866315010472037,-0.11280755582601154,-117.31744785063432,0.0,0.0
ret_96 & ema50_rel,-0.984..-0.0473 & 0.272..0.654,40059,1.5677804082044788,0.2830075638433311,-0.7007108450191616,-0.14703970418125772,-0.11315406795398297,-102.19124841284629,0.0,0.0
dist_low_20 & ema20_rel,0.524..0.777 & -0.168..0.00183,58673,2.296272495333917,0.2799584135803521,-0.7008567249046548,-0.15520730083045248,-0.11329994783947617,-126.10283167044527,0.0,0.0
dist_low_20 & ema200_rel,0.777..1.08 & -0.716..-0.0819,42500,1.6633132966047666,0.27463529411764703,-0.7026575000266916,-0.17548644784945786,-0.11510072296151297,-107.84161625306567,0.0,0.0
dist_high_20 & ret_16,-inf..0.241 & 0.781..1.63,81555,3.1918003742259233,0.27209858377781865,-0.7037699077678623,-0.1839885883337123,-0.11621313070268369,-149.6696554037469,0.0,0.0
dist_high_20 & ret_96,0.463..0.708 & -2.24..-0.984,42844,1.6767763501114028,0.2901923256465316,-0.7043487449089704,-0.1274280874659309,-0.11679196784379176,-105.73920591793775,0.0,0.0
dist_high_20 & ema50_rel,0.708..1 & -0.299..-0.00927,57599,2.2542395899091283,0.28325144533759267,-0.7081724677903273,-0.14885297490932597,-0.12061569072514866,-125.38536019096216,0.0,0.0
dist_high_20 & ret_96,0.708..1 & -0.0473..0.849,42141,1.6492631913463875,0.2806293158681569,-0.7107576422723844,-0.1560427938828022,-0.12320086520720575,-107.75216717200409,0.0,0.0
dist_low_20 & ret_16,1.08..1.46 & 0.781..1.63,58994,2.3088354028212144,0.27311251991727975,-0.714127602394485,-0.17918088783003386,-0.1265708253293064,-129.3667642129573,0.0,0.0
dist_low_20 & ema20_rel,1.08..1.46 & 0.394..0.822,57729,2.2593273717575664,0.2730343501533025,-0.7151398046243689,-0.17964277165337433,-0.12758302755919027,-128.04357314998185,0.0,0.0
dist_high_20 & ema200_rel,0.463..0.708 & 0.54..1.36,49033,1.9189939028805063,0.2830542695735525,-0.7159315301749168,-0.1486983747898031,-0.12837475310973823,-116.12442490468395,0.0,0.0
ret_96 & ema200_rel,-2.24..-0.984 & -1.57..-0.716,113623,4.446838745885256,0.28146590038988584,-0.7160285516037826,-0.1566989463514231,-0.12847177453860403,-176.23912566480584,0.0,0.0
dist_low_20 & ema50_rel,0.288..0.524 & -0.701..-0.299,59973,2.347150313818298,0.27955913494405815,-0.7175557828481435,-0.1595873990489442,-0.12999900578296486,-130.00257554784932,0.0,0.0
ret_96 & ret_16,0.849..2.07 & -0.793..-0.331,39302,1.538153863133189,0.27029158821434024,-0.7180477475791389,-0.1903783491769732,-0.1304909705139603,-105.9656306842836,0.0,0.0
dist_high_20 & ema50_rel,-inf..0.241 & 0.654..1.38,73290,2.8683348590156084,0.27408923454768724,-0.7182935063748543,-0.17845866967034504,-0.13073672930967573,-143.99524870697144,0.0,0.0
ret_96 & ema50_rel,-0.0473..0.849 & -0.701..-0.299,39458,1.5442592013513148,0.27269501748694813,-0.7189214543338289,-0.1841784943981222,-0.1313646772686503,-106.2744160313041,0.0,0.0
dist_high_20 & ema200_rel,-inf..0.241 & 1.36..2.88,51729,2.024506671060423,0.2760927139515552,-0.7193389381624491,-0.1701244306367512,-0.13178216109727048,-119.81974911213412,0.0,0.0
dist_high_20 & ema200_rel,0.708..1 & -1.57..-0.716,50500,1.976407564200958,0.2726534653465347,-0.7193453345098518,-0.18241301600771728,-0.13178855744467322,-120.30793245591543,0.0,0.0
dist_low_20 & ema200_rel,0.777..1.08 & 0.54..1.36,50756,1.9864265807640362,0.2833753644889274,-0.7200691396976902,-0.15014224259673115,-0.13251236263251154,-118.38244576090008,0.0,0.0
ema50_rel & ema20_rel,-0.701..-0.299 & -0.168..0.00183,63927,2.5018971555777156,0.27221674722730616,-0.7214664497056736,-0.18212995062561058,-0.13390967264049503,-135.06708215392504,0.0,0.0
ret_96 & ema200_rel,-2.24..-0.984 & -0.716..-0.0819,68104,2.665371500046377,0.28582755785269587,-0.7236994654427205,-0.1420217105548775,-0.13614268837754184,-136.26619278371652,0.0,0.0
dist_low_20 & ema200_rel,0.777..1.08 & -0.0819..0.54,44142,1.7275758950288849,0.2819990032168909,-0.7258143416674493,-0.15288933825055936,-0.13825756460227068,-111.60960735617424,0.0,0.0
dist_high_20 & ret_16,0.463..0.708 & 0..0.332,54700,2.1407820546889584,0.27553930530164533,-0.7261767982823885,-0.1691659989725695,-0.13862002121720984,-126.24818837659396,0.0,0.0
ret_96 & ema50_rel,-2.24..-0.984 & -0.701..-0.299,74388,2.9113070472431852,0.27835134699145025,-0.7285241018608605,-0.16335466045727362,-0.14096732479568186,-145.67064148505236,0.0,0.0
dist_low_20 & ema50_rel,0.524..0.777 & -0.299..-0.00927,51975,2.034134319789006,0.27953823953823953,-0.7317002873093187,-0.15721153856609268,-0.14414351024414007,-123.2140496603875,0.0,0.0
ret_16 & ema200_rel,-0.793..-0.331 & -1.57..-0.716,60076,2.351181402513599,0.27701578001198485,-0.732053058078259,-0.1702799428925728,-0.14449628101308043,-132.19515572340757,0.0,0.0
ema20_rel & ema200_rel,-0.405..-0.168 & -1.57..-0.716,63352,2.4793935050942393,0.27804962747821693,-0.7325145613446769,-0.1668312211686817,-0.14495778427949824,-135.5856277725335,0.0,0.0
dist_high_20 & ema20_rel,0.463..0.708 & 0.00183..0.168,62008,2.426793668138079,0.2740130305766998,-0.734087908813449,-0.17411889393981647,-0.14653113174827037,-136.40621641705965,0.0,0.0
dist_high_20 & ret_96,0.708..1 & -0.984..-0.0473,45513,1.7812324251381821,0.2797881923845934,-0.7401406916609921,-0.15873169518907487,-0.15258391459581344,-115.90463127768227,0.0,0.0
dist_high_20 & ema20_rel,-inf..0.241 & 0.394..0.822,88197,3.4517468898976613,0.27059877320090253,-0.743764205972515,-0.18777707963313614,-0.1562074289073364,-164.61933200525368,0.0,0.0
ema20_rel & ema200_rel,-0.405..-0.168 & -0.0819..0.54,42810,1.6754456994741191,0.28661527680448495,-0.7439088253508821,-0.14131566525548647,-0.15635204828570348,-110.97575624700413,0.0,0.0
ret_16 & ema20_rel,-0.793..-0.331 & -0.168..0.00183,67380,2.6370364688289216,0.27622439893143363,-0.7446418487425799,-0.16868452088204197,-0.15708507167740127,-141.31127654795705,0.0,0.0
ret_16 & ema20_rel,-0.331..0 & -0.405..-0.168,70656,2.765248571409562,0.2776268115942029,-0.7462778673041097,-0.16594215396380996,-0.1587210902389311,-144.12784040239563,0.0,0.0
dist_low_20 & ret_96,0.777..1.08 & 0.849..2.07,47092,1.8430294062049806,0.26991845748747134,-0.7473128031669376,-0.1919741823302597,-0.15975602610175899,-120.70831334559468,0.0,0.0
ema50_rel & ret_16,-0.701..-0.299 & -0.331..0,62658,2.45223257738027,0.27449008905486927,-0.7476184998793907,-0.17644295336347815,-0.16006172281421205,-137.14709637444145,0.0,0.0
dist_high_20 & ema200_rel,0.708..1 & -0.716..-0.0819,47080,1.842559764803586,0.2776975361087511,-0.7495011661529607,-0.1645241545300929,-0.16194438908778208,-119.81283320106309,0.0,0.0
ema50_rel & ema20_rel,-0.701..-0.299 & -0.405..-0.168,116999,4.578964526810849,0.2795323036949034,-0.7518828809890731,-0.16110544590005213,-0.16432610392389446,-187.03903416068735,0.0,0.0
ema20_rel & ema200_rel,0.00183..0.168 & -1.57..-0.716,40622,1.5898144172865607,0.2698291566146423,-0.753698359550515,-0.18705116594575238,-0.1661415824853364,-112.08582221461262,0.0,0.0
dist_high_20 & ema200_rel,0.463..0.708 & -1.57..-0.716,44985,1.7605682034768335,0.2750694676003112,-0.7544197051420976,-0.17181761016731112,-0.16686292807691894,-117.9895299627887,0.0,0.0
dist_high_20 & ema20_rel,0.241..0.463 & 0.168..0.394,68948,2.6984029452777754,0.2692463885827,-0.7546213677635479,-0.19009883996060606,-0.16706459069836932,-148.57475003743403,0.0,0.0
dist_low_20 & ema200_rel,0.288..0.524 & -1.57..-0.716,52578,2.0577338002090686,0.27606603522385786,-0.7547932257506167,-0.16993514122110126,-0.16723644868543808,-127.48286870207895,0.0,0.0
ret_96 & ema50_rel,0.849..2.07 & -0.299..-0.00927,39744,1.5554523214178786,0.2723681561996779,-0.7558107205371696,-0.18424617675468732,-0.16825394347199096,-110.64384886239012,0.0,0.0
dist_low_20 & ret_96,0.777..1.08 & -0.0473..0.849,43449,1.7004541040983647,0.27257244125296326,-0.7561916345828651,-0.18086481980719782,-0.16863485751768648,-116.37042158564293,0.0,0.0
ret_16 & ema20_rel,-0.793..-0.331 & -0.405..-0.168,112471,4.401753171351405,0.28005441402672687,-0.7569130723069675,-0.15939033172489042,-0.16935629524178886,-184.16919610768463,0.0,0.0
dist_high_20 & ret_16,0.241..0.463 & 0.332..0.781,68134,2.6665456035498627,0.27149440807819886,-0.7580544859592176,-0.18363938230432103,-0.17049770889403904,-147.2806990771347,0.0,0.0
ema50_rel & ema20_rel,-0.299..-0.00927 & -0.405..-0.168,71444,2.796088356767787,0.2798415542242876,-0.758194500249618,-0.15879500695341536,-0.17063772318443937,-146.40767652989942,0.0,0.0
ret_96 & ema20_rel,-2.24..-0.984 & 0.00183..0.168,41579,1.627268319047755,0.27990091151783353,-0.7583485286549122,-0.15470739856520724,-0.1707917515897336,-111.50310375011306,0.0,0.0
ema50_rel & ema200_rel,-0.701..-0.299 & -1.57..-0.716,86935,3.402356269184362,0.27062748030137457,-0.758874751230532,-0.1870644699446875,-0.17131797416535344,-165.66470697919036,0.0,0.0
dist_high_20 & ret_96,0.463..0.708 & 0.849..2.07,49149,1.9235337697606512,0.2710126350485259,-0.7590919877225741,-0.18334794046465572,-0.17153521065739552,-124.48881519129492,0.0,0.0
ret_96 & ret_16,-2.24..-0.984 & 0..0.332,38898,1.5223426026195814,0.2846675921641216,-0.7601396728020559,-0.1418966269738921,-0.17258289573687724,-107.30477006039186,0.0,0.0
ema50_rel & ret_16,-0.701..-0.299 & -0.793..-0.331,98002,3.835483051620243,0.27691271606701906,-0.7615863625483824,-0.16882212595144483,-0.1740295854832038,-173.9877440551241,0.0,0.0
dist_low_20 & ret_96,0.288..0.524 & -2.24..-0.984,49391,1.933004871355436,0.27790488145613573,-0.7622821155042722,-0.16334605548924672,-0.17472533843909355,-124.20829172730059,0.0,0.0
dist_high_20 & ema50_rel,0.463..0.708 & -0.00927..0.272,55046,2.154323381762494,0.2788031827925735,-0.763890649351323,-0.1589716299106222,-0.1763338722861444,-131.85334006453408,0.0,0.0
atr_pct & dist_high_20,0.271..0.373 & 1.39..1.96,22077,0.8640227682151396,0.27911401005571407,-0.7645033725276508,-0.15878100849094604,-0.17694659546247216,-85.6084412317288,0.0,0.0
ret_16 & ema200_rel,0..0.332 & -1.57..-0.716,38152,1.4931465621662365,0.2721744600545188,-0.764790567898293,-0.17981253407651535,-0.1772337908331144,-109.40544210495322,0.0,0.0
atr_pct & ret_16,0.271..0.373 & -1.65..-0.793,33628,1.3160917538405903,0.2807184489116213,-0.7684863213253837,-0.15556970455546446,-0.18092954426020513,-105.95941930501314,0.0,0.0
ret_96 & ema50_rel,-2.24..-0.984 & -0.299..-0.00927,56145,2.1973347067735207,0.28251847893846294,-0.7699814553109328,-0.1467275502142921,-0.18242467824575415,-131.01376095816704,0.0,0.0
ret_16 & ema200_rel,-0.793..-0.331 & -0.0819..0.54,43659,1.7086728286227648,0.279988089511899,-0.770855577477971,-0.1581990607201214,-0.18329880041279234,-116.79262540822066,0.0,0.0
dist_high_20 & dist_low_20,0.708..1 & 0.288..0.524,42568,1.6659745978793343,0.27833114076301446,-0.7716815651835875,-0.16016178448182997,-0.18412478811840893,-118.62165839724472,0.0,0.0
ema50_rel & ema20_rel,-0.00927..0.272 & 0.168..0.394,65910,2.5795053971581217,0.2719162494310423,-0.7727927158355632,-0.17982437657559533,-0.18523593877038458,-144.62485641568864,0.0,0.0
ret_16 & ema20_rel,0.332..0.781 & 0.00183..0.168,66552,2.6046312121327158,0.27310974876788074,-0.7731402026234071,-0.17771797464377997,-0.1855834255582285,-145.48297877437312,0.0,0.0
dist_high_20 & ema50_rel,0.708..1 & -0.701..-0.299,66369,2.597469180761453,0.2741340083472706,-0.7737626618546904,-0.17722531273144282,-0.18620588478951183,-147.31873661775538,0.0,0.0
ema20_rel & ema200_rel,0.168..0.394 & -0.716..-0.0819,42377,1.6584994722404751,0.2663473110413668,-0.774806271026119,-0.19847091803800823,-0.18724949396094037,-118.45038653381754,0.0,0.0
ret_96 & ret_16,-2.24..-0.984 & -0.331..0,49749,1.9470158398303656,0.28175440712376126,-0.7761529211743627,-0.14899845633940734,-0.18859614410918413,-124.17548443538995,0.0,0.0
atr_pct & dist_high_20,0.271..0.373 & 1..1.39,44135,1.7273019375447383,0.2785997507646992,-0.7764313120211445,-0.16207565555350564,-0.18887453495596584,-122.85059507161269,0.0,0.0
atr_pct & ema20_rel,0.271..0.373 & 0.822..inf,6168,0.24139568031666353,0.27496757457846954,-0.7777754024408557,-0.17504312580378198,-0.19021862537567713,-45.74713665881196,0.0,0.0
dist_high_20 & ema50_rel,0.241..0.463 & 0.272..0.654,63165,2.4720749265891784,0.27426581176284337,-0.7780208645610444,-0.17603229727271905,-0.19046408749586574,-144.35626695095735,0.0,0.0
atr_pct & ema20_rel,0.271..0.373 & -0.855..-0.405,33555,1.313234768648775,0.27802115929071675,-0.779468683659357,-0.16521213502604676,-0.19191190659417834,-107.56735975766249,0.0,0.0
ret_16 & ema200_rel,0.332..0.781 & -0.716..-0.0819,42897,1.6788505996342276,0.2683404433876495,-0.7796745244014311,-0.19156150194044289,-0.19211774733625253,-119.4650110431867,0.0,0.0
ema50_rel & ret_16,-0.299..-0.00927 & -0.793..-0.331,68172,2.668032801320945,0.27883881945666844,-0.7806067303651905,-0.16098643915926122,-0.19304995330001185,-147.14401069663228,0.0,0.0
ret_96 & ret_16,-0.984..-0.0473 & 0.332..0.781,43514,1.702997995022584,0.27818633083605276,-0.7816532987115964,-0.1595217057252585,-0.19409652164641777,-118.40029476669513,0.0,0.0
ema50_rel & ema20_rel,0.272..0.654 & 0.00183..0.168,68025,2.662279694153865,0.2735023888276369,-0.7822703981182911,-0.1756519169161977,-0.19471362105311252,-147.80060824678725,0.0,0.0
ema20_rel & ema200_rel,-0.168..0.00183 & 0.54..1.36,44096,1.7257756029902067,0.2818396226415094,-0.783110362277122,-0.14931427188724833,-0.19555358521194344,-117.5879019916136,0.0,0.0
ema50_rel & ema200_rel,-0.299..-0.00927 & -1.57..-0.716,59021,2.309892095974351,0.26973450127920573,-0.7833676911312293,-0.18728033084377554,-0.19581091406605067,-139.6004011861462,0.0,0.0
dist_low_20 & ema50_rel,0.777..1.08 & 0.272..0.654,66761,2.6128107998736665,0.2743218346040353,-0.783484061351266,-0.17503267749512505,-0.1959272842860874,-148.87809643768318,0.0,0.0
atr_pct & ema20_rel,0.271..0.373 & -0.405..-0.168,57893,2.2657458042432883,0.27806470557753094,-0.7842481635846681,-0.16118221275938432,-0.19669138651948948,-141.94095292324238,0.0,0.0
atr_pct & ema50_rel,0.271..0.373 & -1.44..-0.701,30835,1.2067827176660701,0.2746229933517107,-0.7854893321833835,-0.17349825566982682,-0.19793255511820484,-104.44070400844761,0.0,0.0
atr_pct & ret_96,0.271..0.373 & 2.07..4.36,37431,1.4649289412991298,0.274157783655259,-0.7872982911758943,-0.17306051386177623,-0.19974151411071572,-114.56140046971427,0.0,0.0
ret_96 & ema20_rel,-2.24..-0.984 & -0.168..0.00183,48315,1.8908936923637483,0.2775742523025975,-0.7873252544346359,-0.15998651887162793,-0.19976847736945724,-124.92338803637195,0.0,0.0
atr_pct & ema200_rel,0.271..0.373 & -3.06..-1.57,30777,1.2045127842259977,0.2730285602885271,-0.7877969275966616,-0.1765723139087371,-0.20024015053148303,-104.5519619964842,0.0,0.0
ret_96 & ema20_rel,-0.984..-0.0473 & 0.168..0.394,42819,1.6757979305251647,0.2721922511034821,-0.7881671357531124,-0.1773256222502451,-0.20061035868793375,-119.1172930325399,0.0,0.0
atr_pct & ret_96,0.271..0.373 & -2.24..-0.984,57241,2.240228621434199,0.2761132754494156,-0.7882551377915934,-0.1665966889108752,-0.20069836072641478,-142.2120827751864,0.0,0.0
dist_high_20 & dist_low_20,0.463..0.708 & 0.524..0.777,40464,1.583630805501536,0.27009193357058126,-0.7930635653534578,-0.1832310563439381,-0.20550678828827917,-119.79762970607757,0.0,0.0
dist_low_20 & ema200_rel,0.524..0.777 & -0.716..-0.0819,48974,1.9166848326569845,0.2742271409319231,-0.7932796809551338,-0.1725730889832613,-0.20572290388995518,-129.11685724617826,0.0,0.0
atr_pct & dist_low_20,0.271..0.373 & -inf..0.288,57203,2.2387414236631167,0.2769784801496425,-0.794622170246487,-0.16509839944174864,-0.20706539318130834,-142.78736038531838,0.0,0.0
atr_pct & ret_16,0.271..0.373 & -0.793..-0.331,58710,2.2977205563215493,0.2754215636177823,-0.7948101597221676,-0.17122787541903536,-0.207253382656989,-145.37243544166498,0.0,0.0
atr_pct & ret_96,0.271..0.373 & -0.984..-0.0473,61654,2.412939246796948,0.27516462841015993,-0.7954821048237587,-0.16716199095116027,-0.20792532775858008,-149.0199001406917,0.0,0.0
dist_high_20 & ret_96,0.241..0.463 & -2.24..-0.984,40032,1.5667237150513416,0.2793764988009592,-0.7955138849197554,-0.15697366043167327,-0.20795710785457677,-114.96963855422155,0.0,0.0
atr_pct & dist_high_20,0.271..0.373 & 0.708..1,59162,2.315410382440734,0.27274263885602246,-0.7970400275969962,-0.17632463428714035,-0.2094832505318176,-146.6640354941649,0.0,0.0
atr_pct & dist_low_20,0.271..0.373 & 0.288..0.524,64377,2.5195087081300014,0.2755021203224754,-0.7972748435252811,-0.16915192570873555,-0.2097180664601025,-152.5322100971338,0.0,0.0
ret_16 & ema20_rel,0..0.332 & 0.168..0.394,65641,2.5689776024102,0.2716442467360339,-0.7981070220412478,-0.18008232912761826,-0.21055024497606922,-148.06744151797827,0.0,0.0
ret_16 & ema200_rel,-0.331..0 & -1.57..-0.716,52978,2.073388513588878,0.2690362037071992,-0.7989253390209737,-0.18738470158395285,-0.21136856195579512,-134.57222301148383,0.0,0.0
atr_pct & ret_96,0.271..0.373 & -4.32..-2.24,32039,1.253903404939297,0.27029557726520803,-0.7990495578018904,-0.18538593906202744,-0.21149278073671174,-108.45011999901057,0.0,0.0
dist_low_20 & ret_96,0.524..0.777 & -0.984..-0.0473,48628,1.9031435055834491,0.2766513120013161,-0.8009721652216508,-0.16549943646776766,-0.2134153881564722,-128.99738571531418,0.0,0.0
ret_96 & ema200_rel,-0.0473..0.849 & 0.54..1.36,69126,2.7053692927317905,0.27866504643694123,-0.8017842348593937,-0.15771839229300497,-0.21422745779421504,-149.71574775495083,0.0,0.0
ema50_rel & ema200_rel,-0.701..-0.299 & -0.716..-0.0819,65143,2.549487484252337,0.27326036565709283,-0.8018884853128442,-0.17697641491876462,-0.21433170824766556,-149.31224516756632,0.0,0.0
ema20_rel & ema200_rel,-0.168..0.00183 & -1.57..-0.716,51342,2.009360735865457,0.2681819952475556,-0.8020466712373308,-0.18957174275051217,-0.21448989417215214,-133.16286006686923,0.0,0.0
ema50_rel & ret_16,-0.00927..0.272 & 0.332..0.781,62810,2.4581813684645977,0.27264766756885844,-0.8020779556439185,-0.17693845861350327,-0.21452117857873987,-145.95359327299082,0.0,0.0
atr_pct & ema200_rel,0.271..0.373 & 1.36..2.88,37044,1.449783006104164,0.26865349314328907,-0.8039120692643636,-0.18928876505001188,-0.21635529219918503,-117.10368034512858,0.0,0.0
dist_high_20 & ret_16,0.708..1 & -0.793..-0.331,81199,3.177867679317893,0.27219547038756636,-0.8042536377216906,-0.17998275171124256,-0.21669686065651195,-169.88246012039383,0.0,0.0
ret_96 & ema50_rel,-0.984..-0.0473 & -0.701..-0.299,61537,2.4083602431333535,0.27242147000991274,-0.8045674054432204,-0.1807130570795014,-0.21701062837804175,-145.6918908942877,0.0,0.0
atr_pct & ema50_rel,0.271..0.373 & -0.299..-0.00927,61682,2.4140350767335343,0.271910768133329,-0.8068295916501957,-0.179187099053627,-0.21927281458501713,-151.7225259919882,0.0,0.0
dist_low_20 & ret_16,0.777..1.08 & 0.332..0.781,82293,3.220683320411672,0.27111661988261454,-0.8073240755422705,-0.1848621207246453,-0.21976729847709187,-171.3167728468245,0.0,0.0
atr_pct & dist_high_20,0.271..0.373 & 0.463..0.708,66299,2.5947296059199862,0.27033590250230016,-0.8074365830790904,-0.18230587149054456,-0.21987980601391177,-157.42695459056284,0.0,0.0
ret_96 & ret_16,0.849..2.07 & 0.332..0.781,55385,2.167590751351882,0.2728356053082965,-0.8088591062842864,-0.17982120351073602,-0.22130232921910775,-138.60318360321702,0.0,0.0
atr_pct & dist_low_20,0.271..0.373 & 1.46..2.04,22818,0.8930231247512368,0.26382680340082393,-0.809268704373323,-0.20420458645367545,-0.22171192730814437,-93.28963384648544,0.0,0.0
atr_pct & ema200_rel,0.271..0.373 & 0.54..1.36,59309,2.321163489607814,0.2697904196664924,-0.8097257874261286,-0.18567164807971973,-0.22216901036094994,-149.2925705203472,0.0,0.0
atr_pct & ema50_rel,0.271..0.373 & -0.00927..0.272,60455,2.3660142434409686,0.270002481184352,-0.8098295827435125,-0.1818113215651093,-0.22227280567833385,-150.8908217796888,0.0,0.0
atr_pct & ema20_rel,0.271..0.373 & -0.168..0.00183,60115,2.3527077370681306,0.2700324378274973,-0.8099437461729644,-0.18291319358257319,-0.22238696910778577,-150.77747462403596,0.0,0.0
atr_pct & ret_16,0.271..0.373 & -0.331..0,63361,2.479745736145285,0.2698978867126466,-0.8101423992024334,-0.18315869410581243,-0.22258562213725475,-154.57937270082405,0.0,0.0
atr_pct & dist_low_20,0.271..0.373 & 0.524..0.777,65592,2.567059900021173,0.26954506647152093,-0.8107291554610544,-0.1856463749383825,-0.22317237839587578,-157.6248675862813,0.0,0.0
ret_96 & ema200_rel,0.849..2.07 & -0.0819..0.54,65405,2.5597413215161122,0.2681599266111154,-0.8108370551098153,-0.19188173798020014,-0.22328027804463668,-150.3852379912765,0.0,0.0
dist_high_20 & dist_low_20,1..1.39 & -inf..0.288,46516,1.8204866189380546,0.2694126752085304,-0.8114831140903068,-0.18913577850632543,-0.2239263370251282,-131.31837952614856,0.0,0.0
ret_96 & ret_16,-0.0473..0.849 & -0.793..-0.331,44022,1.722879481014942,0.26929716959701966,-0.8115904123489004,-0.18941755856244152,-0.22403363528372178,-124.95313694120287,0.0,0.0
ret_96 & ema20_rel,-0.0473..0.849 & -0.405..-0.168,43258,1.6929789784595057,0.26832031069397566,-0.8118709357916198,-0.19326032705971963,-0.22431415872644123,-124.08708259064707,0.0,0.0
dist_high_20 & dist_low_20,0.241..0.463 & 0.777..1.08,42028,1.6448407348165914,0.26582278481012656,-0.8123312582585789,-0.1973155379497915,-0.22477448119340027,-125.43829979745796,0.0,0.0
dist_high_20 & ema20_rel,0.708..1 & -0.405..-0.168,70703,2.7670880002316895,0.27433065075032176,-0.8135387163864646,-0.17427229162614177,-0.22598193932128596,-160.29636340627417,0.0,0.0
atr_pct & ema50_rel,0.271..0.373 & -0.701..-0.299,60194,2.355799542960643,0.2680167458550686,-0.8135405616865381,-0.1912732833328127,-0.22598378462135948,-152.03708453762187,0.0,0.0
ret_16 & ema200_rel,0.332..0.781 & 0.54..1.36,61443,2.404681385489098,0.2775092362026594,-0.8135705580246057,-0.1644759472422434,-0.22601378095942704,-145.43592093915717,0.0,0.0
atr_pct & ema200_rel,0.271..0.373 & -1.57..-0.716,60722,2.3764637646219917,0.26769539870228254,-0.8138450352247978,-0.1913643590346983,-0.22628825815961917,-152.65253349758908,0.0,0.0
dist_low_20 & ema200_rel,0.524..0.777 & 0.54..1.36,49691,1.9447459063902932,0.2802117083576503,-0.8156011278276774,-0.15585708396876125,-0.22804435076249874,-130.6066374373014,0.0,0.0
ret_96 & ema200_rel,0.849..2.07 & 0.54..1.36,113473,4.440968228367828,0.2745058295806051,-0.8157866515039319,-0.17244101774502296,-0.2282298744387533,-197.94818562523332,0.0,0.0
atr_pct & ret_16,0.271..0.373 & 0..0.332,57015,2.231383708374606,0.2681925808997632,-0.8158953357144644,-0.18841125957556396,-0.22833855864928576,-147.94650015814057,0.0,0.0
atr_pct & ema200_rel,0.271..0.373 & -0.0819..0.54,61282,2.398380363353725,0.26851277699813975,-0.8174829958957409,-0.18920028436040212,-0.2299262188305623,-153.62964151375664,0.0,0.0
ret_16 & ema200_rel,-0.331..0 & 0.54..1.36,47591,1.862558661146293,0.27383328780651806,-0.8174931204743687,-0.1729869616260692,-0.2299363434091901,-127.96044762287738,0.0,0.0
atr_pct & ema50_rel,0.271..0.373 & 0.272..0.654,61246,2.3969714391495422,0.26703784736962416,-0.8183035346215356,-0.19367878211579403,-0.23074675755635699,-153.6581535813164,0.0,0.0
dist_high_20 & ema200_rel,0.241..0.463 & -1.57..-0.716,37350,1.4617588618397184,0.2673360107095047,-0.8183703906681039,-0.19220911733189405,-0.2308136136029253,-115.83053840463589,0.0,0.0
atr_pct & ema20_rel,0.271..0.373 & 0.394..0.822,37811,1.479800919009949,0.263706328846103,-0.8200268399837025,-0.20438434016103746,-0.2324700629185239,-121.24050355942586,0.0,0.0
atr_pct & ema200_rel,0.271..0.373 & -0.716..-0.0819,62965,2.464247569899274,0.2660366870483602,-0.8232458858248852,-0.19583794314560282,-0.2356891087597066,-157.70432257047293,0.0,0.0
ema20_rel & ema200_rel,0.168..0.394 & 0.54..1.36,64324,2.517434458607177,0.2750139916671849,-0.8244181420764697,-0.1706249100264943,-0.23686136501129107,-150.889420235439,0.0,0.0
atr_pct & ema20_rel,0.271..0.373 & 0.00183..0.168,59743,2.3381488536249075,0.26523609460522574,-0.8247842654409824,-0.1974364236737171,-0.23722748837580376,-153.6955709416592,0.0,0.0
atr_pct & ret_16,0.271..0.373 & 0.781..1.63,38499,1.5067270260232215,0.26133146315488714,-0.8251343473576159,-0.20976438239593606,-0.2375775702924373,-123.63631280186216,0.0,0.0
atr_pct & ret_96,0.271..0.373 & -0.0473..0.849,59389,2.324294432283776,0.2658067992389163,-0.8251712954754038,-0.1964684132117127,-0.23761451841022518,-153.340955653703,0.0,0.0
dist_low_20 & ema50_rel,-inf..0.288 & 0.272..0.654,6808,0.26644322172435886,0.274529964747356,-0.825759747920334,-0.16207513055929418,-0.2382029708551554,-48.38022853607381,0.07142857142857142,0.0
atr_pct & ema50_rel,0.271..0.373 & 0.654..1.38,37810,1.4797617822264995,0.26112139645596405,-0.8260716018051183,-0.21208622428897686,-0.23851482473993968,-122.58255812191565,0.0,0.0
atr_pct & dist_low_20,0.271..0.373 & 0.777..1.08,59371,2.323589970181685,0.26243452190463357,-0.8272295554479487,-0.20630004695123555,-0.23967277838277012,-154.14762145855198,0.0,0.0
atr_pct & dist_high_20,0.271..0.373 & 0.241..0.463,65789,2.5747698463607294,0.2647251060207633,-0.8278799951014675,-0.199667789646337,-0.24032321803628887,-161.61640284447566,0.0,0.0
ema50_rel & ret_16,0.272..0.654 & 0.332..0.781,98188,3.842762493341855,0.2725180266427669,-0.8285683266468158,-0.17902231515246428,-0.24101154958163717,-187.56738817789437,0.0,0.0
ema50_rel & ema20_rel,0.272..0.654 & 0.168..0.394,118456,4.6359868202968055,0.27156919024785575,-0.829553201361545,-0.18070934510723058,-0.24199642429636636,-206.32692540080075,0.0,0.0
dist_low_20 & ema20_rel,0.777..1.08 & 0.168..0.394,72530,2.83859090359397,0.2672962911898525,-0.8299624273175623,-0.19448841691222135,-0.2424056502523837,-166.06541442634764,0.0,0.0
atr_pct & dist_low_20,0.271..0.373 & 1.08..1.46,44526,1.742604419873502,0.2588375331267125,-0.8321686270529806,-0.21696340236707887,-0.24461184998780194,-134.76795398491097,0.0,0.0
atr_pct & ema20_rel,0.271..0.373 & 0.168..0.394,59597,2.332434883241277,0.2618252596607212,-0.832422247171627,-0.20828395986135725,-0.24486547010644844,-155.3577385531221,0.0,0.0
atr_pct & ret_16,0.271..0.373 & 0.332..0.781,60573,2.3706323838880126,0.2612054875934822,-0.8352559468342625,-0.21124639522526265,-0.2476991697690839,-157.21002733092126,0.0,0.0
dist_high_20 & dist_low_20,-inf..0.241 & 1.08..1.46,45348,1.7747748558690108,0.2622607391726206,-0.8361998786529367,-0.20857512979997597,-0.24864310158775804,-134.6371869918757,0.0,0.0
dist_high_20 & ema200_rel,0.241..0.463 & 0.54..1.36,55193,2.160076488929574,0.2749080499338684,-0.8362993087413626,-0.17055062317532158,-0.248742531676184,-142.39431419741894,0.0,0.0
ema50_rel & ret_16,0.272..0.654 & 0..0.332,62548,2.4479275312008224,0.2724627486090682,-0.8367664339190894,-0.1753978305440508,-0.24920965685391083,-150.1802726302521,0.0,0.0
ret_96 & ema20_rel,0.849..2.07 & 0.168..0.394,57351,2.2445336676136463,0.26431971543652244,-0.8373323313398569,-0.20304879025068345,-0.24977555427467824,-147.23021824055246,0.0,0.0
ret_16 & ema20_rel,0.332..0.781 & 0.168..0.394,112356,4.39725244125471,0.2654419879668197,-0.8373389555220141,-0.19855457753728717,-0.24978217845683548,-204.8078344434827,0.0,0.0
ret_96 & ema20_rel,-0.984..-0.0473 & -0.405..-0.168,53257,2.0843076761712953,0.2731096381696303,-0.8380762945279239,-0.1773447327224906,-0.25051951746274526,-139.55461068469728,0.0,0.0
ema50_rel & ema200_rel,0.272..0.654 & 0.54..1.36,88912,3.4797296900640706,0.27386629476336155,-0.8383313291884379,-0.17357605879136573,-0.2507745521232593,-180.3179163304696,0.0,0.0
dist_low_20 & ret_96,0.524..0.777 & 0.849..2.07,47794,1.8705034281865462,0.2659957316818011,-0.8393255355803129,-0.20072745725240382,-0.25176875851513425,-135.43855719000635,0.0,0.0
ema50_rel & ema20_rel,-0.299..-0.00927 & 0.00183..0.168,65326,2.5566495156235995,0.26831583136882714,-0.8407461369081369,-0.18654475053683658,-0.2531893598429583,-154.49177952628676,0.0,0.0
ema50_rel & ema200_rel,0.272..0.654 & -0.0819..0.54,61809,2.419005448231624,0.26947531912828226,-0.8426415735283985,-0.18583463485986124,-0.2550847964632199,-151.51096943576556,0.0,0.0
dist_high_20 & ema200_rel,-inf..0.241 & -1.57..-0.716,27526,1.0772791012315954,0.2615708784422001,-0.8435236234841688,-0.2100080202252449,-0.25596684641899015,-101.78342868861887,0.0,0.0
atr_pct & dist_high_20,0.271..0.373 & -inf..0.241,56809,2.223321530984004,0.259272298403422,-0.846296172613228,-0.21735489345477055,-0.25873939554804937,-154.49020860332354,0.0,0.0
ret_96 & ret_16,-0.984..-0.0473 & -0.793..-0.331,53176,2.081137596711884,0.26857981044080037,-0.8501233183965229,-0.18882338914463465,-0.26256654133134427,-142.5512465207109,0.0,0.0
dist_high_20 & ema200_rel,0.463..0.708 & -0.0819..0.54,50297,1.9684627971607047,0.2689027178559357,-0.8534211709662685,-0.18482742486737547,-0.26586439390108985,-139.8503519587902,0.0,0.0
atr_pct & ret_96,0.271..0.373 & 0.849..2.07,60871,2.3822951453559704,0.25498184685646696,-0.8548004395193839,-0.23083608385036214,-0.2672436624542053,-162.64264393668347,0.0,0.0
ret_96 & ema20_rel,0.849..2.07 & -0.168..0.00183,44549,1.7435045658928412,0.2640687781992862,-0.8553150888553037,-0.20213519335315763,-0.2677583117901251,-131.247855762773,0.0,0.0
ret_96 & ema50_rel,0.849..2.07 & 0.272..0.654,77429,3.0303220057131877,0.2636092420152656,-0.8554408943213515,-0.20517575965107815,-0.2678841172561729,-174.3282564268992,0.0,0.0
dist_high_20 & ret_96,0.463..0.708 & -0.0473..0.849,49122,1.922477076607514,0.2689426326289646,-0.8588687735678232,-0.18573491745130513,-0.2713119965026446,-138.54145110308534,0.0,0.0
ret_96 & ema50_rel,-0.0473..0.849 & 0.272..0.654,60134,2.3534513359536713,0.27225862240995113,-0.8614918502236819,-0.1775842382676956,-0.2739350731585033,-151.03964765977375,0.0,0.0
ema50_rel & ema200_rel,-0.00927..0.272 & 0.54..1.36,63889,2.500409957806634,0.27247256961292243,-0.8652510288511606,-0.17267609750019355,-0.27769425178598195,-155.01952228196018,0.0,0.0
dist_low_20 & ret_16,0.777..1.08 & 0.781..1.63,10958,0.42886087303988313,0.2700310275597737,-0.8670171118606128,-0.1859348991094939,-0.2794603347954342,-66.852609256832,0.0,0.0
ema20_rel & ema200_rel,-0.405..-0.168 & -0.716..-0.0819,55887,2.1872374166435433,0.26600103780843487,-0.8673379348480047,-0.19705494219254527,-0.2797811577828261,-149.3559020342247,0.0,0.0
ret_16 & ema200_rel,-0.793..-0.331 & -0.716..-0.0819,55602,2.176083433360429,0.264378979173411,-0.869714085936047,-0.2013885563716828,-0.28215730887086843,-149.85421936704952,0.0,0.0
dist_low_20 & ret_16,0.524..0.777 & 0..0.332,67362,2.6363320067268305,0.26820759478637807,-0.8724527013084015,-0.18909477224333326,-0.28489592424322285,-166.66200971117397,0.0,0.0
dist_high_20 & ret_96,0.241..0.463 & 0.849..2.07,53172,2.080981049578086,0.2619423756864515,-0.8739673302703878,-0.2098211018752092,-0.28641055320520914,-148.0795842644523,0.0,0.0
dist_high_20 & ret_96,-inf..0.241 & -2.24..-0.984,33845,1.324584435849137,0.2644408332102231,-0.874604520769649,-0.1988544563444671,-0.2870477437044704,-115.56960968117077,0.0,0.0
dist_low_20 & ema50_rel,0.524..0.777 & -0.00927..0.272,60799,2.379477296947605,0.27020181252981135,-0.8746385556623834,-0.182954275312002,-0.28708177859720474,-157.34642385811534,0.0,0.0
dist_high_20 & ret_96,0.463..0.708 & -0.984..-0.0473,51379,2.0108087968530897,0.26946807061250705,-0.8762334448830021,-0.18342568674608725,-0.28867666781782353,-144.07652389381525,0.0,0.0
dist_high_20 & ret_16,0.463..0.708 & -0.331..0,78068,3.0553304103374335,0.26825331762053595,-0.8766516313726824,-0.18691606843425593,-0.2890948543075038,-180.21662792015684,0.0,0.0
ret_96 & ret_16,0.849..2.07 & -0.331..0,48236,1.8878018864712358,0.25748403681897336,-0.8813318267601098,-0.2224458635681777,-0.2937750496949312,-141.48946780112726,0.0,0.0
ret_16 & ema20_rel,0..0.332 & -0.168..0.00183,62184,2.4336817420251955,0.26960311334105236,-0.8837189696554416,-0.1784452109114122,-0.296162192590263,-155.3831627664957,0.0,0.0
ret_16 & ema200_rel,0.332..0.781 & -0.0819..0.54,53336,2.087399482063808,0.26818659067046646,-0.8857767510478014,-0.18812099963457493,-0.2982199739826228,-146.86786051633337,0.0,0.0
dist_low_20 & ret_96,-inf..0.288 & -2.24..-0.984,52765,2.0650523787141295,0.2686818914052876,-0.8884470118161076,-0.18710863989829854,-0.300890234750929,-146.16074172563947,0.0,0.0
dist_low_20 & ema200_rel,0.524..0.777 & -0.0819..0.54,52251,2.0449360720210743,0.2694111117490574,-0.8901658407381032,-0.1857546656951968,-0.3026090636729246,-147.12147954875118,0.0,0.0
dist_low_20 & ema200_rel,-inf..0.288 & -1.57..-0.716,58143,2.2755300001056695,0.2656037700153071,-0.8916010964386426,-0.19796237360191618,-0.304044319373464,-155.92318469883077,0.0,0.0
dist_high_20 & ema50_rel,0.463..0.708 & -0.701..-0.299,42285,1.654898888163119,0.261061842260849,-0.8939948868692431,-0.2097493278388292,-0.3064381098040645,-135.1392015243662,0.0,0.0
dist_high_20 & ema200_rel,0.463..0.708 & -0.716..-0.0819,53522,2.0946789237854193,0.2661522364635103,-0.8961618253137145,-0.19397844032805678,-0.30860504824853585,-150.66621411236054,0.0,0.0
ema20_rel & ema200_rel,0.00183..0.168 & 0.54..1.36,55946,2.1895464868670653,0.2706359704000286,-0.8988423170655706,-0.17813586435201614,-0.311285540000392,-150.41331093013804,0.0,0.0
dist_low_20 & ema20_rel,0.777..1.08 & 0.394..0.822,16339,0.6394559047817714,0.2642756594650835,-0.899479598874561,-0.20315749189165208,-0.31192282180938236,-85.23978151184805,0.0,0.0
ret_96 & ema50_rel,0.849..2.07 & -0.00927..0.272,59687,2.3359571937517343,0.2612796756412619,-0.902826943403069,-0.20470875286410578,-0.3152701663378904,-158.5126115341255,0.0,0.0
dist_low_20 & ret_16,0.288..0.524 & -0.331..0,72414,2.834051036713825,0.266012097108294,-0.9033865798572757,-0.1936466870067066,-0.31582980279209705,-178.51890005429016,0.0,0.0
ret_96 & ret_16,-0.0473..0.849 & 0.332..0.781,51354,2.0098303772668515,0.26381586633952564,-0.9052939816320141,-0.20169591681553334,-0.3177372045668355,-147.95277218585312,0.0,0.0
dist_high_20 & ema20_rel,0.708..1 & -0.855..-0.405,9821,0.38436235025777443,0.2612768557173404,-0.9054713311868929,-0.21248416272328624,-0.3179145541217143,-66.95471763385719,0.0,0.0
ema50_rel & ret_16,-0.299..-0.00927 & 0..0.332,57798,2.2620278098155837,0.2680888612062701,-0.9054884846839989,-0.18248769082936803,-0.3179317076188203,-153.9815133337984,0.0,0.0
ret_16 & ema20_rel,-0.331..0 & 0.00183..0.168,72226,2.8266933214253145,0.2600033229031097,-0.9068692046113082,-0.2080723913586849,-0.31931242754612954,-173.10622679303543,0.0,0.0
ema50_rel & ema20_rel,-0.00927..0.272 & -0.168..0.00183,71046,2.7805119169548767,0.26786870478281677,-0.9068921699866439,-0.18293646392748034,-0.3193353929214653,-168.69909294382344,0.0,0.0
dist_low_20 & ema200_rel,0.288..0.524 & 0.54..1.36,44089,1.7255016455060601,0.2733334845426297,-0.9070102483024803,-0.17104545195749676,-0.3194534712373017,-134.51663766349895,0.0,0.0
dist_low_20 & ema50_rel,0.288..0.524 & -0.299..-0.00927,63308,2.4776714866224605,0.26990269792127375,-0.9074928777136467,-0.18157907513704843,-0.3199361006484681,-166.29142961850766,0.0,0.0
ema20_rel & ema200_rel,0.168..0.394 & -0.0819..0.54,53702,2.1017235448063336,0.2600461807753901,-0.9086413081420135,-0.21031926893679181,-0.3210845310768349,-152.51070443806512,0.0,0.0
dist_low_20 & ema20_rel,0.524..0.777 & 0.00183..0.168,69146,2.706152028400781,0.26419460272466955,-0.9088445327248676,-0.19948088487707935,-0.32128775565968903,-177.18899280920877,0.0,0.0
ret_96 & ema20_rel,-0.0473..0.849 & 0.168..0.394,52032,2.0363651164456287,0.2623769987699877,-0.9090049533541662,-0.20383158051655229,-0.3214481762889876,-149.29183430922578,0.0,0.0
dist_low_20 & ret_96,0.524..0.777 & -0.0473..0.849,50448,1.9743724514615828,0.2618736124326039,-0.9106397806167041,-0.20821107299586128,-0.3230830035515255,-149.06160665822173,0.0,0.0
dist_high_20 & ema50_rel,0.463..0.708 & -0.299..-0.00927,65280,2.5548492235849216,0.26799938725490197,-0.9117920308106157,-0.1884036287627094,-0.32423525374543705,-169.6028120280426,0.0,0.0
ret_96 & ema200_rel,-0.984..-0.0473 & -0.0819..0.54,71622,2.803054704221802,0.2709083801066711,-0.9132532496003456,-0.1716487225602872,-0.325696472535167,-169.68420976245304,0.0,0.0
dist_low_20 & ema50_rel,-inf..0.288 & -0.701..-0.299,75062,2.9376852392881645,0.2684314300178519,-0.9204288450093906,-0.1886281726519394,-0.332872067944212,-182.62900245695008,0.0,0.0
ret_16 & ema200_rel,0..0.332 & 0.54..1.36,52411,2.0511979573729984,0.26790177634466045,-0.9252623937160763,-0.1846438664984371,-0.3377056166508977,-149.9061055146707,0.0,0.0
dist_high_20 & ema20_rel,0.463..0.708 & -0.168..0.00183,71458,2.79663627173608,0.267583755492737,-0.9254750757256373,-0.18651907862123454,-0.33791829866045864,-182.24650951292688,0.0,0.0
dist_low_20 & ret_96,0.288..0.524 & 0.849..2.07,45510,1.7811150147878336,0.2589321028345419,-0.9268683364227316,-0.21590701314688848,-0.33931155935755297,-143.40938915682355,0.0,0.0
dist_low_20 & ema20_rel,0.288..0.524 & -0.168..0.00183,67957,2.659618392879297,0.2663448945656812,-0.9291011564088354,-0.19006232292232392,-0.3415443793436568,-179.5075348328635,0.0,0.0
dist_high_20 & dist_low_20,0.463..0.708 & 0.288..0.524,39350,1.5400324287387663,0.2654637865311309,-0.9365972029402893,-0.19222999247753067,-0.34904042587511064,-139.15435053732415,0.0,0.0
ret_96 & ret_16,0.849..2.07 & 0..0.332,49007,1.9179763465108188,0.2575550431571,-0.9424271936712044,-0.2145421819762587,-0.3548704166060258,-150.13270255549426,0.0,0.0
ret_96 & ema20_rel,0.849..2.07 & 0.00183..0.168,52152,2.0410615304595714,0.25239684000613594,-0.9444343624588969,-0.2314320703221487,-0.3568775853937183,-156.80910250347827,0.0,0.0
dist_low_20 & ema50_rel,0.524..0.777 & 0.272..0.654,53384,2.089278047669385,0.26479844148059345,-0.947732318165338,-0.19854626589158536,-0.36017554110015937,-158.3051740874441,0.0,0.0
dist_high_20 & ret_16,0.241..0.463 & 0..0.332,68176,2.6681893484547428,0.2647559258390049,-0.950486665878156,-0.19703927105297986,-0.3629298888129774,-181.89051688447591,0.0,0.0
dist_high_20 & ema50_rel,0.241..0.463 & -0.701..-0.299,18207,0.712563416265482,0.2364475201845444,-0.9513259693342524,-0.2786541526348479,-0.3637691922690738,-96.95336502729894,0.0,0.0
ret_96 & ema200_rel,-0.0473..0.849 & -0.716..-0.0819,67451,2.639815180453838,0.25130835717780314,-0.9545432605176476,-0.2323533896368605,-0.366986483452469,-173.76238780104333,0.0,0.0
dist_low_20 & ema200_rel,-inf..0.288 & 0.54..1.36,32994,1.2912790331335922,0.2676547251015336,-0.9549362928844501,-0.17957636331120774,-0.36737951581927153,-121.06088174129852,0.0,0.0
dist_high_20 & dist_low_20,0.241..0.463 & 0.524..0.777,39607,1.550090582085294,0.26098921907743583,-0.9557370483264138,-0.2077604922592639,-0.3681802712612352,-143.451869180913,0.0,0.0
dist_low_20 & ret_16,-inf..0.288 & -0.793..-0.331,83992,3.287176715492413,0.26082245928183634,-0.9584822772565083,-0.21010083924624276,-0.37092550019132964,-203.00448641222394,0.0,0.0
dist_low_20 & ret_96,0.288..0.524 & -0.984..-0.0473,57057,2.2330274532794863,0.263806369069527,-0.967925533448675,-0.19241797306783337,-0.38036875638349643,-165.9088629933641,0.0,0.0
ema50_rel & ret_16,-0.00927..0.272 & -0.331..0,72597,2.841213068085088,0.2599831948978608,-0.9775004624264333,-0.20289617581862826,-0.3899436853612547,-182.46555617309247,0.0,0.0
dist_low_20 & ret_96,-inf..0.288 & 0.849..2.07,37961,1.4856714365273775,0.25721134848923893,-0.9777129308495474,-0.21400516456826774,-0.39015615378436874,-135.2535667436478,0.0,0.0
dist_low_20 & ema200_rel,0.288..0.524 & -0.716..-0.0819,57583,2.253613401373936,0.2547105916676797,-0.9795615894032934,-0.22306593304382114,-0.3920048123381148,-171.71591423319802,0.0,0.0
ema50_rel & ema200_rel,-0.00927..0.272 & -0.716..-0.0819,62437,2.443583348237925,0.25351954770408575,-0.9818741298950299,-0.21969390091748675,-0.39431735282985125,-172.52971565818942,0.0,0.0
ret_96 & ema50_rel,-0.984..-0.0473 & -0.00927..0.272,59566,2.331221642954342,0.2618440049692778,-0.9933016739198962,-0.19072043950930478,-0.4057448968547176,-168.06523787828732,0.0,0.0
ema50_rel & ema200_rel,-0.299..-0.00927 & -0.0819..0.54,65923,2.5800141753429653,0.2636712528252658,-0.9962539691840575,-0.18947910523579145,-0.4086971921188789,-176.49784573981128,0.0,0.0
dist_high_20 & dist_low_20,0.708..1 & -inf..0.288,42521,1.6641351690572066,0.26184708732155876,-0.9968802774066312,-0.20627770352298772,-0.4093235003414526,-153.7349791878679,0.0,0.0
dist_high_20 & ema20_rel,0.241..0.463 & 0.00183..0.168,70969,2.777498384629263,0.25864814214657106,-1.001270317243175,-0.21450796132219263,-0.41371354017799633,-198.22175209946982,0.0,0.0
dist_high_20 & ema50_rel,0.241..0.463 & -0.00927..0.272,67575,2.644668141601579,0.2600517943026267,-1.0075848124042557,-0.20927742422625178,-0.42002803533907707,-190.02329803338137,0.0,0.0
ret_96 & ema200_rel,-0.984..-0.0473 & -0.716..-0.0819,106350,4.162196919856869,0.25637987776210625,-1.0127881964073049,-0.2094696973117144,-0.42523141934212627,-230.32111871682523,0.0,0.0
dist_high_20 & ret_16,-inf..0.241 & 0.332..0.781,85753,3.3560965911470246,0.2544050936993458,-1.017881286070436,-0.2271241513124965,-0.4303245090052574,-217.9520010552509,0.0,0.0
dist_high_20 & ret_96,-inf..0.241 & 0.849..2.07,58281,2.2809308762217038,0.25445685557900516,-1.0201057099065851,-0.2214801562002898,-0.4325489328414065,-175.46100923793742,0.0,0.0
dist_high_20 & dist_low_20,-inf..0.241 & 0.777..1.08,42045,1.6455060601352332,0.2563919609941729,-1.0229480069662151,-0.22379066282423515,-0.4353912299010365,-157.7251010570976,0.0,0.0
dist_low_20 & ema50_rel,0.288..0.524 & 0.272..0.654,26432,1.0344634601378162,0.25991222760290555,-1.0244024857094904,-0.20237456674376816,-0.4368457086443118,-117.2232481691478,0.0,0.0
dist_low_20 & ema20_rel,-inf..0.288 & -0.405..-0.168,77779,3.044019879920521,0.2574473829696962,-1.0307480446650377,-0.2175995219195397,-0.44319126759985905,-211.1271924722889,0.0,0.0
dist_high_20 & ema50_rel,-inf..0.241 & 0.272..0.654,79358,3.105816860987319,0.2574409637339651,-1.0317220881992095,-0.21684530195180424,-0.4441653111340309,-209.85388579985909,0.0,0.0
dist_high_20 & ret_96,0.241..0.463 & -0.984..-0.0473,54391,2.1286887886030557,0.25586953723961686,-1.0400259862952426,-0.21156960062650126,-0.45246920923006395,-172.1632425855824,0.0,0.0
dist_high_20 & ema200_rel,-inf..0.241 & 0.54..1.36,63650,2.4910562665621976,0.2559465828750982,-1.0444173078421695,-0.21737581836509118,-0.45686053077699085,-187.27286324122036,0.0,0.0
ret_96 & ema20_rel,-0.984..-0.0473 & 0.00183..0.168,55027,2.1535797828769527,0.2551111272647973,-1.0448005449850206,-0.20708567789707624,-0.457243767919842,-170.11028595664567,0.0,0.0
ema20_rel & ema200_rel,0.00183..0.168 & -0.716..-0.0819,56880,2.2261002426089207,0.24572784810126583,-1.0461250640805344,-0.23835088307775343,-0.4585682870153558,-175.55207637503003,0.0,0.0
ret_96 & ret_16,-0.984..-0.0473 & 0..0.332,51719,2.0241153032259276,0.25903439741681006,-1.051105344040584,-0.19495921380157313,-0.46354856697540536,-164.46975169561395,0.0,0.0
ret_16 & ema200_rel,0..0.332 & -0.716..-0.0819,52886,2.0697879295115222,0.2502930832356389,-1.0565725063250648,-0.22302555845314873,-0.4690157292598862,-168.93520652066226,0.0,0.0
dist_high_20 & ema200_rel,0.241..0.463 & -0.0819..0.54,60151,2.3541166612723132,0.2556898472178351,-1.057903156974598,-0.21645460608369474,-0.4703463799094194,-184.48134395549368,0.0,0.0
dist_high_20 & ret_16,0.463..0.708 & -0.793..-0.331,35658,1.395539424243124,0.2558752594088283,-1.0650277149267893,-0.2206820955398165,-0.47747093786161066,-146.6626171967107,0.0,0.0
dist_low_20 & ret_16,0.524..0.777 & 0.332..0.781,46280,1.811250338043967,0.25466724286949005,-1.067438592915088,-0.2244367038194177,-0.4798818158499094,-167.92095666017312,0.0,0.0
ret_96 & ema50_rel,-0.0473..0.849 & -0.299..-0.00927,61877,2.4216667495061914,0.24648900237568078,-1.0675213796325573,-0.2387480161767482,-0.4799646025673787,-183.89906563661543,0.0,0.0
ret_96 & ema50_rel,-0.984..-0.0473 & -0.299..-0.00927,75889,2.970051359200921,0.2548063619233354,-1.0675670834468707,-0.20887680215986787,-0.48001030638169206,-201.8148499483629,0.0,0.0
dist_high_20 & ret_96,0.241..0.463 & -0.0473..0.849,58664,2.2959202642828713,0.25197736260739123,-1.0724176794658202,-0.2278026653811562,-0.4848609024006416,-184.14750614719546,0.0,0.0
dist_high_20 & ema200_rel,0.241..0.463 & -0.716..-0.0819,56443,2.2089974682414786,0.2474886168346828,-1.072941824063573,-0.23711881485058017,-0.48538504699839446,-182.0605212567108,0.0,0.0
ema50_rel & ema20_rel,-0.299..-0.00927 & -0.168..0.00183,111122,4.348957650477997,0.2552959809938626,-1.0764759049305463,-0.20683482634872735,-0.48891912786536773,-243.19763362501268,0.0,0.0
dist_low_20 & ema200_rel,0.288..0.524 & -0.0819..0.54,58598,2.2933372365752027,0.257363732550599,-1.0784670821926063,-0.20359281480033778,-0.4909103051274277,-182.65313109170182,0.0,0.0
ret_96 & ema20_rel,-0.984..-0.0473 & -0.168..0.00183,60733,2.376894269239936,0.256582088814977,-1.0785526665756449,-0.20161899290369908,-0.49099588951046624,-180.23124450616646,0.0,0.0
dist_low_20 & ret_96,0.288..0.524 & -0.0473..0.849,57229,2.2397589800328044,0.2503276310961226,-1.0831269819150762,-0.22893573427592714,-0.49557020484989756,-183.61649128991957,0.0,0.0
ret_16 & ema20_rel,-0.331..0 & -0.168..0.00183,112831,4.415842413393234,0.250392179454228,-1.0883192636400965,-0.22115745466218067,-0.5007624865749178,-247.86316862884465,0.0,0.0
atr_pct & dist_low_20,-inf..0.271 & 1.08..1.46,14057,0.5501457649499577,0.264210002134168,-1.089087382915424,-0.1982542741478379,-0.5015306058502453,-97.93665936793595,0.0,0.0
ema50_rel & ret_16,-0.299..-0.00927 & -0.331..0,98794,3.866479384112266,0.25078446059477294,-1.0927789667299213,-0.22003357540757812,-0.5052221896647426,-232.84356391699595,0.0,0.0
ret_96 & ret_16,-0.984..-0.0473 & -0.331..0,62534,2.4473796162325288,0.24941631752326734,-1.0929603638797742,-0.2246854406905082,-0.5054035868145956,-186.8675266472484,0.0,0.0
ema50_rel & ema200_rel,-0.299..-0.00927 & -0.716..-0.0819,84688,3.3144159167732816,0.24620961647458908,-1.0966587445808198,-0.2356341972240754,-0.5091019675156412,-220.25442340745855,0.0,0.0
ema20_rel & ema200_rel,-0.168..0.00183 & -0.0819..0.54,60291,2.3595958109552466,0.25373604683949513,-1.09712835060579,-0.21041902805653945,-0.5095715735406114,-182.77516591847123,0.0,0.0
dist_high_20 & ema20_rel,-inf..0.241 & 0.168..0.394,78745,3.081826012732761,0.24778716108959298,-1.1098775749664194,-0.2431261575289519,-0.5223207979012408,-230.24177641043948,0.0,0.0
ret_16 & ema200_rel,-0.331..0 & -0.716..-0.0819,67166,2.6286611971707234,0.24613643807878988,-1.1125280008951977,-0.23452037720333627,-0.524971223830019,-196.02003238815826,0.0,0.0
atr_pct & dist_high_20,-inf..0.271 & 1..1.39,13642,0.5339039998184053,0.2516493182817769,-1.114335330969606,-0.2281383423716667,-0.5267785539044274,-99.96768846406232,0.0,0.0
ret_16 & ema200_rel,-0.331..0 & -0.0819..0.54,62783,2.4571246753114604,0.2497172801554561,-1.1148919737074416,-0.2231822217249624,-0.527335196642263,-189.5779098090182,0.0,0.0
ema20_rel & ema200_rel,-0.168..0.00183 & -0.716..-0.0819,65483,2.562793990625175,0.2478505871752974,-1.1159400284702183,-0.2274272077705151,-0.5283832514050397,-193.71276555650866,0.0,0.0
dist_low_20 & ema20_rel,0.524..0.777 & 0.168..0.394,41358,1.6186190899054103,0.2512694037429276,-1.119341091073596,-0.23395161518742508,-0.5317843140084173,-167.48718727638996,0.0,0.0
atr_pct & ret_16,-inf..0.271 & 0.781..1.63,14644,0.5731190568348283,0.2594919420923245,-1.126930993144863,-0.2117612284478868,-0.5393742160796844,-103.56768919313149,0.0,0.0
atr_pct & ret_16,-inf..0.271 & -1.65..-0.793,11001,0.43054375472821266,0.25052267975638576,-1.1308630139317428,-0.23410937535148513,-0.5433062368665642,-90.79189593662588,0.0,0.0
dist_high_20 & ema20_rel,0.463..0.708 & -0.405..-0.168,31471,1.2316737119399672,0.2500079438212958,-1.131516369103094,-0.23747885179349254,-0.5439595920379154,-148.1182553397919,0.0,0.0
ret_96 & ema200_rel,-0.0473..0.849 & -0.0819..0.54,106953,4.1857964002769315,0.244509270427197,-1.1333088377830556,-0.23902739738702142,-0.545752060717877,-250.50026632801024,0.0,0.0
atr_pct & ema200_rel,-inf..0.271 & -3.06..-1.57,8695,0.3402943320936105,0.2518688901667625,-1.134844144729768,-0.2329506089887949,-0.5472873676645893,-80.68963485957794,0.0,0.0
atr_pct & ema20_rel,-inf..0.271 & -0.855..-0.405,12256,0.4796604179573652,0.2537532637075718,-1.1386870051024847,-0.22694337505852974,-0.551130228037306,-95.74423112101869,0.0,0.0
atr_pct & ema50_rel,-inf..0.271 & -1.44..-0.701,9165,0.35868862031488674,0.24920894708128752,-1.1425376131737954,-0.2409044406285779,-0.5549808361086168,-83.5653428349875,0.0,0.0
atr_pct & ema50_rel,-inf..0.271 & 0.654..1.38,15715,0.6150345519092684,0.2601336302895323,-1.1446620230516695,-0.21232805412611988,-0.5571052459864909,-108.66061752796158,0.0,0.0
ema50_rel & ema20_rel,-0.00927..0.272 & 0.00183..0.168,112879,4.417720978998811,0.2449171236456737,-1.1497671683238284,-0.23231487040014798,-0.5622103912586498,-259.9480001670295,0.0,0.0
atr_pct & dist_high_20,-inf..0.271 & 0.708..1,33364,1.305759643009916,0.2540462774247692,-1.1541369453901025,-0.2229353393974422,-0.5665801683249239,-160.6239141644174,0.0,0.0
ret_16 & ema20_rel,0..0.332 & 0.00183..0.168,103886,4.065763885437242,0.2422559343896194,-1.1556199832080314,-0.2398661883541065,-0.5680632061428528,-252.2091103110543,0.0,0.0
ret_96 & ema20_rel,-0.0473..0.849 & -0.168..0.00183,57722,2.2590534142734198,0.24051488167423166,-1.156479208664314,-0.24798211450923033,-0.5689224315991355,-188.32442431942306,0.0,0.0
ret_96 & ret_16,-0.0473..0.849 & -0.331..0,60735,2.3769725428068353,0.24028978348563432,-1.1572758092725197,-0.24976262927638349,-0.5697190322073411,-192.8413067862152,0.0,0.0
atr_pct & ret_96,-inf..0.271 & -4.32..-2.24,11093,0.43414433880556885,0.25196069593437304,-1.159130073843033,-0.2287228396708672,-0.5715732967778544,-92.49489701287933,0.0,0.0
atr_pct & ema20_rel,-inf..0.271 & 0.394..0.822,16187,0.6335071136974437,0.25254834126150616,-1.1695376794224486,-0.2346469107123757,-0.58198090235727,-113.40698467239778,0.0,0.0
atr_pct & ret_96,-inf..0.271 & 2.07..4.36,17216,0.6737788638670038,0.25365938661710036,-1.1749745500586966,-0.22888556098819254,-0.5874177729935179,-117.29578065826269,0.0,0.0
dist_low_20 & ema50_rel,0.288..0.524 & -0.00927..0.272,65206,2.551953101609657,0.2466950894089501,-1.1753377769181346,-0.23202579903190293,-0.587780999852956,-212.08367084509436,0.0,0.0
ema50_rel & ret_16,-0.00927..0.272 & 0..0.332,91754,3.5909564286276177,0.24318285851298035,-1.180005353992921,-0.23428185356281367,-0.5924485769277423,-238.4699614444837,0.0,0.0
atr_pct & dist_low_20,-inf..0.271 & 0.777..1.08,33300,1.3032548888691466,0.24876876876876877,-1.184560400901851,-0.24314662784794353,-0.5970036238366725,-165.82369446149022,0.0,0.0
dist_high_20 & dist_low_20,0.241..0.463 & 0.288..0.524,36875,1.4431688897011945,0.25014237288135593,-1.1895474046059948,-0.2368942140832204,-0.6019906275408162,-172.3732773239574,0.0,0.0
atr_pct & ema200_rel,-inf..0.271 & 1.36..2.88,17882,0.6998439616443868,0.2514260149871379,-1.1901887285380257,-0.2349089913369156,-0.6026319514728471,-121.16476203911968,0.07692307692307693,0.0
dist_high_20 & ema50_rel,0.241..0.463 & -0.299..-0.00927,59390,2.3243335690672255,0.24352584610203737,-1.1904149615725614,-0.24176977147530332,-0.6028581845073828,-204.38906975669047,0.0,0.0
ema50_rel & ema200_rel,-0.00927..0.272 & -0.0819..0.54,86937,3.4024345427512612,0.24270448715736684,-1.1920238807379686,-0.23722341730837104,-0.60446710367279,-234.53270389648736,0.0,0.0
ema20_rel & ema200_rel,0.00183..0.168 & -0.0819..0.54,67594,2.64541174048712,0.2423439950291446,-1.203618847292803,-0.23708784153914214,-0.6160620702276245,-207.80086492539027,0.0,0.0
dist_high_20 & ret_96,-inf..0.241 & -0.984..-0.0473,52752,2.064543600529286,0.2413557779799818,-1.213370512030127,-0.2358593027705568,-0.6258137349649484,-185.4663681922033,0.0,0.0
ret_16 & ema200_rel,0..0.332 & -0.0819..0.54,63081,2.4687874367794183,0.24221239358919486,-1.2148301630337808,-0.23452485427914488,-0.6272733859686022,-202.12391923463616,0.0,0.0
ret_96 & ema20_rel,-0.0473..0.849 & 0.00183..0.168,63241,2.4750493221313423,0.23818408943565092,-1.2154727558881429,-0.24994521593333133,-0.6279159788229642,-202.2544099893857,0.0,0.0
ret_96 & ema50_rel,-0.0473..0.849 & -0.00927..0.272,78323,3.065310290117062,0.2347713953755602,-1.2230746482129788,-0.25981967286581803,-0.6355178711478002,-228.45793612500694,0.0,0.0
ret_96 & ret_16,-0.0473..0.849 & 0..0.332,59879,2.3434714561740426,0.2377962223818033,-1.2310689975879252,-0.24897404186449923,-0.6435122205227466,-198.98780803374206,0.0,0.0
dist_low_20 & ret_96,-inf..0.288 & -0.984..-0.0473,66908,2.6185639070407465,0.2402702217970945,-1.2377060287669206,-0.2429714604628727,-0.650149251701742,-215.429775704471,0.0,0.0
dist_high_20 & ema200_rel,-inf..0.241 & -0.716..-0.0819,49490,1.9368794129169389,0.22713679531218428,-1.2525511265747982,-0.2780855279911412,-0.6649943495096196,-185.13945728769355,0.0,0.0
dist_low_20 & ret_16,0.288..0.524 & 0..0.332,64725,2.533128308770436,0.24183854770181537,-1.2550147863956127,-0.24284115381918903,-0.6674580093304341,-227.47583767837315,0.0,0.0
atr_pct & dist_high_20,-inf..0.271 & 0.463..0.708,59959,2.346602398850005,0.24523424339965644,-1.2595019934855112,-0.24456263576070061,-0.6719452164203326,-232.8261804466306,0.0,0.0
atr_pct & ema50_rel,-inf..0.271 & -0.701..-0.299,44801,1.7533670353221211,0.2409990848418562,-1.26150774484221,-0.2577745123774884,-0.6739509677770315,-203.0527122963053,0.0,0.0
atr_pct & ret_96,-inf..0.271 & -2.24..-0.984,42962,1.6813944905584466,0.24649690424095713,-1.2628784206525974,-0.23783051947657968,-0.6753216435874188,-195.20769752758005,0.0,0.0
atr_pct & ema200_rel,-inf..0.271 & -1.57..-0.716,41157,1.610752596432056,0.23925456179993682,-1.263213179442157,-0.2617093636821086,-0.6756564023769784,-194.04518909371478,0.0,0.0
atr_pct & dist_low_20,-inf..0.271 & 0.524..0.777,59996,2.348050459837637,0.24193279551970132,-1.2732435709553924,-0.25645599579112577,-0.6856867938902138,-237.05197382558228,0.0,0.0
dist_low_20 & ema200_rel,-inf..0.288 & -0.716..-0.0819,69279,2.7113572205995675,0.23574243277183562,-1.2769061806079025,-0.25431846755942783,-0.6893494035427239,-224.3718617037146,0.0,0.0
atr_pct & ret_16,-inf..0.271 & -0.793..-0.331,49186,1.9249818307482836,0.24120684747692434,-1.2770477594563834,-0.2575729661695377,-0.6894909823912048,-214.65813241953964,0.0,0.0
dist_high_20 & ret_16,0.241..0.463 & -0.331..0,65740,2.5728521439717027,0.23276543961058715,-1.2790169344744402,-0.271761205083856,-0.6914601574092616,-235.00863962611126,0.0,0.0
atr_pct & ema20_rel,-inf..0.271 & -0.405..-0.168,48381,1.8934767200714169,0.2422645253301916,-1.2810710316223455,-0.25618583573376924,-0.6935142545571669,-212.44765652314788,0.0,0.0
dist_high_20 & dist_low_20,0.463..0.708 & -inf..0.288,38872,1.5213250462498937,0.2445976538382383,-1.281690629165805,-0.2462844029715188,-0.6941338521006264,-188.02806795499396,0.0,0.0
atr_pct & ret_16,-inf..0.271 & 0.332..0.781,56631,2.216355183529989,0.24274690540516677,-1.303527507395985,-0.25407224315459354,-0.7159707303308065,-233.49509001787914,0.0,0.0
dist_high_20 & dist_low_20,-inf..0.241 & 0.524..0.777,38429,1.5039874511817548,0.23935049051497567,-1.304113661943393,-0.26479462516637836,-0.7165568848782145,-191.88656530934645,0.0,0.0
atr_pct & ema20_rel,-inf..0.271 & 0.168..0.394,56162,2.198000032092162,0.23923649442683664,-1.3198865719075357,-0.2621515618503477,-0.732329794842357,-235.75465273394047,0.0,0.0
atr_pct & ema50_rel,-inf..0.271 & 0.272..0.654,59463,2.3271905542590408,0.24001479911877974,-1.3201737523210983,-0.26134766173347945,-0.7326169752559197,-242.39568643452154,0.0,0.0
atr_pct & ema200_rel,-inf..0.271 & 0.54..1.36,63180,2.472661978340921,0.24417537195314973,-1.329781883361313,-0.24488065805258102,-0.7422251062961345,-247.75587208187076,0.0,0.0
atr_pct & ret_96,-inf..0.271 & 0.849..2.07,60330,2.361122145509778,0.23775899220951432,-1.3350329268806493,-0.2647140784158609,-0.7474761498154707,-245.72907653206224,0.0,0.0
dist_low_20 & ema50_rel,-inf..0.288 & -0.299..-0.00927,75246,2.944886407442877,0.23274326874518247,-1.3567933294237855,-0.2587827570113297,-0.7692365523586069,-250.16274560606055,0.0,0.0
dist_low_20 & ema20_rel,0.288..0.524 & 0.00183..0.168,58260,2.2801090037692635,0.23019224167524888,-1.3587538650703452,-0.2764354018144249,-0.7711970880051666,-238.84857345283484,0.0,0.0
dist_low_20 & ema200_rel,-inf..0.288 & -0.0819..0.54,59850,2.3423364894540066,0.22780284043441937,-1.3656396921314982,-0.26811083225525045,-0.7780829150663195,-216.00467247287193,0.0,0.0
dist_high_20 & ema200_rel,-inf..0.241 & -0.0819..0.54,69005,2.700633741934398,0.2235490181870879,-1.3743182856695835,-0.27995747028736634,-0.7867615086044049,-237.0132363944801,0.0,0.0
dist_low_20 & ret_96,-inf..0.288 & -0.0473..0.849,62171,2.433172963840352,0.22155024046581204,-1.3836334465244102,-0.28669024911819596,-0.7960766694592316,-223.25150890784232,0.0,0.0
dist_low_20 & ret_16,0.288..0.524 & 0.332..0.781,7126,0.27888871886130745,0.22902048835251193,-1.39550127291675,-0.2729148565269214,-0.8079444958515714,-84.09263117492492,0.0,0.0
atr_pct & dist_low_20,-inf..0.271 & 0.288..0.524,89215,3.4915881354492764,0.23051056436697864,-1.3978628895917131,-0.27470539801606625,-0.8103061125265345,-311.57058180569834,0.0,0.0
dist_high_20 & ret_96,-inf..0.241 & -0.0473..0.849,67213,2.6305006259928514,0.2164313451266868,-1.4028226350379087,-0.30179870224523114,-0.8152658579727301,-238.1652097348622,0.0,0.0
atr_pct & dist_high_20,-inf..0.271 & 0.241..0.463,90697,3.549588848521471,0.2319922378909997,-1.403880626653376,-0.2750081567381811,-0.8163238495881975,-314.3490159128783,0.0,0.0
dist_high_20 & ema20_rel,0.241..0.463 & -0.168..0.00183,51539,2.0170706822050133,0.2267797202118784,-1.4157753766178882,-0.28213504758520214,-0.8282185995527096,-233.11712269541218,0.0,0.0
dist_low_20 & ret_16,-inf..0.288 & -0.331..0,77972,3.0515732791262793,0.22142563997332376,-1.444398480409321,-0.2880197300145107,-0.8568417033441424,-273.32320069025695,0.0,0.0
dist_high_20 & ema50_rel,-inf..0.241 & -0.299..-0.00927,28135,1.1011134023523554,0.20344766305313666,-1.4639592376473827,-0.3322830667986882,-0.8764024605822041,-159.7018394449839,0.0,0.0
atr_pct & ret_96,-inf..0.271 & -0.984..-0.0473,87743,3.4339787902115773,0.22556785156650672,-1.464767380963435,-0.2786805601808,-0.8772106038982563,-312.81356513631255,0.0,0.0
dist_high_20 & ema50_rel,-inf..0.241 & -0.00927..0.272,70383,2.7545642295278423,0.21164201582768566,-1.482316639338718,-0.3070058131429288,-0.8947598622735393,-261.6824851295429,0.0,0.0
atr_pct & ema200_rel,-inf..0.271 & -0.716..-0.0819,88200,3.4518643002480096,0.21902494331065758,-1.4853958239743832,-0.2991624079670861,-0.8978390469092046,-317.5868467255563,0.0,0.0
atr_pct & ema50_rel,-inf..0.271 & -0.299..-0.00927,90332,3.535303922562395,0.22326528804853207,-1.490092465643133,-0.28510793096301484,-0.9025356885779543,-319.5126441725258,0.0,0.0
dist_high_20 & ret_16,-inf..0.241 & 0..0.332,69495,2.719810765824665,0.21384272249802144,-1.5027862258584903,-0.29984201976702535,-0.9152294487933117,-267.8359596324775,0.0,0.0
atr_pct & ema20_rel,-inf..0.271 & -0.168..0.00183,90436,3.539374148041145,0.22139413507895087,-1.511311731138868,-0.2872094104535969,-0.9237549540736893,-321.8539427776453,0.0,0.0
atr_pct & ret_16,-inf..0.271 & -0.331..0,94649,3.7042574167139897,0.21720250610149078,-1.523791391669258,-0.3024748828583319,-0.9362346146040794,-333.7474028562673,0.0,0.0
atr_pct & ret_16,-inf..0.271 & 0..0.332,92549,3.622070171469989,0.21907313963413974,-1.5344492849016662,-0.29122466791609747,-0.9468925078364876,-330.19558095251915,0.0,0.0
dist_low_20 & ema20_rel,0.288..0.524 & 0.168..0.394,7831,0.3064801511932218,0.21746903332907674,-1.5370728572782761,-0.2880070370068768,-0.9495160802130975,-98.18566767373544,0.0,0.0
atr_pct & ema20_rel,-inf..0.271 & 0.00183..0.168,94448,3.696390923240635,0.21653184821277316,-1.5374358607059158,-0.3005556932440406,-0.9498790836407371,-335.42128053276355,0.0,0.0
atr_pct & ema200_rel,-inf..0.271 & -0.0819..0.54,99341,3.887887204659156,0.21809726094965826,-1.54458740590331,-0.29631815605497847,-0.9570306288381314,-343.6355687720694,0.0,0.0
atr_pct & ema50_rel,-inf..0.271 & -0.00927..0.272,99163,3.8809208572051404,0.2157861299073243,-1.5497623729426688,-0.30145270718839745,-0.9622055958774902,-344.5048836985911,0.0,0.0
atr_pct & ret_96,-inf..0.271 & -0.0473..0.849,98460,3.853407698440125,0.21247206987609182,-1.5678620148460973,-0.3140310953191637,-0.9803052377809187,-346.83373810619105,0.0,0.0
dist_low_20 & ema50_rel,-inf..0.288 & -0.00927..0.272,40199,1.573259557887412,0.20908480310455485,-1.568412900796222,-0.3020917708085212,-0.9808561237310434,-198.73807352378213,0.0,0.0
dist_low_20 & ema20_rel,-inf..0.288 & -0.168..0.00183,61450,2.404955342973245,0.21288852725793328,-1.6015131235596483,-0.30153396569873314,-1.0139563464944696,-271.2270899766516,0.0,0.0
atr_pct & dist_low_20,-inf..0.271 & -inf..0.288,118927,4.654420245301531,0.21107065678945908,-1.6192877574815583,-0.3101537952694081,-1.0317309804163797,-387.2756755187608,0.0,0.0
atr_pct & dist_high_20,-inf..0.271 & -inf..0.241,117757,4.608630208665589,0.20848017527620438,-1.6282214556570367,-0.3174082194327942,-1.040664678591858,-389.9549585510445,0.0,0.0
dist_high_20 & ema20_rel,-inf..0.241 & 0.00183..0.168,55745,2.1816799933937108,0.1957126199659162,-1.703772466524939,-0.3403635674644963,-1.1162156894597604,-277.33971980857586,0.0,0.0
dist_high_20 & dist_low_20,-inf..0.241 & 0.288..0.524,32324,1.2650573882224112,0.19941838881326568,-1.7283217066977237,-0.3378056991995678,-1.140764929632545,-233.32893958473412,0.0,0.0
dist_high_20 & dist_low_20,0.241..0.463 & -inf..0.288,33162,1.2978540127531122,0.20312405765635366,-1.7351422082450354,-0.3335750794410138,-1.1475854311798568,-235.32098498010848,0.0,0.0
dist_low_20 & ret_16,-inf..0.288 & 0..0.332,21640,0.8469199938476977,0.18308687615526803,-1.9002819101907813,-0.34083616896868435,-1.3127251331256027,-176.362096124868,0.0,0.0
dist_high_20 & ret_16,-inf..0.241 & -0.331..0,18563,0.7264961111735125,0.17163174055917685,-1.904590994692292,-0.3881659284855999,-1.3170342176271135,-163.18782961646983,0.0,0.0
dist_low_20 & ema20_rel,-inf..0.288 & 0.00183..0.168,16727,0.6546409767601866,0.14581215998086924,-2.2089382376283564,-0.42318159496906793,-1.6213814605631778,-187.2963938231752,0.0,0.0
dist_high_20 & ema20_rel,-inf..0.241 & -0.168..0.00183,10819,0.4234208601403993,0.1316202976245494,-2.3454134979532286,-0.45045415068321776,-1.75785672088805,-155.04075478714407,0.0,0.0
dist_high_20 & dist_low_20,-inf..0.241 & -inf..0.288,19814,0.775456227268867,0.10749974765317452,-2.5739645633822836,-0.48996508897057567,-1.986407786317105,-239.5229982723941,0.0,0.0
